,in_degree,out_degree,in_strength_total,out_strength_total,label
0,133,5555,3855777,226032156,0
1,1,0,15880,0,0
2,3,0,29332,0,0
3,188,28,6322805,690294,0
4,6,0,171353,0,0
5,3,2,5803,78,0
6,1,0,906,0,0
7,1,0,232,0,0
8,1,0,212,0,0
9,1,0,6473,0,0
10,1,0,482,0,0
11,1,0,12939,0,0
12,1,0,11240,0,0
13,1,0,19969,0,0
14,2,0,3161,0,0
15,2,1,8478,157,0
16,1,0,209,0,0
17,1,0,1326,0,0
18,1,0,411,0,0
19,1,0,149,0,0
20,1,1,61,304,0
21,1,1,20344,40272,0
22,1,1,535,1110,0
23,2,0,379,0,0
24,1,0,4568,0,0
25,1,0,688,0,0
26,1,0,18637,0,0
27,1,0,3233,0,0
28,1,0,129,0,0
29,1,0,365,0,0
30,1,0,22,0,0
31,1,0,5051,0,0
32,1,0,15,0,0
33,1,0,10038,0,0
34,1,0,1317,0,0
35,1,1,1056,2136,0
36,1,0,148204,0,0
37,1,0,1521,0,0
38,3,0,1108,0,0
39,2,0,8696,0,0
40,1,0,5179,0,0
41,1,0,1512,0,0
42,1,0,16919,0,0
43,1,0,210,0,0
44,1,0,90078,0,0
45,1,0,58,0,0
46,1,0,5365,0,0
47,1,0,122287,0,0
48,1,0,11417,0,0
49,1,0,1392,0,0
50,1,0,5081,0,0
51,1,0,27,0,0
52,1,0,3969,0,0
53,1,0,13442,0,0
54,1,0,2007,0,0
55,1,0,26,0,0
56,1,0,14281,0,0
57,1,0,251,0,0
58,1,0,420,0,0
59,1,0,1140,0,0
60,1,0,112477,0,0
61,1,0,1424,0,0
62,1,0,341,0,0
63,1,0,1995,0,0
64,1,0,118,0,0
65,1,0,9521,0,0
66,1,0,299,0,0
67,1,0,6829,0,0
68,1,0,4009,0,0
69,1,0,18,0,0
70,1,0,4449,0,0
71,1,0,802,0,0
72,1,0,2860,0,0
73,1,0,162,0,0
74,1,0,4362,0,0
75,1,0,11257,0,0
76,1,0,1839,0,0
77,70,14,3299818,183631,0
78,1,0,1487,0,0
79,1,0,343,0,0
80,1,0,8949,0,0
81,1,0,1280,0,0
82,1,0,418,0,0
83,1,0,54,0,0
84,1,0,653,0,0
85,1,0,1717,0,0
86,1,0,56,0,0
87,1,0,165,0,0
88,1,0,342,0,0
89,1,0,1013,0,0
90,1,0,6,0,0
91,1,0,1186,0,0
92,1,0,29,0,0
93,1,0,178,0,0
94,1,0,111,0,0
95,1,0,2404,0,0
96,1,0,614175,0,0
97,1,0,2046,0,0
98,1,0,196907,0,0
99,1,0,20209,0,0
100,1,0,74595,0,0
101,1,0,39875,0,0
102,1,0,78072,0,0
103,1,0,1034,0,0
104,1,0,3509,0,0
105,2,0,4934,0,0
106,1,1,238060,892,0
107,1,0,462,0,0
108,1,0,955,0,0
109,1,0,878,0,0
110,1,0,11434,0,0
111,1,0,732,0,0
112,1,0,452,0,0
113,1,0,3292,0,0
114,1,0,78,0,0
115,1,0,140,0,0
116,1,0,5860,0,0
117,1,0,1722,0,0
118,1,0,1060,0,0
119,1,0,566039,0,0
120,1,0,1179,0,0
121,1,0,50325,0,0
122,1,0,98,0,0
123,1,0,4027,0,0
124,1,0,69956,0,0
125,1,0,9809,0,0
126,1,0,1110,0,0
127,1,0,502,0,0
128,1,0,3151,0,0
129,1,1,30805,41,0
130,1,0,19,0,0
131,1,0,274,0,0
132,1,0,1597,0,0
133,1,0,2905,0,0
134,1,0,291,0,0
135,1,0,3546,0,0
136,1,0,88659,0,0
137,1,0,196369,0,0
138,1,0,370,0,0
139,1,0,2535,0,0
140,1,0,197,0,0
141,1,0,1610,0,0
142,1,0,3592,0,0
143,1,0,9479,0,0
144,1,0,37357,0,0
145,1,0,746,0,0
146,2,0,41240,0,0
147,2,0,42243,0,0
148,2,0,4039,0,0
149,1,0,221,0,0
150,1,0,204,0,0
151,1,0,238,0,0
152,1,0,176,0,0
153,1,0,55,0,0
154,1,0,1716,0,0
155,1,0,343,0,0
156,1,0,59,0,0
157,1,0,36865,0,0
158,1,1,2085,1407,0
159,1,0,148,0,0
160,1,0,21936,0,0
161,1,0,1183,0,0
162,1,0,4167,0,0
163,1,0,167,0,0
164,1,0,95963,0,0
165,1,0,14,0,0
166,1,0,32103,0,0
167,1,0,136935,0,0
168,1,0,12852,0,0
169,1,0,184,0,0
170,1,0,2396,0,0
171,1,0,483,0,0
172,1,0,1996,0,0
173,1,0,26622,0,0
174,1,0,6420,0,0
175,1,0,84276,0,0
176,1,0,4679,0,0
177,1,0,3075,0,0
178,1,0,4345,0,0
179,2,0,2437432,0,0
180,3,0,65514,0,0
181,1,0,5831,0,0
182,1,0,324,0,0
183,1,0,7193,0,0
184,1,0,3513,0,0
185,1,0,31,0,0
186,1,0,194366,0,0
187,1,0,1886670,0,0
188,1,0,8005,0,0
189,1,0,1,0,0
190,1,0,78,0,0
191,1,0,1781,0,0
192,1,0,60677,0,0
193,1,0,73766,0,0
194,1,0,528,0,0
195,1,0,67951,0,0
196,1,0,13271,0,0
197,1,0,5198,0,0
198,1,0,17,0,0
199,1,0,18312,0,0
200,1,0,0,0,0
201,1,0,564,0,0
202,1,0,112,0,0
203,1,0,86,0,0
204,1,0,495,0,0
205,1,0,639,0,0
206,1,0,18173,0,0
207,1,0,7365,0,0
208,1,0,319,0,0
209,1,0,160,0,0
210,1,0,226,0,0
211,1,0,1586,0,0
212,1,0,3357,0,0
213,1,0,13252,0,0
214,1,0,69,0,0
215,1,0,2500,0,0
216,1,0,699,0,0
217,1,0,9095,0,0
218,1,0,114,0,0
219,1,0,4588,0,0
220,1,0,356,0,0
221,1,0,345,0,0
222,1,0,1475,0,0
223,1,0,1289,0,0
224,1,0,207990,0,0
225,1,1,684,3429,0
226,2,0,5000,0,0
227,1,0,961,0,0
228,1,0,13826,0,0
229,1,0,2044,0,0
230,1,0,204115,0,0
231,1,0,42,0,0
232,1,0,33,0,0
233,1,0,2699,0,0
234,1,0,17780,0,0
235,1,0,266,0,0
236,1,0,8140,0,0
237,1,0,1149,0,0
238,1,0,6,0,0
239,1,0,403967,0,0
240,1,0,5108,0,0
241,1,0,104,0,0
242,1,0,2924,0,0
243,2,1,2499,143653,0
244,1,0,23548,0,0
245,1,0,779,0,0
246,1,0,277,0,0
247,1,0,365,0,0
248,1,0,37,0,0
249,1,0,1845,0,0
250,1,0,7775,0,0
251,1,0,10934,0,0
252,1,0,1002,0,0
253,1,0,2339,0,0
254,1,0,1199,0,0
255,1,0,651,0,0
256,1,0,9850,0,0
257,1,0,1597,0,0
258,1,0,5211,0,0
259,1,0,2348,0,0
260,1,0,76430,0,0
261,1,0,4824,0,0
262,1,0,731,0,0
263,1,0,312,0,0
264,1,0,295,0,0
265,1,1,95,143,0
266,1,0,390,0,0
267,1,0,43844,0,0
268,1,0,573,0,0
269,1,0,2608,0,0
270,1,0,7876,0,0
271,1,1,194,4143,0
272,2,0,1131008,0,0
273,1,0,2707,0,0
274,1,0,750,0,0
275,1,0,55,0,0
276,1,0,343,0,0
277,1,0,7208,0,0
278,1,0,12293,0,0
279,3,2,181304,48336,0
280,3,3,1177,3772,0
281,1,0,7264,0,0
282,1,0,374,0,0
283,1,0,71,0,0
284,1,0,9618,0,0
285,1,0,1689,0,0
286,1,0,158,0,0
287,1,0,3422,0,0
288,1,0,1782,0,0
289,1,0,25921,0,0
290,1,0,10489,0,0
291,1,0,138,0,0
292,1,0,529,0,0
293,1,0,2028,0,0
294,1,0,1329,0,0
295,1,0,550,0,0
296,1,0,11548,0,0
297,1,0,137,0,0
298,1,0,1825,0,0
299,1,0,504,0,0
300,1,0,78,0,0
301,1,0,29,0,0
302,1,0,486,0,0
303,1,0,136,0,0
304,1,0,19,0,0
305,1,0,6874,0,0
306,1,0,13337,0,0
307,1,0,184,0,0
308,1,0,705,0,0
309,1,0,503,0,0
310,1,0,402,0,0
311,1,0,8547,0,0
312,1,1,1769,202,0
313,1,0,170224,0,0
314,1,0,743,0,0
315,1,0,262,0,0
316,1,0,72,0,0
317,1,0,2308,0,0
318,1,0,14477,0,0
319,2,38,3989,389120,0
320,15,4,182894,20560,0
321,3,0,43851,0,0
322,1,0,56,0,0
323,1,0,886,0,0
324,1,0,2642,0,0
325,1,0,1447,0,0
326,1,0,367748,0,0
327,1,0,4935,0,0
328,1,0,36129,0,0
329,1,0,237,0,0
330,1,0,5679,0,0
331,1,0,5243,0,0
332,1,0,101,0,0
333,1,0,1647,0,0
334,1,0,13556,0,0
335,1,0,2901,0,0
336,1,0,18703,0,0
337,1,0,11001,0,0
338,1,0,270502,0,0
339,1,0,438,0,0
340,1,0,268113,0,0
341,1,0,14554,0,0
342,1,0,42347,0,0
343,1,0,107,0,0
344,1,0,2052787,0,0
345,1,0,3594,0,0
346,1,0,1382,0,0
347,1,0,633,0,0
348,1,0,1877,0,0
349,1,0,13994,0,0
350,1,0,414,0,0
351,1,0,5544,0,0
352,1,0,3449,0,0
353,1,0,41320,0,0
354,1,0,5511,0,0
355,1,0,10621,0,0
356,1,0,614,0,0
357,1,0,81531,0,0
358,1,0,25622,0,0
359,1,0,149,0,0
360,1,0,9012,0,0
361,1,0,63492,0,0
362,1,0,5130,0,0
363,1,0,256,0,0
364,1,0,307,0,0
365,1,0,47551,0,0
366,1,0,3914,0,0
367,1,1,17224,1032,0
368,1,0,1913,0,0
369,1,0,5063,0,0
370,1,0,68,0,0
371,1,0,25,0,0
372,1,0,3870862,0,0
373,1,0,3128,0,0
374,1,0,2098,0,0
375,1,0,40,0,0
376,1,0,2317,0,0
377,1,0,1303,0,0
378,1,0,3799,0,0
379,1,0,41594,0,0
380,1,0,29,0,0
381,1,0,3,0,0
382,1,0,6783,0,0
383,1,0,120790,0,0
384,1,0,488,0,0
385,1,0,29865,0,0
386,1,0,5846,0,0
387,1,0,402,0,0
388,1,0,845,0,0
389,1,0,0,0,0
390,1,0,378,0,0
391,1,0,10518,0,0
392,1,0,229,0,0
393,1,0,24655,0,0
394,1,0,412,0,0
395,1,0,4347,0,0
396,1,0,39887,0,0
397,1,0,1377,0,0
398,1,0,6442,0,0
399,1,0,11274,0,0
400,1,0,768,0,0
401,1,0,462,0,0
402,1,0,835,0,0
403,1,0,54106,0,0
404,1,0,1189,0,0
405,1,0,47,0,0
406,1,0,8778,0,0
407,1,0,466,0,0
408,1,0,28,0,0
409,1,0,2944,0,0
410,1,0,401,0,0
411,1,0,78,0,0
412,1,0,10945,0,0
413,1,0,4288,0,0
414,1,0,10,0,0
415,1,0,151234,0,0
416,1,0,614,0,0
417,1,0,24,0,0
418,1,0,4445,0,0
419,1,0,2526951,0,0
420,1,0,16761,0,0
421,1,0,4223,0,0
422,1,0,3596,0,0
423,1,0,6826,0,0
424,1,0,1007,0,0
425,1,0,287,0,0
426,1,0,185,0,0
427,1,0,1613942,0,0
428,1,0,1527,0,0
429,1,0,366,0,0
430,1,0,12873,0,0
431,1,0,3508,0,0
432,1,0,127,0,0
433,1,0,10455,0,0
434,1,0,323,0,0
435,1,0,114825,0,0
436,1,0,2331,0,0
437,1,0,667,0,0
438,1,0,2097,0,0
439,1,0,4421,0,0
440,2,0,106154,0,1
441,1,0,134,0,0
442,1,0,46265,0,0
443,1,0,187,0,0
444,1,0,30,0,0
445,1,0,40,0,0
446,1,0,81,0,0
447,1,0,2671,0,0
448,1,0,567,0,0
449,1,0,21699,0,0
450,1,0,248496,0,0
451,1,0,730,0,0
452,1,0,1130,0,0
453,1,0,8036,0,0
454,1,0,11,0,0
455,1,0,303,0,0
456,1,0,27299,0,0
457,1,0,24,0,0
458,1,0,1133,0,0
459,1,0,3969,0,0
460,1,0,651,0,0
461,1,0,2582,0,0
462,1,0,5579,0,0
463,1,0,24207,0,0
464,1,0,7438,0,0
465,1,0,390,0,0
466,1,0,762,0,0
467,1,0,841,0,0
468,1,0,12785,0,0
469,1,0,194,0,0
470,1,0,15303,0,0
471,1,0,165,0,0
472,1,0,203,0,0
473,1,0,39,0,0
474,1,0,179,0,0
475,1,0,6624,0,0
476,1,0,227821,0,0
477,1,0,3143,0,0
478,1,0,2471,0,0
479,1,0,9534,0,0
480,1,0,37476,0,0
481,1,0,763,0,0
482,1,0,70,0,0
483,1,0,101,0,0
484,1,0,105,0,0
485,1,0,86,0,0
486,1,0,1286,0,0
487,1,0,131,0,0
488,1,0,1425,0,0
489,1,0,10559,0,0
490,1,0,2575,0,0
491,1,0,11,0,0
492,1,0,2457,0,0
493,1,0,26,0,0
494,1,0,2491,0,0
495,1,0,1727,0,0
496,1,0,7226,0,0
497,1,0,908,0,0
498,1,0,34,0,0
499,1,0,6278,0,0
500,1,0,545,0,0
501,1,0,4630,0,0
502,1,0,36,0,0
503,1,0,3,0,0
504,1,0,158,0,0
505,1,1,9072,958,0
506,1,1,719,1620,0
507,1,0,334,0,0
508,1,0,110234,0,0
509,1,0,33483,0,0
510,1,0,9704,0,0
511,1,0,3338,0,0
512,1,0,4559,0,0
513,1,0,9350,0,0
514,1,0,103,0,0
515,1,0,477,0,0
516,1,0,1711,0,0
517,1,0,45880,0,0
518,1,0,4945,0,0
519,1,0,14394,0,0
520,1,0,534,0,0
521,2,0,944,0,0
522,1,0,93,0,0
523,2,0,3271,0,0
524,1,1,221,3988,0
525,4,1,73189,9518,1
526,1,0,2215,0,0
527,1,0,200,0,0
528,1,0,83257,0,0
529,1,0,229,0,0
530,1,0,512,0,0
531,1,0,133048,0,0
532,1,0,4491,0,0
533,1,0,9,0,0
534,1,0,29558,0,0
535,1,1,2995,351624,0
536,1,0,30082,0,0
537,1,0,28,0,0
538,1,0,9046,0,0
539,1,0,4347,0,0
540,1,0,138,0,0
541,1,0,62,0,0
542,1,1,1723,3888,0
543,2,0,6537,0,0
544,1,0,106,0,0
545,1,0,235,0,0
546,1,0,2627,0,0
547,1,0,9822,0,0
548,1,0,168,0,0
549,1,0,18727,0,0
550,1,0,34929,0,0
551,1,0,118,0,0
552,1,0,280,0,0
553,1,0,12758,0,0
554,1,0,239,0,0
555,1,0,102,0,0
556,1,0,28,0,0
557,1,0,334,0,0
558,1,0,122847,0,0
559,1,0,156,0,0
560,1,0,7766,0,0
561,1,0,1101,0,0
562,1,1,992727,6815,0
563,1,1,45,70,0
564,1,0,113,0,0
565,1,0,514,0,0
566,1,0,191,0,0
567,1,0,4065,0,0
568,1,0,3438,0,0
569,1,0,38,0,0
570,1,0,93848,0,0
571,1,0,101,0,0
572,1,0,13693,0,0
573,1,0,3333,0,0
574,1,0,3070,0,0
575,1,0,187,0,0
576,1,1,633,5195,0
577,3,0,10169,0,0
578,1,0,1851,0,0
579,1,0,102,0,0
580,1,0,33,0,0
581,1,0,26,0,0
582,1,0,1309,0,0
583,1,0,3933,0,0
584,1,0,15104,0,0
585,1,0,668,0,0
586,1,0,29299,0,0
587,1,0,14050,0,0
588,1,0,45576,0,0
589,1,0,191,0,0
590,1,0,222,0,0
591,1,0,5658,0,0
592,1,0,5840,0,0
593,1,0,1035,0,0
594,1,0,23551,0,0
595,1,0,1899,0,0
596,1,0,2000,0,0
597,1,0,87496,0,0
598,1,0,151878,0,0
599,1,0,72,0,0
600,1,0,128,0,0
601,1,0,2136,0,0
602,1,0,73,0,0
603,1,0,16284,0,0
604,1,0,21382,0,0
605,1,0,10084,0,0
606,1,0,266,0,0
607,1,0,4,0,0
608,1,0,921,0,0
609,1,0,445,0,0
610,1,0,23983,0,0
611,1,0,54136,0,0
612,1,0,942,0,0
613,1,1,33,42,0
614,2,0,21089,0,0
615,1,0,1017,0,0
616,1,1,315,19357,0
617,1,1,493,2042,0
618,1,0,12681,0,0
619,1,0,18677,0,0
620,1,0,248,0,0
621,2,0,2297,0,0
622,1,1,253,1029,0
623,1,0,1292,0,0
624,1,0,1960,0,0
625,1,0,254,0,0
626,1,0,5179,0,0
627,1,0,19732,0,0
628,1,0,4782,0,0
629,1,0,231,0,0
630,1,0,2084,0,0
631,1,0,6204,0,0
632,1,0,13745,0,0
633,1,0,1679,0,0
634,1,0,126,0,0
635,1,0,11253,0,0
636,1,0,9930,0,0
637,1,0,204,0,0
638,1,0,1400467,0,0
639,1,0,361,0,0
640,1,0,2406,0,0
641,1,0,68716,0,0
642,1,0,394,0,0
643,1,0,5557,0,0
644,1,0,14,0,0
645,1,0,37,0,0
646,1,0,30071,0,0
647,1,0,780,0,0
648,1,0,824,0,0
649,1,0,173,0,0
650,1,0,13,0,0
651,1,0,1102,0,0
652,1,0,1992,0,0
653,1,0,4590,0,0
654,1,0,3916,0,0
655,1,0,25044,0,0
656,1,0,75483,0,0
657,1,0,1792,0,0
658,1,0,14231,0,0
659,1,0,126,0,0
660,1,0,1635,0,0
661,1,0,5294,0,0
662,1,0,58508,0,0
663,1,0,921,0,0
664,1,0,70,0,0
665,1,0,3352,0,0
666,1,0,294,0,0
667,1,0,301,0,0
668,1,0,360,0,0
669,1,0,1269,0,0
670,1,0,370,0,0
671,1,0,2589,0,0
672,1,0,29,0,0
673,1,0,2090,0,0
674,1,0,0,0,0
675,1,0,6459,0,0
676,1,0,21495,0,0
677,1,0,41,0,0
678,1,0,1354,0,0
679,1,0,8242,0,0
680,1,0,3842,0,0
681,1,0,20256,0,0
682,1,0,883,0,0
683,1,0,1267,0,0
684,1,0,69040,0,0
685,1,0,3780,0,0
686,1,0,14235,0,0
687,1,0,979,0,0
688,1,0,64,0,0
689,1,0,25381,0,0
690,1,0,678,0,0
691,1,0,584,0,0
692,1,0,98,0,0
693,1,0,81,0,0
694,1,0,468,0,0
695,1,0,79124,0,0
696,1,0,4547,0,0
697,1,0,2219,0,0
698,1,0,1441,0,0
699,1,0,333,0,0
700,1,0,68625,0,0
701,1,0,1261,0,0
702,1,0,61,0,0
703,1,0,6053,0,0
704,1,0,2550392,0,0
705,1,0,759,0,0
706,1,0,1508,0,0
707,1,0,70,0,0
708,1,0,1154,0,0
709,1,0,201,0,0
710,1,0,147783,0,0
711,1,0,1939,0,0
712,1,0,3093,0,0
713,1,0,132,0,0
714,1,0,14225,0,0
715,1,0,1159,0,0
716,1,0,1864,0,0
717,1,0,111,0,0
718,1,0,11551,0,0
719,1,0,79,0,0
720,1,0,29,0,0
721,1,0,13378,0,0
722,1,0,27,0,0
723,1,0,6353,0,0
724,1,0,353,0,0
725,1,0,548,0,0
726,1,0,1490,0,0
727,1,0,15,0,0
728,1,0,902,0,0
729,1,0,6620,0,0
730,1,0,36492,0,0
731,1,0,1335,0,0
732,1,0,97996,0,0
733,1,0,641,0,0
734,1,0,1627,0,0
735,1,0,76,0,0
736,1,0,1023,0,0
737,1,0,2422,0,0
738,1,1,238,7745,0
739,1,0,325,0,0
740,1,0,160547,0,0
741,1,0,3165,0,0
742,1,0,128949,0,0
743,1,0,464,0,0
744,1,0,36,0,0
745,1,0,236,0,0
746,1,0,46,0,0
747,1,0,96362,0,0
748,1,0,2567,0,0
749,1,0,4615,0,0
750,1,0,486,0,0
751,1,0,9694,0,0
752,1,0,662,0,0
753,1,0,1556,0,0
754,1,0,8712,0,0
755,1,0,89,0,0
756,2,0,8640,0,0
757,1,0,114,0,0
758,1,0,943,0,0
759,1,0,95,0,0
760,1,0,2856,0,0
761,1,0,25188,0,0
762,1,0,11,0,0
763,1,0,48,0,0
764,1,0,190,0,0
765,1,0,444,0,0
766,1,0,3045,0,0
767,1,0,318,0,0
768,1,0,6689,0,0
769,1,0,250,0,0
770,1,0,1055,0,0
771,1,0,3150,0,0
772,1,0,1986,0,0
773,1,0,140,0,0
774,1,0,2873,0,0
775,1,0,69360,0,0
776,1,0,13125,0,0
777,1,0,1062,0,0
778,1,0,2813,0,0
779,1,0,1507,0,0
780,1,0,120,0,0
781,1,0,2890,0,0
782,1,0,2,0,0
783,1,0,1964,0,0
784,1,0,2666,0,0
785,1,0,102,0,0
786,1,0,2337,0,0
787,1,0,584,0,0
788,1,0,16743,0,0
789,1,0,799,0,0
790,1,0,18873,0,0
791,1,0,997,0,0
792,1,0,260,0,0
793,1,0,9,0,0
794,1,1,3,38,0
795,1,1,93,58,0
796,1,0,71021,0,0
797,1,0,14,0,0
798,1,0,166,0,0
799,1,0,3396,0,0
800,1,0,2612,0,0
801,1,0,181,0,0
802,1,0,261387,0,0
803,1,0,5596,0,0
804,1,0,16,0,0
805,1,0,68,0,0
806,1,0,56203,0,0
807,1,0,79,0,0
808,1,0,488,0,0
809,1,0,5,0,0
810,1,0,36092,0,0
811,1,0,14027,0,0
812,1,0,67381,0,0
813,1,0,75956,0,0
814,1,0,1961,0,0
815,1,0,108652,0,0
816,1,0,30280,0,0
817,1,0,950,0,0
818,1,0,13513,0,0
819,1,0,1801,0,0
820,1,0,1552,0,0
821,1,0,2121,0,0
822,1,0,11375,0,0
823,1,0,1475,0,0
824,1,0,476,0,0
825,1,0,161968,0,0
826,1,0,909,0,0
827,1,0,108,0,0
828,1,0,113,0,0
829,1,0,51,0,0
830,1,0,51744,0,0
831,1,0,69,0,0
832,1,0,40749,0,0
833,1,0,103,0,0
834,1,0,132,0,0
835,1,0,238,0,0
836,1,0,5956,0,0
837,1,0,15764,0,0
838,1,0,2514,0,0
839,1,0,341,0,0
840,1,0,3334,0,0
841,1,0,103841,0,0
842,1,0,12134,0,0
843,1,0,915,0,0
844,1,0,625,0,0
845,1,0,836,0,0
846,3,0,81897,0,0
847,1,0,338,0,0
848,1,0,337,0,0
849,1,0,877,0,0
850,1,0,11300,0,0
851,1,0,380,0,0
852,1,0,57868,0,0
853,1,0,23276,0,0
854,1,0,7994,0,0
855,1,0,1826,0,0
856,1,0,933,0,0
857,1,0,15647,0,0
858,1,0,105956,0,0
859,1,0,3956,0,0
860,1,0,12517,0,0
861,1,0,27499,0,0
862,1,0,1062,0,0
863,1,0,2983,0,0
864,1,0,84,0,0
865,1,0,14,0,0
866,1,0,41062,0,0
867,1,0,9138,0,0
868,1,0,153,0,0
869,1,0,5734,0,0
870,1,0,678,0,0
871,1,0,11064,0,0
872,1,0,50564,0,0
873,1,0,55263,0,0
874,1,0,35,0,0
875,1,0,24874,0,0
876,1,0,2085,0,0
877,1,0,102,0,0
878,1,0,184,0,0
879,1,0,1266,0,0
880,1,0,915,0,0
881,2,1,73579,95096,1
882,1,0,35800,0,0
883,1,0,538,0,0
884,1,0,38,0,0
885,1,0,110,0,0
886,1,0,26628,0,0
887,1,0,189,0,0
888,1,0,5222,0,0
889,1,0,5427,0,0
890,1,0,3590,0,0
891,1,0,330,0,0
892,1,0,3840,0,0
893,1,0,1319,0,0
894,1,0,6967,0,0
895,1,0,4292,0,0
896,1,0,23251,0,0
897,1,0,1571,0,0
898,1,0,4394,0,0
899,1,0,842,0,0
900,1,0,8255,0,0
901,1,0,1766,0,0
902,1,0,21,0,0
903,1,0,331,0,0
904,1,0,38454,0,0
905,1,0,25,0,0
906,1,0,5017,0,0
907,1,0,17112,0,0
908,1,0,776,0,0
909,2,0,1285,0,0
910,1,0,457,0,0
911,1,0,370,0,0
912,1,0,422,0,0
913,1,0,22269,0,0
914,1,0,629,0,0
915,1,0,1023,0,0
916,1,0,13020,0,0
917,1,0,5133,0,0
918,1,0,19,0,0
919,1,1,618,266974,0
920,1,0,5756,0,0
921,1,0,1144,0,0
922,1,0,7135,0,0
923,3,4,120048,256122,1
924,1,0,5031,0,0
925,1,0,6750,0,0
926,1,0,8279,0,0
927,1,0,317,0,0
928,1,0,214873,0,0
929,1,0,3841890,0,0
930,1,0,1981,0,0
931,1,0,460,0,0
932,1,0,49,0,0
933,1,0,253,0,0
934,1,0,80,0,0
935,1,0,17016,0,0
936,1,0,4139,0,0
937,1,0,2428,0,0
938,1,0,2783,0,0
939,1,0,399,0,0
940,1,0,301,0,0
941,1,0,2878,0,0
942,1,0,13208,0,0
943,1,0,2716,0,0
944,1,0,223,0,0
945,1,0,400,0,0
946,1,0,1539,0,0
947,1,0,1365,0,0
948,1,0,646,0,0
949,1,0,9448,0,0
950,1,0,12607,0,0
951,1,0,18,0,0
952,1,0,106,0,0
953,1,0,10423,0,0
954,1,0,3418,0,0
955,1,0,25,0,0
956,1,0,1420,0,0
957,1,0,180,0,0
958,1,0,11416,0,0
959,1,0,672,0,0
960,1,0,18026,0,0
961,1,0,2575,0,0
962,7,0,17042,0,0
963,1,0,4027,0,0
964,1,0,220,0,0
965,1,0,36421,0,0
966,1,0,1100,0,0
967,1,0,1674,0,0
968,1,0,24309,0,0
969,1,0,54,0,0
970,1,0,120688,0,0
971,1,0,447,0,0
972,1,0,2457,0,0
973,1,0,2417,0,0
974,1,0,110,0,0
975,1,0,10454,0,0
976,1,0,1886,0,0
977,1,0,10343,0,0
978,1,0,12,0,0
979,1,0,1722,0,0
980,1,0,2360,0,0
981,1,0,542,0,0
982,1,0,1661,0,0
983,1,0,851,0,0
984,1,0,4959,0,0
985,1,0,0,0,0
986,1,0,446,0,0
987,1,0,983,0,0
988,1,0,34063,0,0
989,1,0,12,0,0
990,1,0,3920,0,0
991,1,0,106002,0,0
992,1,0,1530,0,0
993,1,0,2808,0,0
994,1,0,4667,0,0
995,1,0,141265,0,0
996,1,0,21660,0,0
997,1,0,20592,0,0
998,1,0,101760,0,0
999,1,0,23,0,0
1000,1,0,18,0,0
1001,1,0,11131,0,0
1002,1,0,26363,0,0
1003,1,0,14541,0,0
1004,2,1,7519,98808,1
1005,1,0,161791,0,0
1006,1,0,56,0,0
1007,1,0,126,0,0
1008,1,0,192462,0,0
1009,1,0,4,0,0
1010,1,0,4188,0,0
1011,1,0,531,0,0
1012,1,0,740,0,0
1013,1,0,220,0,0
1014,1,0,1276,0,0
1015,1,0,49,0,0
1016,1,0,3368,0,0
1017,1,0,16451,0,0
1018,1,0,394649,0,0
1019,1,0,13,0,0
1020,1,0,1038,0,0
1021,1,0,1064,0,0
1022,1,0,18841,0,0
1023,1,0,52,0,0
1024,1,0,16,0,0
1025,1,0,297,0,0
1026,1,0,479,0,0
1027,1,0,12531,0,0
1028,1,0,81,0,0
1029,1,0,33,0,0
1030,1,0,321,0,0
1031,1,0,2325,0,0
1032,1,0,1438,0,0
1033,1,0,701,0,0
1034,1,0,9508,0,0
1035,1,0,205,0,0
1036,1,0,25574,0,0
1037,1,0,771,0,0
1038,1,0,382,0,0
1039,1,0,276,0,0
1040,1,0,5917,0,0
1041,1,1,419,5422,0
1042,1,0,1133,0,0
1043,1,0,237,0,0
1044,1,0,433,0,0
1045,1,0,939,0,0
1046,1,0,137899,0,0
1047,1,0,34905,0,0
1048,1,0,155,0,0
1049,1,0,36040,0,0
1050,1,0,3319,0,0
1051,1,0,2893,0,0
1052,1,0,157,0,0
1053,1,0,22501,0,0
1054,1,0,49086,0,0
1055,2,0,3017,0,0
1056,1,0,1248,0,0
1057,1,0,535,0,0
1058,1,0,904,0,0
1059,2,0,22128,0,0
1060,2,8,10448,192908,0
1061,1,0,3641,0,0
1062,1,0,29503,0,0
1063,2,1,3170,6942,0
1064,1,1,14,235,0
1065,1,0,54391,0,0
1066,1,0,954,0,0
1067,1,0,164339,0,0
1068,1,0,3680,0,0
1069,1,1,136,65344,0
1070,68,0,1826745,0,0
1071,1,0,833,0,0
1072,1,0,2866,0,0
1073,1,0,419,0,0
1074,1,0,113,0,0
1075,1,0,537,0,0
1076,1,0,133060,0,0
1077,1,0,778,0,0
1078,1,0,3538,0,0
1079,1,0,576,0,0
1080,1,0,203,0,0
1081,1,0,46823,0,0
1082,1,0,83,0,0
1083,1,0,1012,0,0
1084,1,0,8987,0,0
1085,1,0,18554,0,0
1086,1,0,58306,0,0
1087,1,0,1334,0,0
1088,1,1,287322,7148,0
1089,1,0,32,0,0
1090,1,7,5434,79077,0
1091,6,0,154336,0,0
1092,1,0,759,0,0
1093,1,0,22615,0,0
1094,1,0,948,0,0
1095,1,0,117,0,0
1096,1,0,354,0,0
1097,1,0,469,0,0
1098,1,0,229,0,0
1099,1,0,3024,0,0
1100,1,0,91,0,0
1101,1,0,1573,0,0
1102,1,0,173,0,0
1103,1,0,40152,0,0
1104,1,0,123,0,0
1105,1,0,1921,0,0
1106,1,0,85552,0,0
1107,1,0,3497,0,0
1108,1,0,221,0,0
1109,1,0,1135,0,0
1110,1,0,415,0,0
1111,1,0,163,0,0
1112,1,0,19809,0,0
1113,1,0,19,0,0
1114,1,0,338,0,0
1115,1,0,1121,0,0
1116,1,0,2131,0,0
1117,1,0,614,0,0
1118,1,0,83168,0,0
1119,1,0,16605,0,0
1120,1,0,169905,0,0
1121,1,0,381864,0,0
1122,1,0,171,0,0
1123,1,0,44,0,0
1124,1,0,1320,0,0
1125,1,0,12005,0,0
1126,1,0,3,0,0
1127,1,1,8350,55165,0
1128,1,0,2087,0,0
1129,1,0,1131,0,0
1130,1,0,817991,0,0
1131,1,0,4485,0,0
1132,1,0,4305,0,0
1133,1,0,337,0,0
1134,1,0,182263,0,0
1135,1,0,14876,0,0
1136,1,0,24889,0,0
1137,1,0,12157,0,0
1138,1,0,4035,0,0
1139,1,0,537,0,0
1140,1,0,12381,0,0
1141,1,0,11704,0,0
1142,1,0,58219,0,0
1143,1,0,239,0,0
1144,1,0,8549,0,0
1145,1,0,548,0,0
1146,1,0,2123,0,0
1147,1,0,7008,0,0
1148,1,0,10858,0,0
1149,1,0,1819,0,0
1150,1,0,15719,0,0
1151,1,0,27,0,0
1152,1,0,4656,0,0
1153,1,0,112,0,0
1154,1,0,29,0,0
1155,1,0,223065,0,0
1156,1,0,612,0,0
1157,1,0,29,0,0
1158,1,1,600,628,0
1159,1,0,7878,0,0
1160,1,0,3809,0,0
1161,1,1,64,3994,0
1162,1,3,4407,5997,0
1163,1,0,7766,0,0
1164,1,0,55913,0,0
1165,1,0,2305,0,0
1166,1,0,1698117,0,0
1167,1,0,23662,0,0
1168,1,0,19,0,0
1169,1,0,17,0,0
1170,1,0,120144,0,0
1171,1,0,1043,0,0
1172,1,0,35789,0,0
1173,1,0,12,0,0
1174,1,0,83,0,0
1175,1,0,325,0,0
1176,1,0,229,0,0
1177,1,0,1289,0,0
1178,1,0,74,0,0
1179,1,0,9643,0,0
1180,1,0,5308,0,0
1181,1,0,10287,0,0
1182,1,0,507,0,0
1183,1,0,29192,0,0
1184,1,0,1921,0,0
1185,1,0,588,0,0
1186,1,0,71,0,0
1187,1,0,918,0,0
1188,2,0,84058,0,0
1189,2,0,7245,0,0
1190,1,0,1327,0,0
1191,1,0,33080,0,0
1192,1,0,2492,0,0
1193,1,0,6352,0,0
1194,1,0,816,0,0
1195,1,0,574,0,0
1196,1,0,465,0,0
1197,1,0,159344,0,0
1198,1,0,27531,0,0
1199,1,0,1121,0,0
1200,1,0,189,0,0
1201,1,0,2158,0,0
1202,1,0,401392,0,0
1203,1,0,7248,0,0
1204,1,0,819,0,0
1205,1,0,5479,0,0
1206,1,0,33,0,0
1207,1,0,986,0,0
1208,1,0,797,0,0
1209,7,0,3717,0,0
1210,1,2,402,6532,0
1211,1,0,1628,0,0
1212,1,0,41147,0,0
1213,1,0,64,0,0
1214,1,0,2000,0,0
1215,1,0,2018,0,0
1216,1,0,5618,0,0
1217,1,0,11017,0,0
1218,1,0,108,0,0
1219,1,0,2202,0,0
1220,1,0,593,0,0
1221,1,0,931,0,0
1222,1,0,13,0,0
1223,1,0,14052,0,0
1224,1,0,621,0,0
1225,1,0,16242,0,0
1226,1,0,56,0,0
1227,1,0,535,0,0
1228,1,0,5458,0,0
1229,1,0,334,0,0
1230,1,0,4468,0,0
1231,1,0,4432,0,0
1232,1,0,75,0,0
1233,2,0,150987,0,0
1234,6,1,11004,88400,0
1235,1,0,295,0,0
1236,1,1,1435,31,0
1237,1,1,41,19230,0
1238,1,0,5,0,0
1239,1,0,481,0,0
1240,1,0,69,0,0
1241,1,0,11,0,0
1242,1,0,135,0,0
1243,1,0,20,0,0
1244,1,0,259,0,0
1245,1,1,25614,146,0
1246,2,2,13329,172124,0
1247,1,0,380,0,0
1248,1,0,131815,0,0
1249,1,0,397,0,0
1250,1,0,5807,0,0
1251,1,0,152,0,0
1252,1,0,2209,0,0
1253,1,0,4,0,0
1254,1,0,3499,0,0
1255,1,0,822,0,0
1256,1,0,1953,0,0
1257,1,0,97950,0,0
1258,1,0,6101,0,0
1259,1,0,42,0,0
1260,1,0,1526,0,0
1261,1,0,37,0,0
1262,1,0,2,0,0
1263,1,0,11420,0,0
1264,1,0,2880,0,0
1265,2,1,1289830,8919,0
1266,2,0,11508,0,0
1267,1,1,7610,42495,0
1268,1,0,4069,0,0
1269,1,0,6839,0,0
1270,1,0,173,0,0
1271,1,1,955,3806,0
1272,1,1,27952,137427,0
1273,1,0,3312,0,0
1274,1,0,588,0,0
1275,1,0,15404,0,0
1276,1,0,1972,0,0
1277,1,0,679,0,0
1278,1,0,52,0,0
1279,1,0,30755,0,0
1280,1,0,2651,0,0
1281,1,0,4062,0,0
1282,2,0,718,0,0
1283,2,0,11619,0,0
1284,1,0,831,0,0
1285,1,0,87,0,0
1286,1,0,5,0,0
1287,1,0,5434,0,0
1288,1,0,1007,0,0
1289,1,0,9566,0,0
1290,1,0,1384,0,0
1291,1,0,722,0,0
1292,1,0,1831,0,0
1293,1,0,6034,0,0
1294,1,0,1487,0,0
1295,1,0,5844,0,0
1296,1,0,60,0,0
1297,1,0,5,0,0
1298,1,0,11742,0,0
1299,1,0,1490,0,0
1300,1,0,201,0,0
1301,1,0,21262,0,0
1302,1,0,86,0,0
1303,1,0,16411,0,0
1304,1,0,3867,0,0
1305,1,0,645,0,0
1306,1,0,112,0,0
1307,1,0,1226,0,0
1308,1,0,649,0,0
1309,1,0,101,0,0
1310,1,0,171,0,0
1311,1,0,43136,0,0
1312,1,0,2035,0,0
1313,1,0,913,0,0
1314,1,0,86,0,0
1315,1,0,45,0,0
1316,1,0,1473,0,0
1317,1,0,627,0,0
1318,1,0,28326,0,0
1319,1,0,584,0,0
1320,9,1,9839,4045,0
1321,1,0,69,0,0
1322,1,0,49730,0,0
1323,1,0,6684,0,0
1324,1,0,31817,0,0
1325,1,0,303,0,0
1326,1,0,1857,0,0
1327,1,0,38,0,0
1328,1,0,1607,0,0
1329,1,0,542,0,0
1330,1,0,13348,0,0
1331,1,0,501,0,0
1332,1,0,4363,0,0
1333,1,0,44,0,0
1334,1,0,11,0,0
1335,1,0,2871,0,0
1336,1,0,1336,0,0
1337,1,0,172,0,0
1338,1,0,74,0,0
1339,1,0,16957,0,0
1340,1,0,503,0,0
1341,1,0,10406,0,0
1342,1,0,4940,0,0
1343,1,1,331,3917,0
1344,2,0,1203,0,0
1345,1,0,33992,0,0
1346,1,0,2002,0,0
1347,1,0,61,0,0
1348,1,0,241,0,0
1349,1,0,786,0,0
1350,1,0,63179,0,0
1351,1,0,1283,0,0
1352,1,0,962,0,0
1353,1,0,350,0,0
1354,1,0,42,0,0
1355,1,0,100164,0,0
1356,1,0,166487,0,0
1357,1,0,569,0,0
1358,1,0,859,0,0
1359,1,0,239,0,0
1360,1,0,35,0,0
1361,1,0,5174,0,0
1362,1,0,1448,0,0
1363,1,0,12587,0,0
1364,1,0,754,0,0
1365,1,0,59673,0,0
1366,1,0,9882,0,0
1367,1,0,5295,0,0
1368,1,0,127,0,0
1369,1,0,1883,0,0
1370,1,0,139732,0,0
1371,1,0,1584,0,0
1372,1,0,3,0,0
1373,1,0,10278,0,0
1374,1,0,143,0,0
1375,1,0,702,0,0
1376,1,0,507982,0,0
1377,1,0,3578,0,0
1378,1,0,321,0,0
1379,1,0,10,0,0
1380,1,0,27729,0,0
1381,1,0,3105,0,0
1382,1,0,186,0,0
1383,1,0,28661,0,0
1384,1,0,519,0,0
1385,1,0,311,0,0
1386,1,0,558,0,0
1387,1,0,8899,0,0
1388,1,0,3904,0,0
1389,1,0,488,0,0
1390,1,0,518688,0,0
1391,1,0,6393,0,0
1392,1,0,1121,0,0
1393,1,0,2057,0,0
1394,1,1,150,4234,0
1395,2,1,285,1280,0
1396,1,0,6681,0,0
1397,1,0,3409,0,0
1398,1,0,600,0,0
1399,1,0,34861,0,0
1400,1,0,269,0,0
1401,1,0,9366,0,0
1402,1,0,7428,0,0
1403,1,0,1336,0,0
1404,1,0,92,0,0
1405,1,0,8179,0,0
1406,1,0,735,0,0
1407,1,0,1075,0,0
1408,1,0,443,0,0
1409,1,0,612,0,0
1410,1,0,1182,0,0
1411,1,0,16,0,0
1412,1,1,29,23898,0
1413,34,0,666657,0,0
1414,1,0,2680,0,0
1415,1,0,34871,0,0
1416,1,0,604,0,0
1417,1,0,43,0,0
1418,1,0,24326,0,0
1419,1,0,121337,0,0
1420,1,0,195038,0,0
1421,1,0,6318,0,0
1422,1,0,2124,0,0
1423,1,0,2070,0,0
1424,1,0,484,0,0
1425,1,0,48,0,0
1426,1,0,1402,0,0
1427,1,0,67726,0,0
1428,1,0,4730,0,0
1429,1,0,226998,0,0
1430,1,0,121895,0,0
1431,1,0,36403,0,0
1432,1,0,1399,0,0
1433,1,0,54020,0,0
1434,1,0,78,0,0
1435,1,0,68,0,0
1436,1,0,2202,0,0
1437,1,0,2103,0,0
1438,2,0,71002,0,0
1439,2,0,21946,0,0
1440,1,0,146,0,0
1441,1,1,334,344,0
1442,1,0,758,0,0
1443,1,0,158,0,0
1444,1,0,2187,0,0
1445,1,0,1628,0,0
1446,1,0,81,0,0
1447,1,0,1124,0,0
1448,1,0,3572,0,0
1449,1,0,5224,0,0
1450,1,0,1052,0,0
1451,1,0,32661,0,0
1452,1,0,470,0,0
1453,1,0,56,0,0
1454,1,0,5191,0,0
1455,1,0,570,0,0
1456,1,0,5422,0,0
1457,1,0,782,0,0
1458,1,0,617,0,0
1459,1,0,4960,0,0
1460,1,0,220,0,0
1461,1,0,46662,0,0
1462,1,0,56722,0,0
1463,1,0,253,0,0
1464,1,0,2555,0,0
1465,1,0,179,0,0
1466,1,0,58,0,0
1467,1,0,12717,0,0
1468,1,0,962,0,0
1469,1,0,798,0,0
1470,1,0,4835,0,0
1471,1,0,484,0,0
1472,1,0,538,0,0
1473,1,0,34,0,0
1474,1,0,117,0,0
1475,1,0,9802,0,0
1476,1,0,130,0,0
1477,1,0,1077,0,0
1478,1,0,4306,0,0
1479,1,0,4201,0,0
1480,1,0,413549,0,0
1481,1,0,42,0,0
1482,1,0,334,0,0
1483,1,0,3330,0,0
1484,1,0,123261,0,0
1485,1,0,987,0,0
1486,1,0,392234,0,0
1487,1,0,324,0,0
1488,1,0,174,0,0
1489,1,0,337,0,0
1490,1,0,3267,0,0
1491,1,0,17255,0,0
1492,1,0,11129,0,0
1493,1,0,44060,0,0
1494,1,0,298,0,0
1495,1,0,6897,0,0
1496,1,0,16525,0,0
1497,1,0,1213,0,0
1498,1,0,214917,0,0
1499,1,0,18241,0,0
1500,1,0,1098,0,0
1501,1,0,4777,0,0
1502,1,0,177,0,0
1503,1,0,35340,0,0
1504,1,0,306,0,0
1505,1,0,384,0,0
1506,1,0,895,0,0
1507,1,1,262172,548,0
1508,1,0,1596,0,0
1509,1,0,28213,0,0
1510,1,0,133039,0,0
1511,1,0,37724,0,0
1512,1,0,35743,0,0
1513,1,0,1659,0,0
1514,2,0,9901,0,0
1515,3,0,644837,0,0
1516,1,0,3855,0,0
1517,1,0,3655,0,0
1518,1,0,604,0,0
1519,1,0,228,0,0
1520,1,0,1269,0,0
1521,1,0,11177,0,0
1522,1,0,118,0,0
1523,1,0,5714,0,0
1524,1,1,6354,953,0
1525,1,1,11414,378,0
1526,10,0,177183,0,0
1527,1,0,271,0,0
1528,1,0,23861,0,0
1529,1,0,11698,0,0
1530,1,0,18559,0,0
1531,1,0,27,0,0
1532,1,0,796,0,0
1533,1,0,193,0,0
1534,1,0,28899,0,0
1535,1,0,498,0,0
1536,1,0,5019,0,0
1537,1,0,3921,0,0
1538,1,0,2119,0,0
1539,1,0,18338,0,0
1540,1,0,2155,0,0
1541,1,0,772,0,0
1542,1,0,47019,0,0
1543,1,0,5760,0,0
1544,1,0,58,0,0
1545,1,0,11442,0,0
1546,1,0,3533,0,0
1547,1,0,2220,0,0
1548,1,0,25,0,0
1549,1,1,12169,5784,0
1550,1,0,212,0,0
1551,1,0,17369,0,0
1552,1,0,344871,0,0
1553,1,1,46,174,0
1554,1,0,80,0,0
1555,1,0,7600,0,0
1556,1,0,14,0,0
1557,1,0,74,0,0
1558,1,0,279,0,0
1559,1,0,3337,0,0
1560,1,0,30,0,0
1561,1,0,10,0,0
1562,1,0,2882,0,0
1563,1,0,10,0,0
1564,1,0,595,0,0
1565,1,0,653,0,0
1566,1,0,235561,0,0
1567,1,0,5101,0,0
1568,1,0,778,0,0
1569,1,0,20904,0,0
1570,1,0,194,0,0
1571,1,0,15169,0,0
1572,1,0,151908,0,0
1573,1,0,669,0,0
1574,1,0,408,0,0
1575,1,0,25259,0,0
1576,6,4,26858,169070,0
1577,2,0,10115,0,0
1578,1,0,6772,0,0
1579,1,0,840,0,0
1580,1,0,7797,0,0
1581,1,0,11096,0,0
1582,1,0,595,0,0
1583,1,0,27111,0,0
1584,1,0,41789,0,0
1585,1,0,538084,0,0
1586,1,0,65260,0,0
1587,1,0,59263,0,0
1588,1,0,44316,0,0
1589,1,0,139,0,0
1590,1,0,29940,0,0
1591,1,0,711,0,0
1592,1,0,3145,0,0
1593,1,0,268202,0,0
1594,1,0,2127,0,0
1595,1,0,7759,0,0
1596,1,0,417,0,0
1597,1,0,207,0,0
1598,1,0,1177,0,0
1599,1,0,3595,0,0
1600,1,0,49947,0,0
1601,1,0,10485,0,0
1602,1,0,3,0,0
1603,1,0,8706,0,0
1604,1,0,560,0,0
1605,1,0,1237,0,1
1606,1,0,1293,0,0
1607,1,0,456,0,0
1608,1,0,736,0,0
1609,1,0,2035,0,0
1610,1,0,45817,0,0
1611,1,0,949,0,0
1612,1,0,561,0,0
1613,1,0,225,0,0
1614,1,0,245,0,0
1615,1,0,16896,0,0
1616,1,0,1667,0,0
1617,1,0,6504,0,0
1618,1,0,7926,0,0
1619,1,1,157000,314,0
1620,1,0,1107,0,0
1621,1,0,281,0,0
1622,1,0,2629,0,0
1623,1,0,1452,0,0
1624,1,0,12034,0,0
1625,1,0,23124,0,0
1626,1,0,40,0,0
1627,1,0,26,0,0
1628,1,0,3340,0,0
1629,2,0,9469,0,0
1630,18,0,169474,0,0
1631,1,0,1487798,0,0
1632,1,0,1469,0,0
1633,1,0,1694,0,0
1634,1,0,246,0,0
1635,1,0,1332,0,0
1636,1,0,1299,0,0
1637,1,0,721,0,0
1638,1,0,25013,0,0
1639,1,0,159,0,0
1640,1,0,688,0,0
1641,1,0,34853,0,0
1642,1,0,104,0,0
1643,1,1,1571,377242,0
1644,1,0,496,0,0
1645,1,0,27,0,0
1646,1,0,1947,0,0
1647,1,0,6154,0,0
1648,1,0,69243,0,0
1649,1,0,24798,0,0
1650,1,0,67,0,0
1651,1,0,369330,0,0
1652,1,0,5891,0,0
1653,1,0,2167,0,0
1654,1,0,4150,0,0
1655,1,0,2047,0,0
1656,1,0,244,0,0
1657,1,0,1674,0,0
1658,1,0,1294,0,0
1659,4,0,25648,0,0
1660,2,0,5840,0,0
1661,1,0,728,0,0
1662,1,0,125592,0,0
1663,1,0,2384,0,0
1664,1,0,5813,0,0
1665,1,0,9433,0,0
1666,1,0,102,0,0
1667,1,0,568,0,0
1668,1,0,145,0,0
1669,1,0,105,0,0
1670,1,0,131,0,0
1671,1,0,1893,0,0
1672,1,0,100,0,0
1673,1,0,34208,0,0
1674,1,0,865,0,0
1675,1,0,922,0,0
1676,1,0,7844,0,0
1677,1,0,267,0,0
1678,1,0,111111,0,0
1679,1,0,18524,0,0
1680,1,0,3517,0,0
1681,1,0,388,0,0
1682,1,0,65561,0,0
1683,1,0,633,0,0
1684,1,0,6833,0,0
1685,1,0,4094,0,0
1686,1,0,47006,0,0
1687,1,0,27978,0,0
1688,1,0,38078,0,0
1689,1,0,4221,0,0
1690,1,0,20980,0,0
1691,1,0,759,0,0
1692,2,0,3032,0,0
1693,1,1,17,4911,0
1694,1,0,23857,0,0
1695,1,0,18,0,0
1696,1,0,7059,0,0
1697,1,0,113199,0,0
1698,1,0,467,0,0
1699,1,0,591715,0,0
1700,1,0,69,0,0
1701,1,0,394,0,0
1702,1,0,19,0,0
1703,1,0,129203,0,0
1704,1,0,2883,0,0
1705,1,0,4,0,0
1706,1,0,1564,0,0
1707,1,0,652,0,0
1708,1,0,3040,0,0
1709,1,0,1730,0,0
1710,1,0,2578,0,0
1711,15,0,443785,0,0
1712,1,0,552,0,0
1713,1,0,2343,0,0
1714,1,0,43749,0,0
1715,1,0,524,0,0
1716,1,0,492,0,0
1717,1,0,1491,0,0
1718,1,0,334,0,0
1719,1,0,323,0,0
1720,1,0,3035644,0,0
1721,1,0,101,0,0
1722,1,0,23847,0,0
1723,1,0,138837,0,0
1724,1,0,5,0,0
1725,1,0,58,0,0
1726,1,0,18288,0,0
1727,1,0,975,0,0
1728,1,0,5976,0,0
1729,1,0,2690,0,0
1730,1,0,2007,0,0
1731,1,0,2251,0,0
1732,1,0,2269,0,0
1733,1,0,546,0,0
1734,1,0,246,0,0
1735,1,0,96144,0,0
1736,1,0,300,0,0
1737,1,0,7351,0,0
1738,1,1,764,45,0
1739,2,0,1597,0,0
1740,1,0,1454,0,0
1741,1,0,160,0,0
1742,1,0,556,0,0
1743,1,0,68422,0,0
1744,1,0,3847,0,0
1745,1,0,421,0,0
1746,1,0,533,0,0
1747,1,0,450,0,0
1748,1,0,49350,0,0
1749,1,0,30208,0,0
1750,1,0,803,0,0
1751,1,0,5095,0,0
1752,1,0,4837,0,0
1753,1,0,1617,0,0
1754,1,0,6577,0,0
1755,1,0,6307,0,0
1756,1,0,2254,0,0
1757,1,0,20305,0,0
1758,1,0,16748,0,0
1759,1,0,3899,0,0
1760,1,0,506,0,0
1761,1,0,294,0,0
1762,1,0,16818,0,0
1763,1,0,5519,0,0
1764,1,0,1163,0,0
1765,1,0,78,0,0
1766,1,0,55335,0,0
1767,1,0,864,0,0
1768,1,0,79,0,0
1769,1,0,983,0,0
1770,1,0,578,0,0
1771,1,0,478948,0,0
1772,1,0,450,0,0
1773,1,0,5037,0,0
1774,1,0,1496,0,0
1775,1,0,69035,0,0
1776,1,0,709,0,0
1777,1,0,45,0,0
1778,1,0,592,0,0
1779,1,0,6,0,0
1780,1,0,169561,0,0
1781,1,0,244,0,0
1782,1,0,415761,0,0
1783,1,0,3151,0,0
1784,1,0,1448,0,0
1785,1,0,13653,0,0
1786,1,0,332326,0,0
1787,1,0,48041,0,0
1788,1,0,10219,0,0
1789,1,0,181,0,0
1790,1,0,10102,0,0
1791,1,0,601,0,0
1792,1,0,3448,0,0
1793,1,0,2120,0,0
1794,1,0,436,0,0
1795,1,0,651,0,0
1796,1,0,2979,0,0
1797,1,0,2149,0,0
1798,1,0,183,0,0
1799,1,0,987,0,0
1800,1,0,412,0,0
1801,1,0,61,0,0
1802,1,0,11097,0,0
1803,1,0,63894,0,0
1804,1,0,25,0,0
1805,1,0,22,0,0
1806,1,0,619,0,0
1807,1,0,7728,0,0
1808,1,0,6475,0,0
1809,1,0,2389,0,0
1810,1,0,2039,0,0
1811,1,0,747,0,0
1812,1,0,586236,0,0
1813,1,0,19,0,0
1814,1,0,27579,0,0
1815,1,0,31761,0,0
1816,1,0,281,0,0
1817,1,0,81854,0,0
1818,1,0,2447,0,0
1819,1,0,7133,0,0
1820,1,0,1981,0,0
1821,1,0,470,0,0
1822,1,0,307,0,0
1823,1,0,296,0,0
1824,2,0,95915,0,1
1825,1,0,1080,0,0
1826,1,0,16870,0,0
1827,1,0,7400,0,0
1828,1,0,1779,0,0
1829,1,0,10110,0,0
1830,1,0,4728,0,0
1831,1,0,471551,0,0
1832,1,0,825,0,0
1833,1,0,67579,0,0
1834,1,0,2649,0,0
1835,1,0,76,0,0
1836,1,0,98,0,0
1837,1,2,694,32313,0
1838,11,3,146013,47448,0
1839,82,39,3016814,426355,0
1840,1,0,5,0,0
1841,1,0,70,0,0
1842,1,0,15659,0,0
1843,2,1,23704,25025,1
1844,1,0,6487,0,0
1845,1,1,54218,7856,0
1846,1,0,147,0,0
1847,1,0,927,0,0
1848,1,0,6,0,0
1849,1,0,451,0,0
1850,1,0,129,0,0
1851,1,0,105,0,0
1852,1,0,2545,0,0
1853,1,0,1272,0,0
1854,1,0,1855,0,0
1855,1,0,201,0,0
1856,1,0,5182,0,0
1857,1,0,580,0,0
1858,1,0,3832,0,0
1859,1,0,478,0,0
1860,1,0,129,0,0
1861,5,0,35739,0,0
1862,1,1,4282,1846,0
1863,1,1,699,605,0
1864,1,0,4091,0,0
1865,1,0,2079,0,0
1866,1,0,1497,0,0
1867,1,0,2833,0,0
1868,1,0,271,0,0
1869,1,0,1657,0,0
1870,1,0,79,0,0
1871,1,0,12664,0,0
1872,1,0,53642,0,0
1873,1,0,683,0,0
1874,1,0,869,0,0
1875,93,22,943508,463755,0
1876,1,0,562,0,0
1877,1,0,3386,0,0
1878,1,0,688,0,0
1879,1,0,142052,0,0
1880,1,0,930,0,0
1881,1,0,1096,0,0
1882,1,0,714,0,0
1883,1,0,5719,0,0
1884,1,0,1875,0,0
1885,1,1,213,2087,0
1886,2,0,50418,0,0
1887,1,0,64,0,0
1888,1,0,3055,0,0
1889,1,0,4629,0,0
1890,1,0,9767,0,0
1891,1,0,85532,0,0
1892,1,0,806,0,0
1893,1,0,81,0,0
1894,1,0,246,0,0
1895,1,0,466,0,0
1896,1,0,3206,0,0
1897,1,0,888,0,0
1898,1,0,8567,0,0
1899,1,0,4602,0,0
1900,1,0,657,0,0
1901,1,0,2539,0,0
1902,1,0,169,0,0
1903,1,0,1204,0,0
1904,1,0,655,0,0
1905,1,0,952,0,0
1906,1,0,987,0,0
1907,1,0,10173,0,0
1908,1,0,2034,0,0
1909,1,0,183,0,0
1910,1,0,3722,0,0
1911,1,0,18080,0,0
1912,1,0,612,0,0
1913,1,0,750,0,0
1914,1,0,6295,0,0
1915,1,0,351127,0,0
1916,1,0,11617,0,0
1917,1,0,8,0,0
1918,1,0,12751,0,0
1919,1,0,614,0,0
1920,1,0,17495,0,0
1921,1,0,7,0,0
1922,1,0,3384,0,0
1923,1,0,1386,0,0
1924,1,0,3967,0,0
1925,1,0,318,0,0
1926,1,0,147,0,0
1927,1,0,23451,0,0
1928,1,0,3929,0,0
1929,1,0,3,0,0
1930,1,0,196,0,0
1931,1,0,59586,0,0
1932,1,0,292,0,0
1933,1,0,2078,0,0
1934,1,0,2329,0,0
1935,1,0,1533,0,0
1936,1,0,3191,0,0
1937,1,0,4,0,0
1938,1,0,644,0,0
1939,1,0,4881,0,0
1940,1,0,7008,0,0
1941,1,0,123,0,0
1942,1,0,365,0,0
1943,1,0,35591,0,0
1944,2,1,439,20,0
1945,1,1,6,470,0
1946,1,0,23955,0,0
1947,1,0,17888,0,0
1948,1,0,14524,0,0
1949,1,1,1286,13700,0
1950,16,0,71858,0,0
1951,2,0,5604,0,0
1952,4,0,22434,0,0
1953,1,0,228,0,0
1954,1,0,116,0,0
1955,1,0,29716,0,0
1956,1,0,101,0,0
1957,1,0,3527,0,0
1958,1,0,2493,0,0
1959,1,0,5080,0,0
1960,1,0,140,0,0
1961,1,0,6907,0,0
1962,1,0,2273,0,0
1963,1,1,9915,7,0
1964,1,1,235,1433,0
1965,1,0,1436,0,0
1966,1,0,7,0,0
1967,1,0,1206,0,0
1968,1,0,10123,0,0
1969,1,0,84,0,0
1970,1,0,8858,0,0
1971,1,0,119,0,0
1972,1,0,13,0,0
1973,1,0,51,0,0
1974,2,0,6912,0,0
1975,1,0,1073,0,0
1976,1,0,44971,0,0
1977,1,0,17,0,0
1978,1,0,1041,0,0
1979,1,0,276,0,0
1980,1,0,1152,0,0
1981,1,0,13280,0,0
1982,1,0,974,0,0
1983,1,0,1696,0,0
1984,1,0,38,0,0
1985,1,0,2529,0,0
1986,1,0,402,0,0
1987,1,0,1777,0,0
1988,1,0,64665,0,0
1989,1,0,819,0,0
1990,1,0,22552,0,0
1991,1,0,473,0,0
1992,1,0,57411,0,0
1993,1,0,138167,0,0
1994,1,0,44,0,0
1995,1,0,5242,0,0
1996,1,0,806,0,0
1997,1,0,5185,0,0
1998,1,0,1784,0,0
1999,1,0,3442,0,0
2000,1,0,27,0,0
2001,1,0,3458,0,0
2002,1,0,22465,0,0
2003,1,0,8053,0,0
2004,1,0,52823,0,0
2005,1,0,76404,0,0
2006,1,0,52,0,0
2007,1,0,4462,0,0
2008,1,0,782,0,0
2009,1,0,4357,0,0
2010,1,0,90863,0,0
2011,1,0,2010,0,0
2012,1,0,384,0,0
2013,1,0,773,0,0
2014,1,0,999,0,0
2015,1,0,109210,0,0
2016,1,0,408,0,0
2017,1,0,521,0,0
2018,1,0,664,0,0
2019,1,0,42105,0,0
2020,1,0,3702,0,0
2021,1,0,553,0,0
2022,1,0,10807,0,0
2023,1,0,323,0,0
2024,1,0,45974,0,0
2025,1,0,12617,0,0
2026,1,0,479,0,0
2027,1,0,689,0,0
2028,1,0,689,0,0
2029,1,0,937,0,0
2030,1,0,1079,0,0
2031,1,0,3064,0,0
2032,1,0,3992,0,0
2033,1,0,162,0,0
2034,2,0,59370,0,0
2035,1,1,197,169,0
2036,1,0,2596,0,0
2037,1,0,9,0,0
2038,1,0,41740,0,0
2039,1,0,177,0,0
2040,1,0,215,0,0
2041,1,0,62417,0,0
2042,1,0,23264,0,0
2043,1,0,1370,0,0
2044,1,0,325806,0,0
2045,1,0,9651,0,0
2046,1,0,16467,0,0
2047,1,0,4533,0,0
2048,1,0,105,0,0
2049,1,0,209,0,0
2050,1,0,7224,0,0
2051,1,0,195,0,0
2052,6,0,1959075,0,0
2053,1,0,315,0,0
2054,1,0,344,0,0
2055,1,0,102,0,0
2056,1,0,3594,0,0
2057,1,0,60594,0,0
2058,1,0,2968139,0,0
2059,1,0,6651,0,0
2060,1,0,12444,0,0
2061,1,0,105493,0,0
2062,1,0,3083,0,0
2063,1,0,49,0,0
2064,2,0,14527,0,0
2065,2,0,10532,0,0
2066,1,0,331,0,0
2067,1,0,484,0,0
2068,1,0,4043,0,0
2069,1,0,310,0,0
2070,1,0,915,0,0
2071,1,0,2119,0,0
2072,1,0,5,0,0
2073,1,0,1974,0,0
2074,1,0,201,0,0
2075,1,0,10248,0,0
2076,1,0,80768,0,0
2077,1,0,284,0,0
2078,1,0,18297,0,0
2079,1,0,15914,0,0
2080,1,0,11878,0,0
2081,2,0,1746,0,0
2082,1,0,718,0,0
2083,1,0,307,0,0
2084,1,0,35509,0,0
2085,1,0,1820,0,0
2086,1,0,48,0,0
2087,1,0,238,0,0
2088,1,0,2590,0,0
2089,1,0,52815,0,0
2090,1,0,220,0,0
2091,1,0,918,0,0
2092,1,0,28297,0,0
2093,1,0,109,0,0
2094,1,0,47258,0,0
2095,1,0,241,0,0
2096,1,0,9261,0,0
2097,1,0,1249,0,0
2098,1,0,1734,0,0
2099,1,0,2383,0,0
2100,1,0,856399,0,0
2101,1,0,2542,0,0
2102,1,0,597,0,0
2103,1,0,5060,0,0
2104,1,0,270,0,0
2105,1,0,17905,0,0
2106,1,0,33,0,0
2107,1,0,44857,0,0
2108,1,0,2969,0,0
2109,1,0,105,0,0
2110,1,0,649,0,0
2111,1,0,993,0,0
2112,1,0,16333,0,0
2113,1,0,16893,0,0
2114,1,0,12248,0,0
2115,1,0,8896,0,0
2116,1,0,73,0,0
2117,1,0,82222,0,0
2118,1,0,178,0,0
2119,1,0,11101,0,0
2120,1,0,81,0,0
2121,1,0,553,0,0
2122,1,0,14962,0,0
2123,1,0,170,0,0
2124,1,0,1038,0,0
2125,1,0,8852,0,0
2126,1,0,82,0,0
2127,2,0,75635,0,0
2128,2,0,32,0,0
2129,1,0,264,0,0
2130,1,0,3357,0,0
2131,1,0,971,0,0
2132,1,0,12864,0,0
2133,1,0,3,0,0
2134,1,0,241,0,0
2135,1,0,2630,0,0
2136,1,0,3253,0,0
2137,1,0,471,0,0
2138,1,0,1501,0,0
2139,1,0,169,0,0
2140,1,0,3816,0,0
2141,1,0,389,0,0
2142,1,0,12,0,0
2143,1,0,4072,0,0
2144,1,0,731,0,0
2145,1,0,565,0,0
2146,1,0,43502,0,0
2147,1,0,31,0,0
2148,1,0,15,0,0
2149,1,0,495064,0,0
2150,1,0,515,0,0
2151,1,0,174,0,0
2152,1,0,1062,0,0
2153,1,0,33,0,0
2154,1,0,526,0,0
2155,1,0,2172,0,0
2156,1,0,72,0,0
2157,1,0,40086,0,0
2158,1,0,61717,0,0
2159,1,0,1671,0,0
2160,1,0,346,0,0
2161,1,0,524,0,0
2162,1,0,22404,0,0
2163,1,0,5642,0,0
2164,1,0,354,0,0
2165,1,0,13350,0,0
2166,1,0,852,0,0
2167,1,0,893,0,0
2168,1,1,1657,1951,0
2169,1,1,670,55127,0
2170,6,0,392338,0,0
2171,1,0,38,0,0
2172,1,0,66948,0,0
2173,1,0,164,0,0
2174,1,0,1195,0,0
2175,1,0,5177,0,0
2176,1,0,577,0,0
2177,1,0,22544,0,0
2178,1,0,5,0,0
2179,1,0,57,0,0
2180,1,0,9182,0,0
2181,1,1,39496,391,0
2182,1,0,1229,0,0
2183,1,0,2594,0,0
2184,1,0,8560,0,0
2185,1,0,32,0,0
2186,1,0,2810,0,0
2187,1,0,169,0,0
2188,1,0,22375,0,0
2189,1,0,2138,0,0
2190,1,0,36,0,0
2191,1,0,30,0,0
2192,1,0,2288,0,0
2193,1,0,358157,0,0
2194,1,0,277049,0,0
2195,2,0,3475,0,0
2196,1,0,232,0,0
2197,1,0,1235,0,0
2198,1,0,257,0,0
2199,1,0,20597,0,0
2200,1,0,1578,0,0
2201,1,0,1882,0,0
2202,1,0,393,0,0
2203,1,0,2,0,0
2204,1,0,6243,0,0
2205,1,0,1323,0,0
2206,1,0,17331,0,0
2207,1,0,9,0,0
2208,1,0,897,0,0
2209,1,0,62,0,0
2210,1,0,887,0,0
2211,1,0,156,0,0
2212,1,0,1505,0,0
2213,1,0,351,0,0
2214,1,0,502,0,0
2215,1,0,19386,0,0
2216,1,0,338,0,0
2217,10,0,44496,0,0
2218,1,0,1688,0,0
2219,1,0,15376,0,0
2220,1,0,6351,0,0
2221,1,0,403,0,0
2222,1,0,159421,0,0
2223,1,0,4500,0,0
2224,1,0,83,0,0
2225,15,10,331882,118253,0
2226,1,0,60488,0,0
2227,1,0,450,0,0
2228,1,1,3,623566,0
2229,1,0,1107,0,0
2230,1,0,199,0,0
2231,1,0,1355,0,0
2232,1,0,228,0,0
2233,1,0,7457,0,0
2234,1,0,125743,0,0
2235,1,0,101776,0,0
2236,1,0,1948,0,0
2237,1,0,4,0,0
2238,1,0,31068,0,0
2239,1,0,418,0,0
2240,1,0,15726,0,0
2241,1,0,300,0,0
2242,1,0,806,0,0
2243,1,0,36465,0,0
2244,1,0,126,0,0
2245,1,0,5339,0,0
2246,1,0,4555,0,0
2247,1,0,1563,0,0
2248,1,0,3338,0,0
2249,1,0,522,0,0
2250,1,0,1906,0,0
2251,1,0,438,0,0
2252,1,0,495716,0,0
2253,1,0,10863,0,0
2254,1,0,515,0,0
2255,1,0,8586,0,0
2256,1,0,26,0,0
2257,1,0,676,0,0
2258,1,0,540,0,0
2259,1,0,305455,0,0
2260,1,0,778,0,0
2261,1,0,22582,0,0
2262,1,0,529,0,0
2263,1,0,1244,0,0
2264,1,0,350,0,0
2265,1,0,190,0,0
2266,1,0,5,0,0
2267,1,0,84947,0,0
2268,1,0,1632,0,0
2269,2,0,53041,0,0
2270,1,0,157840,0,0
2271,1,0,2224,0,0
2272,3,1,42480,4453,0
2273,2,0,13876,0,0
2274,1,0,125835,0,0
2275,1,0,4,0,0
2276,1,0,14234,0,0
2277,1,0,2796,0,0
2278,1,0,1658,0,0
2279,1,0,2480,0,0
2280,1,0,1329,0,0
2281,1,0,38620,0,0
2282,1,0,18538,0,0
2283,1,0,1150,0,0
2284,1,0,3288,0,0
2285,1,0,612,0,0
2286,1,0,751,0,0
2287,1,0,603,0,0
2288,1,0,6,0,0
2289,1,0,2077,0,0
2290,1,0,116,0,0
2291,1,0,103789,0,0
2292,1,0,70,0,0
2293,1,0,3501,0,0
2294,1,0,28,0,0
2295,1,0,145258,0,0
2296,3,0,333910,0,0
2297,2,0,2540,0,0
2298,1,0,35,0,0
2299,1,0,1215,0,0
2300,1,0,2976,0,0
2301,1,0,228,0,0
2302,1,0,82401,0,0
2303,1,0,132,0,0
2304,1,0,106,0,0
2305,1,0,27,0,0
2306,1,0,12549,0,0
2307,1,0,43048,0,0
2308,1,0,2490,0,0
2309,1,0,421,0,0
2310,1,0,339,0,0
2311,1,0,1780,0,0
2312,1,0,1306,0,0
2313,1,0,72,0,0
2314,1,0,229,0,0
2315,1,0,81,0,0
2316,1,0,305,0,0
2317,1,0,38,0,0
2318,1,0,756,0,0
2319,1,0,6,0,0
2320,1,0,1247,0,0
2321,1,0,282,0,0
2322,1,0,3347,0,0
2323,1,0,17368,0,0
2324,1,0,1906,0,0
2325,1,0,87,0,0
2326,1,0,22541,0,0
2327,1,0,980,0,0
2328,1,0,523,0,0
2329,1,0,65,0,0
2330,1,0,2072,0,0
2331,1,0,299,0,0
2332,1,0,222,0,0
2333,1,0,129,0,0
2334,1,0,920,0,0
2335,1,0,1181609,0,0
2336,1,0,25,0,0
2337,1,0,2566,0,0
2338,1,0,13189,0,0
2339,1,0,106855,0,0
2340,1,0,121,0,0
2341,1,0,9426,0,0
2342,1,0,1186,0,0
2343,1,0,999,0,0
2344,1,0,2194,0,0
2345,1,0,46,0,0
2346,1,0,9252,0,0
2347,1,0,650,0,0
2348,1,0,2529,0,0
2349,1,0,33983,0,0
2350,3,0,18530,0,0
2351,4,0,36240,0,0
2352,2,0,48637,0,0
2353,1,0,22743,0,0
2354,1,0,9,0,0
2355,1,0,1781,0,0
2356,1,0,11870,0,0
2357,1,0,181188,0,0
2358,1,0,6716,0,0
2359,1,0,663,0,0
2360,1,0,967,0,0
2361,1,0,40,0,0
2362,1,0,211,0,0
2363,1,0,1122,0,0
2364,1,0,18435,0,0
2365,1,0,21722,0,0
2366,1,0,374,0,0
2367,1,0,8,0,0
2368,1,0,12839,0,0
2369,1,0,666,0,0
2370,1,0,899,0,0
2371,1,0,70152,0,0
2372,1,0,22931,0,0
2373,1,0,7819,0,0
2374,1,0,558,0,0
2375,1,0,432,0,0
2376,1,0,30,0,0
2377,1,0,915,0,0
2378,1,0,39,0,0
2379,1,0,5670,0,0
2380,1,0,66946,0,0
2381,1,0,5786,0,0
2382,1,0,39899,0,0
2383,1,0,290,0,0
2384,1,0,7169,0,0
2385,1,0,23963,0,0
2386,1,0,456,0,0
2387,1,0,539,0,0
2388,1,0,5015,0,0
2389,1,0,285,0,0
2390,1,0,8822,0,0
2391,1,0,177,0,0
2392,1,0,6904,0,0
2393,1,0,19511,0,0
2394,1,0,4023,0,0
2395,1,0,391,0,0
2396,1,0,108,0,0
2397,1,0,18577,0,0
2398,1,0,4091,0,0
2399,1,0,772,0,0
2400,1,0,378,0,0
2401,1,0,572,0,0
2402,1,0,2246,0,0
2403,1,0,109,0,0
2404,1,1,1358,20,0
2405,1,0,38737,0,0
2406,1,0,728,0,0
2407,1,0,9,0,0
2408,1,0,1507,0,0
2409,1,0,41,0,0
2410,1,0,17,0,0
2411,1,0,890,0,0
2412,1,0,628,0,0
2413,1,0,52,0,0
2414,1,0,119,0,0
2415,1,0,306,0,0
2416,1,0,5455,0,0
2417,2,0,109549,0,0
2418,1,0,69249,0,0
2419,1,0,37,0,0
2420,1,0,170,0,0
2421,1,0,235,0,0
2422,1,0,173,0,0
2423,1,0,177674,0,0
2424,1,0,14094,0,0
2425,1,1,61090,39,0
2426,2,1,1635,1841,0
2427,1,0,67,0,0
2428,1,0,2297,0,0
2429,1,0,5541,0,0
2430,1,0,18204,0,0
2431,1,0,66,0,0
2432,1,0,12076,0,0
2433,1,0,677,0,0
2434,1,0,21,0,0
2435,1,0,69,0,0
2436,1,0,1001,0,0
2437,1,0,3261,0,0
2438,1,0,428,0,0
2439,1,0,73,0,0
2440,1,0,648,0,0
2441,1,0,5543,0,0
2442,1,0,36,0,0
2443,1,0,24,0,0
2444,1,0,284,0,0
2445,1,0,253,0,0
2446,1,0,11,0,0
2447,1,0,375543,0,0
2448,1,0,38,0,0
2449,1,0,455,0,0
2450,1,0,572,0,0
2451,1,0,704,0,0
2452,1,0,13566,0,0
2453,1,0,35279,0,0
2454,1,0,894,0,0
2455,1,0,3670,0,0
2456,1,0,1597,0,0
2457,1,0,43129,0,0
2458,1,0,1408,0,0
2459,1,0,54929,0,0
2460,1,0,19513,0,0
2461,2,0,7346,0,0
2462,1,1,3683,274,0
2463,1,0,922,0,0
2464,1,0,33087,0,0
2465,1,0,59,0,0
2466,1,0,9,0,0
2467,1,0,1479,0,0
2468,1,0,754,0,0
2469,1,0,1368,0,0
2470,1,0,1055,0,0
2471,1,0,4677,0,0
2472,1,0,7112,0,0
2473,1,0,2075,0,0
2474,1,0,44249,0,0
2475,1,0,12021,0,0
2476,1,0,66,0,0
2477,1,0,123,0,0
2478,1,0,58,0,0
2479,1,0,199,0,0
2480,1,0,8992,0,0
2481,1,0,31,0,0
2482,1,0,169,0,0
2483,1,0,63,0,0
2484,1,0,299,0,0
2485,1,0,166,0,0
2486,1,0,76,0,0
2487,1,0,617,0,0
2488,1,0,442,0,0
2489,1,0,901,0,0
2490,1,0,113,0,0
2491,1,0,260,0,0
2492,1,0,9660,0,0
2493,1,0,408,0,0
2494,1,0,272,0,0
2495,1,0,6,0,0
2496,1,0,4549,0,0
2497,1,0,62310,0,0
2498,1,0,120,0,0
2499,1,0,646,0,0
2500,1,0,24296,0,0
2501,1,0,608,0,0
2502,1,0,281,0,0
2503,1,0,515,0,0
2504,2,0,5115,0,0
2505,3,0,93609,0,0
2506,1,0,3736,0,0
2507,1,0,24162,0,0
2508,1,0,1210,0,0
2509,1,0,993,0,0
2510,5,0,127511,0,0
2511,1,0,18073,0,0
2512,1,0,2925,0,0
2513,1,0,6165,0,0
2514,1,0,34,0,0
2515,1,0,954,0,0
2516,1,0,2279,0,0
2517,1,0,1224,0,0
2518,1,0,2184,0,0
2519,1,0,2504,0,0
2520,1,0,161,0,0
2521,1,0,211,0,0
2522,1,0,16349,0,0
2523,1,0,63891,0,0
2524,4,0,10690,0,0
2525,1,0,91,0,0
2526,1,0,5408,0,0
2527,1,0,817,0,0
2528,1,0,78466,0,0
2529,1,0,19,0,0
2530,1,0,1313,0,0
2531,1,0,1384,0,0
2532,1,0,12154,0,0
2533,1,0,1698,0,0
2534,1,0,126,0,0
2535,1,0,170,0,0
2536,1,0,3182,0,0
2537,1,0,9771,0,0
2538,1,0,2661,0,0
2539,1,0,877,0,0
2540,7,0,49759,0,0
2541,2,0,11383,0,0
2542,1,0,293,0,0
2543,1,0,182100,0,0
2544,1,0,2119,0,0
2545,1,0,627,0,0
2546,1,0,22,0,0
2547,1,0,35,0,0
2548,1,0,1158,0,0
2549,1,0,1278,0,0
2550,1,0,27943,0,0
2551,1,0,155,0,0
2552,1,0,80945,0,0
2553,1,0,515,0,0
2554,1,0,219,0,0
2555,1,0,273,0,0
2556,1,0,2582,0,0
2557,1,0,145,0,0
2558,1,0,32258,0,0
2559,1,0,490,0,0
2560,1,0,4748,0,0
2561,1,0,56418,0,0
2562,1,0,13,0,0
2563,25,0,3972871,0,0
2564,1,1,7125,25846,0
2565,1,1,1961,12104,0
2566,1,0,7795,0,0
2567,1,0,6886,0,0
2568,1,0,12053,0,0
2569,1,0,1144,0,0
2570,1,0,828,0,0
2571,1,0,76,0,0
2572,1,0,3039,0,0
2573,1,0,87524,0,0
2574,1,0,961,0,0
2575,1,0,188,0,0
2576,1,0,2205,0,0
2577,1,0,130,0,0
2578,1,0,3636,0,0
2579,1,0,280,0,0
2580,1,0,84,0,0
2581,1,0,14324,0,0
2582,1,0,83,0,0
2583,1,0,1233,0,0
2584,1,0,73429,0,0
2585,1,0,100,0,0
2586,1,0,1020,0,0
2587,1,0,59,0,0
2588,1,0,170792,0,0
2589,11,0,73163,0,0
2590,1,0,217,0,0
2591,1,0,224,0,0
2592,1,0,833,0,0
2593,1,0,11105,0,0
2594,1,0,107,0,0
2595,1,0,2391,0,0
2596,1,0,2268,0,0
2597,1,0,1369,0,0
2598,1,0,727,0,0
2599,1,0,2579,0,0
2600,1,0,62709,0,0
2601,1,0,421,0,0
2602,1,0,4314,0,0
2603,1,0,152,0,0
2604,1,0,255,0,0
2605,1,0,9,0,0
2606,1,0,21912,0,0
2607,1,0,2030,0,0
2608,1,0,4349,0,0
2609,1,0,8418,0,0
2610,2,0,18111,0,0
2611,1,0,189,0,0
2612,1,0,3216,0,0
2613,27,3,1752409,3195,0
2614,1,0,1138,0,0
2615,1,0,1000,0,0
2616,1,0,3438,0,0
2617,1,0,86,0,0
2618,1,0,639,0,0
2619,1,0,874,0,0
2620,1,0,4500,0,0
2621,1,0,4544,0,0
2622,1,0,4804,0,0
2623,1,0,332,0,0
2624,1,0,37785,0,0
2625,1,0,16172,0,0
2626,1,0,1845,0,0
2627,1,0,88762,0,0
2628,1,0,3426,0,0
2629,1,0,227,0,0
2630,1,0,420,0,0
2631,1,0,1857,0,0
2632,1,0,12615,0,0
2633,1,0,171133,0,0
2634,1,0,71303,0,0
2635,1,0,4088,0,0
2636,1,0,61895,0,0
2637,1,0,5423,0,0
2638,1,0,398,0,0
2639,1,0,130,0,0
2640,1,0,21764,0,0
2641,1,0,97,0,0
2642,1,0,4061,0,0
2643,1,0,2,0,0
2644,1,0,101,0,0
2645,1,0,41488,0,0
2646,1,0,142,0,0
2647,1,0,25489,0,0
2648,1,0,358569,0,0
2649,1,0,482,0,0
2650,1,0,507,0,0
2651,1,0,15033,0,0
2652,1,0,30121,0,0
2653,1,0,406,0,0
2654,1,0,296,0,0
2655,1,0,14487,0,0
2656,1,0,13,0,0
2657,1,0,1931,0,0
2658,1,0,293,0,0
2659,1,0,1938,0,0
2660,1,0,4540,0,0
2661,1,0,3316,0,0
2662,1,0,24973,0,0
2663,1,0,112,0,0
2664,1,0,8515,0,0
2665,1,0,367,0,0
2666,1,0,4806,0,0
2667,1,0,4400,0,0
2668,1,0,6038,0,0
2669,1,0,1292,0,0
2670,1,0,250,0,0
2671,1,0,8831,0,0
2672,1,0,1964,0,0
2673,1,0,10,0,0
2674,1,0,820,0,0
2675,1,0,122,0,0
2676,1,0,3596,0,0
2677,1,0,766,0,0
2678,1,0,46,0,0
2679,1,0,10081,0,0
2680,1,0,13226,0,0
2681,1,0,8450,0,0
2682,1,0,21041,0,0
2683,1,0,1023,0,0
2684,1,0,51,0,0
2685,1,0,16111,0,0
2686,1,0,163754,0,0
2687,1,0,4813,0,0
2688,1,0,1188,0,0
2689,2,0,14925,0,0
2690,1,1,2514173,946,0
2691,1,0,231,0,0
2692,1,0,656,0,0
2693,1,0,115,0,0
2694,1,0,5866,0,0
2695,1,0,13912,0,0
2696,1,0,1567,0,0
2697,1,0,40047,0,0
2698,1,0,254,0,0
2699,1,0,1520,0,0
2700,1,0,15224,0,0
2701,1,0,110,0,0
2702,1,0,3380,0,0
2703,1,0,65,0,0
2704,1,0,105,0,0
2705,1,0,176886,0,0
2706,1,0,2123,0,0
2707,1,0,5553,0,0
2708,1,0,152,0,0
2709,1,0,108,0,0
2710,1,0,226,0,0
2711,1,0,2212,0,0
2712,1,0,2053,0,0
2713,1,0,881,0,0
2714,1,0,78602,0,0
2715,1,0,895,0,0
2716,1,0,279495,0,0
2717,1,0,6,0,0
2718,1,0,6793,0,0
2719,1,0,1885,0,0
2720,1,0,5500,0,0
2721,1,0,26604,0,0
2722,1,0,2802,0,0
2723,1,0,3706,0,0
2724,1,0,6608,0,0
2725,1,0,5979,0,0
2726,1,0,1840,0,0
2727,1,0,3440,0,0
2728,1,0,1585,0,0
2729,1,0,1471,0,0
2730,1,0,47614,0,0
2731,1,0,147,0,0
2732,1,0,27588,0,0
2733,1,0,16448,0,0
2734,1,0,12017,0,0
2735,1,0,17038,0,0
2736,1,0,69089,0,0
2737,1,0,875,0,0
2738,1,0,194954,0,0
2739,1,0,10256,0,0
2740,1,0,3261,0,0
2741,1,0,4423,0,0
2742,1,0,263,0,0
2743,1,0,3921,0,0
2744,1,0,607,0,0
2745,1,0,1536,0,0
2746,1,0,4424,0,0
2747,1,0,11326,0,0
2748,1,0,284,0,0
2749,1,0,1127,0,0
2750,1,0,105,0,0
2751,1,0,72,0,0
2752,1,0,2667,0,0
2753,1,0,2,0,0
2754,1,0,347,0,0
2755,1,0,7485,0,0
2756,1,0,1181,0,0
2757,1,0,13513,0,0
2758,1,1,279521,3631,0
2759,3,0,73615,0,0
2760,2,0,2410,0,0
2761,1,0,16752,0,0
2762,1,0,2256174,0,0
2763,1,0,5192,0,0
2764,1,0,606,0,0
2765,1,0,4909,0,0
2766,1,0,1704,0,0
2767,1,0,1640,0,0
2768,1,0,16079,0,0
2769,1,0,5045,0,0
2770,1,0,9487,0,0
2771,1,0,11920,0,0
2772,1,0,11439,0,0
2773,2,0,4028,0,0
2774,1,1,147,14037,0
2775,1,0,1913,0,0
2776,1,0,7,0,0
2777,1,0,9296,0,0
2778,1,0,130,0,0
2779,1,0,834,0,0
2780,1,0,194493,0,0
2781,1,0,10,0,0
2782,1,0,1936,0,0
2783,1,0,569,0,0
2784,1,0,262,0,0
2785,1,0,5601,0,0
2786,1,0,1142,0,0
2787,1,0,161,0,0
2788,1,0,279,0,0
2789,1,0,587,0,0
2790,2,0,9456,0,0
2791,5,0,15327,0,0
2792,2,0,33622,0,0
2793,1,0,39877,0,0
2794,1,0,356,0,0
2795,1,0,4507,0,0
2796,1,0,1488,0,0
2797,1,0,1222,0,0
2798,1,0,198,0,0
2799,1,0,40686,0,0
2800,1,0,1172,0,0
2801,1,0,119,0,0
2802,2,0,6492,0,0
2803,2,0,4453,0,0
2804,4,0,3918,0,0
2805,1,0,2623,0,0
2806,1,0,19105,0,0
2807,1,0,2897,0,0
2808,1,0,821,0,0
2809,1,0,14,0,0
2810,1,0,369465,0,0
2811,1,0,0,0,0
2812,1,0,34814,0,0
2813,1,0,281,0,0
2814,1,0,5206,0,0
2815,1,0,5,0,0
2816,1,0,42,0,0
2817,1,0,5660,0,0
2818,1,0,3531,0,0
2819,1,0,485078,0,0
2820,1,0,11291,0,0
2821,1,0,761,0,0
2822,1,0,5941,0,0
2823,1,0,206202,0,0
2824,1,0,50027,0,0
2825,1,0,606,0,0
2826,1,0,90,0,0
2827,1,0,588,0,0
2828,1,0,235,0,0
2829,1,1,7327,297,0
2830,1,0,139,0,0
2831,1,0,3549,0,0
2832,1,0,409,0,0
2833,1,0,199,0,0
2834,1,0,9058,0,0
2835,1,0,7650,0,0
2836,1,0,63,0,0
2837,1,0,11290,0,0
2838,1,0,95,0,0
2839,1,0,19273,0,0
2840,1,0,3966,0,0
2841,1,0,420,0,0
2842,1,0,601,0,0
2843,1,0,159,0,0
2844,1,0,9405,0,0
2845,1,0,3893,0,0
2846,1,0,849,0,0
2847,1,0,337,0,0
2848,1,0,2474,0,0
2849,1,0,1517,0,0
2850,1,0,190,0,0
2851,1,0,16816,0,0
2852,1,0,99,0,0
2853,1,0,36,0,0
2854,1,0,1217,0,0
2855,1,0,550,0,0
2856,1,0,2770,0,0
2857,1,0,2620,0,0
2858,1,0,88187,0,0
2859,1,0,3601,0,0
2860,1,0,792,0,0
2861,1,0,8129,0,0
2862,1,0,2169,0,0
2863,1,0,4329,0,0
2864,1,0,9732,0,0
2865,1,0,167006,0,0
2866,1,0,1079,0,0
2867,1,0,3863,0,0
2868,1,0,1009,0,0
2869,1,0,2146,0,0
2870,1,0,99,0,0
2871,1,0,3108,0,0
2872,1,0,1429,0,0
2873,1,0,57911,0,0
2874,1,0,1824,0,0
2875,1,0,126,0,0
2876,1,0,3462,0,0
2877,1,0,995,0,0
2878,1,0,78414,0,0
2879,1,0,26,0,0
2880,1,0,66,0,0
2881,1,0,18909,0,0
2882,1,0,42081,0,0
2883,3,0,64286,0,0
2884,1,3,1081,69134,0
2885,1,0,611,0,0
2886,1,0,11428,0,0
2887,1,0,20648,0,0
2888,1,0,76814,0,0
2889,1,0,16712,0,0
2890,4,2,141107,122062,1
2891,1,0,153,0,0
2892,1,0,120,0,0
2893,1,0,7861,0,0
2894,1,0,1625,0,0
2895,1,0,2507,0,0
2896,1,0,5171,0,0
2897,1,0,16,0,0
2898,1,0,1,0,0
2899,1,0,69639,0,0
2900,1,0,160,0,0
2901,1,0,1220,0,0
2902,1,0,2096,0,0
2903,1,0,18773,0,0
2904,1,0,11,0,0
2905,1,0,304565,0,0
2906,1,0,397,0,0
2907,43,0,1657279,0,0
2908,1,0,738,0,0
2909,1,0,590,0,0
2910,1,0,17113,0,0
2911,1,0,548,0,0
2912,1,0,74,0,0
2913,1,0,1007,0,0
2914,1,0,77,0,0
2915,1,0,851,0,0
2916,1,0,642,0,0
2917,1,0,3369,0,0
2918,1,0,75924,0,0
2919,1,0,983,0,0
2920,1,0,3415,0,0
2921,1,0,707,0,0
2922,1,0,3336,0,0
2923,1,0,4885,0,0
2924,1,0,509,0,0
2925,1,0,25,0,0
2926,1,0,248,0,0
2927,1,0,7540,0,0
2928,1,0,108501,0,0
2929,1,0,22,0,0
2930,1,0,721,0,0
2931,1,0,1368,0,0
2932,1,1,615,34881,0
2933,1,0,2401,0,0
2934,1,0,62720,0,0
2935,1,0,14177,0,0
2936,1,0,96250,0,0
2937,1,0,1100,0,0
2938,1,1,16396,4313,0
2939,1,0,445087,0,0
2940,1,0,19,0,0
2941,1,0,27401,0,0
2942,1,0,771,0,0
2943,1,0,9416,0,0
2944,1,0,10467,0,0
2945,1,0,131,0,0
2946,1,0,370,0,0
2947,1,0,1462,0,0
2948,1,0,1216,0,0
2949,1,0,15848,0,0
2950,1,0,63,0,0
2951,1,0,1496,0,0
2952,1,0,9728,0,0
2953,3,0,6998,0,0
2954,1,0,30307,0,0
2955,1,0,1341,0,0
2956,1,0,10578,0,0
2957,1,0,5473,0,0
2958,1,0,5615,0,0
2959,1,0,115595,0,0
2960,1,0,3026,0,0
2961,1,0,7072,0,0
2962,1,0,1012,0,0
2963,1,0,32908,0,0
2964,1,0,1192,0,0
2965,1,0,1277,0,0
2966,1,0,1251,0,0
2967,1,0,87,0,0
2968,1,0,533,0,0
2969,1,0,2377,0,0
2970,2,0,975,0,0
2971,1,0,169087,0,0
2972,1,0,5057,0,0
2973,1,0,175,0,0
2974,1,0,10957,0,0
2975,1,0,24260,0,0
2976,1,0,871,0,0
2977,1,0,986,0,0
2978,1,0,270,0,0
2979,1,0,2662,0,0
2980,1,1,77,16222,0
2981,3,0,10080,0,0
2982,1,0,22009,0,0
2983,1,0,1794,0,0
2984,1,0,26402,0,0
2985,1,0,6362,0,0
2986,1,0,683,0,0
2987,1,0,374,0,0
2988,1,0,4033,0,0
2989,1,0,1198,0,0
2990,2,0,72793,0,0
2991,2,0,18595,0,0
2992,1,0,118,0,0
2993,1,0,1438,0,0
2994,1,0,4299,0,0
2995,1,0,11242,0,0
2996,1,0,707,0,0
2997,1,0,1292,0,0
2998,1,0,1279,0,0
2999,1,0,566814,0,0
3000,1,0,47602,0,0
3001,1,0,1650,0,0
3002,1,0,4945,0,0
3003,1,0,18836,0,0
3004,1,0,120,0,0
3005,1,0,9821,0,0
3006,3,0,775,0,0
3007,1,4,89,10967,0
3008,2,0,1967,0,0
3009,1,0,156,0,0
3010,1,0,1308,0,0
3011,1,0,20371,0,0
3012,1,0,315,0,0
3013,1,0,250,0,0
3014,1,0,70,0,0
3015,1,0,21310,0,0
3016,1,0,59037,0,0
3017,1,0,263,0,0
3018,1,0,19,0,0
3019,1,0,211,0,0
3020,1,0,12805,0,0
3021,1,0,17646,0,0
3022,1,0,965,0,0
3023,1,0,278,0,0
3024,1,0,108864,0,0
3025,1,0,63,0,0
3026,1,0,2277,0,0
3027,1,0,1103,0,0
3028,1,0,382,0,0
3029,1,0,20925,0,0
3030,1,0,2152,0,0
3031,1,0,3028,0,0
3032,2,0,141,0,0
3033,2,0,6539,0,0
3034,1,0,18,0,0
3035,1,0,1760,0,0
3036,1,0,148877,0,0
3037,1,0,22428,0,0
3038,1,0,324,0,0
3039,1,0,1497,0,0
3040,1,0,120,0,0
3041,1,0,2226,0,0
3042,1,0,14136,0,0
3043,1,0,6390,0,0
3044,1,0,16271,0,0
3045,1,0,5045,0,0
3046,1,0,661,0,0
3047,1,0,19722,0,0
3048,1,0,6865,0,0
3049,1,0,8007,0,0
3050,1,0,388,0,0
3051,1,0,4198,0,0
3052,1,0,230,0,0
3053,1,0,3134,0,0
3054,1,0,94,0,0
3055,1,0,78,0,0
3056,1,0,113820,0,0
3057,1,0,42689,0,0
3058,1,0,9390,0,0
3059,1,0,740,0,0
3060,1,0,28731,0,0
3061,1,0,2645,0,0
3062,1,1,161,1477,0
3063,1,0,6215,0,0
3064,1,0,63,0,0
3065,1,0,822,0,0
3066,1,0,2505,0,0
3067,1,0,446,0,0
3068,1,0,29011,0,0
3069,1,0,410,0,0
3070,1,0,1333,0,0
3071,1,0,210,0,0
3072,1,0,589,0,0
3073,2,0,27205,0,0
3074,3,0,640521,0,0
3075,1,0,315,0,0
3076,1,0,474,0,0
3077,1,0,85,0,0
3078,1,0,1375,0,0
3079,1,0,172,0,0
3080,1,0,3,0,0
3081,1,0,1057,0,0
3082,1,0,137,0,0
3083,1,0,401,0,0
3084,1,0,105,0,0
3085,1,0,11701,0,0
3086,1,0,62,0,0
3087,1,0,360,0,0
3088,1,0,25,0,0
3089,1,0,2650,0,0
3090,1,0,1681,0,0
3091,1,0,105743,0,0
3092,1,0,2318,0,0
3093,1,0,201,0,0
3094,1,0,2529,0,0
3095,1,0,14944,0,0
3096,1,0,48111,0,0
3097,1,0,784,0,0
3098,1,0,255,0,0
3099,1,0,439,0,0
3100,1,0,17130,0,0
3101,1,0,1243,0,0
3102,1,0,31255,0,0
3103,1,0,1137,0,0
3104,1,0,271,0,0
3105,1,0,649,0,0
3106,1,0,86,0,0
3107,1,0,7,0,0
3108,1,0,1018,0,0
3109,1,0,2550,0,0
3110,1,0,7192,0,0
3111,1,0,13946,0,0
3112,1,0,3976,0,0
3113,5,1,67233,8512,0
3114,2,0,5922,0,0
3115,1,0,1178,0,0
3116,1,0,10371,0,0
3117,1,0,28806,0,0
3118,1,0,5217,0,0
3119,1,0,1929,0,0
3120,1,0,220,0,0
3121,1,0,199,0,0
3122,1,0,4048,0,0
3123,1,0,3184,0,0
3124,1,0,1444,0,0
3125,1,0,6228,0,0
3126,1,0,26646,0,0
3127,1,0,131,0,0
3128,1,0,1926,0,0
3129,1,0,4085,0,0
3130,1,0,70,0,0
3131,1,0,282,0,0
3132,1,0,1691,0,0
3133,1,0,248,0,0
3134,1,0,22,0,0
3135,1,0,19507,0,0
3136,1,0,10,0,0
3137,1,0,432905,0,0
3138,1,0,115,0,0
3139,1,0,9986,0,0
3140,1,0,67,0,0
3141,1,0,4723,0,0
3142,1,0,1230,0,0
3143,1,0,88,0,0
3144,1,0,41731,0,0
3145,1,0,370,0,0
3146,1,0,429,0,0
3147,1,0,129833,0,0
3148,1,0,824,0,0
3149,1,0,514,0,0
3150,1,0,1267,0,0
3151,1,0,288,0,0
3152,1,0,2477,0,0
3153,1,0,2184,0,0
3154,1,0,3647,0,0
3155,1,0,43,0,0
3156,1,0,148,0,0
3157,1,0,1727,0,0
3158,1,0,1851,0,0
3159,1,0,9215,0,0
3160,1,0,139,0,0
3161,1,0,97,0,0
3162,1,0,1510,0,0
3163,1,0,155,0,0
3164,1,0,2390,0,0
3165,1,0,5414,0,0
3166,1,0,1125,0,0
3167,1,0,87,0,0
3168,1,1,771,1246,0
3169,2,0,16812,0,0
3170,1,0,88969,0,0
3171,1,0,73,0,0
3172,1,0,6518,0,0
3173,1,0,1318,0,0
3174,4,0,9863,0,0
3175,1,0,480,0,0
3176,1,0,376,0,0
3177,1,0,320,0,0
3178,1,0,65668,0,0
3179,1,0,9847,0,0
3180,1,0,919,0,0
3181,1,0,2721,0,0
3182,1,0,427,0,0
3183,1,0,491,0,0
3184,1,0,10758,0,0
3185,2,0,1490490,0,0
3186,1,1,6694,6789,0
3187,2,0,330,0,0
3188,1,0,7392,0,0
3189,1,0,3751,0,0
3190,1,0,28,0,0
3191,1,0,59,0,0
3192,1,0,18,0,0
3193,1,0,2377,0,0
3194,1,0,929,0,0
3195,1,0,1001,0,0
3196,1,0,90635,0,0
3197,1,0,307473,0,0
3198,1,0,530,0,0
3199,1,0,559,0,0
3200,1,0,809,0,0
3201,1,0,1046,0,0
3202,1,0,203,0,0
3203,1,0,75857,0,0
3204,1,0,1177,0,0
3205,1,0,149,0,0
3206,1,0,487,0,0
3207,1,0,6833,0,0
3208,1,0,5295,0,0
3209,1,0,1229,0,0
3210,1,0,20822,0,0
3211,1,0,86,0,0
3212,1,0,2236,0,0
3213,1,0,92,0,0
3214,1,0,7,0,0
3215,1,0,6320,0,0
3216,1,0,90562,0,0
3217,1,0,8760,0,0
3218,1,0,15,0,0
3219,1,0,88,0,0
3220,1,0,47,0,0
3221,1,0,3622,0,0
3222,1,0,4571,0,0
3223,1,0,6289,0,0
3224,1,0,766,0,0
3225,1,0,2107,0,0
3226,1,0,2756,0,0
3227,1,0,913,0,0
3228,1,0,5275,0,0
3229,1,0,65999,0,0
3230,1,0,2339,0,0
3231,1,0,622,0,0
3232,1,0,117096,0,0
3233,1,0,2831,0,0
3234,1,0,2971,0,0
3235,1,0,60,0,0
3236,1,0,15823,0,0
3237,1,0,10506,0,0
3238,1,0,1381,0,0
3239,1,0,361,0,0
3240,1,0,186,0,0
3241,1,0,56,0,0
3242,1,0,108560,0,0
3243,1,0,2942,0,0
3244,1,0,1780,0,0
3245,1,0,110,0,0
3246,1,0,1066,0,0
3247,1,0,23,0,0
3248,1,0,1778,0,0
3249,1,0,2315,0,0
3250,1,0,104,0,0
3251,1,0,3633,0,0
3252,1,0,25348,0,0
3253,1,0,1522,0,0
3254,1,0,161,0,0
3255,1,0,544,0,0
3256,1,0,169,0,0
3257,1,0,5531,0,0
3258,1,0,998,0,0
3259,1,0,19435,0,0
3260,1,0,95,0,0
3261,2,1,208538,34737,1
3262,1,0,2743,0,0
3263,1,0,30,0,0
3264,1,0,213,0,0
3265,1,0,3942,0,0
3266,1,0,153,0,0
3267,1,0,733917,0,0
3268,1,0,320,0,0
3269,1,0,250,0,0
3270,1,0,2645,0,0
3271,1,0,717,0,0
3272,1,0,21030,0,0
3273,1,0,2718,0,0
3274,1,0,19178,0,0
3275,1,0,4862,0,0
3276,1,0,1640,0,0
3277,1,0,75,0,0
3278,1,0,19,0,0
3279,1,0,17246,0,0
3280,1,0,4079,0,0
3281,1,0,57994,0,0
3282,1,0,99,0,0
3283,1,0,179,0,0
3284,1,0,2244,0,0
3285,1,0,655,0,0
3286,1,0,220,0,0
3287,1,0,618,0,0
3288,1,0,29156,0,0
3289,1,0,174542,0,0
3290,1,0,6458,0,0
3291,1,0,231,0,0
3292,1,0,39119,0,0
3293,1,0,17942,0,0
3294,1,0,25,0,0
3295,1,0,9203,0,0
3296,1,0,6464,0,0
3297,1,0,3152,0,0
3298,1,0,173,0,0
3299,2,0,975,0,0
3300,1,0,69915,0,0
3301,1,0,233,0,0
3302,1,0,909,0,0
3303,1,0,221,0,0
3304,1,0,929,0,0
3305,1,0,416,0,0
3306,1,0,4651,0,0
3307,1,0,2421,0,0
3308,1,0,539,0,0
3309,1,0,4594,0,0
3310,1,0,3335,0,0
3311,1,0,2,0,0
3312,1,0,27899,0,0
3313,1,0,2249,0,0
3314,1,0,2750,0,0
3315,1,0,22826,0,0
3316,1,0,15,0,0
3317,1,0,7112,0,0
3318,1,0,3463,0,0
3319,1,1,2793,6226,0
3320,1,0,223,0,0
3321,1,0,405,0,0
3322,1,0,0,0,0
3323,1,0,1067,0,0
3324,1,0,1463,0,0
3325,1,0,18259,0,0
3326,2,0,640,0,0
3327,1,0,3421,0,0
3328,1,0,9814,0,0
3329,5,6,11019,67722,0
3330,2,0,412675,0,0
3331,1,0,22265,0,0
3332,1,0,15,0,0
3333,1,0,1003,0,0
3334,1,0,1159,0,0
3335,1,0,1212,0,0
3336,1,0,4370275,0,0
3337,1,0,392,0,0
3338,1,0,1779,0,0
3339,1,0,1210,0,0
3340,1,0,165,0,0
3341,1,0,322,0,0
3342,1,1,264,25,0
3343,1,0,15836,0,0
3344,1,0,11194,0,0
3345,1,0,138,0,0
3346,1,0,3172,0,0
3347,2,0,3496,0,0
3348,2,3,1658,4455,0
3349,2,0,1333,0,0
3350,1,0,406,0,0
3351,1,0,109,0,0
3352,1,0,249,0,0
3353,1,0,83,0,0
3354,1,0,24558,0,0
3355,1,0,2429,0,0
3356,1,0,31,0,0
3357,1,0,9228,0,0
3358,1,0,8190,0,0
3359,1,0,172484,0,0
3360,1,0,10,0,0
3361,1,0,97,0,0
3362,1,0,22198,0,0
3363,1,0,2393,0,0
3364,3,0,21449,0,0
3365,1,0,79933,0,0
3366,1,0,2762,0,0
3367,1,0,64,0,0
3368,1,0,1890,0,0
3369,1,0,7457,0,0
3370,1,0,715,0,0
3371,1,0,614,0,0
3372,1,0,407,0,0
3373,1,0,3158,0,0
3374,1,0,774,0,0
3375,1,0,5208,0,0
3376,1,0,100189,0,0
3377,1,0,37,0,0
3378,1,0,4514,0,0
3379,1,0,20761,0,0
3380,1,0,7601,0,0
3381,1,0,4897,0,0
3382,1,0,43278,0,0
3383,1,0,233,0,0
3384,1,0,416,0,0
3385,1,0,512,0,0
3386,1,0,1211,0,0
3387,1,0,9017,0,0
3388,1,0,42,0,0
3389,1,0,6708,0,0
3390,1,0,8158,0,0
3391,1,0,103,0,0
3392,2,1,94251,71962,1
3393,1,0,102894,0,0
3394,1,0,746,0,0
3395,1,0,9307,0,0
3396,1,0,594584,0,0
3397,1,0,19898,0,0
3398,1,0,73234,0,0
3399,1,0,288,0,0
3400,1,0,2277,0,0
3401,1,0,4104,0,0
3402,1,0,17,0,0
3403,1,0,19642,0,0
3404,1,0,128143,0,0
3405,1,0,17,0,0
3406,1,0,56,0,0
3407,1,0,4436,0,0
3408,1,1,1134,42,0
3409,1,0,66,0,0
3410,1,0,16,0,0
3411,1,0,1638,0,0
3412,1,0,43653,0,0
3413,1,0,234521,0,0
3414,1,0,3768,0,0
3415,2,0,661,0,0
3416,1,0,14,0,0
3417,1,0,42078,0,0
3418,1,0,540,0,0
3419,1,0,100977,0,0
3420,1,0,946,0,0
3421,1,0,8813,0,0
3422,1,0,270,0,0
3423,1,0,21140,0,0
3424,1,0,692,0,0
3425,1,0,32,0,0
3426,1,0,9498965,0,0
3427,1,0,203,0,0
3428,1,0,8588,0,0
3429,1,0,548665,0,0
3430,1,0,20,0,0
3431,1,0,10853,0,0
3432,1,0,5791,0,0
3433,1,0,427,0,0
3434,1,0,216,0,0
3435,1,0,89,0,0
3436,1,0,8667,0,0
3437,1,0,46983,0,0
3438,1,0,2219,0,0
3439,1,0,121296,0,0
3440,1,0,169768,0,0
3441,1,0,24955,0,0
3442,1,0,116729,0,0
3443,1,0,5168,0,0
3444,1,0,6992,0,0
3445,1,0,40,0,0
3446,1,0,89,0,0
3447,1,0,234451,0,0
3448,1,0,140,0,0
3449,1,0,14,0,0
3450,1,0,13802,0,0
3451,1,1,6,200,0
3452,1,0,5502,0,0
3453,1,0,4833,0,0
3454,1,0,4293,0,0
3455,1,0,984,0,0
3456,1,0,312,0,0
3457,1,0,22,0,0
3458,1,0,891,0,0
3459,1,0,968,0,0
3460,1,0,12502,0,0
3461,1,0,295,0,0
3462,1,0,181322,0,0
3463,1,0,334,0,0
3464,1,0,60,0,0
3465,1,0,3215,0,0
3466,1,0,16725,0,0
3467,1,0,7533,0,0
3468,1,0,6595,0,0
3469,1,0,9375,0,0
3470,1,0,3154,0,0
3471,1,0,203,0,0
3472,1,0,11614,0,0
3473,1,0,24405,0,0
3474,1,0,181,0,0
3475,1,0,2466,0,0
3476,1,0,810,0,0
3477,1,0,535,0,0
3478,1,0,1978,0,0
3479,1,0,78,0,0
3480,1,0,1510,0,0
3481,1,0,11143,0,0
3482,1,0,970,0,0
3483,1,0,225,0,0
3484,1,0,929,0,0
3485,1,0,552,0,0
3486,1,0,289,0,0
3487,1,0,24535,0,0
3488,1,0,14924,0,0
3489,1,0,375,0,0
3490,1,0,302,0,0
3491,1,0,653,0,0
3492,1,0,16319,0,0
3493,1,0,290,0,0
3494,1,0,2310,0,0
3495,1,0,507,0,0
3496,1,0,713401,0,0
3497,1,0,8423,0,0
3498,1,0,1426,0,0
3499,1,0,8953,0,0
3500,1,0,109310,0,0
3501,1,0,196950,0,0
3502,1,0,2398,0,0
3503,1,0,2714,0,0
3504,1,0,42,0,0
3505,1,0,3845,0,0
3506,1,0,6777,0,0
3507,6,0,74795,0,0
3508,1,0,482,0,0
3509,2,0,10528,0,0
3510,1,0,17974,0,0
3511,1,0,1137,0,0
3512,1,0,1037,0,0
3513,1,0,49303,0,0
3514,1,0,2882,0,0
3515,1,0,214,0,0
3516,1,0,95077,0,0
3517,1,0,647,0,0
3518,1,0,35020,0,0
3519,1,0,11982,0,0
3520,1,0,24,0,0
3521,1,0,259,0,0
3522,1,0,2288,0,0
3523,1,0,5421,0,0
3524,1,0,5735,0,0
3525,1,0,821,0,0
3526,1,0,1570,0,0
3527,1,0,111,0,0
3528,1,0,1630,0,0
3529,1,0,1413,0,0
3530,1,0,143,0,0
3531,1,0,133937,0,0
3532,1,0,3285,0,0
3533,1,0,1930,0,0
3534,2,1,65377,116,0
3535,1,0,4241,0,0
3536,1,0,13589,0,0
3537,1,0,173,0,0
3538,1,0,2024,0,0
3539,1,0,2342,0,0
3540,1,0,9258,0,0
3541,1,0,40771,0,0
3542,1,0,1868,0,0
3543,1,0,380,0,0
3544,1,0,2703,0,0
3545,1,0,1896,0,0
3546,1,0,33217,0,0
3547,1,0,2735,0,0
3548,1,0,43753,0,0
3549,1,0,4384,0,0
3550,1,0,2859,0,0
3551,1,0,1769,0,0
3552,1,0,5229,0,0
3553,1,0,5439,0,0
3554,1,0,942,0,0
3555,1,0,1827,0,0
3556,1,0,3847,0,0
3557,1,0,9554,0,0
3558,1,0,184,0,0
3559,1,0,90092,0,0
3560,1,0,19003,0,0
3561,1,0,1783,0,0
3562,1,0,4138,0,0
3563,1,0,1805,0,0
3564,1,0,7402,0,0
3565,1,0,4364,0,0
3566,1,0,2042,0,0
3567,1,0,412,0,0
3568,1,0,1415,0,0
3569,1,0,2312,0,0
3570,1,0,14,0,0
3571,1,0,96,0,0
3572,1,0,9983,0,0
3573,1,0,51,0,0
3574,1,0,2121,0,0
3575,1,0,83,0,0
3576,1,0,478,0,0
3577,1,0,408,0,0
3578,1,0,584,0,0
3579,1,0,607100,0,0
3580,1,0,4693,0,0
3581,1,0,29,0,0
3582,1,0,18976,0,0
3583,1,0,5485,0,0
3584,1,0,71664,0,0
3585,1,0,73755,0,0
3586,1,0,13367,0,0
3587,1,0,2896,0,0
3588,1,0,599,0,0
3589,1,0,17099,0,0
3590,1,0,500,0,0
3591,1,0,2194,0,0
3592,1,0,2434,0,0
3593,1,0,5674045,0,0
3594,1,0,272,0,0
3595,2,0,10125,0,0
3596,2,0,1193,0,0
3597,7,0,688530,0,0
3598,1,0,197,0,0
3599,1,0,1453,0,0
3600,1,0,1346,0,0
3601,1,0,9741,0,0
3602,1,0,58292,0,0
3603,1,0,17238,0,0
3604,1,0,3436,0,0
3605,1,0,19,0,0
3606,1,0,357,0,0
3607,1,0,2773,0,0
3608,11,0,118555,0,0
3609,1,1,20,1194,0
3610,1,0,4379,0,0
3611,2,0,74815,0,0
3612,1,0,28864,0,0
3613,1,0,2589,0,0
3614,1,0,2467,0,0
3615,1,0,1185,0,0
3616,1,0,3410,0,0
3617,1,0,9183,0,0
3618,1,0,3063,0,0
3619,1,0,3510,0,0
3620,1,0,459,0,0
3621,1,0,424,0,0
3622,1,0,127,0,0
3623,1,0,3478,0,0
3624,1,0,168,0,0
3625,1,0,289,0,0
3626,1,0,13602,0,0
3627,1,0,203554,0,0
3628,2,0,5808,0,0
3629,1,0,49492,0,0
3630,1,0,83,0,0
3631,1,0,101431,0,0
3632,2,0,17569,0,0
3633,4,2,79734,2224,0
3634,2,0,1874,0,0
3635,1,1,8202,1903723,0
3636,2,1,35,2427,0
3637,1,0,1039,0,0
3638,1,0,84,0,0
3639,1,0,2528,0,0
3640,1,0,311,0,0
3641,1,0,39,0,0
3642,1,0,194510,0,0
3643,1,0,98,0,0
3644,1,0,110506,0,0
3645,1,0,4853,0,0
3646,1,0,1177,0,0
3647,1,0,837,0,0
3648,1,0,2696,0,0
3649,1,0,192244,0,0
3650,1,0,673,0,0
3651,1,0,225,0,0
3652,1,0,2982,0,0
3653,1,0,602,0,0
3654,1,0,1,0,0
3655,1,0,926,0,0
3656,1,0,190,0,0
3657,1,0,8883,0,0
3658,1,0,8041,0,0
3659,1,1,3253,863,0
3660,3,0,20799,0,0
3661,1,0,4105,0,0
3662,1,0,127,0,0
3663,1,0,9869,0,0
3664,1,0,1935,0,0
3665,1,0,137,0,0
3666,1,0,1509,0,0
3667,1,0,5532,0,0
3668,3,0,4838,0,0
3669,1,1,2767,1751,0
3670,1,0,3025,0,0
3671,1,0,2623,0,0
3672,1,0,3336,0,0
3673,1,0,20429,0,0
3674,1,0,239,0,0
3675,1,0,2164,0,0
3676,1,0,261,0,0
3677,1,0,10,0,0
3678,370,36,10818292,684405,0
3679,3,1,21053,6744,0
3680,1,0,88,0,0
3681,2,0,3343,0,0
3682,1,0,49,0,0
3683,1,0,76,0,0
3684,1,0,4405,0,0
3685,1,0,4703,0,0
3686,1,0,329,0,0
3687,1,0,58703,0,0
3688,1,0,54,0,0
3689,1,0,2,0,0
3690,1,0,803,0,0
3691,1,0,73,0,0
3692,1,0,589,0,0
3693,1,0,13539,0,0
3694,1,0,1508,0,0
3695,1,0,14372,0,0
3696,1,0,327,0,0
3697,1,0,4894,0,0
3698,1,0,47,0,0
3699,3,0,13849,0,0
3700,1,0,1572,0,0
3701,1,0,396,0,0
3702,1,0,1258,0,0
3703,1,0,419,0,0
3704,1,0,2607,0,0
3705,1,0,392,0,0
3706,1,0,61,0,0
3707,1,0,54223,0,0
3708,1,0,10147,0,0
3709,1,0,11673,0,0
3710,1,0,22857,0,0
3711,1,0,29111,0,0
3712,1,0,35486,0,0
3713,1,0,6925,0,0
3714,1,0,23408,0,0
3715,1,0,8655,0,0
3716,1,0,53773,0,0
3717,1,0,33318,0,0
3718,1,0,1059,0,0
3719,1,0,1038,0,0
3720,1,0,373,0,0
3721,1,0,77,0,0
3722,1,0,613,0,0
3723,1,0,13231,0,0
3724,1,1,551,839,0
3725,1,1,17310,757,0
3726,2,0,3120,0,0
3727,1,0,23,0,0
3728,1,0,4186,0,0
3729,1,0,4469,0,0
3730,1,0,30,0,0
3731,1,0,3,0,0
3732,1,0,237,0,0
3733,1,0,192,0,0
3734,1,0,45061,0,0
3735,1,0,9,0,0
3736,1,0,5,0,0
3737,1,0,30,0,0
3738,1,0,603,0,0
3739,1,0,78,0,0
3740,1,0,75,0,0
3741,1,0,18288,0,0
3742,1,0,6,0,0
3743,1,0,44,0,0
3744,1,0,377,0,0
3745,1,0,12686,0,0
3746,1,0,48,0,0
3747,1,0,508,0,0
3748,1,0,149,0,0
3749,1,0,133,0,0
3750,1,0,279,0,0
3751,1,0,336,0,0
3752,1,0,2120,0,0
3753,1,0,10860,0,0
3754,1,0,846,0,0
3755,1,0,667,0,0
3756,1,0,158,0,0
3757,1,0,122,0,0
3758,1,0,850,0,0
3759,1,0,378,0,0
3760,1,0,51820,0,0
3761,1,0,134,0,0
3762,1,0,46,0,0
3763,1,0,3720,0,0
3764,1,0,136,0,0
3765,1,0,267,0,0
3766,1,0,18120,0,0
3767,1,0,1550,0,0
3768,1,0,1775,0,0
3769,1,0,135,0,0
3770,1,0,2503,0,0
3771,1,0,529,0,0
3772,1,0,5,0,0
3773,1,0,5953,0,0
3774,1,0,377,0,0
3775,2,0,1164,0,0
3776,1,0,930,0,0
3777,1,0,84108,0,0
3778,1,0,19872,0,0
3779,1,0,874,0,0
3780,1,0,252,0,0
3781,1,0,8079,0,0
3782,1,0,83,0,0
3783,1,0,833,0,0
3784,1,0,8310,0,0
3785,1,0,424,0,0
3786,1,0,1105,0,0
3787,1,0,2101,0,0
3788,1,0,6240,0,0
3789,1,0,33697,0,0
3790,4,0,241773,0,0
3791,2,1,12059,64549,0
3792,1,0,3616,0,0
3793,1,0,71839,0,0
3794,1,0,30981,0,0
3795,1,0,896,0,0
3796,1,0,10126,0,0
3797,1,0,1539,0,0
3798,1,0,770,0,0
3799,1,0,4682,0,0
3800,1,0,216,0,0
3801,1,0,130,0,0
3802,1,0,13371,0,0
3803,1,0,36,0,0
3804,1,0,987,0,0
3805,1,0,1286,0,0
3806,1,0,90356,0,0
3807,1,0,1308,0,0
3808,1,0,249,0,0
3809,1,0,12,0,0
3810,1,0,28673,0,0
3811,1,0,2222,0,0
3812,1,0,19,0,0
3813,1,0,2269,0,0
3814,1,0,3625,0,0
3815,1,0,585,0,0
3816,1,0,1619,0,0
3817,1,0,581,0,0
3818,1,0,2,0,0
3819,1,0,625,0,0
3820,1,0,726,0,0
3821,1,0,72,0,0
3822,1,0,1355,0,0
3823,1,0,1615,0,0
3824,1,0,227,0,0
3825,1,0,777,0,0
3826,1,0,78,0,0
3827,2,1,34870,7195,1
3828,1,0,14,0,0
3829,1,0,82625,0,0
3830,1,0,2784,0,0
3831,1,0,3176,0,0
3832,1,0,4065,0,0
3833,1,0,2728,0,0
3834,1,0,7224,0,0
3835,1,0,7934,0,0
3836,1,0,8430,0,0
3837,1,0,7033,0,0
3838,1,0,991,0,0
3839,1,0,3,0,0
3840,1,0,20126,0,0
3841,1,0,294,0,0
3842,1,0,57162,0,0
3843,1,0,19873,0,0
3844,1,0,10158,0,0
3845,1,0,55380,0,0
3846,1,0,1097,0,0
3847,1,0,1641,0,0
3848,1,0,7545,0,0
3849,1,0,1394,0,0
3850,1,0,3411,0,0
3851,1,0,1474,0,0
3852,1,0,102395,0,0
3853,1,0,4547,0,0
3854,1,0,1235,0,0
3855,1,0,2023,0,0
3856,1,0,102,0,0
3857,1,0,750,0,0
3858,1,0,7181,0,0
3859,1,0,2952,0,0
3860,1,0,703,0,0
3861,1,0,3389,0,0
3862,1,0,11964,0,0
3863,1,0,82533,0,0
3864,1,0,67,0,0
3865,1,0,777,0,0
3866,1,0,1217,0,0
3867,1,0,87201,0,0
3868,1,0,208,0,0
3869,1,0,36161,0,0
3870,1,0,15,0,0
3871,1,0,4373,0,0
3872,1,0,1532,0,0
3873,1,0,11789,0,0
3874,1,0,170,0,0
3875,1,0,664,0,0
3876,1,0,67489,0,0
3877,1,0,4806,0,0
3878,1,0,6839,0,0
3879,1,0,83,0,0
3880,1,0,617,0,0
3881,1,0,151,0,0
3882,1,0,170,0,0
3883,1,0,3553,0,0
3884,1,0,2265,0,0
3885,1,0,111,0,0
3886,1,0,3963,0,0
3887,1,0,628,0,0
3888,1,0,3862,0,0
3889,1,0,451,0,0
3890,1,0,73474,0,0
3891,1,0,1621,0,0
3892,1,0,3375,0,0
3893,1,0,1076,0,0
3894,1,0,295,0,0
3895,1,0,47035,0,0
3896,1,0,1904,0,0
3897,1,0,815,0,0
3898,1,0,2293,0,0
3899,1,0,907,0,0
3900,1,0,134,0,0
3901,1,0,386,0,0
3902,1,0,17866,0,0
3903,1,0,221,0,0
3904,1,0,569,0,0
3905,1,0,57,0,0
3906,1,0,103080,0,0
3907,1,0,2039,0,0
3908,1,0,8305,0,0
3909,1,0,437,0,0
3910,1,0,51163,0,0
3911,1,0,1070,0,0
3912,1,0,26415,0,0
3913,1,0,147022,0,0
3914,1,0,47603,0,0
3915,1,0,6509,0,0
3916,1,0,221267,0,0
3917,1,0,16930,0,0
3918,1,0,1265,0,0
3919,1,0,5137,0,0
3920,1,0,136,0,0
3921,1,0,1641,0,0
3922,2,0,15382,0,0
3923,3,0,4357,0,0
3924,1,1,5385,17628,0
3925,1,0,905,0,0
3926,1,0,8385,0,0
3927,1,0,13860,0,0
3928,1,0,5594,0,0
3929,1,0,312,0,0
3930,1,0,790,0,0
3931,1,0,920,0,0
3932,1,0,23549,0,0
3933,1,0,13453,0,0
3934,1,0,1638,0,0
3935,1,0,58,0,0
3936,1,0,441,0,0
3937,1,0,30970,0,0
3938,1,0,225,0,0
3939,1,0,4732,0,0
3940,1,0,237,0,0
3941,1,0,77694,0,0
3942,1,0,3861,0,0
3943,1,0,5336,0,0
3944,1,0,2427,0,0
3945,1,0,426,0,0
3946,1,0,346,0,0
3947,1,0,30,0,0
3948,1,0,97,0,0
3949,1,0,12964,0,0
3950,1,0,36857,0,0
3951,1,0,902,0,0
3952,1,0,36378,0,0
3953,1,0,1645,0,0
3954,1,0,7051,0,0
3955,1,0,198,0,0
3956,1,0,14563,0,0
3957,1,0,26906,0,0
3958,1,0,1024,0,0
3959,1,0,1515,0,0
3960,2,0,3084,0,0
3961,1,0,129,0,0
3962,1,0,1423,0,0
3963,1,0,159,0,0
3964,1,0,734,0,0
3965,1,0,1174,0,0
3966,1,0,1529,0,0
3967,1,0,2499,0,0
3968,1,0,68,0,0
3969,1,0,300,0,0
3970,1,0,35977,0,0
3971,1,0,8973,0,0
3972,1,0,5107,0,0
3973,1,0,2770954,0,0
3974,1,0,80,0,0
3975,1,0,734,0,0
3976,1,0,352,0,0
3977,1,0,348,0,0
3978,1,0,444,0,0
3979,1,0,2036,0,0
3980,1,0,3777,0,0
3981,1,0,3390,0,0
3982,1,0,9304,0,0
3983,1,0,1208,0,0
3984,1,0,1892,0,0
3985,1,0,53071,0,0
3986,1,0,3906,0,0
3987,1,0,651,0,0
3988,1,0,0,0,0
3989,1,0,357,0,0
3990,1,0,154,0,0
3991,1,0,416,0,0
3992,1,1,391,365,0
3993,1,0,306,0,0
3994,1,0,7796,0,0
3995,1,0,7653,0,0
3996,1,0,127361,0,0
3997,1,0,1228,0,0
3998,1,0,97323,0,0
3999,1,0,1557,0,0
4000,1,0,4654,0,0
4001,1,0,231,0,0
4002,1,0,932,0,0
4003,2,0,40329,0,0
4004,3,1,1563,20279,0
4005,1,0,613,0,0
4006,1,0,13181,0,0
4007,1,0,11571,0,0
4008,1,0,14447,0,0
4009,1,0,7190,0,0
4010,1,1,1709,35603,0
4011,1,0,616,0,0
4012,1,0,196,0,0
4013,1,0,51023,0,0
4014,1,0,10575,0,0
4015,1,0,696,0,0
4016,1,0,6020,0,0
4017,1,0,523,0,0
4018,1,0,3589,0,0
4019,1,0,32073,0,0
4020,85,14,1028858,147028,0
4021,41,0,1572440,0,0
4022,1,0,264,0,0
4023,1,0,26588,0,0
4024,1,0,1605,0,0
4025,1,0,26162,0,0
4026,1,0,28,0,0
4027,1,0,4750,0,0
4028,1,0,33,0,0
4029,1,0,9832,0,0
4030,1,0,37,0,0
4031,1,0,237,0,0
4032,1,0,6574,0,0
4033,1,0,10021,0,0
4034,1,0,3,0,0
4035,1,0,76,0,0
4036,1,0,1146,0,0
4037,1,0,42,0,0
4038,1,0,3928,0,0
4039,1,0,796,0,0
4040,1,0,17345,0,0
4041,1,0,148,0,0
4042,1,1,4150,27329,0
4043,2,0,3560,0,0
4044,1,1,2224,1649,0
4045,3,0,27203,0,0
4046,1,0,5563,0,0
4047,1,0,16517,0,0
4048,1,0,498,0,0
4049,3,1,8677,75,0
4050,1,0,1317,0,0
4051,1,0,332,0,0
4052,1,0,387,0,0
4053,1,0,213,0,0
4054,1,0,29514,0,0
4055,1,0,4744,0,0
4056,1,0,7031,0,0
4057,1,0,1243,0,0
4058,1,0,7552,0,0
4059,1,0,238,0,0
4060,1,0,9945,0,0
4061,1,0,1226,0,0
4062,1,0,420276,0,0
4063,1,0,810,0,0
4064,1,0,34,0,0
4065,1,0,392,0,0
4066,1,0,256985,0,0
4067,1,0,352,0,0
4068,1,0,21622,0,0
4069,1,0,1639,0,0
4070,1,0,1842,0,0
4071,1,0,24424,0,0
4072,1,0,990,0,0
4073,1,0,1670,0,0
4074,1,0,2300,0,0
4075,1,0,80644,0,0
4076,1,0,1135,0,0
4077,1,0,232800,0,0
4078,1,0,188,0,0
4079,1,0,3195,0,0
4080,1,0,99,0,0
4081,1,0,473,0,0
4082,1,0,16302,0,0
4083,1,0,222,0,0
4084,1,0,6,0,0
4085,1,0,43934,0,0
4086,1,0,2910,0,0
4087,1,0,12993,0,0
4088,1,0,15,0,0
4089,2,0,3188,0,0
4090,1,0,134,0,0
4091,1,0,3914,0,0
4092,1,0,130,0,0
4093,1,0,1076,0,0
4094,1,0,14244,0,0
4095,1,0,7,0,0
4096,1,0,1943,0,0
4097,1,0,1239,0,0
4098,1,0,3530,0,0
4099,1,0,354,0,0
4100,1,0,1581,0,0
4101,1,0,1785,0,0
4102,1,0,4862,0,0
4103,1,0,1071,0,0
4104,1,0,1431,0,0
4105,1,0,1808,0,0
4106,1,0,155,0,0
4107,1,0,3423,0,0
4108,1,0,7444,0,0
4109,1,0,4263,0,0
4110,1,0,199,0,0
4111,1,0,232,0,0
4112,1,0,6003,0,0
4113,1,0,1249,0,0
4114,1,0,101,0,0
4115,1,0,488,0,0
4116,1,0,1650,0,0
4117,1,0,5472,0,0
4118,1,0,1,0,0
4119,1,0,25,0,0
4120,1,0,17656,0,0
4121,1,0,6769,0,0
4122,1,0,104737,0,0
4123,1,0,50716,0,0
4124,1,0,928,0,0
4125,1,0,35,0,0
4126,1,0,125,0,0
4127,1,0,23315,0,0
4128,1,0,1616085,0,0
4129,1,0,1217,0,0
4130,1,0,1303,0,0
4131,1,0,919,0,0
4132,1,0,1068,0,0
4133,1,0,28363,0,0
4134,1,0,2003,0,0
4135,1,0,13242,0,0
4136,1,0,3964,0,0
4137,1,0,2146,0,0
4138,1,0,612,0,0
4139,1,0,11627,0,0
4140,1,0,179310,0,0
4141,1,0,392,0,0
4142,1,0,2576,0,0
4143,1,0,29328,0,0
4144,1,0,85549,0,0
4145,1,0,19734,0,0
4146,1,0,100,0,0
4147,1,0,58,0,0
4148,1,0,2811,0,0
4149,1,0,128,0,0
4150,1,0,564,0,0
4151,1,0,18612,0,0
4152,1,0,296,0,0
4153,1,0,9922,0,0
4154,1,0,15716,0,0
4155,1,0,1899,0,0
4156,1,0,1234,0,0
4157,2,0,2034,0,0
4158,2,0,5758,0,0
4159,1,0,52,0,0
4160,1,0,166600,0,0
4161,1,0,2242,0,0
4162,1,0,1464,0,0
4163,1,0,1988,0,0
4164,1,0,37,0,0
4165,1,0,3473,0,0
4166,1,0,19614,0,0
4167,1,0,2134,0,0
4168,1,0,30490,0,0
4169,1,0,466,0,0
4170,1,0,1693,0,0
4171,1,0,85,0,0
4172,1,0,36537,0,0
4173,1,0,1618,0,0
4174,1,0,622,0,0
4175,1,0,223234,0,0
4176,1,0,38151,0,0
4177,1,0,13614,0,0
4178,1,0,1105,0,0
4179,1,0,15302,0,0
4180,1,0,5705,0,0
4181,1,0,1499,0,0
4182,1,0,104,0,0
4183,1,0,73443,0,0
4184,1,0,36,0,0
4185,1,0,789,0,0
4186,1,0,3543,0,0
4187,1,0,66,0,0
4188,1,0,962329,0,0
4189,1,0,654379,0,0
4190,1,0,3004,0,0
4191,1,0,68426,0,0
4192,1,0,87,0,0
4193,1,0,55,0,0
4194,1,0,576,0,0
4195,1,0,124262,0,0
4196,1,0,7585,0,0
4197,1,0,8849,0,0
4198,1,0,111,0,0
4199,1,0,3,0,0
4200,1,0,2761,0,0
4201,1,0,15,0,0
4202,1,0,49889,0,0
4203,1,0,4348,0,0
4204,1,0,4282,0,0
4205,1,0,194133,0,0
4206,1,0,23071,0,0
4207,1,0,5839,0,0
4208,1,0,238,0,0
4209,1,0,56579,0,0
4210,1,0,671,0,0
4211,1,0,6449,0,0
4212,1,0,125696,0,0
4213,1,0,445,0,0
4214,1,0,1168,0,0
4215,1,0,18188,0,0
4216,1,0,10880,0,0
4217,3,1,21858,43,0
4218,1,1,1161,2767,0
4219,1,0,2518,0,0
4220,1,0,5398,0,0
4221,1,0,2014,0,0
4222,1,0,38741,0,0
4223,1,0,7593,0,0
4224,1,0,4600,0,0
4225,1,0,1251,0,0
4226,1,0,24020,0,0
4227,1,0,60809,0,0
4228,1,0,1488,0,0
4229,1,0,5672,0,0
4230,1,0,70,0,0
4231,1,0,160,0,0
4232,1,0,244,0,0
4233,1,0,120227,0,0
4234,1,0,1056015,0,0
4235,1,0,119,0,0
4236,1,0,152119,0,0
4237,1,0,4016,0,0
4238,1,0,11678,0,0
4239,1,0,43179,0,0
4240,1,0,342,0,0
4241,1,0,485,0,0
4242,1,0,1965,0,0
4243,1,0,9,0,0
4244,1,2,210424,20660,0
4245,1,1,293,14284,0
4246,1,0,406,0,0
4247,1,0,15071,0,0
4248,1,0,1211,0,0
4249,1,0,340,0,0
4250,1,0,29327,0,0
4251,1,0,746,0,0
4252,1,0,8111,0,0
4253,2,0,235841,0,0
4254,1,0,16,0,0
4255,1,0,35953,0,0
4256,1,0,457,0,0
4257,1,0,420,0,0
4258,1,0,108415,0,0
4259,1,0,8781559,0,0
4260,1,0,2419,0,0
4261,1,0,26004,0,0
4262,1,0,251,0,0
4263,1,0,50,0,0
4264,1,0,4005,0,0
4265,1,0,10802,0,0
4266,1,0,2820,0,0
4267,1,0,1646,0,0
4268,1,0,760,0,0
4269,1,0,1183,0,0
4270,1,0,7077,0,0
4271,1,0,4712,0,0
4272,1,0,8224,0,0
4273,1,0,3023,0,0
4274,1,0,42462,0,0
4275,1,0,136,0,0
4276,1,0,800,0,0
4277,1,0,672234,0,0
4278,1,0,11929,0,0
4279,1,0,42,0,0
4280,1,0,33326,0,0
4281,1,0,5280,0,0
4282,1,0,826,0,0
4283,1,0,14693,0,0
4284,2,0,16982,0,0
4285,1,0,45868,0,0
4286,1,0,13,0,0
4287,1,0,213,0,0
4288,1,0,21619,0,0
4289,1,0,5673197,0,0
4290,1,0,24575,0,0
4291,1,0,3074,0,0
4292,1,0,1476,0,0
4293,1,0,55,0,0
4294,1,0,572,0,0
4295,1,0,1317,0,0
4296,1,0,1260,0,0
4297,1,0,252,0,0
4298,1,0,5556,0,0
4299,1,0,1113,0,0
4300,1,0,1766,0,0
4301,1,0,411,0,0
4302,2,0,73368,0,0
4303,1,0,151,0,0
4304,1,0,2486,0,0
4305,1,0,8,0,0
4306,1,0,1153,0,0
4307,1,0,463,0,0
4308,1,0,33130,0,0
4309,1,0,1395,0,0
4310,1,0,6552,0,0
4311,1,1,588,30295,0
4312,1,0,63,0,0
4313,1,0,523143,0,0
4314,1,0,1040,0,0
4315,1,0,2084739,0,0
4316,1,0,1649,0,0
4317,1,0,113878,0,0
4318,1,0,509,0,0
4319,1,0,136,0,0
4320,4,3,15725,414740,0
4321,1,0,79,0,0
4322,1,0,20141,0,0
4323,1,0,741,0,0
4324,1,0,6271,0,0
4325,1,0,54672,0,0
4326,1,0,6845,0,0
4327,1,0,5184,0,0
4328,1,0,9981,0,0
4329,1,0,1546,0,0
4330,1,0,56247,0,0
4331,1,0,767,0,0
4332,2,0,931,0,0
4333,1,0,68,0,0
4334,1,0,1445,0,0
4335,1,0,92860,0,0
4336,1,0,773950,0,0
4337,1,0,2200,0,0
4338,1,0,3717,0,0
4339,1,0,448,0,0
4340,1,0,12711,0,0
4341,1,1,31730,5142,0
4342,1,0,9,0,0
4343,1,0,26456,0,0
4344,1,0,41816,0,0
4345,1,0,1658,0,0
4346,1,0,2,0,0
4347,1,0,482,0,0
4348,1,0,40179,0,0
4349,1,0,259,0,0
4350,1,0,7788212,0,0
4351,1,0,21,0,0
4352,1,0,65739,0,0
4353,1,0,159480,0,0
4354,1,0,318,0,0
4355,1,0,112,0,0
4356,1,0,159974,0,0
4357,1,0,75503,0,0
4358,1,0,11038,0,0
4359,1,0,172,0,0
4360,1,0,1,0,0
4361,1,0,107406,0,0
4362,1,0,325,0,0
4363,1,0,598,0,0
4364,1,0,130774,0,0
4365,1,0,2145,0,0
4366,1,1,248,80347,0
4367,1,0,1012,0,0
4368,1,0,678,0,0
4369,1,0,20,0,0
4370,1,0,2519,0,0
4371,1,0,415,0,0
4372,1,0,12011,0,0
4373,1,0,305,0,0
4374,1,0,14321,0,0
4375,2,0,930,0,0
4376,1,0,8686,0,0
4377,1,0,5783,0,0
4378,1,0,28607,0,0
4379,1,0,1780,0,0
4380,1,1,4280,6571,0
4381,22,0,1979855,0,0
4382,1,0,62,0,0
4383,1,0,34984,0,0
4384,1,0,119,0,0
4385,1,0,1904,0,0
4386,1,0,4,0,0
4387,1,0,193,0,0
4388,1,0,80635,0,0
4389,1,0,150,0,0
4390,1,0,20176,0,0
4391,1,0,1972,0,0
4392,1,0,3856,0,0
4393,2,0,402241,0,0
4394,2,0,20444,0,0
4395,1,0,2215,0,0
4396,1,0,297858,0,0
4397,1,0,36755,0,0
4398,2,0,16498,0,0
4399,1,0,1254,0,0
4400,1,0,482,0,0
4401,1,0,2182,0,0
4402,1,0,349,0,0
4403,1,0,11,0,0
4404,1,0,67066,0,0
4405,1,0,26380,0,0
4406,1,1,9144,2223,0
4407,1,0,8923,0,0
4408,1,0,2063,0,0
4409,1,0,263076,0,0
4410,1,0,2251,0,0
4411,1,0,352,0,0
4412,1,0,27325,0,0
4413,1,0,260,0,0
4414,1,0,27,0,0
4415,1,0,2543,0,0
4416,1,0,27932,0,0
4417,1,0,2590,0,0
4418,1,0,142,0,0
4419,1,0,0,0,0
4420,1,0,1199699,0,0
4421,1,0,7516324,0,0
4422,1,0,3114,0,0
4423,1,0,15650,0,0
4424,1,0,5145,0,0
4425,1,0,12105,0,0
4426,1,0,4000,0,0
4427,1,0,17420,0,0
4428,1,0,231,0,0
4429,1,0,23610,0,0
4430,1,0,8467,0,0
4431,1,0,85450,0,0
4432,1,0,2539,0,0
4433,1,0,379,0,0
4434,1,0,3630,0,0
4435,1,0,565,0,0
4436,1,0,5008,0,0
4437,1,0,1002,0,0
4438,1,0,1175,0,0
4439,2,3,1751,56059,0
4440,1,0,56,0,0
4441,1,0,729,0,0
4442,1,0,736,0,0
4443,1,0,6448,0,0
4444,1,0,316,0,0
4445,1,0,2634,0,0
4446,1,0,481,0,0
4447,1,0,21618,0,0
4448,1,0,3346,0,0
4449,1,0,12752,0,0
4450,1,0,285,0,0
4451,1,0,15917,0,0
4452,1,0,149540,0,0
4453,1,0,1433,0,0
4454,1,0,23288,0,0
4455,1,0,23230,0,0
4456,1,0,556,0,0
4457,1,0,1869,0,0
4458,1,0,282,0,0
4459,1,0,31,0,0
4460,1,0,62,0,0
4461,1,0,844,0,0
4462,1,0,266,0,0
4463,1,0,46785,0,0
4464,1,0,55362,0,0
4465,1,0,2311,0,0
4466,1,0,432,0,0
4467,1,0,22971,0,0
4468,1,0,239,0,0
4469,1,0,3253,0,0
4470,1,0,43351,0,0
4471,1,0,14260,0,0
4472,1,1,2110,265,0
4473,1,0,6946,0,0
4474,1,0,6403,0,0
4475,1,0,349,0,0
4476,1,0,173766,0,0
4477,1,0,50,0,0
4478,1,0,881,0,0
4479,1,0,1671,0,0
4480,1,0,3766,0,0
4481,1,0,2029,0,0
4482,1,0,40106,0,0
4483,1,0,1823,0,0
4484,1,0,21,0,0
4485,1,0,27704,0,0
4486,1,0,312,0,0
4487,1,0,665,0,0
4488,1,0,465181,0,0
4489,1,0,551284,0,0
4490,1,0,14113,0,0
4491,1,0,3,0,0
4492,1,0,13526,0,0
4493,1,0,23218,0,0
4494,1,0,14,0,0
4495,1,0,2348,0,0
4496,1,0,39161,0,0
4497,1,0,10,0,0
4498,1,0,265,0,0
4499,1,0,360,0,0
4500,7,0,51437,0,0
4501,1,0,4639,0,0
4502,1,0,2104,0,0
4503,1,0,260,0,0
4504,1,0,470,0,0
4505,1,0,3693,0,0
4506,1,0,1524,0,0
4507,1,0,149,0,0
4508,1,0,384,0,0
4509,1,0,2908,0,0
4510,1,0,24,0,0
4511,1,0,31,0,0
4512,1,0,95938,0,0
4513,1,0,1868,0,0
4514,1,0,1041,0,0
4515,1,0,2380,0,0
4516,1,0,15,0,0
4517,1,0,2185,0,0
4518,1,0,2433,0,0
4519,1,0,2768,0,0
4520,1,0,285,0,0
4521,1,0,1591,0,0
4522,1,0,168,0,0
4523,1,0,1108,0,0
4524,1,0,311,0,0
4525,1,0,1520,0,0
4526,1,0,358,0,0
4527,1,0,25258,0,0
4528,1,0,1606,0,0
4529,1,0,37,0,0
4530,1,0,277,0,0
4531,1,0,507,0,0
4532,1,0,7709,0,0
4533,1,0,5,0,0
4534,1,0,1740,0,0
4535,1,0,5970,0,0
4536,1,0,2741,0,0
4537,1,0,1687,0,0
4538,1,0,697,0,0
4539,1,0,1461,0,0
4540,1,0,185,0,0
4541,1,0,7267,0,0
4542,1,0,2,0,0
4543,1,0,530,0,0
4544,1,0,6448,0,0
4545,1,0,20,0,0
4546,1,0,2805,0,0
4547,1,0,328,0,0
4548,1,0,17555,0,0
4549,1,0,2042,0,0
4550,1,0,74,0,0
4551,1,0,2028,0,0
4552,1,0,6316,0,0
4553,1,0,14510,0,0
4554,1,0,688,0,0
4555,1,0,37858,0,0
4556,1,0,879,0,0
4557,1,0,12296,0,0
4558,1,0,1369,0,0
4559,1,0,962,0,0
4560,1,0,44,0,0
4561,1,0,152,0,0
4562,1,0,2728,0,0
4563,1,0,2587,0,0
4564,1,0,24,0,0
4565,1,0,1942,0,0
4566,1,0,1754,0,0
4567,1,0,17106,0,0
4568,1,0,27191,0,0
4569,1,0,5426,0,0
4570,1,0,295,0,0
4571,1,0,10448,0,0
4572,1,0,767,0,0
4573,1,0,616,0,0
4574,1,0,7500,0,0
4575,1,0,215,0,0
4576,1,0,10346,0,0
4577,1,0,1310,0,0
4578,1,0,13424,0,0
4579,1,0,4972,0,0
4580,1,0,1630,0,0
4581,1,0,757,0,0
4582,1,0,715,0,0
4583,1,0,19541,0,0
4584,1,0,1119,0,0
4585,1,0,180215,0,0
4586,1,0,732,0,0
4587,1,0,1304,0,0
4588,1,0,4170,0,0
4589,1,0,12,0,0
4590,1,0,512015,0,0
4591,1,0,4373,0,0
4592,1,0,50,0,0
4593,1,0,245,0,0
4594,1,0,202,0,0
4595,1,0,12068,0,0
4596,1,0,176562,0,0
4597,1,0,154,0,0
4598,1,1,113025,3652,0
4599,1,1,101,8096,0
4600,1,0,1949,0,0
4601,1,0,239156,0,0
4602,1,0,595,0,0
4603,1,0,790,0,0
4604,1,0,79319,0,0
4605,1,0,6088,0,0
4606,1,0,656,0,0
4607,1,0,1943,0,0
4608,1,0,9,0,0
4609,1,0,1995,0,0
4610,1,0,33694,0,0
4611,1,0,15040,0,0
4612,1,0,1198,0,0
4613,1,0,2018,0,0
4614,1,0,23,0,0
4615,1,0,905,0,0
4616,1,0,19248,0,0
4617,2,1,2029479,4030,0
4618,3,1,613046,63,0
4619,1,0,38511,0,0
4620,1,0,229,0,0
4621,1,0,124,0,0
4622,1,0,254,0,0
4623,1,0,2752,0,0
4624,1,0,309194,0,0
4625,1,0,86,0,0
4626,1,0,23,0,0
4627,1,0,436,0,0
4628,1,0,4157,0,0
4629,1,0,3071,0,0
4630,1,0,48491,0,0
4631,1,0,95,0,0
4632,1,0,1430,0,0
4633,1,0,19338,0,0
4634,1,0,70246,0,0
4635,1,1,113011,580,0
4636,1,0,186,0,0
4637,1,0,18519,0,0
4638,1,0,1823,0,0
4639,1,0,523,0,0
4640,1,0,2699,0,0
4641,1,0,1135,0,0
4642,1,0,1318,0,0
4643,1,0,32448,0,0
4644,1,0,325514,0,0
4645,1,0,22882,0,0
4646,1,0,7,0,0
4647,4,2,218695,150625,1
4648,1,0,611,0,0
4649,1,0,443,0,0
4650,1,0,672,0,0
4651,1,0,104,0,0
4652,1,0,10052,0,0
4653,8,0,91770,0,0
4654,1,0,961,0,0
4655,1,0,8169,0,0
4656,1,0,8075,0,0
4657,1,0,9,0,0
4658,1,0,84,0,0
4659,1,0,944,0,0
4660,1,0,24,0,0
4661,1,0,2,0,0
4662,1,0,816491,0,0
4663,1,0,277,0,0
4664,1,0,404,0,0
4665,1,0,51,0,0
4666,1,0,24861,0,0
4667,1,0,165,0,0
4668,1,0,11272,0,0
4669,1,0,237,0,0
4670,1,0,496,0,0
4671,1,0,217,0,0
4672,1,0,109,0,0
4673,1,0,5195,0,0
4674,1,0,1244,0,0
4675,1,0,10900,0,0
4676,1,0,16660,0,0
4677,1,0,90,0,0
4678,1,0,5040,0,0
4679,1,1,17,911,0
4680,1,0,1363,0,0
4681,1,0,18274,0,0
4682,1,0,566,0,0
4683,1,0,774,0,0
4684,1,0,14177,0,0
4685,1,0,25028,0,0
4686,1,0,2139,0,0
4687,1,0,120,0,0
4688,1,0,1412,0,0
4689,1,0,177,0,0
4690,1,0,52,0,0
4691,1,0,1704,0,0
4692,1,0,157,0,0
4693,4,0,31917,0,0
4694,2,0,56348,0,0
4695,1,0,595,0,0
4696,1,0,31,0,0
4697,1,0,18662,0,0
4698,1,0,538304,0,0
4699,1,0,1142,0,0
4700,1,0,0,0,0
4701,1,0,407,0,0
4702,1,0,301,0,0
4703,1,0,732,0,0
4704,1,0,530,0,0
4705,1,0,28355,0,0
4706,1,0,10729,0,0
4707,1,0,1005,0,0
4708,1,0,107,0,0
4709,1,0,552667,0,0
4710,1,0,167,0,0
4711,1,0,3633,0,0
4712,1,0,250137,0,0
4713,1,0,83284,0,0
4714,1,0,72140,0,0
4715,1,0,127,0,0
4716,1,0,5452,0,0
4717,1,0,1244868,0,0
4718,1,0,1231,0,0
4719,1,0,137,0,0
4720,1,0,39,0,0
4721,1,0,15475,0,0
4722,1,0,249,0,0
4723,1,0,392,0,0
4724,2,0,109,0,0
4725,1,0,7149,0,0
4726,1,0,1844216,0,0
4727,2,4,3324,245060,0
4728,1,0,5960,0,0
4729,1,0,2404,0,0
4730,1,0,32813,0,0
4731,1,0,269,0,0
4732,1,0,76062,0,0
4733,1,0,2044,0,0
4734,1,0,12,0,0
4735,1,0,980,0,0
4736,2,0,65415,0,0
4737,2,0,27,0,0
4738,1,0,185,0,0
4739,1,0,4488,0,0
4740,1,0,20,0,0
4741,1,0,28177,0,0
4742,1,0,49618,0,0
4743,1,0,5,0,0
4744,1,0,7559,0,0
4745,1,0,12,0,0
4746,1,0,21,0,0
4747,1,0,68484,0,0
4748,1,0,864,0,0
4749,1,0,1101,0,0
4750,1,0,7812,0,0
4751,1,0,664,0,0
4752,1,0,117422,0,0
4753,1,0,1081,0,0
4754,1,0,14015,0,0
4755,1,0,3009,0,0
4756,1,0,4740,0,0
4757,1,0,10150,0,0
4758,1,0,123,0,0
4759,1,0,4585,0,0
4760,1,0,366,0,0
4761,1,0,8926,0,0
4762,1,0,103,0,0
4763,1,0,50837,0,0
4764,1,0,17546,0,0
4765,1,0,13811,0,0
4766,1,0,44,0,0
4767,1,0,3383,0,0
4768,1,0,5325,0,0
4769,1,0,1485,0,0
4770,1,0,4535,0,0
4771,1,0,178,0,0
4772,1,0,10765,0,0
4773,1,0,1762,0,0
4774,1,0,185937,0,0
4775,1,0,835,0,0
4776,1,0,56,0,0
4777,1,0,5801,0,0
4778,1,0,26,0,0
4779,1,0,14722,0,0
4780,1,0,85,0,0
4781,1,0,1809,0,0
4782,1,0,645,0,0
4783,1,0,12,0,0
4784,1,0,1825,0,0
4785,1,0,12475,0,0
4786,1,0,319,0,0
4787,1,0,7716,0,0
4788,1,0,380,0,0
4789,1,0,53,0,0
4790,1,0,937,0,0
4791,1,0,4352,0,0
4792,1,0,2181,0,0
4793,1,0,1823,0,0
4794,1,0,1322,0,0
4795,2,0,4290,0,0
4796,1,1,6305,192,0
4797,1,0,139,0,0
4798,1,0,335,0,0
4799,1,0,145,0,0
4800,1,0,9911,0,0
4801,1,0,107207,0,0
4802,1,0,6604,0,0
4803,1,0,498,0,0
4804,1,0,2349,0,0
4805,1,0,114,0,0
4806,1,0,44,0,0
4807,1,0,20182,0,0
4808,1,0,1841,0,0
4809,1,0,2720,0,0
4810,1,0,1484,0,0
4811,1,0,106,0,0
4812,1,0,823,0,0
4813,1,0,744,0,0
4814,1,0,3644,0,0
4815,1,0,508,0,0
4816,1,0,39990,0,0
4817,1,0,503,0,0
4818,1,0,83,0,0
4819,1,0,1055,0,0
4820,1,0,1666,0,0
4821,1,0,16413,0,0
4822,1,0,14582,0,0
4823,1,0,5323,0,0
4824,1,0,23302,0,0
4825,1,0,1174,0,0
4826,1,0,50,0,0
4827,1,0,4925,0,0
4828,1,0,21712,0,0
4829,1,0,83097,0,0
4830,1,0,489,0,0
4831,1,0,1,0,0
4832,1,0,4499,0,0
4833,1,0,1550,0,0
4834,1,0,2171,0,0
4835,1,0,316,0,0
4836,1,0,2749,0,0
4837,1,0,21,0,0
4838,1,0,2100,0,0
4839,1,0,2804,0,0
4840,1,0,774,0,0
4841,1,0,142,0,0
4842,1,0,104757,0,0
4843,1,0,123,0,0
4844,1,0,10775,0,0
4845,1,0,1042020,0,0
4846,1,0,672,0,0
4847,1,0,7145,0,0
4848,1,0,13944,0,0
4849,13,3,1170758,338795,0
4850,2,0,6349,0,0
4851,1,0,76,0,0
4852,1,0,8,0,0
4853,1,0,197,0,0
4854,1,0,119,0,0
4855,1,0,101,0,0
4856,1,0,24,0,0
4857,1,0,1401,0,0
4858,1,0,2519,0,0
4859,1,0,1545,0,0
4860,1,0,550,0,0
4861,1,0,44303,0,0
4862,1,0,1219,0,0
4863,1,0,5194,0,0
4864,1,0,5103,0,0
4865,1,0,112,0,0
4866,1,0,187,0,0
4867,1,0,38,0,0
4868,1,0,2809,0,0
4869,1,0,2341,0,0
4870,1,0,20172,0,0
4871,1,0,2922,0,0
4872,1,0,41,0,0
4873,1,0,50,0,0
4874,1,0,308,0,0
4875,1,0,629,0,0
4876,1,0,187561,0,0
4877,1,0,147,0,0
4878,2,0,7905,0,0
4879,1,1,7051,87926,0
4880,1,0,237,0,0
4881,1,0,1624,0,0
4882,1,0,2497,0,0
4883,1,0,28193,0,0
4884,1,0,1594,0,0
4885,1,0,5161,0,0
4886,1,0,9539,0,0
4887,1,0,2691,0,0
4888,1,0,23229,0,0
4889,1,0,228,0,0
4890,1,0,15023,0,0
4891,1,0,997,0,0
4892,1,0,19,0,0
4893,1,0,8940,0,0
4894,1,0,13420,0,0
4895,1,0,286,0,0
4896,1,0,326,0,0
4897,1,0,551912,0,0
4898,1,0,4348,0,0
4899,1,0,185,0,0
4900,1,0,170,0,0
4901,1,0,12,0,0
4902,1,0,324,0,0
4903,1,0,13909,0,0
4904,1,0,1194,0,0
4905,1,0,359,0,0
4906,1,0,1809,0,0
4907,1,0,568,0,0
4908,1,0,357,0,0
4909,2,1,489,17,0
4910,1,1,715,860,0
4911,1,0,453,0,0
4912,1,0,17273,0,0
4913,1,0,1828,0,0
4914,1,0,370,0,0
4915,1,0,8335,0,0
4916,1,0,969,0,0
4917,1,0,187,0,0
4918,1,0,316,0,0
4919,1,0,1215,0,0
4920,1,0,100441,0,0
4921,1,0,5440,0,0
4922,1,0,502,0,0
4923,1,0,2954,0,0
4924,1,0,14556,0,0
4925,1,0,370,0,0
4926,1,0,662,0,0
4927,1,0,692,0,0
4928,1,0,38,0,0
4929,1,0,47,0,0
4930,1,0,3388,0,0
4931,1,0,2516,0,0
4932,1,0,113379,0,0
4933,1,0,155969,0,0
4934,1,0,1980,0,0
4935,1,0,127,0,0
4936,1,0,30,0,0
4937,1,0,2045,0,0
4938,1,0,5711,0,0
4939,1,0,902,0,0
4940,1,0,4868,0,0
4941,1,0,5352,0,0
4942,1,0,3125,0,0
4943,2,0,12701,0,0
4944,1,0,4997,0,0
4945,1,0,22671,0,0
4946,1,0,6481,0,0
4947,1,0,412,0,0
4948,1,0,24,0,0
4949,1,0,1349,0,0
4950,1,0,2249,0,0
4951,1,0,264,0,0
4952,1,0,922,0,0
4953,1,0,85956,0,0
4954,1,0,27,0,0
4955,1,0,269,0,0
4956,1,0,13160,0,0
4957,1,0,177,0,0
4958,1,0,46,0,0
4959,1,0,86,0,0
4960,1,0,0,0,0
4961,1,0,1073,0,0
4962,59,24,3456247,365153,0
4963,1,1,826,12,0
4964,1,0,5097,0,0
4965,1,0,611,0,0
4966,1,0,28344,0,0
4967,1,1,217271,3388,0
4968,5,0,68531,0,0
4969,1,0,53234,0,0
4970,1,0,1421,0,0
4971,1,0,30615,0,0
4972,3,0,964540,0,0
4973,1,0,111306,0,0
4974,1,0,588,0,0
4975,1,0,645,0,0
4976,1,0,859,0,0
4977,1,0,4006,0,0
4978,1,0,855,0,0
4979,1,0,647,0,0
4980,1,0,3824,0,0
4981,1,0,2443,0,0
4982,1,0,2744,0,0
4983,1,1,1569,224,0
4984,23,0,664473,0,0
4985,1,0,24,0,0
4986,1,0,119,0,0
4987,1,0,24623,0,0
4988,1,0,6,0,0
4989,1,0,5456,0,0
4990,1,0,408,0,0
4991,1,0,1485,0,0
4992,1,0,927,0,0
4993,1,0,2153,0,0
4994,1,0,29897,0,0
4995,1,0,92,0,0
4996,1,0,402,0,0
4997,1,0,34818,0,0
4998,1,0,1009,0,0
4999,1,0,201,0,0
5000,1,0,58264,0,0
5001,1,0,4943,0,0
5002,2,0,44845,0,0
5003,2,0,85721,0,0
5004,1,1,262,68,0
5005,1,0,6145,0,0
5006,1,0,919,0,0
5007,1,0,211,0,0
5008,1,0,501,0,0
5009,1,0,79875,0,0
5010,1,0,490,0,0
5011,1,0,18203,0,0
5012,1,0,59119,0,0
5013,1,0,8267,0,0
5014,1,0,2995,0,0
5015,1,0,2597,0,0
5016,1,0,4,0,0
5017,1,0,42,0,0
5018,1,0,1227,0,0
5019,1,0,195,0,0
5020,1,0,74,0,0
5021,1,0,2,0,0
5022,1,0,582,0,0
5023,1,0,2770,0,0
5024,1,0,83,0,0
5025,1,0,108,0,0
5026,1,0,36037,0,0
5027,1,0,3508,0,0
5028,1,0,5148,0,0
5029,1,0,214,0,0
5030,1,0,511,0,0
5031,1,0,17938,0,0
5032,4,1,42172,10892,0
5033,2,0,39156,0,0
5034,1,0,2517,0,0
5035,1,0,1679,0,0
5036,1,0,11648,0,0
5037,1,0,1089,0,0
5038,1,0,483,0,0
5039,1,0,3636,0,0
5040,1,0,685,0,0
5041,1,0,95,0,0
5042,1,0,25312,0,0
5043,1,0,4395105,0,0
5044,1,0,638,0,0
5045,1,0,566,0,0
5046,1,0,1575,0,0
5047,1,0,320,0,0
5048,1,0,423,0,0
5049,1,0,790,0,0
5050,1,0,855,0,0
5051,1,0,1587,0,0
5052,1,0,6861,0,0
5053,1,0,134782,0,0
5054,1,0,59,0,0
5055,1,0,1154,0,0
5056,1,0,76643,0,0
5057,1,0,38986,0,0
5058,1,0,17273,0,0
5059,1,0,103980,0,0
5060,1,0,11639,0,0
5061,1,0,16920,0,0
5062,1,0,169,0,0
5063,1,0,81823,0,0
5064,1,0,921,0,0
5065,1,0,32501,0,0
5066,1,0,381,0,0
5067,1,0,5539,0,0
5068,1,0,30,0,0
5069,1,0,2053,0,0
5070,1,0,128658,0,0
5071,1,0,2892,0,0
5072,1,0,1464,0,0
5073,1,0,2420,0,0
5074,1,0,16208,0,0
5075,1,0,33364,0,0
5076,1,0,692,0,0
5077,1,0,350,0,0
5078,1,0,32,0,0
5079,1,0,3534,0,0
5080,1,0,370,0,0
5081,1,0,989,0,0
5082,1,0,3548,0,0
5083,1,0,1569,0,0
5084,1,1,2107,768,0
5085,4,0,373388,0,0
5086,1,0,1357282,0,0
5087,1,0,1285,0,0
5088,1,0,3671,0,0
5089,1,0,120,0,0
5090,1,0,522,0,0
5091,1,0,3243,0,0
5092,1,0,2571,0,0
5093,1,0,85,0,0
5094,1,0,621,0,0
5095,1,0,10317,0,0
5096,1,0,8359,0,0
5097,1,0,470,0,0
5098,1,0,3264,0,0
5099,1,0,12457,0,0
5100,1,0,213136,0,0
5101,1,0,11408,0,0
5102,1,0,69716,0,0
5103,1,0,243,0,0
5104,1,0,420,0,0
5105,1,0,5116,0,0
5106,1,0,413,0,0
5107,1,0,53908,0,0
5108,1,0,1222,0,0
5109,1,0,216,0,0
5110,2,0,2751,0,0
5111,1,2,2669537,32892,0
5112,1,0,18834,0,0
5113,1,0,70,0,0
5114,1,0,333077,0,0
5115,1,0,61151,0,0
5116,1,0,190518,0,0
5117,1,0,12281,0,0
5118,1,0,798,0,0
5119,1,0,71,0,0
5120,1,0,9753,0,0
5121,1,0,1041,0,0
5122,1,0,16038,0,0
5123,1,0,219,0,0
5124,1,0,236,0,0
5125,1,0,2243,0,0
5126,1,0,60044,0,0
5127,1,0,1402,0,0
5128,1,0,19,0,0
5129,3,1,10120,286,0
5130,1,0,16504,0,0
5131,1,0,1012,0,0
5132,1,0,1395,0,0
5133,1,0,11814,0,0
5134,1,0,114,0,0
5135,1,0,225516,0,0
5136,1,0,6919,0,0
5137,1,0,63,0,0
5138,2,0,460,0,0
5139,1,2,3406,6625,0
5140,1,0,552,0,0
5141,1,0,37,0,0
5142,1,0,347,0,0
5143,1,0,13583,0,0
5144,1,0,1949,0,0
5145,1,0,563,0,0
5146,1,0,25889,0,0
5147,1,0,726,0,0
5148,1,0,54922,0,0
5149,1,0,8627,0,0
5150,1,0,7932,0,0
5151,1,1,14247,3404,0
5152,1,0,321,0,0
5153,1,0,203,0,0
5154,1,0,3940,0,0
5155,1,0,9,0,0
5156,1,0,2002,0,0
5157,1,0,13582,0,0
5158,1,0,12396,0,0
5159,1,0,89201,0,0
5160,1,0,204,0,0
5161,1,0,67254,0,0
5162,1,0,82,0,0
5163,1,0,274673,0,0
5164,1,0,34496,0,0
5165,1,0,3185,0,0
5166,1,0,31965,0,0
5167,1,0,614,0,0
5168,1,0,34884,0,0
5169,1,0,730,0,0
5170,1,0,25,0,0
5171,1,0,7598,0,0
5172,1,0,117,0,0
5173,1,0,34,0,0
5174,1,0,298,0,0
5175,1,0,10386,0,0
5176,1,0,149,0,0
5177,1,0,922,0,0
5178,1,0,9624,0,0
5179,1,0,3263,0,0
5180,1,0,493,0,0
5181,1,0,345,0,0
5182,1,0,303091,0,0
5183,1,0,29416,0,0
5184,1,0,928,0,0
5185,1,0,93,0,0
5186,1,0,1979,0,0
5187,1,0,2080,0,0
5188,1,0,191,0,0
5189,1,0,311433,0,0
5190,1,0,4843,0,0
5191,1,0,372,0,0
5192,1,0,346,0,0
5193,1,0,202,0,0
5194,1,0,671,0,0
5195,1,0,43140,0,0
5196,1,0,24,0,0
5197,1,0,16122,0,0
5198,1,0,49610,0,0
5199,1,0,40,0,0
5200,1,0,745118,0,0
5201,1,0,6340,0,0
5202,1,0,844,0,0
5203,1,0,30794,0,0
5204,1,0,571,0,0
5205,1,0,84,0,0
5206,1,0,459,0,0
5207,1,0,471,0,0
5208,1,0,40747,0,0
5209,1,1,4816,108654,0
5210,1,0,138725,0,0
5211,1,0,1952,0,0
5212,1,0,304557,0,0
5213,1,0,51,0,0
5214,1,0,448,0,0
5215,1,0,1374,0,0
5216,1,0,700,0,0
5217,1,0,8,0,0
5218,1,0,615,0,0
5219,1,0,9537,0,0
5220,1,0,2848,0,0
5221,1,0,3196,0,0
5222,1,0,704,0,0
5223,1,0,26939,0,0
5224,1,0,74929,0,0
5225,1,0,12210,0,0
5226,1,0,459,0,0
5227,1,0,1405,0,0
5228,2,0,2481,0,0
5229,1,1,17,21710,0
5230,1,0,8383,0,0
5231,1,0,726,0,0
5232,1,0,8198,0,0
5233,1,0,479,0,0
5234,1,0,29461,0,0
5235,1,0,511,0,0
5236,1,0,1867,0,0
5237,1,0,163339,0,0
5238,1,0,11510,0,0
5239,1,0,682,0,0
5240,1,0,8123,0,0
5241,1,0,207826,0,0
5242,1,0,118426,0,0
5243,1,0,5781,0,0
5244,1,0,90,0,0
5245,2,4,580,50711,0
5246,2,0,41879,0,0
5247,1,0,1329,0,0
5248,1,0,33,0,0
5249,1,0,725383,0,0
5250,1,0,7658,0,0
5251,1,0,5043,0,0
5252,1,0,270,0,0
5253,1,0,12,0,0
5254,1,0,40,0,0
5255,1,0,1065,0,0
5256,1,0,594,0,0
5257,1,0,71,0,0
5258,1,0,146,0,0
5259,1,0,522593,0,0
5260,1,0,977,0,0
5261,1,0,5033,0,0
5262,2,0,3496,0,0
5263,2,0,26857,0,0
5264,1,0,12169,0,0
5265,1,0,21798,0,0
5266,1,0,11275,0,0
5267,1,0,338,0,0
5268,1,0,3044,0,0
5269,1,0,352,0,0
5270,1,0,6,0,0
5271,1,0,165421,0,0
5272,1,0,3687,0,0
5273,1,0,224,0,0
5274,1,0,47864,0,0
5275,1,0,1833,0,0
5276,1,0,1131,0,0
5277,1,0,1390,0,0
5278,1,0,1137,0,0
5279,1,0,4990,0,0
5280,1,0,787,0,0
5281,1,0,6797,0,0
5282,1,0,6994,0,0
5283,1,0,2363,0,0
5284,1,0,11331,0,0
5285,1,0,26480,0,0
5286,1,0,5878,0,0
5287,1,0,2297,0,0
5288,1,0,79,0,0
5289,1,1,117039,83,0
5290,1,0,27144,0,0
5291,9,0,46867,0,0
5292,1,1,5,1376,0
5293,1,0,62,0,0
5294,3,0,107789,0,0
5295,1,0,4789,0,0
5296,1,0,4691,0,0
5297,1,0,7337,0,0
5298,1,0,16,0,0
5299,1,0,36,0,0
5300,1,0,137,0,0
5301,1,0,1000,0,0
5302,1,0,134,0,0
5303,1,0,15315,0,0
5304,1,0,174,0,0
5305,1,0,768,0,0
5306,1,0,2525,0,0
5307,1,0,458,0,0
5308,1,0,17528,0,0
5309,1,0,4764,0,0
5310,1,0,10597,0,0
5311,1,0,335,0,0
5312,1,0,23750,0,0
5313,1,0,81503,0,0
5314,1,0,1147,0,0
5315,1,0,5020,0,0
5316,1,0,6407,0,0
5317,1,0,700,0,0
5318,1,0,8479,0,0
5319,1,0,12748,0,0
5320,1,0,2687,0,0
5321,1,0,432,0,0
5322,1,0,30507,0,0
5323,1,0,2244,0,0
5324,1,0,2310,0,0
5325,1,0,2254,0,0
5326,1,0,926,0,0
5327,1,0,29418,0,0
5328,1,0,282,0,0
5329,1,0,20020,0,0
5330,1,0,5865,0,0
5331,1,0,560,0,0
5332,1,0,82,0,0
5333,1,0,2518,0,0
5334,1,0,278,0,0
5335,1,0,853,0,0
5336,1,0,40,0,0
5337,2,0,70,0,0
5338,1,0,4152,0,0
5339,1,0,192,0,0
5340,1,0,1153,0,0
5341,1,0,481,0,0
5342,1,0,4181,0,0
5343,1,0,242,0,0
5344,1,0,2094,0,0
5345,1,0,65391,0,0
5346,1,0,650351,0,0
5347,1,0,12482,0,0
5348,1,0,56,0,0
5349,1,0,2846,0,0
5350,1,0,32,0,0
5351,1,0,26,0,0
5352,1,0,112844,0,0
5353,1,0,48,0,0
5354,1,0,843,0,0
5355,1,0,5024,0,0
5356,1,1,311,36402,0
5357,1,1,328,121604,0
5358,1,0,1421,0,0
5359,1,0,3553,0,0
5360,1,0,398,0,0
5361,1,0,6996,0,0
5362,1,0,12013,0,0
5363,1,1,3392,17,0
5364,2,0,7526,0,0
5365,1,0,1558,0,0
5366,1,0,1189,0,0
5367,1,0,3162,0,0
5368,1,0,244473,0,0
5369,1,0,228,0,0
5370,1,0,465,0,0
5371,1,0,6577,0,0
5372,1,0,455,0,0
5373,1,0,338,0,0
5374,1,0,3807,0,0
5375,1,0,923,0,0
5376,3,0,29550,0,0
5377,1,1,34095,11722,0
5378,8,8,123188,183158,0
5379,1,0,2602,0,0
5380,1,0,2076021,0,0
5381,2,1,37365,143289,0
5382,1,0,3773,0,0
5383,1,0,1197,0,0
5384,1,0,5190,0,0
5385,1,0,60364,0,0
5386,1,0,9600,0,0
5387,1,0,369,0,0
5388,1,0,1951,0,0
5389,1,0,567,0,0
5390,1,0,789,0,0
5391,1,0,122,0,0
5392,1,0,1372,0,0
5393,1,0,1,0,0
5394,1,0,1545,0,0
5395,2,0,590414,0,0
5396,1,1,55797,133713,0
5397,1,0,184845,0,0
5398,1,0,77,0,0
5399,1,0,52634,0,0
5400,1,0,26702,0,0
5401,1,0,5781,0,0
5402,1,0,1560,0,0
5403,1,0,1273,0,0
5404,1,0,1192,0,0
5405,1,0,54561,0,0
5406,1,0,15074,0,0
5407,1,0,93,0,0
5408,1,0,459,0,0
5409,1,0,72,0,0
5410,1,0,797,0,0
5411,1,0,36560,0,0
5412,1,0,385056,0,0
5413,1,0,497,0,0
5414,1,0,9353,0,0
5415,1,0,11741,0,0
5416,1,0,13613,0,0
5417,1,0,34,0,0
5418,1,0,99,0,0
5419,1,0,515,0,0
5420,1,0,1466,0,0
5421,1,0,11749,0,0
5422,1,0,229,0,0
5423,1,0,4052,0,0
5424,1,0,25144,0,0
5425,1,0,2061,0,0
5426,1,0,9031,0,0
5427,1,0,1723,0,0
5428,1,0,211710,0,0
5429,1,0,73443,0,0
5430,1,0,6424,0,0
5431,1,0,89,0,0
5432,1,0,1900,0,0
5433,1,0,508,0,0
5434,1,0,53231,0,0
5435,1,0,17376,0,0
5436,1,0,3,0,0
5437,1,0,3153,0,0
5438,1,0,1537,0,0
5439,1,0,23788,0,0
5440,1,0,8746,0,0
5441,1,0,8665,0,0
5442,1,0,930,0,0
5443,1,0,1058,0,0
5444,1,0,2,0,0
5445,1,0,2788,0,0
5446,1,0,314,0,0
5447,1,0,45273,0,0
5448,1,0,1405,0,0
5449,1,0,4796,0,0
5450,1,0,158579,0,0
5451,1,0,2383,0,0
5452,1,0,8,0,0
5453,1,0,5794,0,0
5454,1,0,15159,0,0
5455,3,0,168870,0,0
5456,1,1,1100,40,0
5457,1,0,20746,0,0
5458,1,0,108161,0,0
5459,1,0,83944,0,0
5460,1,1,6400,663,0
5461,3,2,13328,7088,0
5462,1,0,639,0,0
5463,1,0,1211,0,0
5464,1,0,175,0,0
5465,1,0,96,0,0
5466,1,0,177,0,0
5467,1,0,108,0,0
5468,1,0,1142,0,0
5469,1,0,6178,0,0
5470,1,0,32674,0,0
5471,1,0,153,0,0
5472,1,0,270839,0,0
5473,1,0,10344,0,0
5474,1,0,11493,0,0
5475,1,0,287,0,0
5476,1,0,299,0,0
5477,1,0,453,0,0
5478,1,0,71,0,0
5479,1,0,868710,0,0
5480,1,0,60,0,0
5481,1,0,1089,0,0
5482,1,0,3156,0,0
5483,1,0,40328,0,0
5484,1,0,5907,0,0
5485,1,0,195,0,0
5486,1,0,39,0,0
5487,1,0,1940,0,0
5488,1,0,35595,0,0
5489,1,0,10977,0,0
5490,1,0,918766,0,0
5491,1,0,241,0,0
5492,1,0,41,0,0
5493,1,0,427,0,0
5494,1,0,28654,0,0
5495,1,0,149756,0,0
5496,1,0,1819,0,0
5497,8,0,13965,0,0
5498,1,0,65,0,0
5499,1,0,19,0,0
5500,1,0,41,0,0
5501,1,0,16279,0,0
5502,1,0,917,0,0
5503,1,0,257,0,0
5504,1,0,5082,0,0
5505,1,0,2964,0,0
5506,1,0,952,0,0
5507,1,0,221,0,0
5508,1,0,6267,0,0
5509,1,0,9997,0,0
5510,1,0,1856,0,0
5511,1,0,5543,0,0
5512,1,0,10579,0,0
5513,1,0,13608,0,0
5514,1,0,138,0,0
5515,1,0,6,0,0
5516,1,1,1439782,114028,0
5517,1,0,7325,0,0
5518,1,0,4604,0,0
5519,1,0,396,0,0
5520,2,0,78410,0,0
5521,1,0,48556,0,0
5522,1,0,475,0,0
5523,1,0,27,0,0
5524,1,0,195,0,0
5525,1,0,32,0,0
5526,1,0,876,0,0
5527,1,0,77,0,0
5528,1,0,204182,0,0
5529,1,0,248,0,0
5530,1,0,3719,0,0
5531,1,0,7115,0,0
5532,1,0,49,0,0
5533,1,0,438,0,0
5534,1,0,964,0,0
5535,1,0,1371,0,0
5536,1,0,38614,0,0
5537,1,0,30,0,0
5538,1,0,205679,0,0
5539,1,0,4146,0,0
5540,1,0,98,0,0
5541,1,0,353,0,0
5542,1,0,791,0,0
5543,1,0,626,0,0
5544,1,0,154997,0,0
5545,1,0,1525,0,0
5546,1,0,6206,0,0
5547,1,0,2564,0,0
5548,1,0,99,0,0
5549,1,0,28057,0,0
5550,1,0,1634,0,0
5551,2,0,15864,0,0
5552,1,0,2033,0,0
5553,1,0,60703,0,0
5554,1,0,9881,0,0
5555,1,0,9013,0,0
5556,0,4,0,92278,0
5557,1,0,41791,0,0
5558,2,1,28740,61472,0
5559,1,0,840,0,0
5560,3,1,215715,77,0
5561,1,1,46,938,0
5562,1,0,1848,0,0
5563,1,0,3140,0,0
5564,1,0,9852,0,0
5565,1,0,12,0,0
5566,1,0,6973,0,0
5567,1,3,168149,20451,0
5568,1,1,158277,483,0
5569,1,1,1878,47,0
5570,5,0,114348,0,0
5571,1,0,35848,0,0
5572,1,0,23202,0,0
5573,1,1,3729,1127,0
5574,1,0,4821,0,0
5575,1,0,148,0,0
5576,1,1,391,233,0
5577,1,2,1,134431,0
5578,7,16,41840,40345,0
5579,77,16,3632231,239026,0
5580,1,5,201,260904,0
5581,1,1,2391,3830,0
5582,1,0,2021,0,0
5583,2,0,601960,0,0
5584,2,0,8176,0,0
5585,1,0,5063,0,0
5586,1,1,131085,34,0
5587,137,31,2186002,3575710,0
5588,27,0,309565,0,0
5589,17,8,566720,81456,0
5590,8,2,90990,12047,0
5591,227,36,4681356,546359,0
5592,7,2,12497,211,0
5593,1,0,2136,0,0
5594,0,1,0,5004,0
5595,0,1,0,2427,0
5596,1,0,4523,0,0
5597,2,0,7685,0,0
5598,23,0,917397,0,0
5599,1,1,611,80734,0
5600,1,0,5658,0,0
5601,14,0,128159,0,0
5602,13,0,107085,0,0
5603,1,0,7048,0,0
5604,1,0,112956,0,0
5605,1,0,1631,0,0
5606,44,0,996964,0,0
5607,1,0,595,0,0
5608,12,3,44384,19277,0
5609,23,24,234864,490043,0
5610,0,1,0,491,0
5611,351,396,10026916,11246423,0
5612,0,1,0,6178,0
5613,0,1,0,1352,0
5614,1,1,143653,1941,0
5615,1,0,143,0,0
5616,99,26,5319321,2425571,0
5617,290,165,9745501,4315749,0
5618,1,1,1398,3035250,0
5619,1,0,1978,0,0
5620,1,0,396,0,0
5621,0,1,0,7966,0
5622,0,2,0,48,0
5623,98,28,2459849,486207,0
5624,88,24,4322759,813516,0
5625,0,1,0,34142,0
5626,228,41,8549722,660995,0
5627,12,18,212538,253041,0
5628,3,1,84376,535,0
5629,4,27,50320,402898,0
5630,1,0,1439,0,0
5631,1,1,7,46,0
5632,2,6,8857,1041327,0
5633,2,2,1112667,18779,0
5634,1,0,2966,0,0
5635,2,1,1731,3924,0
5636,1,2,16934,10097,0
5637,4,0,56526,0,0
5638,1,0,185,0,0
5639,1,0,3855,0,0
5640,3,3,14114,24561,0
5641,8,5,1031565,2889051,0
5642,3,0,9291,0,0
5643,11,13,34724,201582,0
5644,9,6,210702,49721,0
5645,4,5,27458,128686,0
5646,1,0,11482,0,0
5647,2,0,30940,0,0
5648,8,7,56414,45977,0
5649,2,2,22975,317,0
5650,1,1,409,1196,0
5651,3,1,4865,2538,0
5652,2,4,7642,29087,0
5653,1,1,868,2681,0
5654,2,0,35864,0,0
5655,2,0,166254,0,0
5656,3,1,45624,149,0
5657,1,2,302,2694,0
5658,2,1,4273,275,0
5659,5,4,239049,11220,0
5660,2,2,694,4430,0
5661,1,2,20229,8617,0
5662,2,5,15322,23640,0
5663,149,0,3676287,0,0
5664,1,0,159,0,0
5665,1,0,14109,0,0
5666,2,0,81975,0,0
5667,0,1,0,286,0
5668,0,1,0,112509,0
5669,3,6,74406,182813,0
5670,19,3,173346,3297,0
5671,10,4,159173,1121923,0
5672,0,1,0,26598,0
5673,57,6,543195,38451,0
5674,0,1,0,435,0
5675,36,99,239111,3124244,0
5676,5,4,59055,111483,0
5677,7,11,29413,73916,0
5678,22,21,321218,307789,0
5679,0,1,0,29726,0
5680,6,2,104131,7104,0
5681,44,6,436967,18075,0
5682,0,4,0,5858,0
5683,2,1,1253,3978,0
5684,1,1,3498,30392,0
5685,0,1,0,3,0
5686,0,1,0,16476,0
5687,0,1,0,2081,0
5688,0,1,0,354,0
5689,0,1,0,10678,0
5690,0,1,0,1565,0
5691,0,1,0,396,0
5692,6,0,473127,0,0
5693,5,0,21783,0,0
5694,1,0,1009,0,0
5695,1,0,305,0,0
5696,1,1,74920,1561,0
5697,4,1,31250,3631,0
5698,5,0,1222,0,0
5699,4,0,28173,0,0
5700,2,0,6958,0,0
5701,187,45,9153813,2284923,0
5702,140,24,1820905,1875174,0
5703,3,0,6672,0,0
5704,1,0,63639,0,0
5705,1,0,178,0,0
5706,1,1,4346,18761,0
5707,1,0,6712,0,0
5708,9,7,105506,63367,0
5709,2,1,3014,1035,0
5710,0,1,0,45400,0
5711,0,1,0,7486,0
5712,22,78,283373,1666041,0
5713,303,42,13309074,1201161,0
5714,43,10,2216435,620471,0
5715,5,2,31072,414,0
5716,174,0,3733238,0,0
5717,9,10,117382,78443,0
5718,73,9,10158765,150064,0
5719,7,18,8246,395655,0
5720,2,0,302474,0,0
5721,1,1,3308,436,0
5722,0,1,0,7945,0
5723,1,0,8919,0,0
5724,0,1,0,4978,0
5725,72,9,700919,59860,0
5726,2,0,6688,0,0
5727,80,6,1590978,29130,0
5728,35,29,450056,161956,0
5729,5,4,25647,7961,0
5730,0,1,0,108,0
5731,139,48,12852786,473806,0
5732,0,1,0,15993,0
5733,103,19,3157137,857403,0
5734,52,6,856351,107597,0
5735,1,0,5784,0,0
5736,42,30,1126467,1193299,0
5737,1,0,8,0,0
5738,1,0,72973,0,0
5739,1,0,18971,0,0
5740,0,1,0,15,0
5741,56,47,1015647,984741,0
5742,21,2,411888,2312,0
5743,1,0,166114,0,0
5744,1,2,19,861,0
5745,1,0,894,0,0
5746,1,0,399,0,0
5747,2,0,5383,0,0
5748,1,1,78267,234,0
5749,1,0,336,0,0
5750,1,1,10120,73385,0
5751,1,0,438,0,0
5752,1,0,457,0,0
5753,3,2,29824,2002,0
5754,51,0,764482,0,0
5755,25,0,290831,0,0
5756,1,0,11292,0,0
5757,2,1,8040,21004,0
5758,1,0,173,0,0
5759,4,1,14421,20384,0
5760,1,0,34,0,0
5761,1,1,374649,3350,0
5762,2,0,102669,0,0
5763,2,0,1952,0,0
5764,1,0,112,0,0
5765,1,0,5537,0,0
5766,1,0,8653,0,0
5767,2,0,286,0,0
5768,1,0,46423,0,0
5769,1,1,176,62579,0
5770,6,0,9189,0,0
5771,1,0,449,0,0
5772,1,2,20446,5950,0
5773,2,0,258,0,0
5774,1,2,1416,177853,0
5775,1,1,11178,152788,0
5776,1,0,457,0,0
5777,6,0,206812,0,0
5778,1,1,913,421,0
5779,1,0,4747,0,0
5780,1,1,171,89353,1
5781,1,0,2770,0,0
5782,1,0,325,0,0
5783,2,0,1918,0,0
5784,26,0,356288,0,0
5785,28,0,1753969,0,0
5786,1,0,6504,0,0
5787,2,0,6562,0,0
5788,0,1,0,2719,0
5789,1,2,4488,558,0
5790,2,0,2888,0,0
5791,0,1,0,10135,0
5792,7,1,242157,31,0
5793,143,24,3253885,293757,0
5794,2,2,26546,2555,0
5795,22,13,283041,353006,0
5796,7,27,92997,733541,0
5797,5,2,68682,3358,0
5798,124,2,4923868,106962,0
5799,29,0,553653,0,0
5800,21,0,11584587,0,0
5801,1,0,3434,0,0
5802,1,0,12,0,0
5803,1,0,119,0,0
5804,1,0,1564,0,0
5805,1,0,39168,0,0
5806,1,0,1032,0,0
5807,1,0,6362,0,0
5808,1,0,276,0,0
5809,1,0,541,0,0
5810,1,0,374,0,0
5811,1,0,4216,0,0
5812,1,0,562,0,0
5813,1,0,93,0,0
5814,4,0,488480,0,0
5815,52,1,752056,19140,0
5816,24,0,2485465,0,0
5817,1,0,187,0,0
5818,12,0,208707,0,0
5819,4,0,11561,0,0
5820,1,0,12,0,0
5821,1,0,3560,0,0
5822,2,0,422,0,0
5823,2,1,99783,93276,0
5824,1,0,15084,0,0
5825,1,0,34993,0,0
5826,21,0,230472,0,0
5827,1,0,636,0,0
5828,2,0,25897,0,0
5829,1,0,346,0,0
5830,1,0,34998,0,0
5831,6,2,286764,4106,0
5832,1,0,2723,0,0
5833,1,0,54,0,0
5834,1,0,1279,0,0
5835,1,0,4695,0,0
5836,8,4,335631,5230,0
5837,2,2,5477,9198,0
5838,1,1,19045,23,0
5839,1,1,91,1005,0
5840,3,0,163844,0,0
5841,1,0,4106,0,0
5842,1,0,6455,0,0
5843,1,0,100,0,0
5844,1,0,125,0,0
5845,1,0,1873,0,0
5846,1,0,42438,0,0
5847,1,0,83,0,0
5848,5,0,179297,0,0
5849,20,0,573283,0,0
5850,8,2,54943,23631,0
5851,2,0,101862,0,0
5852,10,0,60553,0,0
5853,5,0,98350,0,0
5854,2,1,931,1109,0
5855,1,1,37,179,0
5856,1,0,627,0,0
5857,1,1,37,372,0
5858,4,4,348717,127086,0
5859,4,1,235908,13753,0
5860,61,9,384014,11999,0
5861,31,8,165879,60961,0
5862,20,0,84516,0,0
5863,3,1,32509,3,0
5864,2,3,1766,732,0
5865,1,1,19,3240,0
5866,0,1,0,2821,0
5867,0,1,0,5650,0
5868,98,1,3229791,4297,0
5869,6,3,129213,41758,0
5870,0,2,0,68754,0
5871,4,3,104864,72818,0
5872,1,4,12609,11511,0
5873,6,2,379355,5731,0
5874,1,0,1241,0,0
5875,13,0,122950,0,0
5876,52,16,1816791,151309,0
5877,1,0,137,0,0
5878,5,2,57712,922,0
5879,1,0,3627,0,0
5880,1,0,20067,0,0
5881,1,0,504,0,0
5882,1,0,15713,0,0
5883,8,6,2093143,98973,0
5884,11,0,571353,0,0
5885,2,0,119305,0,0
5886,1,1,1887,3802,0
5887,4,0,79594,0,0
5888,1,0,59,0,0
5889,9,2,134125,8550,0
5890,4,7,22581,130044,0
5891,1,0,1036,0,0
5892,1,0,23530,0,0
5893,2,3,9331,3716,0
5894,2,1,944,31674,0
5895,3,6,10724,123716,0
5896,2,0,2075,0,0
5897,2,1,28993,331,0
5898,1,0,1354,0,0
5899,0,10,0,73325,0
5900,3,1,27162,926,0
5901,2,1,17875,1224,0
5902,3,0,1982,0,0
5903,2,7,12987,24182,0
5904,1,0,673,0,0
5905,2,1,1727,2127,0
5906,1,0,1411,0,0
5907,1,0,1107,0,0
5908,5,0,39252,0,0
5909,146,56,6593036,1145154,0
5910,0,17,0,220855,0
5911,3,4,19535,43831,0
5912,1,1,3312,5,0
5913,1,0,30082,0,0
5914,1,1,162,938,0
5915,20,10,730512,73753,0
5916,1,0,5724,0,0
5917,1,1,109580,27561,0
5918,1,1,189,12416,0
5919,1,2,2115,678,0
5920,1,1,19478,615,0
5921,16,16,141342,1260721,0
5922,1,4,14136,22362,0
5923,4,4,15302,7894,0
5924,1,0,17,0,0
5925,1,1,124,256892,0
5926,2,7,8581,27326,0
5927,5,0,24489,0,0
5928,0,1,0,40,0
5929,0,1,0,181,0
5930,0,2,0,2508,0
5931,105,19,2902507,376374,0
5932,196,6,10194473,54175,0
5933,59,20,2822222,352263,0
5934,7,1,2176074,8545,0
5935,0,1,0,1650258,0
5936,0,3,0,39950,0
5937,8,9,91309,465403,0
5938,3,1,4813,245,0
5939,1,2,36421,239164,0
5940,2,0,236487,0,0
5941,0,1,0,566,0
5942,158,84,3852522,1705446,0
5943,158,13,14526747,73342,0
5944,0,1,0,47068,0
5945,0,1,0,29794,0
5946,2,1,8951,855,0
5947,0,1,0,630,0
5948,7,2,60105,1005,0
5949,27,3,3185242,825,0
5950,4,2,15613,603,0
5951,0,1,0,1118,0
5952,0,1,0,1129,0
5953,106,14,1200930,125275,0
5954,0,1,0,387,0
5955,0,6,0,61113,0
5956,1,0,33639,0,0
5957,1,0,11967,0,0
5958,1,1,56,32319,0
5959,1,0,2961,0,0
5960,2,0,20376,0,0
5961,2,9,2610,313345,0
5962,9,0,118453,0,0
5963,3,1,27463,5042,0
5964,0,1,0,8,0
5965,1,1,8512,910,0
5966,0,1,0,23,0
5967,17,23,366300,819075,0
5968,0,1,0,11402,0
5969,2,1,139,5,0
5970,0,1,0,102,0
5971,11,8,47531,342160,0
5972,49,61,2036882,911051,0
5973,5,11,250497,1203161,0
5974,3,10,83731,160043,0
5975,1,0,59,0,0
5976,1,2,364,121657,0
5977,1,6,3188,7855,0
5978,26,9,169243,70749,0
5979,0,5,0,60499,0
5980,5,1,794051,3075,0
5981,3,0,8033,0,0
5982,1,0,6203,0,0
5983,2,0,525130,0,0
5984,657,43,22923570,1295411,0
5985,36,3,1016954,25195,0
5986,1,1,116,4083,0
5987,0,1,0,666,0
5988,89,37,912102,4027223,0
5989,0,1,0,3190,0
5990,160,25,4775387,448346,0
5991,3,0,1959,0,0
5992,19,12,2391071,73593,0
5993,0,1,0,9885,0
5994,67,19,812840,230490,0
5995,0,1,0,12939,0
5996,4,0,28416,0,0
5997,1,1,118,2105,0
5998,2,0,16351,0,0
5999,2,3,15566,16304,0
6000,1,0,10506,0,0
6001,2,7,149237,81039,0
6002,1,0,749,0,0
6003,1,1,22,12174,0
6004,1,1,2936,225,0
6005,1,1,330,24066,0
6006,55,1,843081,20533,0
6007,1,1,1021,741,0
6008,6,0,25224,0,0
6009,1,1,1753,682,0
6010,4,0,24722,0,0
6011,1,2,376053,13439,0
6012,2,0,24176,0,0
6013,7,8,108850,324491,0
6014,1,0,13558,0,0
6015,7,1,104801,596,0
6016,99,0,2338910,0,0
6017,1,0,47306,0,0
6018,1,1,77,145,0
6019,2,0,2859,0,0
6020,1,1,6069,170,0
6021,1,1,745,125911,0
6022,1,1,349,238,0
6023,1,0,161,0,0
6024,1,0,63,0,0
6025,6,0,23517,0,0
6026,5,0,268729,0,0
6027,8,0,193433,0,0
6028,1,0,155,0,0
6029,3,0,32957,0,0
6030,1,6,6744,4477,0
6031,0,3,0,1242,0
6032,101,12,5845694,15780,0
6033,18,9,573465,62970,0
6034,1,4,757,86099,0
6035,0,1,0,2112,0
6036,0,2,0,39626,0
6037,1,1,30397,6458,0
6038,20,22,739003,346830,0
6039,24,13,702882,66885,0
6040,0,2,0,669,0
6041,8,0,463340,0,0
6042,11,2,479102,1296,0
6043,11,0,93977,0,0
6044,1,1,71234,8,0
6045,30,4,737463,418327,0
6046,1,0,647,0,0
6047,1,0,17,0,0
6048,1,1,4515,980,0
6049,6,9,292932,837576,0
6050,4,2,639,582688,0
6051,1,0,3193,0,0
6052,65,4,2650860,27950,0
6053,10,0,157224,0,0
6054,14,0,132729,0,0
6055,1,4,27329,29882,0
6056,131,22,3435346,171833,0
6057,31,13,769911,703664,0
6058,0,2,0,2239,0
6059,143,13,3898215,234539,0
6060,0,1,0,130,0
6061,0,1,0,32279,0
6062,0,1,0,63,0
6063,0,1,0,34,0
6064,1,5,43,83180,0
6065,15,2,69661,3922,0
6066,301,76,5490814,5291026,0
6067,93,26,1106536,815557,0
6068,0,1,0,1896,0
6069,54,6,912597,1180964,0
6070,0,4,0,36361,0
6071,5,3,41689,73834,0
6072,1,2,6,6921,0
6073,1,1,152,1579,0
6074,9,7,109489,107235,0
6075,0,1,0,2273,0
6076,4,0,22521,0,0
6077,179,39,5969478,1283447,0
6078,41,8,3211380,159662,0
6079,0,1,0,34782,0
6080,4,2,12575,4442,0
6081,2,0,20828,0,0
6082,1,0,63,0,0
6083,0,2,0,6427,0
6084,1,1,75,271546,0
6085,1,1,580,28,0
6086,3,1,828,2309,0
6087,1,0,63,0,0
6088,1,1,1027,1503,0
6089,1,0,381,0,0
6090,1,0,34,0,0
6091,1,0,676,0,0
6092,1,0,35817,0,0
6093,2,1,38525,886,0
6094,1,0,2384,0,0
6095,1,0,218,0,0
6096,1,0,1086,0,0
6097,1,0,2031,0,0
6098,1,0,451,0,0
6099,1,0,33315,0,0
6100,1,0,649269,0,0
6101,1,0,43151,0,0
6102,1,0,8405,0,0
6103,1,0,4740,0,0
6104,1,0,73,0,0
6105,1,0,17248,0,0
6106,1,1,5752,2752,0
6107,2,0,17042,0,0
6108,1,0,20400,0,0
6109,1,1,394,26567,0
6110,2,0,629129,0,0
6111,1,0,242,0,0
6112,1,1,424,6447,0
6113,1,0,9118,0,0
6114,1,0,26696,0,0
6115,1,0,792,0,0
6116,2,4,98311,227392,1
6117,1,0,6,0,0
6118,1,0,7725,0,0
6119,1,0,1049,0,0
6120,1,0,8,0,0
6121,1,0,3291,0,0
6122,2,1,2056,14304,0
6123,2,2,115630,5814,0
6124,2,0,127575,0,0
6125,1,1,135,5555,0
6126,1,0,677,0,0
6127,1,1,512,7724,0
6128,1,0,522,0,0
6129,2,0,2489,0,0
6130,2,0,454547,0,0
6131,1,0,3877,0,0
6132,1,0,6587,0,0
6133,3,0,31453,0,0
6134,2,0,7639,0,0
6135,1,0,3929,0,0
6136,2,3,532,25071,0
6137,1,0,504,0,0
6138,10,16,501101,356632,0
6139,1,2,61,16409,0
6140,1,0,45767,0,0
6141,1,1,2184,998,0
6142,2,1,510,16,0
6143,1,0,1719,0,0
6144,1,0,545,0,0
6145,1,0,3769,0,0
6146,1,1,5528,470,0
6147,1,0,9075,0,0
6148,2,0,3316,0,0
6149,1,0,761,0,0
6150,1,1,291,516,0
6151,1,0,3414,0,0
6152,1,0,17001,0,0
6153,1,0,15718,0,0
6154,1,0,12928,0,0
6155,1,0,50062,0,0
6156,1,0,3451,0,0
6157,1,0,1203611,0,0
6158,1,1,1948,4421,0
6159,1,0,230,0,0
6160,1,0,1609,0,0
6161,1,0,2508,0,0
6162,1,0,1437,0,0
6163,1,0,4620,0,0
6164,1,0,4804,0,0
6165,1,0,24170,0,0
6166,1,0,9381,0,0
6167,1,0,1617,0,0
6168,1,0,11629,0,0
6169,1,0,942,0,0
6170,1,0,5604,0,0
6171,1,0,354,0,0
6172,1,0,68,0,0
6173,1,0,32198,0,0
6174,2,0,1490,0,0
6175,2,0,10219,0,0
6176,1,0,2437,0,0
6177,1,0,18287,0,0
6178,1,0,5918,0,0
6179,1,0,285,0,0
6180,1,0,459,0,0
6181,32,59,1086027,975433,0
6182,1,2,219170,16213,0
6183,1,0,20186,0,0
6184,0,1,0,1227,0
6185,0,1,0,10741,0
6186,154,62,2686146,1243929,0
6187,12,5,329250,9328,0
6188,133,35,2144925,395437,0
6189,7,1,309836,27119,0
6190,0,1,0,260,0
6191,0,1,0,5231,0
6192,2,5,89003,696903,0
6193,0,1,0,45363,0
6194,18,2,111340,301824,0
6195,4,3,2469,3636,0
6196,0,1,0,1064,0
6197,23,0,802091,0,0
6198,33,0,7001439,0,0
6199,13,0,190463,0,0
6200,19,0,1165129,0,0
6201,1,0,13,0,0
6202,1,0,1541,0,0
6203,2,0,683,0,0
6204,1,2,7118,171586,0
6205,1,0,777,0,0
6206,2,3,4956,6517,0
6207,1,0,5622,0,0
6208,1,1,1214,364,0
6209,1,0,69,0,0
6210,6,0,17655,0,0
6211,1,0,5211,0,0
6212,21,0,244820,0,0
6213,1,1,451,807,0
6214,1,0,91730,0,0
6215,1,2,230,8410,0
6216,1,0,165269,0,0
6217,15,0,213905,0,0
6218,11,4,174871,274096,0
6219,11,1,19153,2694,0
6220,1,1,224,352,0
6221,0,1,0,21793,0
6222,102,25,6740236,647768,0
6223,4,5,5461,3208,0
6224,26,12,2347607,616372,0
6225,9,9,152432,68174,0
6226,1,0,286,0,0
6227,1,1,588,3428,0
6228,0,1,0,38,0
6229,1,1,21710,30097,0
6230,25,0,17365863,0,0
6231,7,0,92836,0,0
6232,1,0,19300,0,0
6233,1,1,5927,89,0
6234,0,1,0,7098,0
6235,8,5,123929,23267,0
6236,58,19,1565851,354086,0
6237,0,2,0,46301,1
6238,44,6,2764780,59197,0
6239,3,2,130611,5251,0
6240,40,7,1748079,43808,0
6241,0,1,0,633,0
6242,15,9,104868,201234,0
6243,158,13,3254827,224479,0
6244,56,35,1117938,2233307,0
6245,7,13,722303,37763,0
6246,99,18,12683200,83823,0
6247,49,2,1037779,18944,0
6248,5,1,83462,24,0
6249,2,1,143295,37211,0
6250,5,1,194877,68,0
6251,2,7,712,3139986,0
6252,4,0,13840,0,0
6253,1,2,5050,11554,0
6254,1,0,2038,0,0
6255,1,1,13878,57119,0
6256,1,0,61472,0,0
6257,0,3,0,4708,0
6258,172,22,4923460,794895,0
6259,6,4,47753,32555,0
6260,6,2,2016,16204,0
6261,15,0,451760,0,0
6262,0,7,0,258865,0
6263,69,25,7717116,955663,0
6264,76,10,922387,598185,0
6265,87,20,6583296,573424,0
6266,81,15,2756577,114810,0
6267,1,2,695,18677,0
6268,55,7,1059186,37280,0
6269,0,1,0,692,0
6270,0,2,0,426,0
6271,0,4,0,184929,0
6272,9,8,78340,2442294,0
6273,484,86,21079376,2462945,0
6274,213,74,3542441,2241469,0
6275,23,7,1086918,460800,0
6276,20,8,1875440,48205,0
6277,1,1,1710,683,0
6278,0,2,0,1701,0
6279,1,1,2804,2227,0
6280,0,3,0,1625,0
6281,19,8,670667,475490,0
6282,0,2,0,2003,0
6283,0,1,0,257782,0
6284,0,2,0,5221,0
6285,84,7,5210738,663641,0
6286,0,3,0,59843,0
6287,0,2,0,1829,0
6288,136,24,5068785,1446259,0
6289,0,3,0,52896,0
6290,0,2,0,5437,0
6291,6,74,45854,4196700,0
6292,0,2,0,2107,0
6293,51,5,4069184,25857876,0
6294,0,7,0,320454,0
6295,82,10,10568583,41789,0
6296,0,7,0,30091,0
6297,46,31,688009,257833,0
6298,36,15,3853262,19539,0
6299,0,6,0,57997,0
6300,128,39,6534632,703649,0
6301,117,21,7155732,1238295,0
6302,0,3,0,15156,0
6303,143,39,3113119,2061969,0
6304,0,3,0,5185,0
6305,1,4,7,33034,0
6306,176,33,4679334,250749,0
6307,45,21,1175179,825970,0
6308,1,3,4604,102,0
6309,1,1,1347,8362,0
6310,0,2,0,4503,0
6311,0,1,0,76554,0
6312,0,1,0,490,0
6313,1,1,123,150,0
6314,7,9,23935,10794,0
6315,79,13,933642,588506,0
6316,61,24,1061050,273498,0
6317,18,7,132036,97679,0
6318,0,1,0,7879,0
6319,0,1,0,23233,0
6320,0,1,0,137,0
6321,0,5,0,188635,0
6322,28,2,499650,6331,0
6323,64,17,1746665,301735,0
6324,0,9,0,130645,0
6325,120,52,5636199,2035086,0
6326,99,6,2713593,107989,0
6327,12,27,563949,398972,0
6328,104,13,4340988,258379,0
6329,0,2,0,21425,0
6330,3,3,20797,10085,0
6331,0,2,0,4997,0
6332,8,14,12067998,113671,0
6333,2,1,2176,26509,0
6334,1,1,1050,492,0
6335,0,1,0,807,0
6336,0,9,0,131465,0
6337,7,6,59567,76612,0
6338,33,22,853582,1926377,0
6339,78,14,1654564,43334,0
6340,3,3,17466,722,0
6341,0,14,0,347781,0
6342,26,4,557163,11162,0
6343,162,27,6836326,532131,0
6344,105,23,3199545,403625,0
6345,102,9,1449785,36037,0
6346,4,3,68727,51495,0
6347,19,9,83583,1023020,0
6348,38,12,1072822,74902,0
6349,26,18,652199,716446,0
6350,0,2,0,9217,0
6351,6,0,887567,0,0
6352,0,2,0,1317,0
6353,138,22,9515172,316888,0
6354,1,1,31,1261,0
6355,0,1,0,7549,0
6356,0,4,0,5413,0
6357,1,0,5,0,0
6358,1,5,5349,22460,0
6359,0,2,0,249634,0
6360,0,1,0,306,0
6361,0,1,0,137,0
6362,0,1,0,1393,0
6363,0,2,0,4244,0
6364,4,3,22638,1303,0
6365,23,5,2597127,61352,0
6366,0,7,0,193186,0
6367,14,11,83961,117661,0
6368,0,3,0,11297,0
6369,1,1,586,346,0
6370,0,6,0,694709,0
6371,0,1,0,1559,0
6372,0,2,0,117671,0
6373,1,4,8366,37937,0
6374,4,12,22791,101526,0
6375,6,6,10902,19686,0
6376,1,0,5279,0,0
6377,0,1,0,10,0
6378,0,1,0,492,0
6379,0,3,0,22660,0
6380,38,27,303669,257655,0
6381,0,1,0,4149,0
6382,0,1,0,663,0
6383,0,1,0,6065,0
6384,0,2,0,2027,0
6385,0,5,0,126298,0
6386,135,18,1778187,120717,0
6387,0,1,0,11860,0
6388,0,2,0,5944,0
6389,1,2,15668,36992,0
6390,0,1,0,51286,0
6391,0,1,0,15,0
6392,0,3,0,173444,0
6393,0,2,0,13301,0
6394,9,11,206278,2647569,0
6395,0,2,0,1669,0
6396,40,5,1221607,44691,0
6397,0,2,0,46619,0
6398,0,1,0,172478,0
6399,2,2,20107,1138,0
6400,17,17,1317815,1198890,0
6401,0,2,0,1090,0
6402,0,3,0,2824,0
6403,1,0,28,0,0
6404,1,6,416,241326,0
6405,2,0,165730,0,0
6406,4,1,11465,32549,0
6407,2,0,927,0,0
6408,10,13,86408,254344,0
6409,2,2,514,8078,0
6410,33,15,436889,1216739,0
6411,0,1,0,4973,0
6412,0,1,0,119,0
6413,0,28,0,762369,0
6414,53,11,1151547,123967,0
6415,37,13,392532,156816,0
6416,120,15,5312650,1099553,0
6417,62,43,2023308,451604,0
6418,191,75,24598049,1269035,0
6419,73,25,2864930,919711,0
6420,31,18,1243748,185979,0
6421,28,14,714259,324619,0
6422,64,25,1612030,520809,0
6423,48,7,736868,100707,0
6424,36,13,3191415,24260,0
6425,27,6,143801,16481,0
6426,56,15,3389623,1302007,0
6427,23,8,1732749,133088,0
6428,0,6,0,27874,0
6429,19,6,214092,460598,0
6430,7,3,323819,3404,0
6431,0,2,0,37563,0
6432,38,13,458443,141356,0
6433,0,2,0,566062,0
6434,1,6,5,27062,0
6435,62,8,413542,26555,0
6436,0,6,0,306919,0
6437,99,22,1729481,192043,0
6438,0,13,0,180758,0
6439,8,2,109331,1355,0
6440,7,1,37514,1989,0
6441,40,25,504742,516614,0
6442,11,14,149879,264844,0
6443,114,12,3981684,110421,0
6444,27,6,272746,36977,0
6445,51,12,469527,59246,0
6446,32,4,1231365,58745,0
6447,6,0,9197,0,0
6448,0,1,0,269,0
6449,0,1,0,858,0
6450,0,2,0,172813,0
6451,28,16,369685,367328,0
6452,0,5,0,64132,0
6453,0,1,0,3846,0
6454,0,1,0,513,0
6455,0,8,0,18028,0
6456,49,8,482082,45236,0
6457,87,35,1734855,229440,0
6458,0,2,0,381538,0
6459,2,0,6575,0,0
6460,0,1,0,7196,0
6461,0,1,0,66,0
6462,0,2,0,7275,0
6463,0,2,0,368,0
6464,0,3,0,20112,0
6465,0,11,0,120456,0
6466,46,24,1278670,184151,0
6467,163,32,2137299,4171856,0
6468,1,0,194,0,0
6469,0,1,0,2711,0
6470,0,1,0,1837,0
6471,0,1,0,79,0
6472,0,1,0,22,0
6473,0,1,0,3722,0
6474,0,1,0,858,0
6475,0,1,0,2578,0
6476,0,2,0,21940,0
6477,0,2,0,90994,0
6478,3,4,1706,9243,0
6479,2,2,17300,42272,0
6480,0,1,0,274960,0
6481,0,1,0,2348,0
6482,1,2,1911,261,0
6483,4,15,164537,587433,0
6484,19,0,241178,0,0
6485,2,0,21093,0,0
6486,1,2,21505,7100,0
6487,1,1,1738,3,0
6488,2,0,206346,0,0
6489,1,0,505,0,0
6490,1,0,108,0,0
6491,0,1,0,182,0
6492,2,3,4461,14964,0
6493,176,83,2975479,2071322,0
6494,36,7,4332210,14938,0
6495,0,1,0,604,0
6496,0,2,0,17109,0
6497,45,16,722374,143934,0
6498,0,10,0,184945,0
6499,0,1,0,4340,0
6500,86,35,2532269,1668237,0
6501,33,14,1252159,105360,0
6502,76,8,2794782,38412,0
6503,22,1,451088,782,0
6504,1,2,657,3547,0
6505,4,7,638982,179469,0
6506,0,9,0,527652,0
6507,42,6,1252889,1186579,0
6508,56,8,2265890,16217,0
6509,34,8,909561,42647,0
6510,32,5,303118,390426,0
6511,3,4,125737,28524,0
6512,0,2,0,139113,0
6513,2,3,222022,2379,0
6514,0,1,0,344,0
6515,0,1,0,90822,0
6516,0,2,0,5814,0
6517,0,3,0,55034,0
6518,65,10,879348,58026,0
6519,0,1,0,511,0
6520,0,1,0,643,0
6521,1,7,3287,16420,0
6522,134,32,2180390,560466,0
6523,15,12,29196,34824,0
6524,0,3,0,8923,0
6525,7,2,53320,8120,0
6526,0,1,0,49,0
6527,0,1,0,58,0
6528,0,3,0,176220,0
6529,0,2,0,244,0
6530,1,52,16,713949,0
6531,120,10,6268419,366110,0
6532,81,11,875827,139095,0
6533,24,3,485105,36961,0
6534,32,8,305650,23869,0
6535,28,12,988339,125329,0
6536,72,14,1153285,31626,0
6537,24,6,1258354,443091,0
6538,8,3,22457,8190,0
6539,41,9,522640,622517,0
6540,25,14,396039,96105,0
6541,14,12,18571,642334,0
6542,112,28,3438492,9831533,0
6543,23,9,1334208,18101,0
6544,41,8,1243026,32141,0
6545,5,10,335527,16996,0
6546,28,11,327422,471561,0
6547,9,2,264403,16656,0
6548,15,12,122800,94033,0
6549,3,2,3901,4008,0
6550,57,20,945581,5676652,0
6551,21,8,218161,56377,0
6552,177,32,13862929,366158,0
6553,57,11,1863587,28016,0
6554,0,3,0,237365,0
6555,0,3,0,9671,0
6556,40,9,16568166,46542,0
6557,0,4,0,151725,0
6558,0,9,0,72642,0
6559,27,8,6507923,307168,0
6560,0,1,0,1254,0
6561,0,1,0,948,0
6562,0,2,0,1084,0
6563,1,1,6201,18526,0
6564,0,3,0,2866,0
6565,61,25,748604,1348873,0
6566,0,13,0,764660,0
6567,4,6,115165,64711,0
6568,2,2,11089,3333,0
6569,5,1,7762,154502,0
6570,1,1,235080,1142,0
6571,4,5,25976,58215,0
6572,0,2,0,6143,0
6573,0,2,0,76647,0
6574,2,2,1040,26809,0
6575,4,42,16575,890994,0
6576,71,17,630682,74942,0
6577,64,23,1891346,295593,0
6578,31,6,817498,187903,0
6579,23,9,272272,316864,0
6580,23,15,288473,275257,0
6581,68,29,3100535,590946,0
6582,55,9,5789099,81636,0
6583,20,12,120383,67095,0
6584,57,21,843527,421712,0
6585,2,3,2208,3167,0
6586,20,13,1699626,95522,0
6587,51,3,1372825,34659,0
6588,38,0,1213596,0,0
6589,9,10,50271,20836,0
6590,73,20,1592304,680834,0
6591,30,9,610826,120634,0
6592,44,16,1997342,639327,0
6593,11,1,83994,70527,0
6594,15,6,860820,13348,0
6595,3,2,5535,441,0
6596,7,8,308937,15102645,0
6597,6,14,268008,117192,0
6598,0,1,0,25887,0
6599,0,2,0,1516,0
6600,0,4,0,6075,0
6601,29,8,271115,36145,0
6602,1,2,20533,22684,0
6603,0,5,0,38174,0
6604,41,13,443447,117436,0
6605,11,4,95538,125961,0
6606,0,1,0,48,0
6607,0,1,0,190,0
6608,0,3,0,970,0
6609,8,12,16986,1343281,0
6610,159,55,7310380,6476152,0
6611,0,1,0,104,0
6612,0,2,0,158323,0
6613,0,3,0,22857,0
6614,0,5,0,80672,0
6615,54,26,1125554,1813382,0
6616,69,10,842684,293950,0
6617,0,2,0,292632,0
6618,8,16,13089,528252,0
6619,0,2,0,846758,0
6620,0,1,0,1913,0
6621,1,2,8197,6090,0
6622,0,4,0,21235,0
6623,58,20,2174147,880267,0
6624,0,5,0,128701,0
6625,0,4,0,81201,0
6626,1,3,510,29516,0
6627,0,1,0,2941,0
6628,0,7,0,602264,0
6629,3,6,45,5692,0
6630,0,7,0,1790595,0
6631,15,6,1769917,102947,0
6632,0,30,0,2037538,0
6633,21,2,97186,154421,0
6634,90,10,870784,68143,0
6635,32,8,3402638,2020178,0
6636,38,14,4393731,1672594,0
6637,13,12,98530,47364,0
6638,1,0,497,0,0
6639,1,0,83,0,0
6640,8,2,30449,18629,0
6641,2,0,19579,0,0
6642,0,1,0,868,0
6643,0,1,0,6948,0
6644,0,1,0,2019,0
6645,5,4,36274,71453,0
6646,0,1,0,57,0
6647,0,5,0,10723,0
6648,4,0,146738,0,0
6649,2,0,22912,0,0
6650,1,0,2566,0,0
6651,2,0,1124,0,0
6652,0,2,0,8707,0
6653,0,2,0,91141,0
6654,0,2,0,6158,0
6655,0,1,0,53,0
6656,0,2,0,1304,0
6657,0,2,0,3583,0
6658,0,1,0,211203,0
6659,0,1,0,23677,0
6660,0,1,0,97238,0
6661,0,1,0,2995,0
6662,0,5,0,4550,0
6663,0,2,0,53418,0
6664,25,3,102861,2104,0
6665,0,1,0,5242,0
6666,0,1,0,941,0
6667,2,8,4743,83494,0
6668,47,10,826247,228437,0
6669,4,0,32118,0,0
6670,21,11,279186,267079,0
6671,2,1,7733,1334,0
6672,0,3,0,39359,0
6673,0,1,0,13,0
6674,1,5,27,12940,0
6675,8,0,161142,0,0
6676,1,0,2375,0,0
6677,0,7,0,282606,0
6678,0,1,0,1561,0
6679,0,1,0,0,0
6680,0,1,0,9633,0
6681,0,2,0,48035,0
6682,0,6,0,44484,0
6683,54,6,1938289,301779,0
6684,1,13,5,115681,0
6685,6,0,142791,0,0
6686,2,0,3713,0,0
6687,9,0,82520,0,0
6688,7,0,452943,0,0
6689,3,0,7271,0,0
6690,1,2,79,24085,0
6691,1,0,435,0,0
6692,1,0,4184,0,0
6693,0,1,0,38,0
6694,0,3,0,11411,0
6695,0,2,0,4149,0
6696,2,3,26466,31513,0
6697,3,1,33219,309,0
6698,0,1,0,543,0
6699,0,1,0,793,0
6700,1,1,41110,1125,0
6701,0,2,0,2877,0
6702,0,9,0,87317,0
6703,9,3,47683,85377,0
6704,0,1,0,1389,0
6705,0,2,0,14949,0
6706,3,9,17924,16580,0
6707,0,2,0,577,0
6708,0,2,0,13634,0
6709,0,3,0,13730,0
6710,2,1,3885,855,0
6711,2,1,14204,30184,0
6712,0,1,0,4127,0
6713,0,1,0,7,0
6714,0,10,0,22713,0
6715,0,2,0,17545,0
6716,1,1,325,232621,0
6717,0,9,0,35973,0
6718,1,1,764,71982,0
6719,0,2,0,759,0
6720,0,4,0,52715,0
6721,16,10,205105,869449,0
6722,3,2,95813,189427,0
6723,1,9,29,60562,0
6724,20,4,235126,17837,0
6725,12,0,512254,0,0
6726,2,0,10367,0,0
6727,2,0,14118,0,0
6728,2,0,154377,0,0
6729,2,0,1836,0,0
6730,0,1,0,174472,0
6731,0,1,0,177063,0
6732,0,1,0,166,0
6733,0,1,0,343,0
6734,0,2,0,45597,0
6735,0,2,0,130303,0
6736,0,1,0,15411,0
6737,0,3,0,45002,0
6738,5,14,36324,119502,0
6739,46,18,2031213,156969,0
6740,27,4,3711132,38081,0
6741,4,2,6008,2504,0
6742,0,2,0,1968,0
6743,0,1,0,13,0
6744,0,1,0,16637,0
6745,0,1,0,1334,0
6746,0,1,0,627,0
6747,0,1,0,4832,0
6748,0,1,0,80151,0
6749,1,4,2711,19464,0
6750,12,13,147144,141655,0
6751,0,8,0,94838,0
6752,0,2,0,39194,0
6753,0,1,0,1608,0
6754,0,2,0,5624,0
6755,0,1,0,1703,0
6756,0,1,0,262,0
6757,0,3,0,12210,0
6758,0,2,0,2274,0
6759,10,3,412266,59672,0
6760,3,0,6728,0,0
6761,0,1,0,693,0
6762,2,2,33147,236316,0
6763,1,1,8709,2250,0
6764,0,1,0,6047,0
6765,0,1,0,148,0
6766,0,1,0,48,0
6767,0,1,0,585,0
6768,0,1,0,1235,0
6769,0,1,0,64,0
6770,0,1,0,3133,0
6771,0,1,0,49,0
6772,0,1,0,970,0
6773,0,2,0,8654,0
6774,0,7,0,296271,0
6775,9,4,132676,286436,0
6776,0,2,0,457,0
6777,0,2,0,4990,0
6778,0,4,0,49175,0
6779,0,2,0,41472,0
6780,1,14,1059,1228610,0
6781,1,2,1679,2559,0
6782,1,67,3538,1510707,0
6783,46,22,1331040,1379404,0
6784,15,8,155779,28803,0
6785,14,12,40227,95537,0
6786,26,8,147568,116247,0
6787,22,16,511944,949080,0
6788,6,0,15039,0,0
6789,32,6,9430753,18260,0
6790,61,45,9852074,1553804,0
6791,51,7,3683684,13610,0
6792,11,7,30880,123469,0
6793,15,17,302029,79109,0
6794,33,16,392439,241727,0
6795,5,7,31253,25107,0
6796,27,7,80314,47079,0
6797,30,13,626246,157470,0
6798,23,21,617917,147517,0
6799,28,9,655917,70379,0
6800,6,5,25667,103501,0
6801,3,3,765,6017,0
6802,38,14,311314,546595,0
6803,0,1,0,81577,0
6804,0,1,0,78617,0
6805,0,1,0,5639,0
6806,0,1,0,81,0
6807,0,1,0,5844,0
6808,0,2,0,10644,0
6809,68,30,965476,382360,0
6810,0,2,0,4004,0
6811,0,1,0,8091,0
6812,1,3,128,29907,0
6813,1,2,16232,318358,0
6814,0,3,0,4559,0
6815,0,1,0,1453,0
6816,0,1,0,4392,0
6817,1,5,4239,1735,0
6818,0,1,0,101129,0
6819,0,2,0,10608,0
6820,0,2,0,199662,0
6821,0,1,0,336,0
6822,0,2,0,1547,0
6823,0,3,0,6419,0
6824,23,12,349485,1080641,0
6825,0,2,0,42158,0
6826,0,3,0,16709,0
6827,0,1,0,692,0
6828,0,1,0,188,0
6829,0,1,0,336,0
6830,0,1,0,104034,0
6831,1,3,619,21207,0
6832,0,4,0,40464,0
6833,6,9,155831,257808,0
6834,1,4,1161,15067,0
6835,4,4,246486,134500,1
6836,0,1,0,3076,0
6837,0,2,0,3042,0
6838,0,14,0,297182,0
6839,24,11,253465,1344685,0
6840,0,10,0,614046,0
6841,28,3,403178,185997,0
6842,0,1,0,61711,0
6843,0,11,0,108864,0
6844,0,4,0,6884,0
6845,0,8,0,720548,0
6846,0,2,0,8107,0
6847,1,3,391,127,0
6848,0,1,0,1792,0
6849,0,1,0,3865,0
6850,0,2,0,21459,0
6851,1,48,279,11116928,0
6852,7,0,60413,0,0
6853,9,5,22304,12034,0
6854,23,16,298680,1214477,0
6855,3,0,83023,0,0
6856,5,0,36085,0,0
6857,23,14,4449948,2588033,0
6858,5,0,99117,0,0
6859,19,8,590282,182757,0
6860,16,7,361121,17490,0
6861,3,5,858,8689,0
6862,61,17,3129023,164736,0
6863,1,1,109,15588,0
6864,11,8,368000,16858,0
6865,1,3,2430,14251,0
6866,87,21,3936626,101257,0
6867,0,2,0,2817,0
6868,0,2,0,32828,0
6869,10,10,194287,199714,0
6870,3,1,2468,853,0
6871,0,1,0,42837,0
6872,0,2,0,506910,0
6873,4,1,579633,15472,0
6874,0,2,0,2102,0
6875,0,2,0,4020,0
6876,0,3,0,619,0
6877,0,1,0,4540,0
6878,0,1,0,56813,0
6879,1,10,6360,95780,0
6880,9,15,170460,223346,0
6881,7,1,8517,44,0
6882,0,3,0,427078,0
6883,0,1,0,422051,0
6884,0,2,0,37549,0
6885,0,4,0,14635,0
6886,0,1,0,5445,0
6887,0,8,0,78020,0
6888,7,6,34496,177724,0
6889,0,3,0,33190,0
6890,0,1,0,7656,0
6891,1,4,352,98042,0
6892,0,1,0,1361,0
6893,0,4,0,27187,0
6894,0,1,0,12,0
6895,0,3,0,21545,0
6896,95,31,3446582,644348,0
6897,0,5,0,46458,0
6898,2,1,967,106,0
6899,1,1,3030,2191,0
6900,1,2,90,3896,0
6901,4,0,31751,0,0
6902,1,1,2191,185,0
6903,11,0,1364283,0,0
6904,1,0,4779,0,0
6905,2,0,6262,0,0
6906,1,1,2492,34942,0
6907,8,0,15836,0,0
6908,2,0,610,0,0
6909,6,0,28086,0,0
6910,3,0,4699,0,0
6911,0,18,0,208600,0
6912,2,2,1726,1385,0
6913,2,0,18214,0,0
6914,1,1,1750,384,0
6915,1,1,80,69,0
6916,2,1,3287,235,0
6917,1,0,232,0,0
6918,1,0,123,0,0
6919,1,1,2629,498,0
6920,7,4,46363,511727,0
6921,1,0,78648,0,0
6922,1,1,752,82,0
6923,1,1,86,922,0
6924,2,1,12322,52,0
6925,2,0,75530,0,0
6926,2,0,776,0,0
6927,2,0,1010,0,0
6928,1,0,235,0,0
6929,1,0,498,0,0
6930,1,1,546,93,0
6931,1,0,379,0,0
6932,1,0,736,0,0
6933,1,0,510066,0,0
6934,1,2,3924,321088,0
6935,32,0,600401,0,0
6936,0,1,0,21,0
6937,0,1,0,2580,0
6938,0,2,0,58694,0
6939,17,0,139839,0,0
6940,0,2,0,21814,0
6941,1,2,353,20406,0
6942,2,4,15759,666,0
6943,0,3,0,12423,0
6944,1,0,6230,0,0
6945,2,0,10193,0,0
6946,0,3,0,23742,0
6947,1,0,1233,0,0
6948,2,0,8362,0,0
6949,1,0,138633,0,0
6950,1,0,1049,0,0
6951,1,1,15534,13443,0
6952,1,1,1038,93,0
6953,1,0,38903,0,0
6954,1,0,1798,0,0
6955,1,0,57,0,0
6956,1,0,377,0,0
6957,1,0,108,0,0
6958,1,0,2012384,0,0
6959,1,0,855,0,0
6960,1,0,56,0,0
6961,1,0,8997,0,0
6962,1,0,6617,0,0
6963,1,0,1934,0,0
6964,1,0,3879,0,0
6965,1,1,1148,590,0
6966,1,0,2287,0,0
6967,1,0,962,0,0
6968,1,0,121,0,0
6969,1,0,226,0,0
6970,1,0,104,0,0
6971,1,0,4689,0,0
6972,1,0,562,0,0
6973,1,0,12628,0,0
6974,1,0,746,0,0
6975,1,0,392811,0,0
6976,1,2,527,6314,0
6977,1,0,2897,0,0
6978,1,0,196,0,0
6979,1,0,20925,0,0
6980,1,0,1004,0,0
6981,1,0,9216,0,0
6982,1,0,6879,0,0
6983,1,0,178461,0,0
6984,1,0,3231,0,0
6985,1,0,4112,0,0
6986,1,0,172,0,0
6987,1,0,47042,0,0
6988,1,0,1742,0,0
6989,1,0,25,0,0
6990,1,0,7735,0,0
6991,1,0,309,0,0
6992,1,0,1218,0,0
6993,1,0,108,0,0
6994,1,0,5229,0,0
6995,1,1,294,444,0
6996,1,0,4,0,0
6997,1,0,669,0,0
6998,1,0,141,0,0
6999,1,0,12541,0,0
7000,1,0,2453,0,0
7001,1,0,869,0,0
7002,6,15,25709,139276,0
7003,1,0,14440,0,0
7004,1,1,7467,11524,0
7005,1,0,3058,0,0
7006,1,0,158625,0,0
7007,1,0,8231,0,0
7008,1,0,14174,0,0
7009,1,0,4658,0,0
7010,1,0,690,0,0
7011,1,0,529,0,0
7012,1,0,162,0,0
7013,1,0,809,0,0
7014,1,0,153104,0,0
7015,3,2,25114,32386,0
7016,1,0,6907,0,0
7017,1,0,409,0,0
7018,1,0,1263,0,0
7019,1,0,4122,0,0
7020,1,0,132,0,0
7021,3,0,13442,0,0
7022,5,0,54421,0,0
7023,1,1,14,59581,0
7024,1,0,2238,0,0
7025,1,0,318,0,0
7026,1,0,8969,0,0
7027,1,0,2378,0,0
7028,1,0,3,0,0
7029,1,0,8050,0,0
7030,1,0,43814,0,0
7031,1,0,2296,0,0
7032,1,0,6451,0,0
7033,1,0,163,0,0
7034,1,0,10957,0,0
7035,1,0,135229,0,0
7036,39,0,1318680,0,0
7037,1,0,187,0,0
7038,1,0,4515,0,0
7039,1,0,90,0,0
7040,1,0,54,0,0
7041,1,0,16094,0,0
7042,1,0,30765,0,0
7043,1,0,1333,0,0
7044,1,1,212596,197,0
7045,1,0,1756,0,0
7046,1,0,580,0,0
7047,1,0,122,0,0
7048,2,0,8150,0,0
7049,2,8,9452,11376,0
7050,1,0,48,0,0
7051,1,0,107,0,0
7052,1,0,1179,0,0
7053,1,1,623,481,0
7054,1,0,10074,0,0
7055,1,0,991,0,0
7056,1,0,740,0,0
7057,1,0,26216,0,0
7058,1,0,804,0,0
7059,1,0,207,0,0
7060,2,3,76743,28670,0
7061,1,0,66,0,0
7062,1,0,24613,0,0
7063,1,0,47,0,0
7064,1,0,630,0,0
7065,1,0,6099,0,0
7066,2,0,5815,0,0
7067,1,0,12502,0,0
7068,1,0,14010,0,0
7069,1,0,47,0,0
7070,1,0,9606,0,0
7071,1,0,100,0,0
7072,1,0,23,0,0
7073,1,0,13793,0,0
7074,1,0,67,0,0
7075,1,0,13154,0,0
7076,1,0,1071,0,0
7077,22,1,399162,47097,0
7078,1,0,22714,0,0
7079,1,0,20,0,0
7080,2,0,7771,0,0
7081,1,0,46996,0,0
7082,1,0,248,0,0
7083,1,0,4801,0,0
7084,1,0,2158,0,0
7085,1,0,57,0,0
7086,1,0,266,0,0
7087,1,0,100,0,0
7088,1,0,168,0,0
7089,1,0,8812,0,0
7090,1,0,197,0,0
7091,1,0,4489,0,0
7092,1,0,2680,0,0
7093,1,0,782,0,0
7094,1,0,3266,0,0
7095,1,0,77,0,0
7096,1,0,6330,0,0
7097,1,0,206,0,0
7098,10,0,976825,0,0
7099,5,0,9056,0,0
7100,1,0,954,0,0
7101,1,0,828,0,0
7102,1,1,894,376,0
7103,1,0,25,0,0
7104,1,0,31986,0,0
7105,1,0,447,0,0
7106,1,0,9154,0,0
7107,1,0,1313,0,0
7108,1,0,142,0,0
7109,1,0,2365,0,0
7110,4,0,8227,0,0
7111,1,0,8177,0,0
7112,16,1,277301,96,0
7113,1,0,6624,0,0
7114,1,0,2660,0,0
7115,1,0,1203,0,0
7116,1,0,225160,0,0
7117,1,0,2852,0,0
7118,1,0,2691,0,0
7119,1,0,2271,0,0
7120,1,1,11635,3756,0
7121,1,0,511,0,0
7122,1,0,2458,0,0
7123,1,0,9,0,1
7124,1,0,299,0,0
7125,1,0,2144,0,0
7126,1,0,86,0,0
7127,1,0,915,0,0
7128,1,0,7180,0,0
7129,1,0,454,0,0
7130,1,0,10371,0,0
7131,11,2,31279,52935,0
7132,1,0,231,0,0
7133,1,0,6357,0,0
7134,1,0,267,0,0
7135,1,0,3285,0,0
7136,1,0,273,0,0
7137,1,0,4088,0,0
7138,1,0,12696,0,0
7139,1,0,238,0,0
7140,1,0,585,0,0
7141,1,0,65668,0,0
7142,1,0,11,0,0
7143,1,0,47000,0,0
7144,1,0,7155,0,0
7145,1,1,4722,1099,0
7146,1,0,14881,0,0
7147,1,0,180674,0,0
7148,1,0,19699,0,0
7149,1,0,1542,0,0
7150,1,0,29085,0,0
7151,1,0,570,0,0
7152,1,0,235,0,0
7153,1,0,68,0,0
7154,1,0,2898,0,0
7155,1,0,24,0,0
7156,2,0,544,0,0
7157,1,0,15462,0,0
7158,1,0,7702,0,0
7159,1,0,1224,0,0
7160,1,0,243,0,0
7161,1,0,2603242,0,0
7162,1,0,2133,0,0
7163,1,0,36246,0,0
7164,1,0,12486,0,0
7165,1,0,3661,0,0
7166,1,0,883,0,0
7167,1,0,240,0,0
7168,1,0,5430,0,0
7169,1,0,1502,0,0
7170,1,0,229,0,0
7171,1,0,443,0,0
7172,1,0,36484,0,0
7173,1,0,707,0,0
7174,1,0,5,0,0
7175,1,0,39134,0,0
7176,1,0,6846,0,0
7177,1,0,10,0,0
7178,1,0,8441,0,0
7179,1,0,403,0,0
7180,1,0,12935,0,0
7181,1,1,193215,6100,0
7182,1,0,121,0,0
7183,1,0,35,0,0
7184,1,0,3558,0,0
7185,1,0,739,0,0
7186,1,0,75,0,0
7187,2,1,41621,9,0
7188,1,1,2096,1256,0
7189,1,0,1947,0,0
7190,1,0,2047,0,0
7191,1,0,56,0,0
7192,1,0,323,0,0
7193,1,0,119062,0,0
7194,1,0,3814,0,0
7195,1,0,83,0,0
7196,1,0,1879,0,0
7197,1,0,178,0,0
7198,1,0,144410,0,0
7199,1,0,2031,0,0
7200,1,0,148,0,0
7201,1,0,6246,0,0
7202,1,0,2123,0,0
7203,1,0,4032,0,0
7204,1,0,372,0,0
7205,1,0,91,0,0
7206,1,0,489,0,0
7207,1,0,4509,0,0
7208,1,0,660,0,0
7209,1,1,5021,187,0
7210,1,0,139,0,0
7211,1,0,672,0,0
7212,1,0,111,0,0
7213,1,0,3708,0,0
7214,1,0,800,0,0
7215,1,0,185,0,0
7216,1,0,2556,0,0
7217,1,0,49841,0,0
7218,1,0,768,0,0
7219,1,0,0,0,0
7220,1,0,8040,0,0
7221,1,0,2270,0,0
7222,1,0,286620,0,0
7223,1,0,15692,0,0
7224,1,0,6,0,0
7225,1,0,290,0,0
7226,7,1,1310534,747,0
7227,4,1,22811,118,0
7228,1,0,32930,0,0
7229,1,0,4175,0,0
7230,1,0,221,0,0
7231,1,0,4199,0,0
7232,1,0,63,0,0
7233,1,0,127,0,0
7234,1,0,17830,0,0
7235,1,0,1557,0,0
7236,1,0,467,0,0
7237,1,0,2133,0,0
7238,1,0,1055,0,0
7239,1,0,3317,0,0
7240,1,0,751,0,0
7241,1,0,6747,0,0
7242,1,0,302,0,0
7243,1,0,968,0,0
7244,1,0,500,0,0
7245,1,0,17,0,0
7246,1,0,597,0,0
7247,4,2,70341,15053,0
7248,1,1,1550,1220,0
7249,1,0,3389,0,0
7250,1,0,449,0,0
7251,1,0,1121,0,0
7252,1,1,7570,76,0
7253,1,0,34,0,0
7254,1,1,2428,5606,0
7255,1,0,49425,0,0
7256,1,1,32127,757,0
7257,1,0,12090,0,0
7258,1,1,60259,733,0
7259,1,0,23855,0,0
7260,1,0,2118,0,0
7261,1,0,125,0,0
7262,1,0,127777,0,0
7263,2,1,40536,2591,0
7264,1,0,452,0,0
7265,1,0,35804,0,0
7266,1,0,4839,0,0
7267,1,0,18404,0,0
7268,22,0,176253,0,0
7269,1,0,192,0,0
7270,1,0,718,0,0
7271,1,0,357,0,0
7272,1,0,2221,0,0
7273,1,0,2367,0,0
7274,1,0,111,0,0
7275,1,0,567,0,0
7276,1,0,2954,0,0
7277,1,0,11614,0,0
7278,1,0,1039397,0,0
7279,1,0,355,0,0
7280,1,0,143,0,0
7281,1,0,60,0,0
7282,1,0,2988,0,0
7283,1,0,45,0,0
7284,1,0,1083,0,0
7285,2,0,777,0,0
7286,1,0,405,0,0
7287,1,0,1392,0,0
7288,1,0,82101,0,0
7289,1,0,1534,0,0
7290,1,0,977,0,0
7291,1,0,2058,0,0
7292,1,1,8391,1536,0
7293,1,0,2493,0,0
7294,1,0,803,0,0
7295,1,0,9716,0,0
7296,1,1,23924,166,0
7297,1,0,1046,0,0
7298,1,0,5313,0,0
7299,1,0,3225,0,0
7300,1,0,3621,0,0
7301,1,0,168206,0,0
7302,1,0,534,0,0
7303,2,0,47354,0,0
7304,1,0,38,0,0
7305,1,0,655,0,0
7306,1,0,103,0,0
7307,1,0,13366,0,0
7308,1,1,14399,77,0
7309,1,0,263611,0,0
7310,1,0,369,0,0
7311,1,0,888,0,0
7312,1,0,1275,0,0
7313,1,0,678,0,0
7314,1,0,3856,0,0
7315,2,0,145767,0,0
7316,1,1,1015,142092,0
7317,1,0,6,0,0
7318,2,0,8357,0,0
7319,1,0,17041,0,0
7320,1,0,3689,0,0
7321,1,0,9761,0,0
7322,1,0,6067,0,0
7323,1,0,389,0,0
7324,1,0,67,0,0
7325,0,1,0,6,0
7326,0,1,0,576,0
7327,1,4,696,173962,0
7328,7,0,241050,0,0
7329,1,0,62,0,0
7330,2,0,3143,0,0
7331,0,1,0,818,0
7332,0,1,0,192,0
7333,1,4,2268,35368,0
7334,4,115,47130,2355554,0
7335,5,0,33583,0,0
7336,1,0,19,0,0
7337,0,1,0,342,0
7338,0,4,0,22154,0
7339,190,5,5460017,17567,0
7340,1,2,202,11092,0
7341,1,0,21629,0,0
7342,0,3,0,35179,0
7343,146,0,5325947,0,0
7344,1,7,353,49895,0
7345,23,0,1043859,0,0
7346,1,0,4171,0,0
7347,1,0,1024,0,0
7348,2,0,918,0,0
7349,1,5,2443,1823720,0
7350,3,1,10777,114,0
7351,1,0,45,0,0
7352,1,0,5,0,0
7353,1,0,2549,0,0
7354,1,0,407,0,0
7355,1,1,2478,14048,0
7356,1,3,3942,3970,0
7357,4,1,4261,52722,0
7358,1,0,19447,0,0
7359,1,0,5,0,0
7360,1,0,36233,0,0
7361,9,0,325965,0,0
7362,1,0,43201,0,0
7363,1,0,10686,0,0
7364,31,0,925536,0,0
7365,2,0,4325,0,0
7366,1,0,239,0,0
7367,1,1,12,17,0
7368,1,0,1,0,0
7369,1,7,23621,12916,0
7370,1,0,45,0,0
7371,1,1,5206,13,0
7372,1,0,609,0,0
7373,1,0,27276,0,0
7374,2,5,15107,37120,0
7375,1,0,14841,0,0
7376,1,0,33287,0,0
7377,1,0,4270,0,0
7378,1,4,5585,119658,0
7379,17,0,572114,0,0
7380,1,0,57922,0,0
7381,22,0,539927,0,0
7382,1,5,58729,53627,0
7383,27,0,223251,0,0
7384,1,0,620,0,0
7385,2,0,7679,0,0
7386,26,12,701001,218647,0
7387,23,1,409990,23307,0
7388,3,2,9487,116944,0
7389,18,1,820397,135824,0
7390,1,0,128792,0,0
7391,6,0,22339,0,0
7392,1,0,6573,0,0
7393,1,0,58615,0,0
7394,1,0,10328,0,0
7395,9,0,17963,0,0
7396,0,1,0,1232,0
7397,0,1,0,1892,0
7398,0,2,0,42046,0
7399,1,0,3045,0,0
7400,0,2,0,334984,0
7401,0,6,0,151719,0
7402,12,16,139653,288676,0
7403,1,0,1512,0,0
7404,1,0,10565,0,0
7405,2,0,2556,0,0
7406,3,1,736701,1573,0
7407,1,1,385,31,0
7408,2,7,93535,83511,0
7409,22,2,197525,32280,0
7410,18,3,145995,86654,0
7411,10,0,87589,0,0
7412,1,0,6406,0,0
7413,1,0,830,0,0
7414,2,1,53622,613,0
7415,2,4,153,496567,0
7416,1,0,20401,0,0
7417,1,0,468577,0,0
7418,1,5,1845,22171,0
7419,94,1,1188815,1845,0
7420,4,2,11202,169,0
7421,10,0,365832,0,0
7422,1,0,9086,0,0
7423,0,2,0,31381,0
7424,1,1,25155,3723,0
7425,5,2,2828988,2565,0
7426,1,0,867,0,0
7427,7,2,76817,833,0
7428,47,1,3438535,1273,0
7429,1,10,216947,9670,0
7430,41,0,2714651,0,0
7431,1,0,413,0,0
7432,1,0,3027,0,0
7433,6,0,452112,0,0
7434,1,0,111,0,0
7435,1,1,240,216947,0
7436,3,13,12682,717447,0
7437,7,1,77861,582,0
7438,2,0,17073,0,0
7439,1,0,719,0,0
7440,1,0,5614,0,0
7441,1,0,1176,0,0
7442,1,0,5417,0,0
7443,1,0,4211,0,0
7444,1,0,683078,0,0
7445,1,1,185,161,0
7446,1,0,92,0,0
7447,1,0,8540,0,0
7448,0,2,0,8545,0
7449,14,0,184806,0,0
7450,1,1,389,783,0
7451,3,8,56963,11588,0
7452,61,0,850642,0,0
7453,4,0,8396,0,0
7454,1,0,26,0,0
7455,1,0,267,0,0
7456,0,2,0,346078,0
7457,5,4,360079,47049,0
7458,4,8,10849,164006,0
7459,2,0,133400,0,0
7460,1,0,5265,0,0
7461,1,0,964,0,0
7462,4,3,15592,5847,0
7463,1,0,27,0,0
7464,2,0,5762,0,0
7465,1,0,9943,0,0
7466,0,3,0,457,0
7467,30,0,586017,0,0
7468,0,3,0,6011,0
7469,3,0,20329,0,0
7470,1,0,2316,0,0
7471,1,3,22127,347861,0
7472,9,2,412501,1492,0
7473,2,0,11761,0,0
7474,2,2,27409,5674,0
7475,34,0,410226,0,0
7476,31,14,210292,740014,0
7477,7,0,14833,0,0
7478,5,0,77581,0,0
7479,4,0,1396520,0,0
7480,1,0,3624,0,0
7481,1,5,40164,7758,0
7482,3,0,14595,0,0
7483,1,0,657887,0,0
7484,1,0,1369,0,0
7485,1,0,16,0,0
7486,1,1,2316,79,0
7487,1,0,31,0,0
7488,1,0,4501,0,0
7489,4,3,257911,92024,0
7490,4,5,7135,1227,0
7491,1,0,282,0,0
7492,0,3,0,599,0
7493,1,0,173,0,0
7494,1,0,337,0,0
7495,0,1,0,250,0
7496,0,2,0,2208,0
7497,0,4,0,94276,0
7498,143,27,5303146,916563,0
7499,47,3,847567,26936,0
7500,0,12,0,117428,0
7501,1,2,109,50350,0
7502,17,13,96142,171113,0
7503,3,6,36753,38224,0
7504,0,1,0,149,0
7505,0,1,0,11,0
7506,1,2,1442,8169,0
7507,6,0,48707,0,0
7508,3,29,12795,192636,0
7509,117,21,2983881,4664317,0
7510,93,16,2108691,307150,0
7511,1,1,41738,447,0
7512,0,1,0,343681,0
7513,2,2,244,15797,0
7514,9,1,357844,25166,0
7515,0,1,0,3077,0
7516,0,2,0,1854,0
7517,1,6,1032,413687,0
7518,2,46,58540,751898,0
7519,19,8,1217337,81383,0
7520,59,33,2910485,247401,0
7521,7,5,95728,82354,0
7522,29,6,213328,13161,0
7523,9,3,26462,3466,0
7524,66,10,9672067,95670,0
7525,62,15,1257038,1470285,0
7526,62,26,788208,499178,0
7527,1,0,1244,0,0
7528,1,1,10337,145767,0
7529,26,14,224067,171608,0
7530,4,51,17271,631653,0
7531,3,2,1890,19829,0
7532,5,1,46301,3740,0
7533,29,13,2220651,165984,0
7534,54,12,474528,82354,0
7535,69,16,970182,248729,0
7536,47,14,1271534,234489,0
7537,5,6,101776,88545,0
7538,51,11,2409762,466141,0
7539,1,0,205408,0,0
7540,4,6,21666,65208,0
7541,4,5,11586,6837,0
7542,0,2,0,2279,0
7543,0,12,0,66978,0
7544,76,20,3585559,526828,0
7545,65,13,2713374,362915,0
7546,11,6,93354,457556,0
7547,2,1,1713,1612,0
7548,17,6,911519,29770,0
7549,1,1,564,396,0
7550,0,7,0,108025,0
7551,0,1,0,5869,0
7552,0,1,0,383,0
7553,0,43,0,1065974,0
7554,32,25,426435,306980,0
7555,61,15,1989276,482688,0
7556,2,0,611914,0,0
7557,4,1,8433,2732,0
7558,0,1,0,9099,0
7559,0,29,0,315437,0
7560,14,9,29025,95821,0
7561,2,0,11089,0,0
7562,2,1,2790,1165,0
7563,0,1,0,5765,0
7564,0,1,0,99619,0
7565,0,3,0,3694,0
7566,0,1,0,176,0
7567,0,9,0,65082,0
7568,75,20,725349,177060,0
7569,4,3,548,179370,0
7570,0,3,0,27009,0
7571,0,1,0,1914,0
7572,2,18,32300,285125,0
7573,3,0,9805,0,0
7574,10,8,1886948,16048,0
7575,3,1,51966,8054,0
7576,1,0,3274,0,0
7577,1,1,10208,13760,0
7578,2,2,276,3517,0
7579,1,1,58539,1051,0
7580,3,2,9092,33848,0
7581,0,16,0,1256391,0
7582,0,2,0,4983,0
7583,1,2,142,3451,0
7584,1,41,20015,1622086,0
7585,129,22,2840807,204781,0
7586,9,5,33538,4000976,0
7587,14,9,92761,168683,0
7588,18,9,97141,15772,0
7589,5,0,252748,0,0
7590,3,0,605,0,0
7591,23,9,725026,1070985,0
7592,0,3,0,5984,0
7593,21,0,100848,0,0
7594,4,0,364684,0,0
7595,1,0,29992,0,0
7596,0,1,0,781,0
7597,21,9,201523,121960,0
7598,92,10,6426454,1264111,0
7599,2,0,9433,0,0
7600,1,0,119,0,0
7601,6,0,47401,0,0
7602,1,0,207,0,0
7603,1,0,17770,0,0
7604,1,0,2147,0,0
7605,3,0,109814,0,0
7606,1,0,11764,0,0
7607,1,1,21141,823,0
7608,2,0,1360,0,0
7609,3,0,28883,0,0
7610,1,9,1457,43545,0
7611,7,4,100564,8446,0
7612,1,0,33,0,0
7613,1,10,413,776299,0
7614,11,0,206233,0,0
7615,31,1,963931,118,0
7616,1,2,537,1342,0
7617,1,0,532,0,0
7618,1,1,36,77413,0
7619,1,2,33732,27610,0
7620,1,1,36,65934,0
7621,2,0,1422,0,0
7622,6,3,80455,2123,0
7623,2,0,33936,0,0
7624,0,3,0,63872,0
7625,5,31,61172,9599536,0
7626,2,3,180194,34145,0
7627,7,4,8025,14594,0
7628,16,8,91717,62342,0
7629,6,4,260180,10176,0
7630,0,1,0,10813,0
7631,0,1,0,1599,0
7632,0,1,0,837,0
7633,0,1,0,669,0
7634,1,7,25025,1385029,1
7635,3,3,11090,13828,0
7636,12,2,369791,27788,0
7637,11,0,22320,0,0
7638,0,2,0,3143,0
7639,0,1,0,42,0
7640,0,1,0,117,0
7641,0,27,0,483377,0
7642,2,1,6210,107678,0
7643,1,0,9829,0,0
7644,2,0,2105,0,0
7645,1,1,63877,416,0
7646,0,1,0,1091,0
7647,0,3,0,50760,0
7648,18,7,9774212,81923,0
7649,12,0,829602,0,0
7650,0,2,0,3238,0
7651,0,1,0,22861,0
7652,0,5,0,1664437,0
7653,0,1,0,3980,0
7654,0,3,0,5337,0
7655,6,18,18422,91684,0
7656,0,7,0,9668,0
7657,8,7,167452,46612,0
7658,7,0,115741,0,0
7659,37,0,517227,0,0
7660,1,1,3105,58,0
7661,1,0,29,0,0
7662,3,0,3949,0,0
7663,0,1,0,22596,0
7664,1,1,269,12668,0
7665,0,3,0,18876,0
7666,2,25,5296,401867,0
7667,0,1,0,2760,0
7668,1,1,25873,10544,0
7669,0,1,0,276,0
7670,0,2,0,89426,0
7671,0,3,0,6349,0
7672,0,2,0,2420,0
7673,1,1,108720,8039,0
7674,0,3,0,7865,0
7675,0,3,0,1743,0
7676,0,2,0,4670,0
7677,0,1,0,90,0
7678,0,1,0,948,0
7679,0,1,0,1189,0
7680,0,1,0,12901,0
7681,1,0,4363,0,0
7682,1,0,480,0,0
7683,1,0,29,0,0
7684,11,1,1451736,94637,0
7685,1,0,350,0,0
7686,3,0,311241,0,0
7687,2,0,149822,0,0
7688,2,0,30411,0,0
7689,1,0,4849,0,0
7690,4,0,36720,0,0
7691,1,0,53151,0,0
7692,1,0,59522,0,0
7693,1,0,46,0,0
7694,1,0,561,0,0
7695,2,0,53079,0,0
7696,1,8,4703,176684,0
7697,9,0,56502,0,0
7698,1,0,591,0,0
7699,2,0,266345,0,0
7700,8,0,200929,0,0
7701,1,0,682,0,0
7702,1,0,6242,0,0
7703,0,2,0,254,0
7704,0,1,0,96,0
7705,0,4,0,221324,0
7706,2,0,13316,0,0
7707,1,0,7393,0,0
7708,1,0,154360,0,0
7709,13,13,116427,179383,0
7710,2,0,10968,0,0
7711,1,0,8289,0,0
7712,16,3,98473,3268,0
7713,1,1,4243,13333,0
7714,1,0,415,0,0
7715,1,0,316,0,0
7716,1,0,505,0,0
7717,4,1,201212,5575,0
7718,1,0,376,0,0
7719,3,0,104775,0,0
7720,1,0,110,0,0
7721,1,0,88809,0,0
7722,1,0,501,0,0
7723,1,0,389,0,0
7724,1,0,106,0,0
7725,1,0,14249,0,0
7726,1,0,89,0,0
7727,6,1,43403,139,0
7728,1,0,14478,0,0
7729,1,0,2099,0,0
7730,1,0,371,0,0
7731,1,0,230,0,0
7732,10,0,44565,0,0
7733,1,0,1119,0,0
7734,1,0,563,0,0
7735,2,1,95228,10938,0
7736,1,0,1074,0,0
7737,1,0,338,0,0
7738,2,0,9441,0,0
7739,1,0,55367,0,0
7740,0,1,0,493186,0
7741,0,2,0,65629,0
7742,1,2,61538,28491,0
7743,1,2,7,2102,0
7744,4,5,1427,70604,0
7745,0,1,0,17,0
7746,47,0,726452,0,0
7747,1,0,558,0,0
7748,36,0,585572,0,0
7749,9,0,3243676,0,0
7750,1,0,73608,0,0
7751,1,0,2309,0,0
7752,1,0,12524,0,0
7753,20,4,757703,678336,0
7754,1,0,483,0,0
7755,1,1,1193,4133,0
7756,3,0,2961,0,0
7757,1,0,12707,0,0
7758,3,1,60607,1041,0
7759,1,0,569,0,0
7760,0,3,0,670,0
7761,1,42,721,2021500,0
7762,13,7,130512,104914,0
7763,87,46,8018722,496993,0
7764,2,0,3749,0,0
7765,19,6,1062711,55276,0
7766,1,1,7055,25155,0
7767,14,5,220896,16235,0
7768,56,5,8102372,109592,0
7769,1,0,141,0,0
7770,3,5,24472,16726,0
7771,0,1,0,339,0
7772,0,2,0,85877,0
7773,0,2,0,15860,0
7774,0,3,0,16427,0
7775,7,0,181392,0,0
7776,0,13,0,667530,0
7777,0,2,0,110073,0
7778,2,5,113327,94693,0
7779,0,1,0,11358,0
7780,1,0,21,0,0
7781,1,0,1321,0,0
7782,1,2,9206,4209,0
7783,0,1,0,20,0
7784,9,3,303870,44981,0
7785,0,2,0,1846,0
7786,4,2,21803,140749,0
7787,0,3,0,12389,0
7788,0,1,0,1772,0
7789,0,2,0,13551,0
7790,0,2,0,431507,0
7791,0,1,0,1341,0
7792,0,5,0,66882,0
7793,3,1,7980,13357,0
7794,1,3,57570,1368,0
7795,1,1,2120,58805,0
7796,1,0,291,0,0
7797,0,1,0,24425,0
7798,0,1,0,44050,0
7799,0,13,0,135237,0
7800,0,3,0,1179,0
7801,0,2,0,232,0
7802,4,126,16939,2150489,0
7803,2,0,2282,0,0
7804,1,0,11346,0,0
7805,1,0,31,0,0
7806,2,0,975,0,0
7807,5,1,40112,4503,0
7808,2,0,24610,0,0
7809,1,0,1577,0,0
7810,1,0,1554,0,0
7811,1,0,57452,0,0
7812,1,0,3266,0,0
7813,1,0,3880,0,0
7814,1,0,447,0,0
7815,1,0,5,0,0
7816,1,0,398,0,0
7817,1,0,693,0,0
7818,1,0,436,0,0
7819,1,1,1322,23484,0
7820,2,0,33899,0,0
7821,1,0,1585,0,0
7822,2,1,7961,6274,0
7823,2,0,16718,0,0
7824,1,0,193557,0,0
7825,2,0,442,0,0
7826,1,0,4790,0,0
7827,1,0,49,0,0
7828,2,0,204426,0,0
7829,1,0,1459,0,0
7830,1,1,2084,777,0
7831,1,0,143,0,0
7832,1,0,224206,0,0
7833,36,24,1658245,4908716,0
7834,1,0,15747,0,0
7835,1,0,1568,0,0
7836,2,0,97358,0,1
7837,1,2,117283,127745,0
7838,1,0,1571,0,0
7839,1,0,4015,0,0
7840,2,0,133835,0,0
7841,10,10,91277,289793,0
7842,1,0,103514,0,0
7843,2,0,1907,0,0
7844,1,0,130299,0,0
7845,1,0,60580,0,0
7846,1,0,17,0,0
7847,1,0,3580,0,0
7848,1,0,3805,0,0
7849,2,0,2124,0,0
7850,1,0,7550,0,0
7851,1,0,306,0,0
7852,1,0,11418,0,0
7853,1,0,240,0,0
7854,1,0,236,0,0
7855,1,0,796,0,0
7856,1,0,31940,0,0
7857,1,0,51579,0,0
7858,1,0,2024,0,0
7859,1,0,1802,0,0
7860,1,0,1592,0,0
7861,1,0,9,0,0
7862,1,0,76865,0,0
7863,1,0,536,0,0
7864,1,0,13142,0,0
7865,1,0,10109,0,0
7866,1,0,5191,0,0
7867,2,1,102428,7,0
7868,6,0,242950,0,0
7869,1,0,9,0,0
7870,1,0,38,0,0
7871,1,0,193,0,0
7872,1,0,2788,0,0
7873,5,0,44702,0,0
7874,3,0,285333,0,0
7875,4,1,29469,5646,0
7876,1,0,171,0,0
7877,1,0,864,0,0
7878,12,2,443621,155128,0
7879,2,1,2414,7940,0
7880,1,0,2168,0,0
7881,2,0,4432,0,0
7882,1,0,2101,0,0
7883,1,0,21731,0,0
7884,1,0,345,0,0
7885,1,0,1736,0,0
7886,1,1,3610,1842,0
7887,1,0,170,0,0
7888,1,0,1788,0,0
7889,1,0,176,0,0
7890,1,0,5865,0,0
7891,1,0,420,0,0
7892,1,0,1380,0,0
7893,1,0,414,0,0
7894,1,0,3220,0,0
7895,1,0,1647,0,0
7896,1,0,7662,0,0
7897,1,0,107,0,0
7898,1,0,2797,0,0
7899,2,0,23768,0,0
7900,2,0,33042,0,0
7901,2,1,27217,4489,0
7902,1,2,10763,5249,0
7903,3,1,23087,1378350,0
7904,0,3,0,2812120,0
7905,11,60,254835,758297,0
7906,7,9,22043,199150,0
7907,4,4,77434,2827,0
7908,3,0,30754,0,0
7909,15,3,90776,32900,0
7910,0,14,0,130647,0
7911,0,2,0,658,0
7912,0,2,0,10775,0
7913,0,1,0,658,0
7914,0,1,0,688,0
7915,0,2,0,5290,0
7916,0,2,0,10098,0
7917,2,4,11507,4176,0
7918,2,1,21386,37,0
7919,1,0,1768,0,0
7920,0,2,0,83221,0
7921,0,3,0,32331,0
7922,0,2,0,160767,0
7923,0,2,0,1538,0
7924,4,0,14967,0,0
7925,12,3,206008,3746,0
7926,1,1,3660,2250,0
7927,1,0,21,0,0
7928,32,0,2234997,0,0
7929,4,0,11584,0,0
7930,1,0,9654,0,0
7931,1,0,1426,0,0
7932,1,0,901,0,0
7933,1,0,75369,0,0
7934,1,0,56559,0,0
7935,2,0,17321,0,0
7936,1,1,10,3011,0
7937,1,0,141,0,0
7938,3,0,60919,0,0
7939,1,0,5690,0,0
7940,1,0,22,0,0
7941,1,1,25108,4272,0
7942,2,1,35613,18848,0
7943,4,0,5011,0,0
7944,1,0,25417,0,0
7945,1,0,12030,0,0
7946,1,0,1052,0,0
7947,1,0,1401,0,0
7948,2,2,6283,7257,0
7949,7,0,22300,0,0
7950,1,0,17079,0,0
7951,1,0,2102,0,0
7952,2,0,15678,0,1
7953,5,0,14406,0,0
7954,1,0,94324,0,0
7955,1,7,1704,511623,0
7956,25,0,208887,0,0
7957,1,0,8337,0,0
7958,1,0,77,0,0
7959,1,0,129939,0,0
7960,2,0,514,0,0
7961,1,0,131,0,0
7962,1,0,614,0,0
7963,1,0,916,0,0
7964,1,0,46,0,0
7965,2,0,23494,0,0
7966,1,0,1137,0,0
7967,1,0,7507,0,0
7968,5,0,7997,0,0
7969,1,0,5451,0,0
7970,1,0,15879,0,0
7971,22,0,1041062,0,0
7972,1,0,673,0,0
7973,2,0,10399,0,0
7974,1,0,23,0,0
7975,1,0,8467,0,0
7976,1,0,1281,0,0
7977,2,6,22444,401919,0
7978,1,0,172,0,0
7979,1,0,2051,0,0
7980,1,1,37,31969,0
7981,1,0,2662,0,0
7982,1,0,4052,0,0
7983,1,1,51,32,0
7984,1,0,5,0,0
7985,1,0,101,0,0
7986,1,0,4715,0,0
7987,5,0,74478,0,0
7988,1,0,38663,0,0
7989,1,0,4971,0,0
7990,1,0,1472,0,0
7991,4,2,12443,40613,0
7992,1,3,28,10874,0
7993,1,0,917,0,0
7994,1,0,2491,0,0
7995,1,0,1212,0,0
7996,1,0,2007,0,0
7997,1,0,25438,0,0
7998,1,0,9323,0,0
7999,1,0,687,0,0
8000,1,0,26,0,0
8001,1,0,184237,0,0
8002,1,0,58,0,0
8003,8,0,28622,0,0
8004,1,0,91877,0,0
8005,1,0,487664,0,0
8006,1,0,1401,0,0
8007,4,2,5439,9751,0
8008,1,0,576,0,0
8009,2,0,6820,0,0
8010,3,0,23136,0,0
8011,1,0,3786,0,0
8012,35,0,474004,0,0
8013,1,1,4,184,0
8014,1,2,4195,17433,0
8015,2,2,15676,13171,0
8016,1,1,39596,21061,0
8017,7,2,173169,14111,0
8018,67,8,7466476,124804,0
8019,1,1,38,369,0
8020,1,1,29,2026,0
8021,4,2,103743,295,0
8022,2,2,31389,7543,0
8023,2,0,6375,0,0
8024,1,1,91238,508,0
8025,29,0,1079008,0,0
8026,1,0,616,0,0
8027,1,0,540,0,0
8028,1,0,27,0,0
8029,2,0,13613,0,0
8030,2,3,12263,180659,0
8031,2,1,15581,8954,0
8032,5,0,62046,0,0
8033,1,1,567,89156,0
8034,1,0,454,0,0
8035,7,2,13673,263425,0
8036,1,0,407,0,0
8037,6,5,215519,15405,0
8038,3,0,11213,0,0
8039,1,0,4328,0,0
8040,6,3,8497,54304,0
8041,1,0,7197,0,0
8042,1,0,847,0,0
8043,0,1,0,3256,0
8044,1,1,31917,709,0
8045,0,1,0,48491,0
8046,0,1,0,64,0
8047,0,1,0,644,0
8048,0,1,0,9222,0
8049,0,4,0,30603,0
8050,1,1,2645,1398,0
8051,0,1,0,89,0
8052,0,1,0,22912,0
8053,2,10,24659,32302,0
8054,3,1,2436,65,0
8055,1,5,0,49791,0
8056,0,2,0,71969,0
8057,0,3,0,7085,0
8058,0,1,0,1121,0
8059,0,9,0,40917,0
8060,1,0,828,0,0
8061,5,3,59340,1726,0
8062,3,45,30752,906857,0
8063,4,0,576472,0,0
8064,1,0,8565,0,0
8065,2,0,2122,0,0
8066,2,0,2650,0,0
8067,1,0,13033,0,0
8068,1,0,11242,0,0
8069,1,0,173650,0,0
8070,1,0,13568,0,0
8071,3,0,390,0,0
8072,3,0,5824,0,0
8073,2,0,577,0,0
8074,1,0,7,0,0
8075,1,2,70,5921,0
8076,2,4,731,122972,0
8077,7,2,24482,94952,0
8078,22,0,191908,0,0
8079,14,0,333456,0,0
8080,1,0,10934,0,0
8081,2,0,3852,0,0
8082,1,2,117,9152,0
8083,6,0,256098,0,0
8084,2,0,4225,0,0
8085,1,0,332,0,0
8086,1,0,93,0,0
8087,1,0,1490,0,0
8088,2,0,371835,0,0
8089,2,1,364207,433,0
8090,3,0,13433,0,0
8091,1,0,4755,0,0
8092,3,1,4111,9,0
8093,2,0,6288,0,0
8094,1,0,691,0,0
8095,1,0,3016,0,0
8096,1,0,49437,0,0
8097,6,0,4939,0,0
8098,22,2,383827,8695,0
8099,1,1,2396,26216,0
8100,2,0,44515,0,0
8101,2,0,15249,0,0
8102,3,1,48039,815,0
8103,1,0,508,0,0
8104,1,1,1090,904,0
8105,0,1,0,16810,0
8106,0,1,0,57,0
8107,0,1,0,2685,0
8108,0,1,0,44,0
8109,0,1,0,114000,0
8110,0,31,0,540269,0
8111,4,1,23124,347,0
8112,78,19,553927,146360,0
8113,5,0,93856,0,0
8114,0,38,0,2099211,0
8115,13,3,101574,99455,0
8116,50,16,2161357,212347,0
8117,3,1,710,412,0
8118,2,0,550,0,0
8119,0,1,0,4,0
8120,0,1,0,12248,0
8121,0,1,0,1144,0
8122,0,7,0,17648,0
8123,1,2,7570,4797,0
8124,4,1,19290,48783,0
8125,0,2,0,1902,0
8126,0,2,0,1597,0
8127,0,1,0,9311,0
8128,0,1,0,2048,0
8129,0,1,0,494,0
8130,0,1,0,1242,0
8131,0,1,0,796,0
8132,0,2,0,251,0
8133,0,2,0,5576,0
8134,0,1,0,314,0
8135,0,1,0,144186,0
8136,0,1,0,161040,0
8137,0,1,0,249,0
8138,0,1,0,954,0
8139,0,2,0,21774,0
8140,0,3,0,3654,0
8141,0,1,0,101608,0
8142,1,0,8954,0,0
8143,0,1,0,17736,0
8144,0,1,0,1293,0
8145,0,1,0,2330,0
8146,0,1,0,16,0
8147,0,1,0,29656,0
8148,0,1,0,13459,0
8149,0,4,0,313514,0
8150,0,2,0,190153,0
8151,1,4,2720,16542,0
8152,0,5,0,8359,0
8153,0,2,0,34886,0
8154,1,2,50156,3217,0
8155,2,0,2991,0,0
8156,3,13,5955,39255,0
8157,5,18,310657,362033,0
8158,11,13,165559,168315,0
8159,1,1,1475,2799,0
8160,0,3,0,9337,0
8161,2,0,2530,0,0
8162,1,1,2326,56005,0
8163,1,1,533,143,0
8164,1,0,117304,0,0
8165,1,1,1276,105,0
8166,1,1,12265,3269,0
8167,9,1,241777,1556,0
8168,2,0,25891,0,0
8169,2,0,27979,0,0
8170,8,0,70642,0,0
8171,12,3,107246,4090,0
8172,25,0,273809,0,0
8173,5,0,6841,0,0
8174,1,1,7592,9334,0
8175,0,2,0,1565,0
8176,0,1,0,150032,0
8177,0,2,0,49913,0
8178,0,14,0,74713,0
8179,0,2,0,2131,0
8180,1,1,107,14598,0
8181,0,6,0,68705,0
8182,0,15,0,454079,0
8183,1,5,370726,5492,0
8184,9,2,134643,5699,0
8185,1,0,4427,0,0
8186,0,26,0,331630,0
8187,21,6,114730,17438,0
8188,1,0,26230,0,0
8189,2,0,1351,0,0
8190,0,1,0,9076,0
8191,0,1,0,686,0
8192,0,1,0,13614,0
8193,0,12,0,232860,0
8194,4,1,6694,187735,0
8195,5,3,98359,668,0
8196,0,1,0,140388,0
8197,0,4,0,13916,0
8198,0,6,0,35738,0
8199,0,1,0,292,0
8200,0,1,0,4348,0
8201,0,2,0,106,0
8202,0,1,0,302,0
8203,0,1,0,1892,0
8204,1,3,5136,16841,0
8205,0,1,0,399,0
8206,0,1,0,44,0
8207,0,1,0,783,0
8208,2,2,31318,35016,0
8209,30,8,646330,112185,0
8210,0,6,0,11559,0
8211,0,2,0,53346,0
8212,0,1,0,4648,0
8213,0,1,0,267,0
8214,9,4,32557,188636,0
8215,6,4,167208,51746,0
8216,0,41,0,389158,0
8217,13,9,48553,316508,0
8218,0,1,0,654,0
8219,0,2,0,2451,0
8220,0,13,0,45364,0
8221,0,2,0,17399,0
8222,0,1,0,98,0
8223,0,1,0,897,0
8224,0,1,0,2067,0
8225,0,2,0,9615,0
8226,0,32,0,509771,0
8227,1,2,206,1923655,0
8228,0,1,0,69,0
8229,0,1,0,20059,0
8230,0,6,0,80648,0
8231,1,3,60843,64883,0
8232,1,2,2593,60968,0
8233,0,3,0,8785,0
8234,2,1,17665,2726,0
8235,0,1,0,4,0
8236,0,2,0,6922,0
8237,0,1,0,4633,0
8238,0,2,0,18080,0
8239,2,35,131063,470484,0
8240,12,9,116699,84899,0
8241,0,1,0,7298,0
8242,0,1,0,2859,0
8243,0,1,0,1210,0
8244,0,1,0,350,0
8245,0,2,0,6796,0
8246,0,4,0,4874,0
8247,0,1,0,55,0
8248,9,10,132148,130122,0
8249,0,3,0,1618,0
8250,0,9,0,435651,0
8251,0,1,0,921,0
8252,0,1,0,9,0
8253,0,6,0,93825,0
8254,39,41,325260,529413,0
8255,16,13,1270616,90578,0
8256,11,5,172005,243141,0
8257,0,26,0,195960,0
8258,1,0,19242,0,0
8259,0,2,0,63652,0
8260,0,1,0,8982,0
8261,0,1,0,133121,0
8262,0,8,0,117236,0
8263,1,0,60824,0,0
8264,1,3,911,6650,0
8265,1,0,16040,0,0
8266,1,0,10825,0,0
8267,1,20,284,463520,0
8268,20,4,481787,169789,0
8269,1,0,515,0,0
8270,1,0,179320,0,0
8271,5,0,21830,0,0
8272,2,0,97,0,0
8273,2,0,380,0,0
8274,3,0,6408,0,0
8275,7,0,20215,0,0
8276,1,0,246,0,0
8277,2,0,329095,0,0
8278,1,0,6013,0,0
8279,5,0,14989,0,0
8280,1,0,3139,0,0
8281,2,0,94121,0,0
8282,1,0,205,0,0
8283,7,18,6430,120358,0
8284,50,0,1389767,0,0
8285,7,4,49671,79964,0
8286,42,1,439673,1442,0
8287,65,0,743023,0,0
8288,2,0,23541,0,0
8289,1,0,25831,0,0
8290,3,0,13662,0,0
8291,1,1,8488,319,0
8292,1,1,162,2,0
8293,1,0,213,0,0
8294,3,0,4180,0,0
8295,1,0,5262,0,0
8296,1,0,15,0,0
8297,5,1,400579,178,0
8298,2,4,6218,8034,0
8299,1,1,14,4496,0
8300,1,1,4953,204,0
8301,1,0,3,0,0
8302,2,0,6142,0,0
8303,7,2,35389,69813,0
8304,10,0,52676,0,0
8305,1,0,576594,0,0
8306,1,0,3202,0,0
8307,7,0,153465,0,0
8308,2,0,2754,0,0
8309,1,0,177,0,0
8310,3,4,21205,648633,0
8311,1,1,640,200,0
8312,1,0,200533,0,0
8313,109,1,3637016,94017,0
8314,1,0,483,0,0
8315,1,0,5749,0,0
8316,5,1,33407,2519,0
8317,1,0,7352,0,0
8318,1,1,2220,204,0
8319,4,1,9040,24,0
8320,1,0,484,0,0
8321,1,0,91420,0,0
8322,10,0,239984,0,0
8323,1,1,6026,29224,0
8324,1,0,203,0,0
8325,1,0,137204,0,0
8326,1,1,72182,55,0
8327,1,1,4133,3007,0
8328,1,0,20682,0,0
8329,0,1,0,80,0
8330,1,5,460903,42049,0
8331,2,6,3079,332571,0
8332,1,3,5713,468008,0
8333,0,8,0,120171,0
8334,4,5,34173,2385,0
8335,0,1,0,232,0
8336,0,1,0,486,0
8337,3,2,9920,9332,0
8338,0,2,0,6791,0
8339,0,1,0,1882,0
8340,0,1,0,3485,0
8341,0,1,0,2669,0
8342,0,1,0,7583,0
8343,0,1,0,1017,0
8344,0,6,0,11531,0
8345,34,5,859246,434,0
8346,15,13,226328,91532,0
8347,1,0,1820,0,0
8348,23,0,251123,0,0
8349,1,0,7459,0,0
8350,1,0,21,0,0
8351,38,0,1743478,0,0
8352,1,4,25744,31663,0
8353,1,2,32,131137,0
8354,2,0,13019,0,0
8355,1,1,622,895,0
8356,0,1,0,4439,0
8357,0,1,0,12642,0
8358,0,5,0,32970,0
8359,0,1,0,9,0
8360,0,1,0,874,0
8361,0,2,0,811,0
8362,0,1,0,1235,0
8363,0,2,0,1596,0
8364,0,3,0,15359,0
8365,0,4,0,57677,0
8366,0,3,0,6704,0
8367,3,10,322942,22060,0
8368,0,1,0,781,0
8369,0,1,0,828,0
8370,0,2,0,10104,0
8371,0,3,0,1777,0
8372,0,3,0,10780,0
8373,10,10,43037,89873,0
8374,1,2,5007,4777,0
8375,0,1,0,89,0
8376,1,1,457,12415,0
8377,0,5,0,3670,0
8378,8,6,2829885,24227,0
8379,1,1,5693,425,0
8380,0,3,0,29061,0
8381,7,3,92349,17578,0
8382,1,5,43026,728,0
8383,8,0,194879,0,0
8384,0,2,0,156188,0
8385,1,7,149120,58570,0
8386,1,2,13732,13247,0
8387,0,3,0,31415,0
8388,0,4,0,229727,0
8389,0,1,0,2534,0
8390,0,1,0,2543,0
8391,0,1,0,166,0
8392,1,2,36,2499,0
8393,0,4,0,75902,0
8394,0,2,0,235,0
8395,0,3,0,33780,0
8396,0,5,0,27036,0
8397,31,8,10660049,107238,0
8398,0,3,0,33055,0
8399,0,5,0,34543,0
8400,1,15,3672140,81244,0
8401,1,1,1522,447,0
8402,0,2,0,211846,0
8403,0,2,0,3215,0
8404,0,3,0,9439,0
8405,11,1,33391,304,0
8406,0,3,0,3113,0
8407,2,1,728,35166,0
8408,1,2,803,7794,0
8409,6,3,22166,11965,0
8410,5,1,5438,494,0
8411,0,3,0,2060,0
8412,1,3,4495,60617,0
8413,0,1,0,29,0
8414,0,1,0,3807,0
8415,0,1,0,14296,0
8416,1,1,274,8573,0
8417,0,2,0,10015,0
8418,0,1,0,502575,0
8419,0,3,0,14083,0
8420,0,1,0,6,0
8421,2,2,9443,516,0
8422,1,1,2400,1439,0
8423,0,1,0,1543,0
8424,0,1,0,225,0
8425,0,1,0,452170,0
8426,0,1,0,219,0
8427,0,8,0,85968,0
8428,1,0,14,0,0
8429,0,4,0,3929,0
8430,7,0,261260,0,0
8431,0,1,0,1663,0
8432,0,1,0,320,0
8433,0,1,0,427,0
8434,0,2,0,1595,0
8435,15,2,225647,1607,0
8436,1,2,62,21157,0
8437,0,1,0,18683,0
8438,2,4,621,6409,0
8439,0,26,0,384994,0
8440,2,1,27652,871,0
8441,0,1,0,40826,0
8442,2,2,126471,71104,0
8443,0,2,0,14393,0
8444,0,2,0,5634,0
8445,12,9,106938,74582,0
8446,1,5,3421,342504,0
8447,2,0,19165,0,0
8448,4,5,98598,128014,0
8449,4,0,76109,0,0
8450,17,11,315544,130264,0
8451,1,2,280,340,0
8452,1,0,2206,0,0
8453,1,1,3587,21,0
8454,0,3,0,46885,0
8455,1,1,2931005,12633,0
8456,1,3,13213,195765,0
8457,106,37,2111337,1079818,0
8458,2,4,304,30532,0
8459,0,6,0,354912,0
8460,1,2,164,344,0
8461,0,5,0,17715,0
8462,1,2,38225,4471,0
8463,0,6,0,131590,0
8464,0,3,0,1458,0
8465,0,1,0,779,0
8466,0,15,0,2386245,0
8467,3,2,13788,3871,0
8468,46,19,622600,166459,0
8469,0,2,0,349,0
8470,4,1,5646,8966,0
8471,1,2,11409,756,0
8472,30,2,2478042,22769,0
8473,2,0,35452,0,0
8474,2,1,1407,95,0
8475,1,0,9,0,0
8476,1,0,587,0,0
8477,0,2,0,10743,0
8478,0,6,0,34333,0
8479,2,1,9255,114,0
8480,2,2,72902,4759,0
8481,1,1,862,31,0
8482,0,1,0,431,0
8483,0,2,0,10054,0
8484,0,2,0,3098,0
8485,0,2,0,1256,0
8486,6,0,196568,0,0
8487,0,2,0,24575,0
8488,0,2,0,603,0
8489,8,6,181362,291682,0
8490,0,1,0,47135,0
8491,0,1,0,1695,0
8492,0,8,0,24850,0
8493,2,6,1201,141558,0
8494,0,1,0,1061,0
8495,0,1,0,70,0
8496,0,1,0,686,0
8497,0,1,0,9606,0
8498,0,1,0,3652,0
8499,0,1,0,32677,0
8500,2,6,3828,32040,0
8501,21,6,157288,17535,0
8502,2,0,2554,0,0
8503,0,1,0,13346,0
8504,0,2,0,192383,0
8505,6,1,206741,26260,0
8506,0,2,0,164,0
8507,0,3,0,6759,0
8508,0,5,0,199397,0
8509,4,2,17522,285,0
8510,2,17,13585,592029,0
8511,15,2,51475,5471,0
8512,11,0,470651,0,0
8513,4,0,36851,0,0
8514,1,0,14,0,0
8515,1,0,135,0,0
8516,2,0,82073,0,0
8517,1,1,17321,693,0
8518,3,0,3223,0,0
8519,1,0,347884,0,0
8520,2,0,1189,0,0
8521,1,0,419,0,0
8522,1,0,442,0,0
8523,1,0,1049,0,0
8524,2,0,36528,0,0
8525,0,3,0,355907,0
8526,0,1,0,2498,0
8527,0,1,0,6995,0
8528,0,4,0,7047,0
8529,0,2,0,8132,0
8530,0,1,0,458133,0
8531,0,10,0,77155,0
8532,0,3,0,4979,0
8533,8,0,19881,0,0
8534,1,1,3394,234,0
8535,0,2,0,36236,0
8536,0,1,0,137,0
8537,0,1,0,756,0
8538,3,2,35339,130546,0
8539,0,1,0,51,0
8540,0,1,0,9672,0
8541,0,5,0,19478,0
8542,2,57,6511,425445,0
8543,2,0,6060,0,0
8544,1,1,3163,5096,0
8545,2,1,21502,146669,0
8546,2,2,209939,4694,0
8547,0,1,0,14,0
8548,1,1,199,417,0
8549,0,1,0,7,0
8550,0,1,0,3935,0
8551,0,3,0,240440,0
8552,0,1,0,19720,0
8553,0,1,0,2,0
8554,0,5,0,915227,0
8555,8,10,71484,53015,0
8556,0,2,0,2264,0
8557,0,2,0,3134,0
8558,0,1,0,4655,0
8559,0,3,0,15169,0
8560,10,5,32810,86437,0
8561,2,6,32475,95826,0
8562,0,2,0,6896,0
8563,0,1,0,871,0
8564,0,1,0,226,0
8565,0,2,0,8336,0
8566,0,10,0,325457,0
8567,0,2,0,2205,0
8568,22,6,175039,1357717,0
8569,0,1,0,5095,0
8570,0,1,0,460,0
8571,2,2,1361,177556,0
8572,4,7,186334,1449294,0
8573,0,2,0,10454,0
8574,0,3,0,11488,0
8575,8,18,119656,192846,0
8576,1,1,1109,3712,0
8577,5,1,32630,1137,0
8578,0,1,0,39,0
8579,0,3,0,1506,0
8580,0,1,0,24,0
8581,0,2,0,3770,0
8582,28,1,983744,30108,0
8583,0,9,0,61235,0
8584,0,1,0,58,0
8585,7,13,395252,120818,0
8586,14,28,48759,306546,0
8587,0,2,0,17861,0
8588,0,4,0,1773638,0
8589,0,1,0,74,0
8590,0,1,0,23273,0
8591,0,7,0,6761,0
8592,0,1,0,407,0
8593,0,2,0,1351,0
8594,0,15,0,529258,0
8595,2,1,3167,2516,0
8596,0,1,0,496,0
8597,2,4,10813,399095,0
8598,0,2,0,702,0
8599,0,5,0,1776,0
8600,15,4,127402,625,0
8601,0,2,0,29635,0
8602,0,8,0,49869,0
8603,0,7,0,227008,0
8604,1,2,103,10430,0
8605,0,1,0,7424,0
8606,0,3,0,6644,0
8607,14,2,61514,107203,0
8608,0,5,0,35495,0
8609,3,10,2217,816974,0
8610,0,2,0,1063,0
8611,1,20,1671,387341,0
8612,0,3,0,13915,0
8613,0,1,0,99481,0
8614,0,2,0,14641,0
8615,0,1,0,525,0
8616,0,1,0,958,0
8617,0,2,0,3345,0
8618,0,2,0,1487,0
8619,0,1,0,794,0
8620,0,2,0,393,0
8621,0,1,0,17171,0
8622,0,1,0,134,0
8623,0,2,0,4968,0
8624,0,4,0,23374,0
8625,0,1,0,8890,0
8626,0,7,0,51369,0
8627,0,1,0,4009,0
8628,0,1,0,3143,0
8629,0,3,0,80173,0
8630,0,18,0,804235,0
8631,0,1,0,6212,0
8632,0,29,0,10680001,0
8633,14,26,2027740,77026,0
8634,2,1,3823,1290,0
8635,5,6,5474,329788,0
8636,1,1,215790,290,0
8637,0,1,0,1725,0
8638,0,1,0,5285,0
8639,0,1,0,10,0
8640,0,1,0,4244,0
8641,0,6,0,137348,0
8642,3,1,32312,1260,0
8643,0,2,0,13338,0
8644,0,1,0,3268,0
8645,0,1,0,44949,0
8646,0,1,0,497,0
8647,3,0,21872,0,0
8648,0,1,0,3752,0
8649,0,1,0,126,0
8650,0,1,0,14704,0
8651,0,3,0,22083,0
8652,18,12,312629,79269,0
8653,0,1,0,2814,0
8654,0,5,0,4974346,0
8655,0,1,0,3609,0
8656,0,7,0,42015,0
8657,0,1,0,381,0
8658,0,2,0,589,0
8659,0,3,0,54384,0
8660,0,1,0,40,0
8661,0,1,0,11188,0
8662,0,1,0,8716,0
8663,0,1,0,9227,0
8664,0,3,0,9844,0
8665,0,2,0,86737,0
8666,0,1,0,1110,0
8667,0,1,0,201,0
8668,0,1,0,7451,0
8669,0,1,0,44,0
8670,0,1,0,13,0
8671,0,4,0,5751,0
8672,7,8,4919,1265447,0
8673,0,15,0,150770,0
8674,0,2,0,46192,0
8675,0,5,0,57130,0
8676,0,2,0,32518,0
8677,0,1,0,2452791,0
8678,1,2,14709,6163,0
8679,1,0,4415,0,0
8680,2,0,4324,0,0
8681,1,0,518,0,0
8682,18,0,369340,0,0
8683,1,0,1284,0,0
8684,23,2,1511229,1049,0
8685,5,0,125429,0,0
8686,1,0,539,0,0
8687,1,1,7588,7,0
8688,1,0,950,0,0
8689,1,0,2086,0,0
8690,1,0,287,0,0
8691,2,0,176,0,0
8692,2,0,1064,0,0
8693,2,0,16211,0,0
8694,1,0,4482,0,0
8695,1,0,3682,0,0
8696,9,0,233924,0,0
8697,3,0,2545,0,0
8698,1,4,2179,45577,0
8699,1,0,179,0,0
8700,1,0,2686,0,0
8701,2,0,2919,0,0
8702,1,0,368,0,0
8703,4,2,9306,22965,0
8704,14,2,589493,4485,0
8705,2,0,94429,0,0
8706,2,0,1736,0,0
8707,1,0,26624,0,0
8708,6,2,195190,45863,0
8709,2,0,1256,0,0
8710,1,0,2543,0,0
8711,1,18,79,509415,0
8712,33,0,471632,0,0
8713,19,1,438726,65,0
8714,4,0,213061,0,0
8715,1,0,28,0,0
8716,1,0,384,0,0
8717,1,0,75,0,0
8718,3,0,209917,0,0
8719,1,0,5347,0,0
8720,1,0,646,0,0
8721,2,0,214960,0,0
8722,1,0,15353,0,0
8723,1,0,1432,0,0
8724,1,0,10036,0,0
8725,1,0,18491,0,0
8726,1,0,415,0,0
8727,0,1,0,12798,0
8728,4,13,87592,29045,0
8729,2,0,61815,0,0
8730,1,0,76,0,0
8731,8,0,58973,0,0
8732,2,0,1507,0,0
8733,3,0,19347,0,0
8734,7,2,347521,6873,0
8735,0,3,0,978,0
8736,5,0,8231,0,0
8737,1,0,152,0,0
8738,10,0,63644,0,0
8739,0,6,0,1311480,0
8740,35,2,3356969,519,0
8741,17,1,1358973,46,0
8742,1,0,5143,0,0
8743,1,0,162599,0,0
8744,1,0,7,0,0
8745,1,1,9706,159,0
8746,1,0,23512,0,0
8747,1,0,232,0,0
8748,2,0,11626,0,0
8749,1,0,44,0,0
8750,39,4,319688,18203,0
8751,10,1,26094,73589,0
8752,1,1,734,1486,0
8753,2,0,11035,0,0
8754,6,0,119419,0,0
8755,2,9,961,569741,0
8756,1,0,503,0,0
8757,1,0,3516,0,0
8758,1,0,274,0,0
8759,62,17,2172170,869023,0
8760,1,0,4,0,0
8761,1,0,3396,0,0
8762,2,0,2000,0,0
8763,63,4,2118202,92530,0
8764,2,0,121318,0,0
8765,3,0,7828,0,0
8766,2,0,93868,0,0
8767,4,0,2149,0,0
8768,1,1,1415,1193,0
8769,1,0,9192,0,0
8770,1,0,155,0,0
8771,2,0,2675,0,0
8772,2,0,730,0,0
8773,2,0,321,0,0
8774,1,0,660,0,0
8775,2,0,26470,0,0
8776,3,0,5412,0,0
8777,4,16,4700,128729,0
8778,1,0,36507,0,0
8779,2,2,6691,2348,0
8780,1,0,16,0,0
8781,2,2,669,163,0
8782,1,1,79236,715,0
8783,2,0,15001,0,0
8784,0,1,0,4464,0
8785,1,1,9,105620,0
8786,1,0,815,0,0
8787,6,6,43241,71540,0
8788,2,0,69186,0,0
8789,15,0,72231,0,0
8790,1,7,375,128209,0
8791,2,0,27490,0,0
8792,4,1,923,11684,0
8793,0,1,0,179,0
8794,0,1,0,1765,0
8795,0,1,0,1242,0
8796,1,1,11852,28371,0
8797,0,1,0,0,0
8798,15,24,2673029,517086,0
8799,1,0,255914,0,0
8800,2,0,62532,0,0
8801,3,0,145065,0,0
8802,7,0,46742,0,0
8803,1,4,13,201821,0
8804,5,0,75890,0,0
8805,1,1,18774,108,0
8806,1,0,1221,0,0
8807,1,0,25093,0,0
8808,1,0,179,0,0
8809,1,0,5083,0,0
8810,17,0,75669,0,0
8811,1,0,3844,0,0
8812,1,0,1457,0,0
8813,2,0,5454,0,0
8814,2,1,1068,2248,0
8815,2,0,1791,0,0
8816,15,0,87915,0,0
8817,0,1,0,119,0
8818,0,3,0,2137511,0
8819,9,9,358790,228417,0
8820,11,5,32299,21862,0
8821,0,2,0,402659,0
8822,2,3,50386,1019,0
8823,0,1,0,36,0
8824,1,2,639,58728,0
8825,0,4,0,975,0
8826,7,14,5212,327589,0
8827,83,0,3038163,0,0
8828,2,1,188800,353093,0
8829,0,1,0,36810,0
8830,0,1,0,884,0
8831,0,2,0,54725,0
8832,0,2,0,6007,0
8833,0,3,0,113497,0
8834,3,2,35763,351342,0
8835,1,1,16423,1135,0
8836,0,7,0,29192,0
8837,13,0,296753,0,0
8838,1,1,6172,15425,0
8839,2,1,8771,511,0
8840,1,0,1514,0,0
8841,1,0,7791,0,0
8842,1,5,2736,3264,0
8843,1,2,87547,4712,0
8844,123,1,2501238,2,0
8845,39,0,3677273,0,0
8846,6,1,113842,263132,0
8847,1,0,32,0,0
8848,1,0,145920,0,0
8849,5,0,35911,0,0
8850,4,2,30841,64375,0
8851,3,0,2417,0,0
8852,2,0,429,0,0
8853,1,1,16194,26199,0
8854,1,0,1487,0,0
8855,7,7,18237,11557,0
8856,1,0,162,0,0
8857,2,1,12667,513,0
8858,2,0,3402,0,0
8859,1,0,250,0,0
8860,1,0,22,0,0
8861,5,0,1045360,0,0
8862,2,0,1570,0,0
8863,2,0,405,0,0
8864,1,0,4422,0,0
8865,1,0,1309,0,0
8866,1,0,5018,0,0
8867,2,0,90600,0,0
8868,2,1,2093,224833,0
8869,1,0,141,0,0
8870,1,0,104104,0,0
8871,2,1,30340,83614,1
8872,1,0,640,0,0
8873,2,0,103100,0,0
8874,1,0,98,0,0
8875,2,0,18251,0,0
8876,0,2,0,50708,0
8877,0,1,0,3024,0
8878,0,1,0,3596,0
8879,0,1,0,3582,0
8880,0,2,0,1869,0
8881,3,0,4280,0,0
8882,10,5,43942,210224,0
8883,3,2,96686,4508,0
8884,1,0,151176,0,0
8885,7,1,188718,2021,0
8886,1,0,8648,0,0
8887,1,0,26567,0,0
8888,1,2,18542,5128,0
8889,1,0,73,0,0
8890,1,0,1130,0,0
8891,1,0,722,0,0
8892,0,1,0,890,0
8893,0,3,0,9230,0
8894,1,1,7239,18343,0
8895,0,2,0,66480,0
8896,0,2,0,14033,0
8897,0,3,0,3878,0
8898,4,0,8046,0,0
8899,0,1,0,16928,0
8900,0,1,0,109,0
8901,1,7,3513,11490,0
8902,3,6,2391,212677,0
8903,1,1,630,9806,0
8904,0,4,0,27537,0
8905,0,3,0,12758,0
8906,0,1,0,2350,0
8907,0,12,0,62680,0
8908,0,9,0,14506,0
8909,13,8,129279,139564,0
8910,0,1,0,11,0
8911,6,3,305153,31779,0
8912,0,13,0,85281,0
8913,10,7,97051,19657,0
8914,0,9,0,699113,0
8915,40,47,900078,3554910,0
8916,2,2,13973,340664,0
8917,1,0,168,0,0
8918,3,0,4135,0,0
8919,0,1,0,2780,0
8920,0,1,0,329,0
8921,0,1,0,110,0
8922,0,1,0,9293,0
8923,0,1,0,35824,0
8924,0,14,0,574171,0
8925,0,1,0,165,0
8926,0,8,0,157109,0
8927,0,4,0,6207,0
8928,1,1,14122,9,0
8929,1,7,1857,1054470,0
8930,6,10,583155,27209,0
8931,15,3,106630,336929,0
8932,0,8,0,55976,0
8933,0,3,0,1081,0
8934,0,1,0,321,0
8935,0,1,0,951,0
8936,1,6,15,42372,0
8937,2,0,407,0,0
8938,1,0,6225,0,0
8939,2,1,8173,5,0
8940,0,11,0,397431,0
8941,1,0,1902,0,0
8942,4,1,4593,59804,0
8943,1,2,193884,7457,0
8944,0,4,0,264235,0
8945,0,1,0,1269,0
8946,0,1,0,5280,0
8947,0,13,0,161085,0
8948,2,0,52002,0,0
8949,1,1,569,270,0
8950,0,1,0,3229,0
8951,0,1,0,643,0
8952,1,36,459,731886,0
8953,0,4,0,8638,0
8954,18,18,103372,657954,0
8955,1,2,169,5649,0
8956,8,18,172131,218939,0
8957,0,1,0,91,0
8958,0,4,0,9074,0
8959,0,2,0,3008,0
8960,0,16,0,142989,0
8961,0,16,0,1877978,0
8962,2,2,4297,2668,0
8963,0,4,0,39839,0
8964,0,3,0,3390,0
8965,0,1,0,15480,0
8966,0,1,0,250,0
8967,0,1,0,9153,0
8968,5,37,6342,521570,0
8969,6,8,37903,33374,0
8970,1,0,3679,0,0
8971,1,0,1136,0,0
8972,1,0,7927,0,0
8973,8,1,29218,3644,0
8974,6,0,69098,0,0
8975,1,1,7444,7850,0
8976,1,0,56993,0,0
8977,5,0,139174,0,0
8978,4,1,7318,22166,0
8979,1,1,132626,644,0
8980,2,1,734,83,0
8981,1,0,10461,0,0
8982,2,0,382590,0,0
8983,2,2,43558,2727,0
8984,1,0,23914,0,0
8985,1,0,714,0,0
8986,1,0,69,0,0
8987,1,0,2561,0,0
8988,2,0,187315,0,0
8989,20,1,231186,234,0
8990,2,0,21355,0,0
8991,1,0,10092,0,0
8992,10,0,115558,0,0
8993,1,0,39,0,0
8994,2,0,10592,0,0
8995,8,0,110237,0,0
8996,3,0,15802,0,0
8997,5,0,180130,0,0
8998,1,0,9535,0,0
8999,1,0,199,0,0
9000,1,0,276,0,0
9001,3,0,2233,0,0
9002,0,1,0,955,0
9003,1,2,1075,275662,0
9004,0,1,0,11460,0
9005,1,3,1100,111,0
9006,7,1,51616,432,0
9007,0,2,0,204074,0
9008,0,1,0,3245,0
9009,0,3,0,20100,0
9010,0,5,0,17353,0
9011,0,3,0,100322,0
9012,1,2,15,11671,0
9013,4,0,14497,0,0
9014,0,12,0,2362630,0
9015,2,4,2585,3661,0
9016,5,20,18629,764538,0
9017,10,3,494922,19692,0
9018,0,1,0,4961,0
9019,0,1,0,3013,0
9020,0,1,0,1,0
9021,0,2,0,3624,0
9022,2,1,158023,1400,0
9023,0,1,0,3019,0
9024,0,1,0,195,0
9025,0,1,0,1411,0
9026,0,4,0,3288,0
9027,0,1,0,4827,0
9028,0,1,0,1947,0
9029,0,1,0,1454,0
9030,0,1,0,29732,0
9031,0,11,0,550932,0
9032,0,2,0,9667,0
9033,0,10,0,323615,0
9034,1,4,31746,140368,0
9035,2,0,41500,0,0
9036,0,1,0,606,0
9037,0,4,0,83468,0
9038,0,1,0,15924,0
9039,0,1,0,439,0
9040,0,1,0,64,0
9041,0,2,0,185785,0
9042,1,49,2050,955291,0
9043,3,4,66407,111182,0
9044,3,1,29054,299,0
9045,19,4,955300,719767,0
9046,0,1,0,546,0
9047,0,1,0,2292,0
9048,1,2,2196,19183,0
9049,2,1,19021,65,0
9050,0,3,0,326007,0
9051,0,2,0,4066,0
9052,0,3,0,7244,0
9053,0,1,0,1491,0
9054,0,3,0,9482,0
9055,1,0,8826,0,0
9056,8,3,40267,17509,0
9057,0,2,0,8479,0
9058,3,7,3259,1494114,0
9059,0,1,0,39826,0
9060,0,1,0,61761,0
9061,3,2,50154,34061,0
9062,5,3,54992,3321,0
9063,1,2,1976,5378,0
9064,3,6,327134,24454,0
9065,0,2,0,1286,0
9066,0,3,0,54321,0
9067,1,0,9,0,0
9068,0,1,0,7916,0
9069,0,2,0,327,0
9070,0,9,0,96742,0
9071,5,7,145094,53253,0
9072,0,3,0,5489,0
9073,2,12,14,111069,0
9074,1,3,6888,24520,0
9075,2,4,416,59170,0
9076,4,3,31581,31075,0
9077,0,4,0,170468,0
9078,0,1,0,994,0
9079,1,68,7570,3071416,0
9080,4,1,9284,50528,0
9081,3,0,80571,0,0
9082,1,1,1504398,41738,0
9083,2,2,13207,21378,0
9084,18,2,4152964,2516,0
9085,2,1,27805,641,0
9086,1,1,272,18720,0
9087,15,0,91469,0,0
9088,6,14,15927,455111,0
9089,1,7,80649,100577,0
9090,2,0,169078,0,0
9091,2,0,5536,0,0
9092,2,2,42782,7807,0
9093,2,0,415,0,0
9094,14,14,24863,201238,0
9095,0,2,0,722,0
9096,0,1,0,1616,0
9097,0,4,0,155408,0
9098,8,0,227683,0,0
9099,0,2,0,1707,0
9100,0,1,0,220,0
9101,0,7,0,55790,0
9102,0,2,0,3080,0
9103,0,1,0,384344,0
9104,0,2,0,129519,0
9105,7,0,2073574,0,0
9106,0,1,0,666,0
9107,0,1,0,101,0
9108,0,1,0,19656,0
9109,0,2,0,3195,0
9110,0,2,0,6980,0
9111,0,3,0,3176,0
9112,4,0,20950,0,0
9113,2,0,1530,0,0
9114,1,5,109,13262,0
9115,4,0,62704,0,0
9116,2,3,2178,8525,0
9117,5,2,71812,111165,0
9118,1,1,4,903,0
9119,1,0,1635,0,0
9120,1,0,23667,0,0
9121,3,0,13790,0,0
9122,1,1,3501,6490,0
9123,40,1,1052525,197,0
9124,1,1,1552,85,0
9125,1,0,1904,0,0
9126,1,0,6217,0,0
9127,1,1,37,1315,0
9128,1,0,410,0,0
9129,1,0,6583,0,0
9130,1,0,16253,0,0
9131,5,3,4003,22878,0
9132,1,0,1107,0,0
9133,1,0,6976,0,0
9134,11,0,32550,0,0
9135,6,0,33477,0,0
9136,2,0,406,0,0
9137,3,1,18590,8574,0
9138,1,0,562,0,0
9139,1,0,13,0,0
9140,1,0,375173,0,0
9141,1,0,2192,0,0
9142,1,0,37950,0,0
9143,1,0,377,0,0
9144,1,0,13428,0,0
9145,3,2,89290,46334,0
9146,1,0,67,0,0
9147,1,0,1584,0,0
9148,1,0,326,0,0
9149,1,0,1772,0,0
9150,1,0,13022,0,0
9151,1,1,412,335,0
9152,24,0,124221,0,0
9153,1,1,3511,1592,0
9154,3,0,247731,0,0
9155,1,6,628,57236,0
9156,1,1,20746,6056,0
9157,1,0,55019,0,0
9158,1,0,1003,0,0
9159,3,1,1349,64818,0
9160,1,0,4319,0,0
9161,1,0,210413,0,0
9162,1,0,2768,0,0
9163,2,0,3103,0,0
9164,1,0,2065,0,0
9165,1,0,1567,0,0
9166,1,0,500,0,0
9167,1,0,133,0,0
9168,1,0,967602,0,0
9169,1,0,34161,0,0
9170,1,0,6188,0,0
9171,1,0,1084,0,0
9172,1,2,891,37329,0
9173,1,0,1421,0,0
9174,2,0,892,0,0
9175,1,0,237523,0,0
9176,1,0,108,0,0
9177,1,0,120,0,0
9178,1,0,9829,0,0
9179,1,0,56462,0,0
9180,1,0,3098,0,0
9181,1,0,357,0,0
9182,1,0,396,0,0
9183,1,0,7,0,0
9184,1,1,39,62,0
9185,1,0,8,0,0
9186,1,0,4124,0,0
9187,1,0,43056,0,0
9188,3,0,5878,0,0
9189,1,0,7855,0,0
9190,1,0,36841,0,0
9191,1,1,280,142,0
9192,1,0,7944,0,0
9193,1,0,8329,0,0
9194,1,0,68,0,0
9195,1,0,368,0,0
9196,1,0,39,0,0
9197,1,1,3816,3383,0
9198,1,0,1555,0,0
9199,1,0,2077,0,0
9200,2,3,6355,140371,0
9201,1,0,102466,0,0
9202,1,1,75,4157,0
9203,1,0,3410,0,0
9204,1,0,3730,0,0
9205,1,0,94,0,0
9206,1,0,58,0,0
9207,1,0,1042,0,0
9208,1,3,4629,75499,0
9209,5,0,1467417,0,0
9210,1,0,5314,0,0
9211,1,0,264,0,0
9212,1,0,2120,0,0
9213,1,0,1117,0,0
9214,1,0,791,0,0
9215,1,0,5234,0,0
9216,1,0,896,0,0
9217,2,0,3509,0,0
9218,2,0,8304,0,0
9219,1,0,181095,0,0
9220,8,0,76890,0,0
9221,1,0,8093,0,0
9222,1,0,68,0,0
9223,1,0,27290,0,0
9224,3,1,5186,3519,0
9225,1,0,535,0,0
9226,1,0,971,0,0
9227,10,2,190404,1486,0
9228,1,1,774,1702,0
9229,1,0,2747,0,0
9230,2,0,1042,0,0
9231,1,0,630,0,0
9232,1,0,9519,0,0
9233,1,0,5913,0,0
9234,3,1,20150,1002,0
9235,1,1,6399,1538,0
9236,1,0,2185,0,0
9237,23,4,259833,2006,0
9238,2,0,3729,0,0
9239,1,6,394,15244,0
9240,1,0,122107,0,0
9241,2,1,40491,82925,0
9242,1,0,1656,0,0
9243,1,0,360,0,0
9244,1,0,2816,0,0
9245,1,0,14802,0,0
9246,2,0,156,0,0
9247,2,1,734,5499,0
9248,2,0,14736,0,0
9249,1,0,5383,0,0
9250,1,0,83,0,0
9251,1,0,22305,0,0
9252,6,0,72262,0,0
9253,1,0,726,0,0
9254,2,0,7911,0,0
9255,1,1,12052,39,0
9256,1,0,47,0,0
9257,1,0,10836,0,0
9258,7,0,6871,0,0
9259,1,1,18381,27460,0
9260,1,0,3171,0,0
9261,1,0,150,0,0
9262,1,3,5521,32109,0
9263,1,0,148,0,0
9264,1,1,16515,2,0
9265,2,0,650,0,0
9266,1,1,4,237,0
9267,1,0,1528,0,0
9268,5,1,14665,995,0
9269,4,2,200972,134984,1
9270,6,0,54310,0,0
9271,1,0,37,0,0
9272,31,0,763335,0,0
9273,1,5,17,104970,0
9274,50,1,1463567,704,0
9275,1,1,3081,4032,0
9276,1,1,786,6288,0
9277,2,0,402,0,0
9278,2,1,10490,43318,0
9279,1,0,623,0,0
9280,1,0,3162,0,0
9281,7,0,37722,0,0
9282,6,0,101665,0,0
9283,7,5,447097,24130,0
9284,1,0,3634,0,0
9285,1,0,433717,0,0
9286,30,1,1107841,419,0
9287,1,10,929,70538,0
9288,2,0,10878,0,0
9289,1,0,6176,0,0
9290,1,0,3393,0,0
9291,1,0,405,0,0
9292,4,0,113114,0,0
9293,17,0,116508,0,0
9294,1,1,1420,493,0
9295,1,0,3284,0,0
9296,1,0,248032,0,0
9297,2,0,7639,0,0
9298,1,1,10914,66999,0
9299,1,0,49,0,0
9300,1,6,297,4266,0
9301,1,0,400,0,0
9302,1,0,27,0,0
9303,1,1,9994,367,0
9304,1,0,747,0,0
9305,1,0,43047,0,0
9306,39,1,766570,2723,0
9307,1,0,303,0,0
9308,1,0,5214,0,0
9309,2,5,8709,33300,0
9310,1,0,640,0,0
9311,1,0,302,0,0
9312,4,0,583406,0,0
9313,1,0,131,0,0
9314,1,0,14,0,0
9315,6,0,52614,0,0
9316,1,0,43717,0,0
9317,2,0,160,0,0
9318,1,0,546,0,0
9319,60,0,387483,0,0
9320,2,0,49303,0,0
9321,2,0,210,0,0
9322,1,0,90,0,0
9323,1,0,10642,0,0
9324,3,0,1639,0,0
9325,25,4,256032,654,0
9326,1,0,24549,0,0
9327,1,0,492,0,0
9328,1,1,2286,1255,0
9329,1,0,101737,0,0
9330,1,1,1915,292,0
9331,1,1,205,29408,0
9332,3,0,11890,0,0
9333,6,1,5503,2312,0
9334,6,1,146032,1605,0
9335,1,1,93,8665,0
9336,1,1,184,244,0
9337,1,3,1383,2030,0
9338,1,5,205993,5795541,0
9339,1,0,16,0,0
9340,1,0,2631,0,0
9341,1,1,2,122,0
9342,1,1,18937,9404,0
9343,1,0,1917,0,0
9344,2,0,2209,0,0
9345,1,0,3871,0,0
9346,2,0,18868,0,0
9347,1,1,26,29854,0
9348,1,1,542,10319,0
9349,4,0,225471,0,0
9350,2,0,1024,0,0
9351,1,0,2185,0,0
9352,1,0,874,0,0
9353,1,0,237,0,0
9354,1,0,1927,0,0
9355,27,1,693315,2195,0
9356,4,0,12895,0,0
9357,1,0,2330,0,0
9358,1,0,2722,0,0
9359,4,0,4781,0,0
9360,4,2,228610,319,0
9361,6,0,117874,0,0
9362,20,0,1582492,0,0
9363,3,3,3698,1071,0
9364,7,4,69626,613856,0
9365,26,0,497775,0,0
9366,1,0,329,0,0
9367,1,2,11318,70342,0
9368,4,4,38514,18236,0
9369,1,1,4470,72,0
9370,3,2,3613,1636,0
9371,2,0,508,0,0
9372,8,1,157112,195,0
9373,2,0,40956,0,0
9374,1,0,626,0,0
9375,1,0,2119,0,0
9376,3,0,4984,0,0
9377,1,5,105760,317267,0
9378,1,0,142,0,0
9379,1,0,115318,0,0
9380,1,0,1426,0,0
9381,5,0,114997,0,0
9382,1,3,99,5703,0
9383,3,1,661470,25,0
9384,8,0,25929,0,0
9385,7,0,714121,0,0
9386,2,0,24646,0,0
9387,8,0,388653,0,0
9388,35,0,343077,0,0
9389,3,2,4721,269324,0
9390,24,0,254374,0,0
9391,1,0,29076,0,0
9392,1,0,5645,0,0
9393,1,0,59,0,0
9394,1,0,97,0,0
9395,2,2,2123,52665,0
9396,2,2,24228,2172,0
9397,1,0,954,0,0
9398,1,0,97,0,0
9399,1,0,10811,0,0
9400,2,0,4269,0,0
9401,1,0,1727,0,0
9402,1,0,1566,0,0
9403,1,0,51996,0,0
9404,1,0,461,0,0
9405,1,0,322,0,0
9406,2,1,3885,3086,0
9407,2,1,3951,1358,0
9408,1,0,26060,0,0
9409,1,0,88,0,0
9410,1,0,676,0,0
9411,1,0,2788,0,0
9412,1,0,80,0,0
9413,1,0,6201,0,0
9414,1,0,1305,0,0
9415,1,0,183,0,0
9416,3,1,19357,10363,0
9417,1,0,3391,0,0
9418,1,0,25972,0,0
9419,1,1,31,286,0
9420,1,0,7131,0,0
9421,1,4,627,34571,0
9422,7,0,3959422,0,0
9423,1,0,112,0,0
9424,1,0,919,0,0
9425,1,0,22352,0,0
9426,4,0,47574,0,0
9427,2,0,11272,0,0
9428,9,0,135317,0,0
9429,2,0,66654,0,0
9430,1,0,1245,0,0
9431,1,0,5358,0,0
9432,2,0,472,0,0
9433,1,0,9240,0,0
9434,1,0,16584,0,0
9435,1,0,10,0,0
9436,1,1,4768,933,0
9437,1,0,147,0,0
9438,2,2,198,4854,0
9439,1,0,477,0,0
9440,1,0,569,0,0
9441,1,0,995,0,0
9442,1,0,388,0,0
9443,2,0,199,0,0
9444,1,2,66288,3518,0
9445,1,2,8346,354,0
9446,2,0,2370,0,0
9447,7,0,133093,0,0
9448,5,2,108940,235256,0
9449,2,1,3163,963,0
9450,3,1,68272,258,0
9451,5,1,56066,738,0
9452,1,2,20268,988,0
9453,1,0,115622,0,0
9454,1,0,1827,0,0
9455,1,1,20980,1241,0
9456,1,0,3923,0,0
9457,2,0,23653,0,0
9458,1,29,1111713,3827833,0
9459,1,0,3448,0,0
9460,1,0,12082,0,0
9461,1,0,14,0,0
9462,2,0,5720,0,0
9463,1,0,1061,0,0
9464,1,1,2033,620,0
9465,50,2,1178941,9294,0
9466,1,0,85,0,0
9467,12,3,816367,195410,0
9468,2,0,126,0,0
9469,1,0,62822,0,0
9470,1,0,3,0,0
9471,1,0,1359,0,0
9472,1,2,5249,70982,0
9473,1,0,33,0,0
9474,1,0,90220,0,0
9475,1,0,54,0,0
9476,3,0,60568,0,0
9477,2,0,5102,0,0
9478,8,1,2504017,1251,0
9479,1,0,2275,0,0
9480,1,0,8672,0,0
9481,1,0,636,0,0
9482,2,1,22114,272280,0
9483,1,1,172670,128426,0
9484,1,0,74,0,0
9485,20,0,131977,0,0
9486,1,0,19,0,0
9487,2,0,5280,0,0
9488,1,1,117,3,0
9489,42,0,6286301,0,0
9490,1,0,74086,0,0
9491,1,0,889,0,0
9492,2,0,44617,0,0
9493,1,1,815,321399,0
9494,1,0,12423,0,0
9495,1,0,635,0,0
9496,1,0,2051,0,0
9497,1,0,22074,0,0
9498,1,0,438,0,0
9499,1,0,209,0,0
9500,1,1,3813,3420,0
9501,3,0,17221,0,0
9502,3,5,55766,37700,0
9503,1,0,2829,0,0
9504,4,0,283354,0,0
9505,2,1,6803,349346,0
9506,1,0,28033,0,0
9507,1,0,178,0,0
9508,2,0,2209,0,0
9509,4,0,32488,0,0
9510,1,0,46,0,0
9511,25,0,221291,0,0
9512,9,1,67188,182,0
9513,1,1,9,41,0
9514,1,3,30435,56395,0
9515,1,1,285,1605,0
9516,1,0,487,0,0
9517,1,1,210,5075,0
9518,2,0,450,0,0
9519,2,2,1244,4105,0
9520,1,0,4395,0,0
9521,2,1,9816,2748,0
9522,2,0,11835,0,0
9523,2,3,4757,9176,0
9524,4,0,4389,0,0
9525,1,0,18024,0,0
9526,1,1,410,7149,0
9527,1,0,6686,0,0
9528,44,0,557417,0,0
9529,1,1,28325,146819,0
9530,6,0,218054,0,0
9531,1,0,381,0,0
9532,1,0,326,0,0
9533,2,0,937,0,0
9534,5,2,292617,8055,0
9535,2,25,388,1734725,0
9536,26,0,553402,0,0
9537,3,1,2056,79,0
9538,1,0,12297,0,0
9539,1,0,401,0,0
9540,1,0,36475,0,0
9541,1,0,146826,0,0
9542,5,0,105466,0,0
9543,1,0,1664,0,0
9544,22,0,181968,0,0
9545,2,0,16435,0,0
9546,1,2,98,3095,0
9547,1,0,103,0,0
9548,8,3,4284,1442,0
9549,1,0,49251,0,0
9550,1,0,3344,0,0
9551,1,1,649,282,0
9552,1,0,88218,0,0
9553,1,0,29253,0,0
9554,3,0,73115,0,0
9555,1,1,7159,521680,0
9556,1,0,1,0,0
9557,1,6,1877,14686,0
9558,2,1,368,128479,0
9559,1,1,1163,2864,0
9560,1,0,85,0,0
9561,1,0,123,0,0
9562,1,1,56754,114042,0
9563,2,0,38566,0,0
9564,1,1,9220,9511,0
9565,1,0,249,0,0
9566,1,0,2775,0,0
9567,2,2,340,17696,0
9568,3,0,12973,0,0
9569,1,2,5830,5921,0
9570,1,1,10727,5634,0
9571,1,0,15816,0,0
9572,1,2,36655,168352,0
9573,1,0,75149,0,0
9574,1,0,1166,0,0
9575,7,2,11258,9298,0
9576,1,0,11,0,0
9577,1,1,6279,7469,0
9578,1,0,111,0,0
9579,1,0,14806,0,0
9580,2,1,35351,7202,0
9581,3,0,9326,0,0
9582,2,8,825,64394,0
9583,1,1,237,369,0
9584,1,1,1038,34491,0
9585,1,0,4903,0,0
9586,1,0,29479,0,0
9587,1,1,98,2839,0
9588,1,2,38280,696,0
9589,1,0,645,0,0
9590,1,1,452885,191,0
9591,1,0,3273,0,0
9592,1,0,2126,0,0
9593,5,1,82542,167,0
9594,1,0,150,0,0
9595,1,0,105,0,0
9596,1,1,217386,34,0
9597,1,0,262,0,0
9598,2,0,62968,0,0
9599,1,1,64310,231,0
9600,1,0,28371,0,0
9601,1,0,2360,0,0
9602,1,0,3160,0,0
9603,1,1,3003,22,0
9604,1,0,212541,0,0
9605,1,0,208,0,0
9606,1,0,870616,0,0
9607,3,0,28860,0,0
9608,2,0,2310,0,0
9609,1,0,371,0,0
9610,1,0,164,0,0
9611,2,0,541,0,0
9612,1,0,3606,0,0
9613,1,0,68,0,0
9614,3,0,308401,0,0
9615,1,0,267,0,0
9616,1,0,945,0,0
9617,4,0,11358,0,0
9618,3,54,42410,1058871,0
9619,44,0,3962611,0,0
9620,1,2,51332,6079,0
9621,1,1,2627,340,0
9622,1,1,1931,8014,0
9623,15,1,281857,14512,0
9624,1,0,214,0,0
9625,1,22,439,764272,0
9626,2,0,6782,0,0
9627,2,0,14630,0,0
9628,0,3,0,101758,0
9629,3,0,12108,0,0
9630,0,2,0,43518,0
9631,0,2,0,1454,0
9632,2,0,12853,0,0
9633,0,4,0,60617,0
9634,0,1,0,9460,0
9635,0,1,0,32,0
9636,0,3,0,2037,0
9637,1,0,1587,0,0
9638,1,4,11825,111982,0
9639,8,4,257221,6886,0
9640,0,3,0,3181,0
9641,12,9,207688,51534,0
9642,0,1,0,2473,0
9643,0,1,0,13344,0
9644,0,1,0,228,0
9645,0,1,0,1523,0
9646,0,2,0,5114,0
9647,0,7,0,217292,0
9648,41,13,3067853,96961,0
9649,0,1,0,4775,0
9650,0,1,0,5,0
9651,0,1,0,3068,0
9652,0,2,0,257893,0
9653,3,1,9348,5443,0
9654,5,6,16440,60355,0
9655,0,6,0,679632,0
9656,1,2,4133,48040,0
9657,5,2,157719,14678,0
9658,0,2,0,1576,0
9659,1,1,1164,1986,0
9660,0,1,0,1331,0
9661,2,4,589,25032,0
9662,0,1,0,25,0
9663,0,3,0,9978,0
9664,1,9,775,104515,0
9665,2,0,44878,0,0
9666,0,4,0,255271,0
9667,7,6,240826,94880,0
9668,0,1,0,588,0
9669,4,13,58315,209934,0
9670,5,17,1154,2548441,0
9671,1,1,472,5408,0
9672,0,2,0,4847,0
9673,1,2,13877,8205,0
9674,0,5,0,4615520,0
9675,0,12,0,194389,0
9676,15,14,1162641,572932,0
9677,11,13,148889,135256,0
9678,0,1,0,25682,0
9679,0,1,0,172,0
9680,0,1,0,35,0
9681,0,1,0,329,0
9682,0,2,0,19135,0
9683,1,27,34,529039,0
9684,3,10,33889,1158741,0
9685,1,1,3529,453,0
9686,2,2,489,183,0
9687,1,1,2241,100883,0
9688,1,0,99210,0,0
9689,3,1,25816,13299,0
9690,2,3,3191,800,0
9691,5,2,80008,837,0
9692,1,0,1780,0,0
9693,1,0,40,0,0
9694,12,0,105799,0,0
9695,2,0,14214,0,0
9696,2,2,438,9020,0
9697,1,1,16919,3558,0
9698,1,0,60759,0,0
9699,4,0,77767,0,0
9700,0,3,0,6633,0
9701,1,0,5574,0,0
9702,0,1,0,6226,0
9703,0,2,0,25595,0
9704,7,5,29338,34068,0
9705,1,1,671,78404,0
9706,0,3,0,1951,0
9707,1,0,800,0,0
9708,0,1,0,26661,0
9709,0,1,0,5151,0
9710,0,2,0,6150,0
9711,0,2,0,46255,0
9712,0,10,0,146562,0
9713,0,2,0,328,0
9714,0,2,0,44335,0
9715,15,9,131311,226661,0
9716,0,3,0,137133,0
9717,0,1,0,250,0
9718,1,2,8953,10239,0
9719,1,1,125,2210,0
9720,0,1,0,2154,0
9721,0,2,0,9135,0
9722,0,6,0,44783,0
9723,0,3,0,36717,0
9724,0,10,0,86732,0
9725,0,1,0,12503,0
9726,0,2,0,9232,0
9727,2,6,3408,64969,0
9728,3,12,187830,580512,1
9729,0,1,0,7457,0
9730,0,2,0,2197,0
9731,0,1,0,206,0
9732,0,1,0,1799,0
9733,0,2,0,2426,0
9734,0,2,0,1246,0
9735,0,2,0,3072,0
9736,1,2,1279,2367,0
9737,0,1,0,128,0
9738,1,4,47703,138146,0
9739,1,2,78525,1616,0
9740,0,1,0,4499,0
9741,0,1,0,189,0
9742,0,1,0,692,0
9743,4,5,26841,55808,0
9744,0,1,0,134,0
9745,0,1,0,762,0
9746,0,1,0,631,0
9747,0,2,0,2572,0
9748,0,6,0,23664,0
9749,3,3,1181204,40334,0
9750,0,2,0,701,0
9751,0,2,0,7524,0
9752,0,2,0,10982,0
9753,0,1,0,610,0
9754,0,4,0,2082,0
9755,0,1,0,50037,0
9756,0,1,0,65610,0
9757,3,13,11498,75402,0
9758,9,0,52141,0,0
9759,2,0,9851,0,0
9760,1,0,518,0,0
9761,1,0,47512,0,0
9762,1,0,3191,0,0
9763,1,0,8,0,0
9764,2,0,22254,0,0
9765,0,19,0,326241,0
9766,5,1,81741,12069,0
9767,0,5,0,11885,0
9768,4,1,433866,1405,0
9769,1,3,6594,9052,0
9770,0,2,0,1087,0
9771,0,1,0,3842,0
9772,0,2,0,17261,0
9773,1,1,2369,67,0
9774,0,5,0,35603,0
9775,0,1,0,1109108,0
9776,0,1,0,449,0
9777,0,1,0,8501,0
9778,1,4,7569,17054,0
9779,1,7,1708,963768,0
9780,1,2,3237,208206,0
9781,0,9,0,92801,0
9782,3,26,1339,759580,0
9783,0,2,0,2986,0
9784,5,2,1499,16230,0
9785,0,3,0,14502,0
9786,0,4,0,31604,0
9787,0,1,0,1315,0
9788,1,5,2245,31842,0
9789,0,9,0,2562920,0
9790,10,10,38961,34458,0
9791,1,0,284586,0,0
9792,1,6,1596,47320,0
9793,0,25,0,348150,0
9794,1,0,29857,0,0
9795,0,2,0,567,0
9796,0,1,0,494,0
9797,0,2,0,19784,0
9798,0,5,0,13145,0
9799,0,20,0,114924,0
9800,2,8,134,16751,0
9801,0,2,0,5208,0
9802,0,2,0,27990,0
9803,9,2,296108,2222,0
9804,0,1,0,24470,0
9805,0,2,0,5161,0
9806,0,2,0,88,0
9807,1,5,70,5071,0
9808,0,2,0,254801,0
9809,0,3,0,73861,0
9810,0,2,0,40365,0
9811,0,1,0,619,0
9812,0,1,0,3387,0
9813,0,1,0,232,0
9814,0,1,0,60,0
9815,0,8,0,59144,0
9816,0,2,0,3558,0
9817,0,2,0,441,0
9818,0,2,0,12433,0
9819,0,4,0,4206,0
9820,0,1,0,2729,0
9821,0,2,0,270,0
9822,2,25,103742,140932,0
9823,8,0,48727,0,0
9824,7,7,66447,25087,0
9825,1,3,292,803464,0
9826,0,2,0,46489,0
9827,9,14,26573,248007,0
9828,0,5,0,325754,0
9829,1,0,634,0,0
9830,1,0,558,0,0
9831,1,0,2498,0,0
9832,1,0,231,0,0
9833,1,0,196,0,0
9834,1,0,362825,0,0
9835,1,0,59976,0,0
9836,7,5,21848,18661,0
9837,1,1,13,178,0
9838,1,0,19240,0,0
9839,1,0,20,0,0
9840,1,0,10914,0,0
9841,1,0,296897,0,0
9842,1,3,85949,5354,0
9843,2,2,330,52,0
9844,1,0,68830,0,0
9845,1,0,922,0,0
9846,1,0,16318,0,0
9847,1,0,1574495,0,0
9848,1,1,31,721,0
9849,1,1,3516,48708,0
9850,1,0,202,0,0
9851,1,1,371,139,0
9852,1,0,1337371,0,0
9853,1,0,1401,0,0
9854,1,0,60,0,0
9855,1,3,1556,12841,0
9856,1,0,393,0,0
9857,1,1,9682,1048,0
9858,1,0,3675,0,0
9859,1,0,205,0,0
9860,1,0,90451,0,0
9861,1,23,7,532263,0
9862,1,0,373,0,0
9863,1,0,838,0,0
9864,1,0,1309,0,0
9865,1,0,121829,0,0
9866,1,2,92,4922,0
9867,5,0,28728,0,0
9868,1,0,111,0,0
9869,1,0,39192,0,0
9870,2,1,67983,26364,0
9871,1,0,37364,0,0
9872,4,0,23371,0,0
9873,1,0,2026,0,0
9874,1,0,7595,0,0
9875,1,0,3986,0,0
9876,1,0,7184,0,0
9877,1,0,129,0,0
9878,1,3,7382,2126,0
9879,1,0,576285,0,0
9880,1,0,13298,0,0
9881,2,2,218030,92645,0
9882,1,0,6737,0,0
9883,1,1,9427,3414,0
9884,1,0,384,0,0
9885,14,0,229523,0,0
9886,1,0,1765,0,0
9887,1,0,19519,0,0
9888,9,0,406461,0,0
9889,1,0,1331,0,0
9890,1,0,301,0,0
9891,1,0,1060,0,0
9892,1,0,445,0,0
9893,0,1,0,6970,0
9894,0,2,0,12269,0
9895,0,1,0,158,0
9896,0,1,0,602,0
9897,0,1,0,409,0
9898,3,5,107,28726,0
9899,0,1,0,217,0
9900,0,1,0,5033,0
9901,0,2,0,727434,0
9902,0,3,0,20719,0
9903,2,1,8919,4930,0
9904,0,3,0,35667,0
9905,0,1,0,18951,0
9906,0,1,0,4949,0
9907,0,1,0,1985,0
9908,0,1,0,3478,0
9909,0,1,0,10075,0
9910,0,2,0,1842,0
9911,1,1,2120,13352,0
9912,2,2,206019,272,0
9913,0,3,0,32132,0
9914,0,1,0,25530,0
9915,0,1,0,821,0
9916,0,41,0,5775545,0
9917,1,1,874461,1130298,0
9918,0,11,0,32930,0
9919,0,2,0,17985,0
9920,0,6,0,421636,0
9921,2,5,2724,508783,0
9922,0,32,0,3600977,0
9923,14,14,530440,346763,0
9924,0,3,0,3838,0
9925,0,1,0,30213,0
9926,0,2,0,10401,0
9927,0,2,0,3084,0
9928,0,1,0,2942,0
9929,0,2,0,618,0
9930,0,1,0,1210,0
9931,2,7,116558,44390,0
9932,0,1,0,3345,0
9933,0,3,0,3234,0
9934,0,1,0,596,0
9935,1,1,673,7210,0
9936,0,2,0,9847,0
9937,0,1,0,1401,0
9938,0,1,0,1685,0
9939,0,1,0,1025,0
9940,0,1,0,4524,0
9941,0,1,0,3484,0
9942,0,1,0,513,0
9943,8,11,34664,251754,0
9944,0,2,0,1525,0
9945,0,1,0,2061,0
9946,1,12,32323,612045,0
9947,0,4,0,8396,0
9948,0,1,0,359,0
9949,0,8,0,190645,0
9950,3,3,109058,87596,0
9951,0,5,0,149298,0
9952,0,1,0,2054,0
9953,1,2,325,390783,0
9954,0,2,0,3207,0
9955,0,2,0,38293,0
9956,0,2,0,6720,0
9957,1,1,1229,29471,0
9958,0,1,0,146,0
9959,1,13,3232,116926,0
9960,0,2,0,5654,0
9961,0,1,0,155,0
9962,0,1,0,574,0
9963,0,1,0,5863,0
9964,1,1,508,2118,0
9965,1,7,2324,18803,0
9966,5,26,179575,1074837,0
9967,0,1,0,1114,0
9968,1,2,141,37049,0
9969,42,22,2186384,276175,0
9970,29,2,1006595,283314,0
9971,2,0,34525,0,0
9972,0,2,0,3079,0
9973,0,2,0,720,0
9974,0,1,0,190,0
9975,0,5,0,14648,0
9976,1,5,170,4682,0
9977,3,1,4868,348,0
9978,0,1,0,49,0
9979,0,2,0,40669,0
9980,0,3,0,7522,0
9981,1,3,944,2516,0
9982,0,4,0,2318,0
9983,2,4,43395,2041,0
9984,3,2,790,51679,0
9985,1,1,9524,53,0
9986,0,3,0,6797,0
9987,0,1,0,58581,0
9988,0,3,0,22551,0
9989,0,2,0,3358,0
9990,0,1,0,839,0
9991,0,1,0,90,0
9992,0,1,0,36617,0
9993,4,6,9140,393076,0
9994,20,1,119345,2231,0
9995,0,1,0,129,0
9996,1,1,2989,10167,0
9997,0,1,0,735,0
9998,0,3,0,1069,0
9999,2,2,4791,3902,0
10000,0,2,0,7151,0
10001,1,4,1121,6264,0
10002,0,1,0,2253,0
10003,0,2,0,2363,0
10004,0,2,0,12986,0
10005,0,1,0,182,0
10006,0,1,0,470,0
10007,0,1,0,8218,0
10008,0,2,0,35693,0
10009,0,1,0,27,0
10010,0,1,0,337,0
10011,0,1,0,332,0
10012,0,2,0,25037,0
10013,2,1,22285,530,0
10014,0,4,0,48868,0
10015,0,4,0,7031,0
10016,0,2,0,6711,0
10017,0,2,0,2880892,0
10018,0,5,0,51897,0
10019,0,3,0,2413,0
10020,2,1,2693,1790,0
10021,0,3,0,4031,0
10022,18,17,86830,130752,0
10023,0,1,0,26,0
10024,0,1,0,502,0
10025,0,1,0,195,0
10026,0,2,0,195,0
10027,0,2,0,538,0
10028,0,1,0,1702,0
10029,1,1,175,4087,0
10030,0,3,0,10575,0
10031,1,2,18720,11352,0
10032,7,1,1012497,20805,0
10033,1,1,1936,395,0
10034,1,0,6,0,0
10035,1,0,2011,0,0
10036,1,0,514,0,0
10037,1,1,36324,609,0
10038,1,1,93,21891,0
10039,1,0,226,0,0
10040,1,0,65,0,0
10041,1,0,8568,0,0
10042,1,0,263,0,0
10043,2,1,891147,1599,0
10044,1,1,304,1263,0
10045,1,1,29,14608,0
10046,2,0,46338,0,0
10047,1,0,1804,0,0
10048,5,0,122875,0,0
10049,2,0,45521,0,0
10050,1,0,10633,0,0
10051,1,0,221,0,0
10052,3,3,7143,1278,0
10053,3,1,7120,2854,0
10054,1,0,13411,0,0
10055,1,0,395,0,0
10056,1,0,4212,0,0
10057,1,0,5474,0,0
10058,3,0,109505,0,0
10059,1,0,16560,0,0
10060,1,0,137,0,0
10061,6,0,29512,0,0
10062,1,0,133,0,0
10063,1,0,97,0,0
10064,8,0,57823,0,0
10065,0,1,0,256278,0
10066,2,2,36678,6407,0
10067,12,15,21404,249156,0
10068,6,0,24319,0,0
10069,2,1,83835,5333,0
10070,3,18,37940,388919,0
10071,1,0,10044,0,0
10072,1,0,1459,0,0
10073,1,4,366,1863778,0
10074,2,0,158,0,0
10075,1,0,32770,0,0
10076,1,0,123777,0,0
10077,1,0,7152,0,0
10078,1,0,1628,0,0
10079,2,1,6926,2727,0
10080,2,0,33376,0,0
10081,1,18,6643,198043,0
10082,13,4,108627,5845,0
10083,0,1,0,2070,0
10084,0,1,0,8588,0
10085,0,1,0,1289,0
10086,0,2,0,2488,0
10087,0,9,0,9132,0
10088,0,1,0,29,0
10089,0,2,0,2002,0
10090,0,6,0,61908,0
10091,0,3,0,36741,0
10092,0,1,0,33891,0
10093,0,4,0,49085,0
10094,0,1,0,10644,0
10095,2,3,3154,10850,0
10096,10,3,93070,22410,0
10097,0,3,0,22379,0
10098,2,3,57776,3948,0
10099,0,1,0,30953,0
10100,1,2,131,43169,0
10101,0,2,0,2198,0
10102,0,1,0,49257,0
10103,0,1,0,1596,0
10104,0,1,0,1335,0
10105,0,1,0,302,0
10106,0,1,0,67892,0
10107,3,3,26960,77429,0
10108,0,2,0,1027,0
10109,0,3,0,37058,0
10110,0,3,0,9018,0
10111,0,2,0,101283,0
10112,0,2,0,2999,0
10113,59,6,1809219,72372,0
10114,0,1,0,51304,0
10115,0,1,0,1208,0
10116,3,4,6230,226379,0
10117,104,0,2439532,0,0
10118,1,0,361,0,0
10119,1,0,322,0,0
10120,0,1,0,2989,0
10121,0,1,0,77700,0
10122,2,4,1482,45753,0
10123,1,0,21690,0,0
10124,0,2,0,2811,0
10125,0,8,0,107095,0
10126,0,2,0,16215,0
10127,0,1,0,3706,0
10128,0,4,0,123131,0
10129,0,3,0,476,0
10130,0,2,0,306118,0
10131,0,2,0,41797,0
10132,0,2,0,1433,0
10133,0,2,0,2906,0
10134,0,1,0,290,0
10135,0,1,0,5340,0
10136,0,3,0,2358,0
10137,3,1,1426,830,0
10138,0,2,0,120928,0
10139,0,2,0,6569,0
10140,0,3,0,3078,0
10141,0,1,0,1008,0
10142,0,1,0,58,0
10143,0,1,0,40441,0
10144,0,1,0,18958,0
10145,0,2,0,22969,0
10146,1,8,6999,101219,0
10147,0,2,0,26803,0
10148,0,1,0,44477,0
10149,1,2,28167,33649,0
10150,1,3,5771968,46271,0
10151,2,5,12473,16084,0
10152,1,2,167,82298,0
10153,0,1,0,76531,0
10154,0,1,0,7453,0
10155,0,2,0,19,0
10156,0,1,0,40118,0
10157,1,0,92449,0,0
10158,3,16,609093,52604,0
10159,81,1,1575929,23775,0
10160,25,1,208881,1597,0
10161,5,0,13315,0,0
10162,3,0,554884,0,0
10163,1,1,1865,595974,0
10164,2,0,5491,0,0
10165,15,1,940008,4358,0
10166,1,0,85,0,0
10167,14,0,645516,0,0
10168,9,0,23048,0,0
10169,1,0,26832,0,0
10170,1,0,1475,0,0
10171,4,0,8447,0,0
10172,1,0,267,0,0
10173,2,0,43736,0,0
10174,1,3,33227,31378,0
10175,0,2,0,97,0
10176,0,1,0,1284,0
10177,1,4,5187,24528,0
10178,2,0,2790,0,0
10179,3,1,5277,14,0
10180,0,1,0,5558,0
10181,9,14,403594,849949,0
10182,1,1,22311,3032,0
10183,2,0,21074,0,0
10184,1,1,470,6506,0
10185,2,7,1079,78352,0
10186,3,0,3392,0,0
10187,2,0,16713,0,0
10188,0,1,0,50207,0
10189,0,2,0,109326,0
10190,0,1,0,85469,0
10191,0,1,0,392468,0
10192,0,2,0,116324,0
10193,0,9,0,417988,0
10194,1,1,88897,19,0
10195,3,1,41908,22811,0
10196,0,10,0,527559,0
10197,0,1,0,524,0
10198,0,1,0,41478,0
10199,0,3,0,4869,0
10200,0,1,0,306,0
10201,0,3,0,111616,0
10202,1,0,82080,0,0
10203,0,1,0,417,0
10204,0,4,0,5953,0
10205,0,11,0,2620695,0
10206,10,43,74508,228298,0
10207,2,0,2291529,0,0
10208,1,1,147,256,0
10209,1,0,194522,0,0
10210,0,1,0,206,0
10211,0,3,0,153334,0
10212,7,15,64604,39476,0
10213,0,4,0,18806,0
10214,0,1,0,325,0
10215,0,1,0,160174,0
10216,0,2,0,23666,0
10217,0,1,0,968,0
10218,0,3,0,6551,0
10219,0,3,0,18184,0
10220,26,7,479407,19560,0
10221,0,2,0,12461,0
10222,2,1,15725,536,0
10223,0,4,0,104967,0
10224,3,2,10999,75374,0
10225,0,1,0,2837,0
10226,0,4,0,15737,0
10227,2,1,1656,129,0
10228,0,5,0,332579,0
10229,3,2,10278,66399,0
10230,2,0,119023,0,0
10231,3,1,104353,3931,0
10232,0,2,0,25851,0
10233,1,3,6,9317,0
10234,0,4,0,131593,0
10235,0,2,0,52680,0
10236,0,4,0,140374,0
10237,5,2,24501,303,0
10238,8,2,55467,6021,0
10239,2,0,9136,0,0
10240,2,1,5137,579,0
10241,1,1,1596,312,0
10242,5,0,1970735,0,0
10243,1,1,4120,1016,0
10244,1,1,49,15,0
10245,1,0,679,0,0
10246,1,1,244,63,0
10247,2,0,17441,0,0
10248,1,1,122,55184,0
10249,1,0,2841,0,0
10250,1,1,17825,567,0
10251,1,0,13613,0,0
10252,1,0,39851,0,0
10253,1,0,2824,0,0
10254,1,3,646,1569,0
10255,1,0,1075,0,0
10256,1,1,551,282,0
10257,1,0,0,0,0
10258,1,0,1382,0,0
10259,1,0,67213,0,0
10260,1,0,3534,0,0
10261,1,0,450,0,0
10262,1,0,9673,0,0
10263,2,0,4130,0,0
10264,1,0,9606,0,0
10265,0,2,0,4911,0
10266,15,0,2463720,0,0
10267,2,0,41587,0,0
10268,1,0,10251,0,0
10269,17,0,223464,0,0
10270,1,2,6305,18204,0
10271,3,1,1056446,5038,0
10272,1,1,39364,7908,0
10273,1,0,39,0,0
10274,1,0,151,0,0
10275,1,0,6,0,0
10276,1,0,332,0,0
10277,1,0,1449,0,0
10278,3,0,19030,0,0
10279,1,0,1653,0,0
10280,4,0,37192,0,0
10281,1,0,36,0,0
10282,1,0,223,0,0
10283,1,0,652,0,0
10284,1,0,537845,0,0
10285,1,1,401,24,0
10286,1,0,55,0,0
10287,1,0,18729,0,0
10288,1,0,2641,0,0
10289,1,0,430,0,0
10290,4,0,4456,0,0
10291,1,0,46786,0,0
10292,1,1,1204,3013,0
10293,1,0,39,0,0
10294,2,1,27594,203,0
10295,5,1,18210,454,0
10296,2,0,9458,0,0
10297,2,0,1227,0,0
10298,1,0,14143,0,0
10299,2,0,133801,0,0
10300,1,1,22,184,0
10301,1,1,1905,65,0
10302,4,0,6584,0,0
10303,0,1,0,20,0
10304,1,2,11586,593226,0
10305,0,5,0,99916,0
10306,1,0,1880,0,0
10307,1,0,96433,0,0
10308,2,0,1443,0,0
10309,0,1,0,109374,0
10310,1,12,291,271918,0
10311,0,1,0,1807,0
10312,0,1,0,982,0
10313,0,1,0,74,0
10314,0,2,0,1976,0
10315,1,5,639,123688,0
10316,0,1,0,487,0
10317,0,1,0,67682,0
10318,0,1,0,345,0
10319,0,1,0,187888,0
10320,0,1,0,292,0
10321,0,6,0,254381,0
10322,0,6,0,8639,0
10323,0,4,0,124816,0
10324,1,0,3761,0,0
10325,0,2,0,12051,0
10326,1,2,1738,991,0
10327,0,2,0,11145,0
10328,0,2,0,2097,0
10329,0,10,0,131031,0
10330,0,1,0,21,0
10331,0,1,0,3651,0
10332,0,2,0,180437,0
10333,0,1,0,99264,0
10334,0,1,0,2222,0
10335,0,1,0,402,0
10336,2,2,309,975,0
10337,1,1,5038,5602,0
10338,0,2,0,24506,0
10339,0,1,0,481,0
10340,0,31,0,299857,0
10341,0,1,0,961,0
10342,1,10,317,306005,0
10343,0,1,0,1172,0
10344,0,1,0,8131,0
10345,0,1,0,2143,0
10346,0,1,0,3231,0
10347,0,1,0,769,0
10348,1,12,2808,429598,0
10349,0,7,0,1041839,0
10350,2,0,2221,0,0
10351,0,1,0,175,0
10352,0,1,0,58,0
10353,0,1,0,9082,0
10354,0,1,0,6598,0
10355,1,3,1130,9447,0
10356,6,2,1423071,174724,0
10357,14,3,1013356,67478,0
10358,0,6,0,571358,0
10359,2,3,561862,8827,0
10360,0,1,0,112204,0
10361,0,1,0,10211,0
10362,1,12,1382,338018,0
10363,0,1,0,2683,0
10364,0,1,0,127,0
10365,0,1,0,967,0
10366,0,3,0,6134,0
10367,0,2,0,6177,0
10368,3,5,2289,318128,0
10369,0,1,0,473,0
10370,0,1,0,70,0
10371,1,1,24704,74,0
10372,0,1,0,1568,0
10373,0,2,0,5812,0
10374,0,1,0,8239,0
10375,0,1,0,3901,0
10376,0,14,0,168404,0
10377,1,0,1181,0,0
10378,0,1,0,13542,0
10379,0,1,0,417,0
10380,0,1,0,153,0
10381,1,0,1311,0,0
10382,1,0,433,0,0
10383,1,13,254,166322,0
10384,1,0,4377,0,0
10385,1,0,76,0,0
10386,2,0,5456020,0,0
10387,1,1,455,383,0
10388,1,0,147287,0,0
10389,1,0,10131,0,0
10390,1,0,7175,0,0
10391,6,2,31525,1327,0
10392,1,0,289,0,0
10393,2,10,22515,52838,0
10394,2,0,2532,0,0
10395,8,0,126608,0,0
10396,1,0,336,0,0
10397,1,0,6436,0,0
10398,1,0,20283,0,0
10399,2,0,81901,0,0
10400,1,4,16643,116133,0
10401,1,0,611,0,0
10402,7,1,20108,198,0
10403,5,0,5597,0,0
10404,1,0,227918,0,0
10405,1,0,1568,0,0
10406,2,2,77825,942,0
10407,1,0,13101,0,0
10408,1,0,48,0,0
10409,1,0,17,0,0
10410,1,0,283,0,0
10411,1,0,84743,0,0
10412,1,0,108863,0,0
10413,2,0,2078,0,0
10414,1,0,2192,0,0
10415,1,0,6124,0,0
10416,9,0,47039,0,0
10417,1,1,499,1234,0
10418,1,0,3509,0,0
10419,1,0,771,0,0
10420,1,0,2,0,0
10421,1,0,2975,0,0
10422,1,0,119956,0,0
10423,1,0,3069,0,0
10424,4,0,9857,0,0
10425,1,0,3148,0,0
10426,1,0,427,0,0
10427,7,0,1125028,0,0
10428,1,1,319263,829,0
10429,3,0,2849,0,0
10430,1,1,2394,3105,0
10431,1,0,10786,0,0
10432,1,0,21,0,0
10433,1,0,54483,0,0
10434,1,0,155854,0,0
10435,15,0,313275,0,0
10436,4,2,58439,1150,0
10437,2,0,2202,0,0
10438,1,0,13561,0,0
10439,1,0,1824,0,0
10440,1,0,2578,0,0
10441,1,0,6792,0,0
10442,1,0,7548,0,0
10443,1,0,49,0,0
10444,1,1,2019,2225,0
10445,1,1,1572,5559,0
10446,1,1,47176,4,0
10447,1,0,757,0,0
10448,1,1,285,362,0
10449,1,0,188,0,0
10450,1,0,3077918,0,0
10451,1,1,21053,4641,0
10452,1,0,18,0,0
10453,1,0,1742847,0,0
10454,1,1,86,6776,0
10455,1,0,10,0,0
10456,1,0,39557,0,0
10457,1,2,3031,18325,0
10458,2,0,316484,0,0
10459,6,0,44505,0,0
10460,1,0,776,0,0
10461,1,0,54,0,0
10462,1,0,30146,0,0
10463,1,0,11420,0,0
10464,1,0,10853,0,0
10465,1,0,27296,0,0
10466,1,0,3593,0,0
10467,1,0,51867,0,0
10468,1,0,7267,0,0
10469,3,2,645,1180,0
10470,1,2,119832,363,0
10471,1,0,881,0,0
10472,1,0,529,0,0
10473,1,0,45642,0,0
10474,1,0,22850,0,0
10475,1,0,1335,0,0
10476,1,1,2332,195706,0
10477,1,0,10895,0,0
10478,3,0,2911,0,0
10479,1,0,886,0,0
10480,1,0,397388,0,0
10481,1,0,867,0,0
10482,1,0,49,0,0
10483,1,0,311,0,0
10484,1,0,33,0,0
10485,2,1,10429,28416,0
10486,1,0,30276,0,0
10487,1,0,15207,0,0
10488,10,1,248476,239,0
10489,1,1,493,504,0
10490,1,0,1742,0,0
10491,1,0,38284,0,0
10492,1,0,2878,0,0
10493,1,1,86805,3506,0
10494,1,1,349,145,0
10495,6,0,138911,0,0
10496,3,0,8283,0,0
10497,1,0,1530,0,0
10498,1,0,469,0,0
10499,1,1,7123,5063,0
10500,15,0,218936,0,0
10501,1,0,244,0,0
10502,0,45,0,996372,0
10503,2,4,412,33220,0
10504,9,11,54948,166797,0
10505,3,15,2436,321501,0
10506,2,10,97134,33457,0
10507,2,4,965,3809,0
10508,5,34,44316,771097,0
10509,3,17,706,223342,0
10510,4,4,7902,4075015,0
10511,2,1,2426,13652,0
10512,1,11,96,645841,0
10513,1,6,722,176228,0
10514,1,1,2115,15012,0
10515,1,2,55,940823,0
10516,1,3,4641,948,0
10517,1,1,24030,1995,0
10518,1,3,291,10896,0
10519,3,1,3424,38256,0
10520,10,6,73974,39649,0
10521,1,1,4514,426,0
10522,1,4,2549,13503,0
10523,1,2,23985,2604,0
10524,2,5,9262,169225,0
10525,2,4,3896,1871,0
10526,2,9,1156,646813,0
10527,2,0,11695,0,0
10528,2,0,1963,0,0
10529,1,3,329,64184,0
10530,1,1,51,6443,0
10531,5,9,149464,1934600,0
10532,4,4,16527,5250,0
10533,2,0,91,0,0
10534,1,2,65355,68033,0
10535,1,1,921,17277,0
10536,1,1,30,20,0
10537,2,4,35033,13740,0
10538,0,2,0,2705,0
10539,0,34,0,1019368,0
10540,2,0,32185,0,0
10541,0,2,0,8268,0
10542,41,55,2699250,8612496,0
10543,0,1,0,397,0
10544,0,1,0,337,0
10545,0,2,0,15180,0
10546,0,3,0,5567,0
10547,1,1,403,6422,0
10548,2,42,21063,1141910,0
10549,2,0,957,0,0
10550,2,1,3685,2162,0
10551,2,4,2875,136727,0
10552,0,2,0,5728,0
10553,1,24,34392,2025798,0
10554,3,4,33874,35571,0
10555,5,0,49718,0,0
10556,3,0,6074,0,0
10557,4,0,10150,0,0
10558,1,2,1434,49354,0
10559,1,0,4178,0,0
10560,2,0,127,0,0
10561,1,2,2032,247,0
10562,1,0,261,0,0
10563,1,0,3456,0,0
10564,1,0,7687,0,0
10565,2,0,4219,0,0
10566,1,0,14241,0,0
10567,4,0,18112,0,0
10568,1,0,1181,0,0
10569,1,0,643,0,0
10570,3,1,9121,372,0
10571,1,1,34987,104851,0
10572,1,0,32334,0,0
10573,1,0,1510,0,0
10574,1,0,8330,0,0
10575,1,0,40701,0,0
10576,1,0,8912473,0,0
10577,1,0,99,0,0
10578,1,0,792,0,0
10579,3,0,684301,0,0
10580,1,0,10981,0,0
10581,2,0,456,0,0
10582,20,0,503658,0,0
10583,1,0,5372,0,0
10584,2,1,105614,32,0
10585,2,2,335,928,0
10586,1,0,5040,0,0
10587,2,0,6478,0,0
10588,1,0,16,0,0
10589,2,0,1350,0,0
10590,1,0,14793,0,0
10591,2,0,19742,0,0
10592,5,2,71627,1180,0
10593,7,0,231322,0,0
10594,1,0,6950,0,0
10595,1,1,122327,126,0
10596,2,0,3700,0,0
10597,1,0,407,0,0
10598,1,0,12248,0,0
10599,1,0,451,0,0
10600,1,0,8320,0,0
10601,1,0,7295,0,0
10602,3,1,26805,580,0
10603,1,0,7223,0,0
10604,1,0,444,0,0
10605,5,1,5028,5127,0
10606,1,1,899,10273,0
10607,1,0,662,0,0
10608,1,0,1055,0,0
10609,1,0,6418,0,0
10610,16,0,575061,0,0
10611,1,0,62,0,0
10612,1,1,165,29864,0
10613,1,0,46663,0,0
10614,1,0,522,0,0
10615,3,0,67131,0,0
10616,1,0,15931,0,0
10617,1,0,152531,0,0
10618,1,0,283,0,0
10619,1,0,11931,0,0
10620,1,2,242,5035,0
10621,1,0,119,0,0
10622,1,0,20242,0,0
10623,1,0,21017,0,0
10624,1,0,665,0,0
10625,1,0,15644,0,0
10626,1,0,71466,0,0
10627,1,0,921,0,0
10628,1,0,101,0,0
10629,2,2,16079,1251,0
10630,12,0,107363,0,0
10631,1,0,3740,0,0
10632,2,0,293,0,0
10633,1,0,126,0,0
10634,1,0,40399,0,0
10635,16,5,374866,23177,0
10636,1,1,30456,2365,0
10637,2,0,13777,0,0
10638,1,0,63181,0,0
10639,1,0,672,0,0
10640,1,0,659,0,0
10641,2,0,7447,0,0
10642,1,0,22467,0,0
10643,1,0,714,0,0
10644,4,0,16439,0,0
10645,1,0,414,0,0
10646,1,0,636,0,0
10647,2,0,5292,0,0
10648,2,10,5729,204866,0
10649,1,1,2976,3257,0
10650,1,0,9880,0,0
10651,1,0,14067,0,0
10652,1,0,15022,0,0
10653,1,0,377,0,0
10654,1,1,3746,108,0
10655,5,0,44725,0,0
10656,1,0,25181,0,0
10657,2,0,4664,0,0
10658,1,0,334,0,0
10659,1,0,1473,0,0
10660,1,0,3748,0,0
10661,1,0,71,0,0
10662,1,1,26230,44,0
10663,1,0,25,0,0
10664,1,0,5618,0,0
10665,1,0,23,0,0
10666,1,0,301,0,0
10667,1,1,208,79,0
10668,1,0,22691,0,0
10669,1,0,712,0,0
10670,1,0,603,0,0
10671,2,0,26896,0,0
10672,20,0,253469,0,0
10673,1,0,5497,0,0
10674,1,0,8214,0,0
10675,2,0,7571,0,0
10676,1,0,462,0,0
10677,2,0,18869,0,0
10678,4,0,13110,0,0
10679,6,0,927354,0,0
10680,1,0,1456,0,0
10681,1,0,12111,0,0
10682,1,0,92200,0,0
10683,1,0,33,0,0
10684,2,0,951,0,0
10685,2,2,1382906,1086,0
10686,4,1,21576,30,0
10687,1,0,3299,0,0
10688,1,0,679,0,0
10689,1,0,9504,0,0
10690,1,0,86,0,0
10691,2,0,15396,0,0
10692,1,6,147,119579,0
10693,1,1,45855,561,0
10694,4,0,43840,0,0
10695,1,0,448,0,0
10696,2,0,156210,0,0
10697,1,0,36247,0,0
10698,1,0,833,0,0
10699,2,0,88088,0,0
10700,4,1,1434200,21,0
10701,1,0,16994,0,0
10702,1,0,472,0,0
10703,1,0,202406,0,0
10704,1,0,9118,0,0
10705,1,0,11922,0,0
10706,1,1,174,1903,0
10707,1,0,540,0,0
10708,1,0,111,0,0
10709,1,0,6268,0,0
10710,1,0,349,0,0
10711,1,0,6415,0,0
10712,1,0,1067,0,0
10713,1,0,42,0,0
10714,2,0,207308,0,0
10715,3,0,65310,0,0
10716,2,0,651,0,0
10717,4,0,9607,0,0
10718,1,0,1612,0,0
10719,1,0,9733,0,0
10720,1,0,3915,0,0
10721,1,0,7631,0,0
10722,1,0,92,0,0
10723,49,1,1580189,734,0
10724,1,0,7134,0,0
10725,1,0,1743,0,0
10726,1,0,3180,0,0
10727,1,0,567,0,0
10728,1,0,602,0,0
10729,1,0,1043,0,0
10730,1,0,123,0,0
10731,1,0,1263,0,0
10732,1,0,1909,0,0
10733,1,0,4982,0,0
10734,1,0,145,0,0
10735,1,2,88,26563,0
10736,3,3,39036,33364,0
10737,8,0,113526,0,0
10738,1,0,43,0,0
10739,1,0,159,0,0
10740,1,1,2370,337,0
10741,1,1,3646,156486,0
10742,1,1,32467,152619,0
10743,1,1,49,127778,0
10744,1,0,576,0,0
10745,4,0,15725,0,0
10746,1,0,1813,0,0
10747,1,0,4895,0,0
10748,1,0,214632,0,0
10749,1,0,258,0,0
10750,1,0,101198,0,0
10751,1,0,17,0,0
10752,2,1,15129,1159,0
10753,2,0,229004,0,0
10754,1,0,2058,0,0
10755,1,1,1130,2141,0
10756,3,6,2369,140594,0
10757,1,1,1644,1652,0
10758,1,0,762,0,0
10759,1,0,1383,0,0
10760,1,1,205,10734,0
10761,1,0,520,0,0
10762,2,5,12424,123282,0
10763,1,0,67,0,0
10764,1,0,8,0,0
10765,1,0,14,0,0
10766,1,0,189,0,0
10767,5,2,35680,125517,0
10768,1,0,81,0,0
10769,2,2,280,37040,0
10770,1,0,3308,0,0
10771,1,0,249,0,0
10772,2,1,38586,8420,0
10773,2,0,7174,0,0
10774,1,0,76007,0,0
10775,1,0,25703,0,0
10776,2,0,2234,0,0
10777,1,0,5034,0,0
10778,1,0,1397,0,0
10779,1,0,2536,0,0
10780,1,0,12705,0,0
10781,1,0,14,0,0
10782,1,0,82,0,0
10783,2,0,14969,0,0
10784,2,0,1329,0,0
10785,1,1,206,792,0
10786,1,0,162017,0,0
10787,1,0,4132,0,0
10788,1,0,19014,0,0
10789,1,0,9203,0,0
10790,1,0,270,0,0
10791,1,0,518,0,0
10792,1,0,2546,0,0
10793,1,0,12295,0,0
10794,1,0,1,0,0
10795,1,0,11451,0,0
10796,3,0,22079,0,0
10797,1,0,16611,0,0
10798,1,0,17,0,0
10799,1,0,782,0,0
10800,2,0,33560,0,0
10801,2,0,519,0,0
10802,1,0,61,0,0
10803,1,0,1803,0,0
10804,1,0,134,0,0
10805,1,0,10,0,0
10806,2,0,6464,0,0
10807,3,0,2996,0,0
10808,1,0,262,0,0
10809,1,2,1286,357,0
10810,1,0,1084,0,0
10811,9,1,22595,3835,0
10812,1,0,34383,0,0
10813,1,0,6675,0,0
10814,1,0,129,0,0
10815,1,0,5680,0,0
10816,7,0,56179,0,0
10817,2,0,15552,0,0
10818,1,0,5198,0,0
10819,2,1,6081,7846,0
10820,10,0,265353,0,0
10821,2,0,7002,0,0
10822,1,0,68,0,0
10823,2,0,2240,0,0
10824,1,0,2889,0,0
10825,1,1,219,7685,0
10826,1,0,1543,0,0
10827,1,0,89,0,0
10828,2,0,2868,0,0
10829,1,2,7900,41995,0
10830,1,0,166266,0,0
10831,1,1,67875,1448,0
10832,1,0,1791,0,0
10833,10,0,693592,0,0
10834,1,0,146721,0,0
10835,1,0,286,0,0
10836,1,0,29,0,0
10837,1,0,548,0,0
10838,1,2,1615,488,0
10839,1,1,410,100,0
10840,3,0,30604,0,0
10841,3,2,1934,18927,0
10842,1,0,2546,0,0
10843,1,2,3085,102287,0
10844,1,3,46275,31177,1
10845,0,1,0,22358,0
10846,0,2,0,15944,0
10847,0,1,0,10018,0
10848,0,1,0,4401,0
10849,0,4,0,58313,0
10850,7,4,17351,5346,0
10851,0,2,0,10685,0
10852,0,1,0,174,0
10853,0,1,0,1166,0
10854,0,1,0,823,0
10855,0,1,0,82,0
10856,0,2,0,1588,0
10857,0,2,0,12624,0
10858,0,2,0,1166,0
10859,0,1,0,17742,0
10860,0,1,0,1737,0
10861,0,1,0,4605,0
10862,0,1,0,212,0
10863,0,1,0,850,0
10864,0,1,0,4993,0
10865,0,1,0,200,0
10866,0,1,0,80,0
10867,0,1,0,295,0
10868,0,1,0,1286,0
10869,0,2,0,7731,0
10870,0,2,0,307,0
10871,0,1,0,133,0
10872,0,1,0,1060,0
10873,0,1,0,681955,0
10874,0,2,0,632227,0
10875,0,1,0,1315,0
10876,0,1,0,12066,0
10877,0,3,0,18304,0
10878,0,2,0,7703,0
10879,0,1,0,11522,0
10880,0,1,0,2406,0
10881,0,7,0,216036,0
10882,1,137,18249,5967875,0
10883,2,1,6299,248,0
10884,1,1,1655,43,0
10885,2,14,15587,3054611,0
10886,2,12,213706,44477,0
10887,2,1,2741,136205,0
10888,2,1,19316,12,0
10889,3,2,46424,10415,0
10890,2,2,2720,846064,0
10891,3,2,25912,4203,0
10892,1,5,933,4690,0
10893,3,4,1224227,98315,0
10894,1,0,43,0,0
10895,34,6,934626,17372,0
10896,4,11,3448,176315,0
10897,2,5,8738,1744,0
10898,2,1,21352,3543,0
10899,1,2,15980,4706,0
10900,4,13,473925,223461,0
10901,2,9,822,180350,0
10902,2,2,7626,18455,0
10903,1,0,26,0,0
10904,4,9,26037,108997,0
10905,1,1,16748,1505,0
10906,1,1,54,367,0
10907,1,4,2344,6688,0
10908,1,4,1066155,7681,0
10909,4,2,41173036,3355,0
10910,1,1,1362,2205,0
10911,1,2,88,20472,0
10912,2,5,420,181589,0
10913,1,8,90636,38095,0
10914,1,0,1087,0,0
10915,1,1,90,1048,0
10916,1,10,82,324240,0
10917,1,1,113698,19384,0
10918,2,4,771,7256,0
10919,2,1,37028,45,0
10920,3,3,77961,2206,0
10921,1,1,207,496,0
10922,1,2,121,8355,0
10923,2,2,17601,22386,0
10924,4,2,5658,1625,0
10925,1,1,44421,3553,0
10926,1,4,2207,3269,0
10927,1,1,11543,12207,0
10928,3,0,91840,0,0
10929,1,1,170,18898,0
10930,1,2,4149,40420,0
10931,2,0,692,0,0
10932,1,1,151,1755,0
10933,4,3,851694,144749,0
10934,1,0,8238,0,0
10935,2,2,1199,440223,0
10936,1,1,7538,78348,0
10937,1,9,124,303037,0
10938,3,12,17002,366679,0
10939,3,0,78958,0,0
10940,9,3,195480,1184,0
10941,1,0,168,0,0
10942,3,2,3809,15594,0
10943,1,0,11960,0,0
10944,2,0,4083,0,0
10945,3,0,19628,0,0
10946,2,3,2339,8609,0
10947,1,1,3,17347,0
10948,1,4,13,7893,0
10949,2,6,12192,32842,0
10950,4,5,57719,235518,0
10951,2,3,11012,17076,0
10952,1,1,34610,1673,0
10953,2,2,188,8016,0
10954,1,0,4518,0,0
10955,1,2,476,216554,0
10956,1,2,7991,292,0
10957,1,1,5381,742,0
10958,1,2,54,140386,0
10959,2,3,751302,2147,0
10960,1,1,50,6128,0
10961,1,4,11,34865,0
10962,1,2,12589,6373,0
10963,3,2,31605,196,0
10964,3,0,35320,0,0
10965,1,1,174,18104,0
10966,1,0,23174,0,0
10967,1,1,198495,785,0
10968,2,2,1494,280302,0
10969,3,1,11804,231480,0
10970,2,2,23328,155716,0
10971,2,5,156,117092,0
10972,6,1,86150,303540,0
10973,5,24,89244,478777,0
10974,1,1,216,6012,0
10975,8,2,125464,35706,0
10976,5,7,28537,5708,0
10977,1,1,4864,935,0
10978,16,16,1229058,3645047,0
10979,2,0,35653,0,0
10980,1,6,313,171286,0
10981,1,1,1082,2733,0
10982,9,44,29702,20830674,0
10983,6,23,46095,614353,0
10984,2,1,5232,828,0
10985,2,0,8178,0,0
10986,2,1,98441,43910,0
10987,1,0,18642,0,0
10988,1,3,251,31269,0
10989,1,5,96,22765,0
10990,28,21,60231186,568466,0
10991,1,7,16481,170566,0
10992,1,0,896590,0,0
10993,1,0,245312,0,0
10994,1,1,525,141,0
10995,1,1,124,527,0
10996,1,5,284,34254,0
10997,1,5,7284,37394,0
10998,1,1,1538,6024,0
10999,1,4,416,13011,0
11000,1,4,9424,8118,0
11001,1,1,19281,33,0
11002,2,1,8665,108592,0
11003,1,1,16433,127,0
11004,8,2,144926,74413,0
11005,3,6,135412,20071,0
11006,1,3,17608,1942,0
11007,2,0,42111,0,0
11008,3,4,1571,9144,0
11009,0,11,0,82012,0
11010,0,1,0,1047,0
11011,0,1,0,6516,0
11012,0,1,0,82041,0
11013,0,1,0,2632,0
11014,0,1,0,945,0
11015,0,1,0,223,0
11016,0,2,0,7614,0
11017,26,5,314238,57740,0
11018,0,3,0,11239,0
11019,0,1,0,8,0
11020,0,1,0,22940,0
11021,0,1,0,35811,0
11022,0,1,0,915623,0
11023,0,1,0,718670,0
11024,0,1,0,146,0
11025,0,2,0,17690,0
11026,0,7,0,66491,0
11027,0,3,0,8158,0
11028,7,9,11822,115219,0
11029,0,1,0,9668,0
11030,0,1,0,6275,0
11031,0,1,0,590,0
11032,0,1,0,2498,0
11033,0,1,0,102,0
11034,0,1,0,395,0
11035,0,1,0,3363,0
11036,0,5,0,1869,0
11037,2,3,452,14010,0
11038,0,1,0,2117,0
11039,2,4,123752,114731,1
11040,0,2,0,194847,0
11041,0,2,0,31241,0
11042,0,1,0,311,0
11043,0,1,0,94,0
11044,0,5,0,12069,0
11045,0,1,0,1247034,0
11046,0,1,0,9382,0
11047,0,1,0,2522,0
11048,0,1,0,56722,0
11049,0,1,0,877,0
11050,0,2,0,168363,0
11051,0,6,0,25521,0
11052,0,1,0,1565,0
11053,0,1,0,3216,0
11054,0,1,0,1894,0
11055,0,1,0,1073,0
11056,0,2,0,2192,0
11057,0,1,0,155845,0
11058,0,1,0,7617,0
11059,0,1,0,1011,0
11060,0,1,0,155,0
11061,1,3,412,19708,0
11062,1,1,85,86,0
11063,0,1,0,432663,0
11064,0,1,0,39,0
11065,0,2,0,1552,0
11066,0,1,0,1710,0
11067,0,1,0,477,0
11068,0,1,0,3846,0
11069,0,1,0,412,0
11070,0,1,0,9416,0
11071,0,1,0,75450,0
11072,0,1,0,1949,0
11073,0,1,0,85612,0
11074,0,1,0,1214,0
11075,0,4,0,13573,0
11076,5,1,2231,1662,0
11077,1,1,9165,21895,0
11078,1,0,402,0,0
11079,2,1,188,1507,0
11080,1,0,86,0,0
11081,11,0,119893,0,0
11082,2,0,51281,0,0
11083,1,0,2612,0,0
11084,1,0,429,0,0
11085,1,0,144,0,0
11086,1,0,699,0,0
11087,1,0,7735,0,0
11088,1,0,283,0,0
11089,1,0,15304,0,0
11090,5,0,251128,0,0
11091,1,0,15479,0,0
11092,1,0,4446,0,0
11093,1,0,7524,0,0
11094,1,1,73904,6808,0
11095,1,0,3375,0,0
11096,1,0,5043,0,0
11097,1,0,105,0,0
11098,1,0,3136,0,0
11099,3,0,4395,0,0
11100,1,0,58,0,0
11101,1,0,99604,0,0
11102,1,0,876,0,0
11103,1,0,1879,0,0
11104,1,4,39774,29680,0
11105,6,0,7322,0,0
11106,1,0,31123,0,0
11107,1,0,55,0,0
11108,1,0,1664,0,0
11109,5,1,43849,4383,0
11110,43,0,860384,0,0
11111,1,0,2622,0,0
11112,3,0,30182,0,0
11113,1,0,740,0,0
11114,1,0,1153,0,0
11115,1,0,945,0,0
11116,1,0,2798,0,0
11117,1,0,112,0,0
11118,1,0,1330,0,0
11119,1,0,2103,0,0
11120,1,0,686,0,0
11121,1,0,56449,0,0
11122,1,0,107,0,0
11123,1,0,20600,0,0
11124,1,0,485,0,0
11125,1,0,526,0,0
11126,1,0,869,0,0
11127,1,0,767,0,0
11128,1,0,22195,0,0
11129,1,0,999,0,0
11130,1,0,8611,0,0
11131,1,0,518,0,0
11132,1,0,158225,0,0
11133,1,0,4141,0,0
11134,3,0,3597,0,0
11135,1,0,73,0,0
11136,1,0,606,0,0
11137,2,0,30837,0,0
11138,1,0,4455,0,0
11139,50,0,997599,0,0
11140,1,0,285,0,0
11141,1,0,15863,0,0
11142,1,0,74,0,0
11143,1,0,35,0,0
11144,1,1,310,167,0
11145,2,4,25850,23757,0
11146,1,0,6586,0,0
11147,1,0,2205,0,0
11148,1,0,52881,0,0
11149,1,1,299,26,0
11150,1,0,933616,0,0
11151,1,0,27346,0,0
11152,1,0,24,0,0
11153,5,0,101799,0,0
11154,1,1,877,407,0
11155,1,0,1007,0,0
11156,2,0,272256,0,0
11157,3,0,44184,0,0
11158,1,1,8,8438,0
11159,1,0,645,0,0
11160,2,2,703054,5043,0
11161,1,0,94452,0,0
11162,1,1,2386,672,0
11163,6,0,7611,0,0
11164,1,0,1150,0,0
11165,1,1,107,236,0
11166,1,0,108,0,0
11167,1,0,28,0,0
11168,2,0,1739,0,0
11169,1,0,102,0,0
11170,1,0,663,0,0
11171,1,0,13226,0,0
11172,1,3,309,9083,0
11173,1,0,566,0,0
11174,1,0,509,0,0
11175,1,0,128948,0,0
11176,1,0,269,0,0
11177,1,0,15881,0,0
11178,1,1,1635,6088,0
11179,1,0,31521,0,0
11180,1,0,1951,0,0
11181,2,0,8255,0,0
11182,1,0,21789,0,0
11183,1,0,40270,0,0
11184,1,0,452,0,0
11185,1,0,137,0,0
11186,1,0,990,0,0
11187,1,0,3478,0,0
11188,1,0,859,0,0
11189,1,0,78,0,0
11190,1,0,5610,0,0
11191,1,0,2305,0,0
11192,1,0,448,0,0
11193,1,0,42,0,0
11194,1,0,347,0,0
11195,1,0,91440,0,0
11196,2,0,9813,0,0
11197,1,1,394,13550,0
11198,1,0,3242,0,0
11199,1,2,17,365404,0
11200,1,0,0,0,0
11201,1,0,11142,0,0
11202,1,0,68482,0,0
11203,1,0,2945,0,0
11204,1,0,188858,0,0
11205,1,0,15602,0,0
11206,1,0,2075,0,0
11207,1,0,241,0,0
11208,1,0,191,0,0
11209,1,0,3160,0,0
11210,1,0,275408,0,0
11211,1,0,49131,0,0
11212,1,0,807,0,0
11213,1,0,1558,0,0
11214,1,0,17797,0,0
11215,1,0,1230,0,0
11216,1,0,620,0,0
11217,1,0,134,0,0
11218,1,0,257,0,0
11219,1,0,110,0,0
11220,1,0,4325,0,0
11221,1,0,208,0,0
11222,1,0,51792,0,0
11223,1,0,3472,0,0
11224,1,1,2187,1910,0
11225,1,0,906,0,0
11226,1,0,643,0,0
11227,1,0,410,0,0
11228,1,0,613,0,0
11229,1,0,685,0,0
11230,1,0,5860,0,0
11231,1,0,23628,0,0
11232,1,1,10377,29588,0
11233,1,0,3,0,0
11234,1,0,8355,0,0
11235,1,0,1142,0,0
11236,1,1,57366,4158,0
11237,1,0,3815,0,0
11238,1,0,1224,0,0
11239,1,1,605,5777,0
11240,1,0,514,0,0
11241,1,0,85,0,0
11242,1,0,47,0,0
11243,1,0,1003,0,0
11244,1,0,830,0,0
11245,1,0,3418,0,0
11246,1,0,97,0,0
11247,1,0,44,0,0
11248,1,0,1950,0,0
11249,1,0,12,0,0
11250,1,0,3355,0,0
11251,1,0,376,0,0
11252,1,0,69665,0,0
11253,2,1,1249,2378,0
11254,1,0,803,0,0
11255,1,0,777,0,0
11256,1,0,571146,0,0
11257,1,0,23,0,0
11258,1,0,460,0,0
11259,1,0,89,0,0
11260,1,0,1282,0,0
11261,1,0,34,0,0
11262,1,0,30356,0,0
11263,2,2,3989,1386,0
11264,1,0,449,0,0
11265,1,0,11858,0,0
11266,1,0,599,0,0
11267,1,0,29243,0,0
11268,1,0,1804,0,0
11269,1,0,3481,0,0
11270,1,0,2784,0,0
11271,1,0,8321,0,0
11272,1,0,1782,0,0
11273,1,0,321,0,0
11274,1,0,417,0,0
11275,2,0,2800,0,0
11276,1,1,3014,16017,0
11277,2,0,16104,0,0
11278,1,0,822,0,0
11279,1,0,251,0,0
11280,1,0,278,0,0
11281,1,0,612,0,0
11282,1,0,3918,0,0
11283,1,0,7794,0,0
11284,1,0,4030,0,0
11285,1,0,5282,0,0
11286,1,0,83,0,0
11287,1,0,791418,0,0
11288,1,0,537,0,0
11289,1,0,721,0,0
11290,1,0,71,0,0
11291,1,0,36,0,0
11292,2,0,3191,0,0
11293,1,0,972,0,0
11294,1,0,21,0,0
11295,1,1,503,359,0
11296,1,0,5022,0,0
11297,1,0,10599,0,0
11298,1,0,46133,0,0
11299,1,0,187,0,0
11300,1,0,1540,0,0
11301,3,5,6508,13391,0
11302,1,0,106,0,0
11303,1,0,3721,0,0
11304,1,0,1235,0,0
11305,1,0,2742,0,0
11306,1,0,85,0,0
11307,1,1,144,1816,0
11308,1,0,281,0,0
11309,1,0,253,0,0
11310,1,1,1830,2480,0
11311,1,0,27615,0,0
11312,1,0,21706,0,0
11313,1,1,42,711,0
11314,1,0,756,0,0
11315,1,0,5935,0,0
11316,1,2,150857,1848,0
11317,1,1,2811,117,0
11318,2,1,23038,11509,0
11319,1,0,153884,0,0
11320,1,0,121,0,0
11321,2,0,7777,0,0
11322,1,0,69,0,0
11323,1,0,338,0,0
11324,1,0,2378,0,0
11325,5,2,46541,9928,0
11326,1,0,3221,0,0
11327,1,0,61,0,0
11328,1,0,2790,0,0
11329,1,0,4972,0,0
11330,1,1,7102,3972,0
11331,4,1,39342,46979,0
11332,1,0,106053,0,0
11333,8,2,3599,177,0
11334,1,2,1245239,4747,0
11335,1,0,740,0,0
11336,1,0,249,0,0
11337,6,1,7586,217,0
11338,1,0,2201,0,0
11339,1,0,1373,0,0
11340,4,0,478731,0,0
11341,1,0,10129,0,0
11342,1,0,5437,0,0
11343,1,3,55,10118,0
11344,8,0,13572,0,0
11345,1,0,3923,0,0
11346,2,0,281433,0,0
11347,1,0,186,0,0
11348,1,1,202827,16278,0
11349,1,0,1445,0,0
11350,1,0,222,0,0
11351,1,0,8820,0,0
11352,1,2,1018,4364,0
11353,1,0,1591,0,0
11354,1,0,133,0,0
11355,1,0,24429,0,0
11356,1,0,1440,0,0
11357,1,0,958,0,0
11358,1,0,3517,0,0
11359,1,0,58,0,0
11360,1,0,3397,0,0
11361,1,0,133,0,0
11362,1,0,3354,0,0
11363,1,0,3631,0,0
11364,1,0,960,0,0
11365,1,0,408,0,0
11366,1,1,699,1579,0
11367,1,0,466,0,0
11368,1,0,3278,0,0
11369,1,0,26,0,0
11370,1,0,1223,0,0
11371,1,0,122331,0,0
11372,1,0,435,0,0
11373,1,0,247616,0,0
11374,1,0,8519,0,0
11375,1,0,4048,0,0
11376,1,0,8356,0,0
11377,1,0,15000,0,0
11378,1,0,1237,0,0
11379,1,0,118,0,0
11380,1,0,13744,0,0
11381,1,0,24340,0,0
11382,1,0,734,0,0
11383,1,0,22608,0,0
11384,1,0,4,0,0
11385,4,0,38580,0,0
11386,6,0,7090,0,0
11387,1,0,29911,0,0
11388,1,0,2070,0,0
11389,1,0,100,0,0
11390,6,1,14461,29096,0
11391,4,3,21402,9797,0
11392,2,0,9111935,0,0
11393,1,1,4657,991,0
11394,1,0,7993,0,0
11395,0,2,0,164730,0
11396,0,1,0,12213,0
11397,0,1,0,2515,0
11398,0,1,0,5681,0
11399,0,2,0,3662,0
11400,0,1,0,47,0
11401,0,5,0,603001,0
11402,3,0,6719,0,0
11403,0,1,0,782,0
11404,0,1,0,73415,0
11405,0,1,0,4784,0
11406,0,2,0,118916,0
11407,1,0,21416,0,0
11408,0,1,0,546,0
11409,0,2,0,15652,0
11410,13,5,95829,639733,0
11411,0,2,0,687,0
11412,0,1,0,18269,0
11413,0,5,0,406972,0
11414,1,4,7,7073,0
11415,0,1,0,26,0
11416,0,2,0,26393,0
11417,1,1,8,368,0
11418,0,1,0,93,0
11419,0,2,0,35632,0
11420,0,1,0,117,0
11421,0,1,0,744,0
11422,0,1,0,7640,0
11423,0,1,0,395,0
11424,0,1,0,499,0
11425,0,3,0,37497,0
11426,1,4,219,19234,0
11427,0,1,0,425,0
11428,1,7,252,16239,0
11429,0,2,0,808,0
11430,0,1,0,3156,0
11431,0,2,0,270494,0
11432,0,1,0,294,0
11433,0,1,0,49614,0
11434,0,1,0,37,0
11435,0,1,0,1758,0
11436,1,1,55695,2874,0
11437,0,5,0,36276,0
11438,1,5,7718,3821,0
11439,2,10,24732,47075,0
11440,0,1,0,3567,0
11441,0,1,0,736,0
11442,0,4,0,4583,0
11443,0,2,0,1122,0
11444,0,1,0,4133,0
11445,0,1,0,55,0
11446,0,2,0,522,0
11447,0,4,0,142320,0
11448,0,1,0,575,0
11449,0,2,0,4597,0
11450,0,1,0,2026,0
11451,0,1,0,3987,0
11452,0,2,0,1190,0
11453,0,4,0,56260,0
11454,0,2,0,3781,0
11455,0,1,0,139,0
11456,0,2,0,6607,0
11457,0,1,0,793,0
11458,0,2,0,354,0
11459,0,1,0,12123,0
11460,0,1,0,10179,0
11461,0,1,0,81,0
11462,0,2,0,297,0
11463,0,5,0,28963,0
11464,0,1,0,15,0
11465,0,1,0,741,0
11466,0,1,0,128099,0
11467,0,1,0,16,0
11468,0,1,0,2533,0
11469,1,2,60,132189,0
11470,0,1,0,2222,0
11471,0,1,0,22117,0
11472,0,6,0,5389,0
11473,0,2,0,4391,0
11474,0,1,0,3612,0
11475,0,1,0,182,0
11476,0,2,0,24408,0
11477,0,1,0,1614,0
11478,0,3,0,1432,0
11479,0,2,0,14046,0
11480,0,1,0,2842,0
11481,0,1,0,682,0
11482,0,1,0,8,0
11483,0,1,0,7344,0
11484,0,1,0,59,0
11485,2,1,53,238,0
11486,2,0,173917,0,0
11487,2,0,137412,0,0
11488,0,2,0,539,0
11489,11,3,3308068,58876,0
11490,2,0,3834,0,0
11491,0,1,0,26,0
11492,0,1,0,881,0
11493,0,1,0,767,0
11494,0,1,0,1082,0
11495,0,1,0,434,0
11496,0,1,0,1491,0
11497,1,3,999,36732,0
11498,0,1,0,9899,0
11499,0,1,0,935,0
11500,0,1,0,18214,0
11501,0,1,0,3074,0
11502,0,1,0,2341,0
11503,0,1,0,94760,0
11504,0,5,0,3870,0
11505,1,3,197,567,0
11506,0,2,0,8007,0
11507,1,0,179,0,0
11508,4,0,79414,0,0
11509,0,2,0,22647,0
11510,12,9,825968,34489,0
11511,0,1,0,473,0
11512,0,2,0,17915,0
11513,0,2,0,1841,0
11514,0,1,0,157,0
11515,0,2,0,7492,0
11516,5,2,80052,175,0
11517,0,1,0,56,0
11518,1,3,4915,3628,0
11519,0,1,0,622,0
11520,0,1,0,34,0
11521,0,1,0,5920,0
11522,0,1,0,39,0
11523,0,1,0,4417,0
11524,1,1,127684,3132,0
11525,1,1,3210,282074,0
11526,0,1,0,119,0
11527,0,3,0,29608,0
11528,0,2,0,2002,0
11529,0,6,0,359896,0
11530,0,2,0,72772,0
11531,0,1,0,209,0
11532,0,1,0,850,0
11533,0,1,0,5440,0
11534,2,0,97,0,0
11535,1,0,122,0,0
11536,1,0,2781,0,0
11537,1,0,463953,0,0
11538,1,0,59,0,0
11539,1,0,8331,0,0
11540,1,1,9330,11449,0
11541,2,0,2191,0,0
11542,1,0,104741,0,0
11543,1,0,2736,0,0
11544,1,0,60671,0,0
11545,1,0,28099,0,0
11546,1,0,56034,0,0
11547,2,0,6331,0,0
11548,1,0,13,0,0
11549,1,0,568,0,0
11550,1,0,63994,0,0
11551,1,1,434,158850,0
11552,1,0,2004,0,0
11553,2,0,72845,0,0
11554,1,0,5087,0,0
11555,2,3,4449,25480,0
11556,1,0,619,0,0
11557,3,6,13418,175808,0
11558,9,0,317958,0,0
11559,1,1,119,6,0
11560,11,0,230540,0,0
11561,1,2,9,771,0
11562,1,0,5502,0,0
11563,1,0,48828,0,0
11564,1,0,44,0,0
11565,1,0,45168,0,0
11566,1,2,38142,3206,0
11567,1,0,1163,0,0
11568,1,1,547,1985,0
11569,3,0,5166,0,0
11570,2,2,68051,124715,0
11571,1,0,8173,0,0
11572,1,0,5,0,0
11573,1,0,8784,0,0
11574,1,0,624,0,0
11575,1,0,199,0,0
11576,2,0,59427,0,0
11577,1,0,1104,0,0
11578,2,0,1869,0,0
11579,1,0,14876,0,0
11580,1,1,32,481,0
11581,1,0,107678,0,0
11582,1,1,8814,270,0
11583,1,0,4933,0,0
11584,1,0,58455,0,0
11585,1,1,11066,3402,0
11586,1,2,29226,21730,0
11587,1,0,4101,0,0
11588,2,0,1825,0,0
11589,1,0,3943,0,0
11590,1,0,62335,0,0
11591,1,0,1763,0,0
11592,1,1,887,2330,0
11593,3,1,69558,33,0
11594,1,0,5231,0,0
11595,1,0,45,0,0
11596,1,0,3111,0,0
11597,1,0,1302,0,0
11598,1,0,447598,0,0
11599,1,1,258,197,0
11600,1,0,39,0,0
11601,3,0,8370,0,0
11602,1,0,299,0,0
11603,1,0,8209,0,0
11604,1,0,487,0,0
11605,1,0,1380,0,0
11606,1,0,4849,0,0
11607,3,0,5802,0,0
11608,1,0,6261,0,0
11609,1,0,87818,0,0
11610,1,0,17,0,0
11611,1,0,862,0,0
11612,1,1,4377,1736,0
11613,1,0,4316,0,0
11614,1,0,1035,0,0
11615,13,0,778002,0,0
11616,1,0,27,0,0
11617,4,0,5408,0,0
11618,4,0,9920,0,0
11619,1,1,6544,107588,0
11620,1,0,15567,0,0
11621,20,0,753708,0,0
11622,1,0,108,0,0
11623,1,1,9895,58581,0
11624,1,0,3172,0,0
11625,1,1,27145,127,0
11626,1,0,608,0,0
11627,1,0,216,0,0
11628,1,0,155449,0,0
11629,1,1,274,354,0
11630,2,0,2263,0,0
11631,2,0,14852,0,0
11632,2,2,13790,12560,0
11633,1,0,12301,0,0
11634,2,1,342,1161,0
11635,1,0,6009,0,0
11636,1,3,329,1015,0
11637,1,0,580,0,0
11638,1,1,392,12203,0
11639,1,0,5285,0,0
11640,1,0,145,0,0
11641,5,4,134377,344983,0
11642,1,0,375,0,0
11643,1,0,28268,0,0
11644,1,1,104,101,0
11645,1,0,87,0,0
11646,3,0,147103,0,0
11647,1,0,2692,0,0
11648,1,1,12723,234066,0
11649,1,0,433,0,0
11650,1,0,3692,0,0
11651,1,0,2368,0,0
11652,1,0,78,0,0
11653,2,6,22039,33254,0
11654,1,0,10784,0,0
11655,1,1,859,13427,0
11656,2,0,1783,0,0
11657,1,0,1608283,0,0
11658,1,0,6814,0,0
11659,1,0,298,0,0
11660,2,0,4324,0,0
11661,1,0,36704,0,0
11662,1,0,24,0,0
11663,1,1,1602,378,0
11664,3,2,245005,46757,0
11665,17,0,166109,0,0
11666,1,0,30,0,0
11667,1,0,200,0,0
11668,1,0,493,0,0
11669,12,0,141482,0,0
11670,1,0,8360,0,0
11671,1,0,401274,0,0
11672,1,0,2312,0,0
11673,1,0,61,0,0
11674,3,0,34401,0,0
11675,1,1,208,50543,0
11676,2,0,59169,0,0
11677,1,5,589,2523,0
11678,1,0,5939,0,0
11679,1,1,36265,244,0
11680,1,0,6306,0,0
11681,1,0,4218,0,0
11682,1,0,48,0,0
11683,1,0,3962,0,0
11684,1,0,107742,0,0
11685,2,0,278569,0,0
11686,1,0,26379,0,0
11687,1,2,2222,331266,0
11688,1,0,36893,0,0
11689,1,1,63285,17384,0
11690,1,0,106,0,0
11691,9,0,133632,0,0
11692,1,1,1358,186,0
11693,1,0,81122,0,0
11694,1,0,885,0,0
11695,2,0,615,0,0
11696,1,0,3639,0,0
11697,1,0,1133,0,0
11698,3,3,246271,14718,0
11699,1,0,64,0,0
11700,6,3,3415210,1365,0
11701,1,0,973,0,0
11702,1,0,13511,0,0
11703,2,0,3333,0,0
11704,1,0,825,0,0
11705,1,0,163,0,0
11706,11,14,302910,428903,0
11707,1,0,714051,0,0
11708,2,7,90633,21519,0
11709,1,1,1996,92,0
11710,1,1,8001,1305,0
11711,1,1,1823,1863,0
11712,1,6,35756,60652,0
11713,1,2,4445236,9026,0
11714,1,3,873,6626573,0
11715,4,0,57762,0,0
11716,1,20,33,176515,0
11717,4,0,1401739,0,0
11718,1,7,5885,809535,0
11719,4,3,2451,22308,0
11720,1,1,16932,887,0
11721,1,1,4378,9416,0
11722,1,2,33921,3864,0
11723,1,1,6535,1045,0
11724,6,2,78247,7852,0
11725,2,0,16231,0,0
11726,1,0,4466,0,0
11727,1,0,30,0,0
11728,2,0,8496,0,0
11729,1,0,1814,0,0
11730,1,0,10934,0,0
11731,2,3,34689,120520,0
11732,1,0,2309,0,0
11733,2,0,5114,0,0
11734,2,0,38638,0,0
11735,1,0,13,0,0
11736,1,0,199,0,0
11737,1,0,6858,0,0
11738,1,0,78873,0,0
11739,1,0,34,0,0
11740,1,0,240,0,0
11741,1,2,18893,53578,0
11742,1,1,107,40813,0
11743,1,0,4534,0,0
11744,7,2,83132,29970,0
11745,1,0,4554,0,0
11746,0,1,0,132,0
11747,0,2,0,2257,0
11748,1,1,1995,59,0
11749,1,0,17620,0,0
11750,1,0,31,0,0
11751,1,1,1819,47330,0
11752,2,0,7460,0,0
11753,1,0,4059,0,0
11754,1,0,1902,0,0
11755,1,0,1511,0,0
11756,1,0,433,0,0
11757,1,0,17982,0,0
11758,1,0,2383,0,0
11759,1,0,2801,0,0
11760,1,0,1706,0,0
11761,1,0,409292,0,0
11762,1,0,307,0,0
11763,1,0,1574,0,0
11764,1,0,1510,0,0
11765,1,0,2283,0,0
11766,1,1,2013,47,0
11767,2,0,46269,0,0
11768,1,0,6,0,0
11769,1,0,35348,0,0
11770,1,0,7661,0,0
11771,2,6,435552,168216,0
11772,1,0,2076,0,0
11773,1,0,1975,0,0
11774,1,0,3140,0,0
11775,1,0,118,0,0
11776,1,0,982,0,0
11777,1,0,315,0,0
11778,1,0,428,0,0
11779,1,0,3141,0,0
11780,4,6,63207,20978,0
11781,0,1,0,111608,0
11782,0,1,0,5172,0
11783,0,2,0,2036,0
11784,0,1,0,330,0
11785,0,5,0,55165,0
11786,0,1,0,321,0
11787,0,1,0,1429,0
11788,0,3,0,6411,0
11789,0,1,0,9503,0
11790,0,1,0,491,0
11791,0,1,0,121,0
11792,0,1,0,371242,0
11793,0,1,0,4646,0
11794,0,2,0,93463,0
11795,2,0,11465,0,0
11796,0,1,0,322996,0
11797,0,1,0,11295,0
11798,0,4,0,82981,0
11799,0,1,0,2285,0
11800,0,1,0,338,0
11801,0,1,0,6770,0
11802,0,3,0,4024,0
11803,0,2,0,13195,0
11804,0,1,0,6673,0
11805,0,1,0,8333,0
11806,0,1,0,12206,0
11807,0,2,0,1173,0
11808,0,11,0,230300,0
11809,3,3,9203,55936,0
11810,2,3,36017,4196,0
11811,0,1,0,5596,0
11812,0,1,0,114,0
11813,0,1,0,133,0
11814,0,1,0,1568,0
11815,0,3,0,10699,0
11816,13,6,114977,81513,0
11817,0,1,0,1644,0
11818,0,2,0,688,0
11819,0,2,0,5188,0
11820,13,26,429011,461337,0
11821,0,1,0,9,0
11822,0,2,0,6643,0
11823,0,1,0,2564,0
11824,0,7,0,66089,0
11825,5,4,32912,852,0
11826,0,2,0,226,0
11827,0,1,0,8394,0
11828,0,1,0,587,0
11829,0,1,0,286,0
11830,0,12,0,38604,0
11831,0,3,0,4094,0
11832,0,2,0,851,0
11833,0,2,0,1399376,0
11834,0,2,0,7446,0
11835,0,1,0,210,0
11836,0,1,0,3062,0
11837,0,2,0,104861,0
11838,0,1,0,4923,0
11839,1,1,4546,5259,0
11840,1,0,1039,0,0
11841,1,1,8260,77094,0
11842,1,0,145,0,0
11843,3,0,2691673,0,0
11844,6,1,14263,90,0
11845,1,0,6071,0,0
11846,1,0,24,0,0
11847,1,0,29801,0,0
11848,1,1,1283,10143,0
11849,1,0,1649,0,0
11850,2,0,23615,0,0
11851,1,1,1522,677,0
11852,1,0,211,0,0
11853,2,3,12886,998,0
11854,1,1,439,755,0
11855,1,1,1662,13767,0
11856,1,0,4182,0,0
11857,1,1,4718,41322,0
11858,1,7,15,27232,0
11859,1,0,33601,0,0
11860,1,5,398,64983,0
11861,1,0,2082,0,0
11862,1,0,13379,0,0
11863,4,0,215730,0,0
11864,1,0,757,0,0
11865,1,0,446,0,0
11866,1,0,1168077,0,0
11867,1,0,4566,0,0
11868,1,0,2512,0,0
11869,1,0,214016,0,0
11870,1,0,3797,0,0
11871,1,0,265,0,0
11872,1,0,12138,0,0
11873,1,0,146,0,0
11874,1,0,12,0,0
11875,1,0,2837429,0,0
11876,3,0,5533,0,0
11877,1,1,4165,1606,0
11878,2,0,127908,0,0
11879,2,0,1207,0,0
11880,1,0,6445,0,0
11881,1,0,532,0,0
11882,1,0,162599,0,0
11883,1,0,74,0,0
11884,1,1,7255,1367,0
11885,1,1,180497,727,0
11886,1,0,9875,0,0
11887,1,0,3664,0,0
11888,1,1,61,159,0
11889,1,1,3422,5317,0
11890,1,0,53,0,0
11891,1,1,33957,107,0
11892,1,1,199696,9263,0
11893,1,1,1360,174,0
11894,1,0,5211,0,0
11895,2,0,2254,0,0
11896,1,1,993,33307,0
11897,1,0,37624,0,0
11898,1,0,37274,0,0
11899,1,0,8598,0,0
11900,9,1,159703,1434,0
11901,4,1,18175,24309,0
11902,1,0,212,0,0
11903,1,0,23836,0,0
11904,2,2,6140,5073,0
11905,1,0,615435,0,0
11906,1,0,20,0,0
11907,1,0,1797,0,0
11908,1,0,253,0,0
11909,1,0,1053,0,0
11910,1,0,3438,0,0
11911,1,0,58,0,0
11912,1,0,1416,0,0
11913,1,0,4016,0,0
11914,6,0,20904,0,0
11915,19,0,215147,0,0
11916,1,0,7530,0,0
11917,1,0,1249,0,0
11918,1,0,1693,0,0
11919,1,0,3155,0,0
11920,1,0,36,0,0
11921,1,0,11,0,0
11922,1,0,983,0,0
11923,2,0,352413,0,0
11924,2,1,11021,49927,0
11925,1,0,45,0,0
11926,1,0,371,0,0
11927,1,2,16769,17701,0
11928,1,0,685,0,0
11929,4,0,63152,0,0
11930,1,1,374,30994,0
11931,2,0,2634,0,0
11932,1,0,739,0,0
11933,1,0,3207,0,0
11934,1,1,520,128,0
11935,1,0,219,0,0
11936,1,0,213,0,0
11937,1,0,3671,0,0
11938,1,0,195041,0,0
11939,5,0,20998,0,0
11940,1,0,5139,0,0
11941,1,0,4156,0,0
11942,4,0,16270,0,0
11943,1,0,28952,0,0
11944,1,1,1174,182399,0
11945,1,0,372,0,0
11946,1,0,5124,0,0
11947,1,0,1206,0,0
11948,1,0,2608,0,0
11949,1,0,520,0,0
11950,1,0,948,0,0
11951,1,1,3325,125237,0
11952,1,0,4399,0,0
11953,1,0,1186,0,0
11954,1,0,10529,0,0
11955,1,0,3037,0,0
11956,1,0,55820,0,0
11957,1,0,5,0,0
11958,1,0,4832,0,0
11959,1,0,68,0,0
11960,1,0,1862,0,0
11961,1,0,842,0,0
11962,1,0,237,0,0
11963,1,0,29,0,0
11964,1,0,94685,0,0
11965,1,0,7027,0,0
11966,1,3,1607,2721,0
11967,1,0,173,0,0
11968,1,0,14650,0,0
11969,1,0,1877,0,0
11970,1,0,867,0,0
11971,1,0,1848,0,0
11972,1,0,144,0,0
11973,1,0,534,0,0
11974,1,0,10781,0,0
11975,1,0,265,0,0
11976,1,0,813,0,0
11977,2,0,7237,0,0
11978,1,0,10099,0,0
11979,1,0,1896,0,0
11980,1,0,2699,0,0
11981,1,0,64,0,0
11982,1,0,401,0,0
11983,1,0,297,0,0
11984,1,0,878,0,0
11985,1,0,3615,0,0
11986,1,0,14,0,0
11987,1,0,2395,0,0
11988,1,1,146,11169,0
11989,1,0,208,0,0
11990,1,0,82,0,0
11991,1,0,442,0,0
11992,1,0,19,0,0
11993,1,0,3,0,0
11994,1,0,25348,0,0
11995,1,0,811,0,0
11996,1,0,5882,0,0
11997,1,0,628,0,0
11998,1,0,15,0,0
11999,1,0,3876,0,0
12000,1,3,5722,7475,0
12001,2,5,72522,620350,0
12002,1,0,4108,0,0
12003,1,0,76,0,0
12004,1,0,304,0,0
12005,1,0,75921,0,0
12006,1,0,321,0,0
12007,1,0,80718,0,0
12008,1,0,172,0,0
12009,1,0,8958,0,0
12010,1,0,626,0,0
12011,1,0,587,0,0
12012,1,0,348,0,0
12013,1,0,14069,0,0
12014,1,0,491,0,0
12015,1,0,969,0,0
12016,1,0,25828,0,0
12017,1,0,81,0,0
12018,1,0,791,0,0
12019,1,0,110,0,0
12020,1,1,1893,20226,0
12021,1,0,5294,0,0
12022,1,0,237,0,0
12023,1,1,4588,3175,0
12024,1,0,2662,0,0
12025,1,0,15239,0,0
12026,1,0,1158,0,0
12027,16,2,328572,10649,0
12028,1,6,1406,51028,0
12029,3,0,6137,0,0
12030,1,0,208,0,0
12031,2,0,7215,0,0
12032,2,0,3446,0,0
12033,4,0,4007,0,0
12034,1,0,821,0,0
12035,1,0,40823,0,0
12036,1,0,5277,0,0
12037,2,0,8735,0,0
12038,1,0,13131,0,0
12039,1,0,2598,0,0
12040,1,0,3224,0,0
12041,2,0,20345,0,0
12042,1,1,103040,267,0
12043,1,1,39405,247,0
12044,1,0,2973,0,0
12045,1,0,6391,0,0
12046,1,0,4939,0,0
12047,1,0,198,0,0
12048,1,0,126,0,0
12049,1,0,5118,0,0
12050,1,4,145,35902,0
12051,3,0,62824,0,0
12052,1,1,593,272147,0
12053,1,1,2556,34547,0
12054,1,0,6,0,0
12055,1,1,13,647,0
12056,1,0,5956,0,0
12057,1,0,195824,0,0
12058,1,0,7,0,0
12059,1,0,33054,0,0
12060,1,0,4558,0,0
12061,1,0,26,0,0
12062,1,0,112207,0,0
12063,1,0,13,0,0
12064,1,0,104,0,0
12065,1,0,6584,0,0
12066,1,0,37801,0,0
12067,1,3,931,70127,0
12068,3,1,5579,42,0
12069,1,0,37,0,0
12070,1,0,76,0,0
12071,1,0,952,0,0
12072,1,0,893,0,0
12073,2,0,2781,0,0
12074,2,2,12957,33369,0
12075,1,0,20240,0,0
12076,1,0,3,0,0
12077,1,0,676,0,0
12078,1,0,334,0,0
12079,1,0,792,0,0
12080,2,2,6423,295,0
12081,1,1,877,3362,0
12082,1,1,999,84850,0
12083,1,1,5426,120,0
12084,1,0,5905,0,0
12085,1,0,153129,0,0
12086,1,1,1323,812,0
12087,1,1,759,111339,0
12088,1,0,861,0,0
12089,1,0,7362,0,0
12090,1,0,1571,0,0
12091,1,1,25684,511,0
12092,2,0,2052,0,0
12093,1,1,9,677,0
12094,1,0,1645,0,0
12095,1,0,35690,0,0
12096,1,0,1572,0,0
12097,2,1,419,1149,0
12098,1,0,146,0,0
12099,2,1,25900,198,0
12100,1,0,49,0,0
12101,1,1,1072,4144,0
12102,1,0,78,0,0
12103,1,0,279,0,0
12104,7,1,14983,531,0
12105,1,0,6518,0,0
12106,2,0,45843,0,0
12107,1,1,203,1749,0
12108,4,2,50431,47370,0
12109,1,0,7373,0,0
12110,1,0,1197,0,0
12111,0,1,0,265,0
12112,0,1,0,1004,0
12113,0,1,0,17210,0
12114,0,1,0,930,0
12115,0,3,0,862,0
12116,0,3,0,35550,0
12117,0,1,0,1490,0
12118,1,2,565,5838,0
12119,0,2,0,12781,0
12120,0,1,0,677,0
12121,0,1,0,45,0
12122,0,2,0,12119,0
12123,0,8,0,1665142,0
12124,0,1,0,349,0
12125,1,2,1192,47023,0
12126,0,2,0,5508,0
12127,0,17,0,439421,0
12128,3,1,88458,2,0
12129,0,7,0,184413,0
12130,1,1,305,18278,0
12131,0,1,0,81361,0
12132,0,1,0,2078,0
12133,0,2,0,7124,0
12134,0,2,0,17254,0
12135,0,2,0,26151,0
12136,0,2,0,2980,0
12137,0,2,0,39796,0
12138,0,1,0,7087,0
12139,0,1,0,1993,0
12140,1,1,441,12827,0
12141,0,4,0,53805,0
12142,0,2,0,96570,0
12143,1,4,19,6286,0
12144,0,2,0,3352,0
12145,0,2,0,1337,0
12146,6,2,31708,2024,0
12147,0,1,0,110,0
12148,0,1,0,348708,0
12149,0,4,0,10640,0
12150,1,4,7110,10316,0
12151,2,4,907,235290,0
12152,2,3,14612,7315,0
12153,3,7,31133,84769,0
12154,0,3,0,3257,0
12155,0,9,0,30728,0
12156,0,2,0,22726,0
12157,0,1,0,35743,0
12158,0,1,0,18,0
12159,0,1,0,389,0
12160,0,1,0,1769,0
12161,0,8,0,18429,0
12162,0,2,0,356761,0
12163,0,1,0,1152,0
12164,0,2,0,636355,0
12165,0,1,0,842,0
12166,0,1,0,1560,0
12167,0,3,0,47716,0
12168,3,3,1839,525,0
12169,6,1,4181,1155,0
12170,0,1,0,840,0
12171,0,1,0,2111,0
12172,0,4,0,161647,0
12173,0,4,0,18579,0
12174,0,1,0,2802,0
12175,0,1,0,2280,0
12176,0,3,0,526354,0
12177,0,2,0,7308,0
12178,0,1,0,456,0
12179,0,6,0,86129,0
12180,0,2,0,81648,0
12181,0,2,0,125,0
12182,0,1,0,73686,0
12183,0,1,0,13495,0
12184,1,3,9313,6037918,0
12185,2,0,15322,0,0
12186,2,0,6037359,0,0
12187,2,1,19245,286447,0
12188,0,2,0,6670,0
12189,0,1,0,5061,0
12190,0,10,0,60356,0
12191,0,1,0,825,0
12192,0,2,0,3883,0
12193,0,2,0,5082,0
12194,0,1,0,6360,0
12195,0,2,0,10647,0
12196,0,1,0,9054,0
12197,0,1,0,2413,0
12198,1,4,80340,1628,1
12199,3,2,73656,6138088,0
12200,1,1,612,307,0
12201,0,1,0,14291,0
12202,0,1,0,991,0
12203,0,2,0,371,0
12204,11,10,2739781,1434443,0
12205,1,5,8439,676619,0
12206,0,1,0,7391,0
12207,0,5,0,27138,0
12208,0,1,0,168,0
12209,0,1,0,79,0
12210,0,1,0,15772,0
12211,0,6,0,11302,0
12212,0,1,0,999,0
12213,0,4,0,81860,0
12214,0,1,0,4891,0
12215,0,2,0,7578,0
12216,1,1,1036,137788,0
12217,1,0,4731,0,0
12218,1,0,9226,0,0
12219,1,1,2666,671738,0
12220,2,0,4341,0,0
12221,0,1,0,1649,0
12222,1,7,9222,122899,0
12223,0,1,0,269360,0
12224,0,1,0,5678,0
12225,0,1,0,210,0
12226,0,1,0,5505,0
12227,0,1,0,264,0
12228,0,4,0,1128,0
12229,1,1,161,12650,0
12230,0,1,0,17850,0
12231,0,1,0,18639,0
12232,0,1,0,5,0
12233,0,1,0,48623,0
12234,0,1,0,2202,0
12235,0,1,0,1282,0
12236,2,5,2711,11775,0
12237,1,1,82,175,0
12238,1,1,3715,61,0
12239,1,2,459,7732,0
12240,1,1,4348,4582,0
12241,0,2,0,81784,0
12242,1,1,17453,30792,0
12243,0,1,0,372,0
12244,0,2,0,10284,0
12245,0,1,0,47679,0
12246,0,9,0,102136,0
12247,1,4,5896,7584,0
12248,1,2,25,16961,0
12249,2,1,258,188,0
12250,0,1,0,331,0
12251,0,2,0,1203,0
12252,0,1,0,5,0
12253,0,1,0,26,0
12254,0,1,0,8662,0
12255,0,1,0,708,0
12256,1,2,85,9029,0
12257,0,9,0,96515,0
12258,0,1,0,237,0
12259,0,1,0,1204,0
12260,0,1,0,4206,0
12261,0,1,0,80,0
12262,0,1,0,25444,0
12263,0,3,0,34252,0
12264,1,0,4716,0,0
12265,0,1,0,145,0
12266,0,1,0,159,0
12267,1,1,201,1958,0
12268,0,1,0,8927,0
12269,0,2,0,2086,0
12270,1,0,1964,0,0
12271,0,1,0,33,0
12272,0,2,0,23215,0
12273,0,2,0,21130,0
12274,0,3,0,10694,0
12275,0,1,0,71,0
12276,0,1,0,29,0
12277,0,1,0,335,0
12278,0,1,0,142,0
12279,0,1,0,26,0
12280,0,2,0,4011,0
12281,0,5,0,6861,0
12282,0,1,0,1128,0
12283,0,1,0,194,0
12284,0,3,0,961,0
12285,0,1,0,1682,0
12286,0,1,0,549,0
12287,6,4,53637,50765,0
12288,12,9,142187,116261,0
12289,6,10,182423,221390,0
12290,2,4,13224,64096,0
12291,1,1,40824,5743,0
12292,2,1,445,136,0
12293,0,4,0,9469,0
12294,2,1,707,37999,0
12295,0,1,0,11019,0
12296,0,4,0,15524,0
12297,68,3,1177315,8538,0
12298,0,1,0,2877,0
12299,0,2,0,292,0
12300,0,2,0,55002,0
12301,1,2,263902,13886,0
12302,8,17,116036,237184,0
12303,0,2,0,2706,0
12304,0,1,0,123,0
12305,0,6,0,13114,0
12306,4,2,22922,269231,0
12307,0,24,0,320637,0
12308,19,6,1152462,6711,0
12309,6,1,56293,173,0
12310,1,12,57424,182002,0
12311,6,3,148084,52650,0
12312,0,1,0,115,0
12313,0,1,0,432,0
12314,0,3,0,1963,0
12315,4,10,2868,247510,0
12316,25,3,109750,49564,0
12317,0,1,0,148,0
12318,0,1,0,5500,0
12319,0,6,0,18762,0
12320,0,4,0,476739,0
12321,0,1,0,235,0
12322,0,1,0,1234,0
12323,0,1,0,130,0
12324,0,1,0,4,0
12325,0,1,0,5448,0
12326,1,1,954,13524,0
12327,0,2,0,3763,0
12328,2,3,20826,69533,0
12329,0,4,0,39374,0
12330,0,3,0,182128,0
12331,0,11,0,65076,0
12332,10,0,28193,0,0
12333,2,0,8103,0,0
12334,1,0,2102,0,0
12335,2,0,11997,0,0
12336,2,0,4301,0,0
12337,2,0,2783,0,0
12338,1,2,6225,60084,0
12339,1,0,32,0,0
12340,1,0,4138,0,0
12341,2,0,27318,0,0
12342,1,0,574,0,0
12343,1,0,94,0,0
12344,1,0,2858,0,0
12345,1,0,682,0,0
12346,2,1,6672,23765,0
12347,1,1,4178,29902,0
12348,1,0,90,0,0
12349,1,0,2719,0,0
12350,1,2,3099,16913,0
12351,1,0,146164,0,0
12352,1,0,778,0,0
12353,2,1,1410,114,0
12354,1,1,18,77,0
12355,0,6,0,27256,0
12356,2,2,16305,2672,0
12357,1,5,8552,225098,0
12358,1,3,680,236566,0
12359,1,7,3738,206851,0
12360,1,0,276,0,0
12361,1,0,3407,0,0
12362,0,2,0,8027,0
12363,0,1,0,274,0
12364,0,1,0,29944,0
12365,0,1,0,7314,0
12366,1,2,10395,18229,0
12367,0,2,0,14319,0
12368,0,13,0,131395,0
12369,2,5,3437,21391,0
12370,8,24,189315,353984,0
12371,1,5,13,135942,0
12372,2,5,16239,67038,0
12373,1,1,116,577,0
12374,2,0,42423,0,0
12375,11,0,319319,0,0
12376,0,2,0,1504280,0
12377,3,1,11082,4085,0
12378,0,2,0,11068,0
12379,0,1,0,429,0
12380,0,2,0,3092,0
12381,1,4,101419,15656,0
12382,0,1,0,23138,0
12383,0,2,0,285063,0
12384,0,4,0,179251,0
12385,1,3,589,284473,0
12386,0,7,0,179740,0
12387,0,1,0,20050,0
12388,0,1,0,33,0
12389,0,2,0,35017,0
12390,0,1,0,21064,0
12391,0,2,0,45685,0
12392,0,1,0,2730,0
12393,0,2,0,19582,0
12394,2,2,10784,414,0
12395,0,2,0,2397,0
12396,0,1,0,10,0
12397,0,1,0,2253,0
12398,0,3,0,46530,0
12399,1,0,8274,0,0
12400,2,4,11299,2080,0
12401,0,2,0,16496,0
12402,1,1,3721,4504,0
12403,0,2,0,16349,0
12404,2,0,5750,0,0
12405,1,1,19206,1009,0
12406,0,8,0,79150,0
12407,4,1,7259,1217,0
12408,0,1,0,161,0
12409,0,1,0,46,0
12410,0,2,0,632,0
12411,0,1,0,4817,0
12412,0,1,0,18,0
12413,0,5,0,45262,0
12414,58,31,4347999,3663044,0
12415,0,1,0,21,0
12416,0,1,0,10935,0
12417,0,1,0,153,0
12418,0,3,0,8149,0
12419,0,4,0,46204,0
12420,0,3,0,527354,0
12421,7,3,11167,2432,0
12422,3,0,352,0,0
12423,1,2,47239,16512,0
12424,1,0,30947,0,0
12425,0,3,0,36159,0
12426,0,6,0,7687,0
12427,0,2,0,14902,0
12428,0,2,0,3289,0
12429,0,2,0,31028,0
12430,5,1,118490,245,0
12431,4,1,10092,4867,0
12432,3,0,27571,0,0
12433,0,1,0,7056,0
12434,0,3,0,317845,0
12435,0,4,0,241476,0
12436,2,1,125458,9860,0
12437,0,1,0,1253,0
12438,0,2,0,75,0
12439,1,4,474,21266,0
12440,0,1,0,65,0
12441,1,1,400,136539,0
12442,0,3,0,18856,0
12443,2,6,18618,259739,0
12444,10,1,250881,9645,0
12445,3,0,16750,0,0
12446,1,0,187,0,0
12447,1,1,224132,5262,0
12448,0,4,0,580472,0
12449,0,6,0,16793,0
12450,0,2,0,4219,0
12451,0,3,0,632397,0
12452,0,2,0,1850,0
12453,0,2,0,7233,0
12454,0,2,0,2141,0
12455,0,2,0,6343,0
12456,1,1,216883,5130,0
12457,0,3,0,101135,0
12458,0,2,0,255,0
12459,2,1,6358,462,0
12460,0,4,0,48727,0
12461,4,2,137967,6282,0
12462,1,0,211,0,0
12463,0,1,0,42,0
12464,0,1,0,1624,0
12465,0,1,0,65889,0
12466,0,2,0,4540,0
12467,0,1,0,2006,0
12468,0,1,0,781,0
12469,0,1,0,10045,0
12470,0,2,0,87482,0
12471,3,12,259583,556730,0
12472,0,1,0,1891,0
12473,2,2,43406,4670,0
12474,12,4,117637,2662,0
12475,0,1,0,1260,0
12476,0,1,0,1720,0
12477,0,2,0,442,0
12478,0,2,0,4906,0
12479,0,1,0,64097,0
12480,0,2,0,8353,0
12481,0,1,0,87177,0
12482,0,1,0,407,0
12483,0,1,0,9134,0
12484,0,1,0,3508,0
12485,1,2,435,24353,0
12486,0,2,0,3190,0
12487,0,1,0,214,0
12488,0,1,0,10687,0
12489,0,1,0,24,0
12490,0,1,0,91,0
12491,0,1,0,7160,0
12492,0,2,0,7964,0
12493,0,2,0,973,0
12494,0,3,0,33603,0
12495,0,1,0,9040,0
12496,0,4,0,21349,0
12497,0,3,0,20342,0
12498,1,23,69,188519,0
12499,0,3,0,2650,0
12500,0,1,0,300993,0
12501,0,1,0,939,0
12502,0,1,0,1206,0
12503,0,3,0,6350,0
12504,8,12,179672,95046,0
12505,0,4,0,2236,0
12506,0,1,0,16987,0
12507,0,4,0,17178,0
12508,0,2,0,18177,0
12509,0,1,0,24418,0
12510,0,1,0,2447,0
12511,0,1,0,11077,0
12512,0,1,0,8077,0
12513,0,3,0,21335,0
12514,0,2,0,48,0
12515,0,1,0,3254,0
12516,0,1,0,54,0
12517,0,1,0,169,0
12518,0,2,0,3441,0
12519,2,2,9485,42512,0
12520,0,1,0,1800,0
12521,0,1,0,66,0
12522,0,1,0,676,0
12523,0,2,0,11244,0
12524,1,4,359,1049,0
12525,0,2,0,9058,0
12526,1,1,123,666,0
12527,0,5,0,190246,0
12528,0,2,0,2299,0
12529,0,1,0,79901,0
12530,1,2,94,4010,0
12531,0,2,0,17630,0
12532,0,2,0,16457,1
12533,0,1,0,90,0
12534,2,1,536,2,0
12535,0,1,0,12350,0
12536,7,3,430922,35645,0
12537,0,1,0,2851,0
12538,0,1,0,372,0
12539,1,1,15,2749,0
12540,0,1,0,33171,0
12541,0,1,0,227,0
12542,0,2,0,61026,0
12543,0,1,0,43309,0
12544,0,1,0,45130,0
12545,0,2,0,3467,0
12546,0,2,0,2368,0
12547,12,6,41521,506096,0
12548,0,1,0,191,0
12549,0,2,0,593,0
12550,1,1,277,239,0
12551,0,3,0,336422,0
12552,1,5,94906,132690,0
12553,5,8,11865,370946,0
12554,1,0,667,0,0
12555,0,1,0,873,0
12556,0,2,0,12608,0
12557,0,2,0,416963,0
12558,0,1,0,68712,0
12559,0,1,0,5597,0
12560,0,1,0,2901,0
12561,1,2,4369,3599,0
12562,0,1,0,7494,0
12563,0,2,0,6600,0
12564,2,1,1552,169,0
12565,47,2,893677,814,0
12566,6,4,12793,322005,0
12567,0,5,0,83687,0
12568,0,1,0,26835,0
12569,0,1,0,201,0
12570,0,3,0,21001,0
12571,0,2,0,12750,0
12572,0,1,0,5988,0
12573,0,1,0,10891,0
12574,0,1,0,265,0
12575,3,6,1366692,79360,0
12576,0,1,0,2512,0
12577,0,3,0,28623,0
12578,0,5,0,11514,0
12579,0,1,0,760482,0
12580,0,2,0,524,0
12581,0,2,0,25604,0
12582,0,1,0,7680,0
12583,5,1,190902,2940,0
12584,1,1,1643,13035,0
12585,0,2,0,1098,0
12586,0,2,0,11782,0
12587,0,1,0,4000,0
12588,0,1,0,583,0
12589,0,2,0,88665,0
12590,0,2,0,14034,0
12591,0,3,0,12827,0
12592,0,1,0,584,0
12593,1,2,135,11887,0
12594,0,1,0,3466,0
12595,0,1,0,3202,0
12596,0,1,0,94754,0
12597,0,1,0,16181,0
12598,0,1,0,511,0
12599,1,1,53,651,0
12600,1,1,693,5132,0
12601,0,2,0,2050,0
12602,1,1,52,13,0
12603,0,5,0,32542,0
12604,4,1,80899,1072,0
12605,8,3,133432,5213,0
12606,0,2,0,11553,0
12607,0,1,0,201,0
12608,0,7,0,43955,0
12609,1,0,746,0,0
12610,0,3,0,5119,0
12611,1,2,8660,26892,0
12612,0,2,0,4356,0
12613,0,1,0,244,0
12614,0,1,0,424,0
12615,0,1,0,716,0
12616,0,1,0,18623,0
12617,0,2,0,9580,0
12618,0,2,0,51515,0
12619,0,1,0,163955,0
12620,0,2,0,3261,0
12621,0,2,0,7349,0
12622,0,1,0,469,0
12623,0,4,0,13452,0
12624,0,1,0,8,0
12625,0,1,0,276,0
12626,0,1,0,3481455,0
12627,0,1,0,1885,0
12628,0,1,0,2390,0
12629,0,1,0,65535,0
12630,0,3,0,6065,0
12631,0,3,0,13680,0
12632,1,1,844,1946,0
12633,3,2,2164,190,0
12634,1,0,80,0,0
12635,0,2,0,1468,0
12636,5,51,18370,2567516,0
12637,2,0,6677,0,0
12638,1,0,4718,0,0
12639,1,0,624,0,0
12640,1,0,8258,0,0
12641,1,0,2414,0,0
12642,1,0,210,0,0
12643,1,0,22641,0,0
12644,1,0,27024,0,0
12645,1,0,1414,0,0
12646,1,1,567975,303,0
12647,1,0,91562,0,0
12648,1,0,3875,0,0
12649,1,0,52650,0,0
12650,1,0,54,0,0
12651,3,0,14279,0,0
12652,2,1,14005,601,0
12653,14,5,61675,11110,0
12654,1,0,4863,0,0
12655,2,4,8327,15207,0
12656,1,0,8874,0,0
12657,1,1,50,9727,0
12658,2,0,6087,0,0
12659,8,1,60961,936,0
12660,1,0,399,0,0
12661,1,0,3164,0,0
12662,2,0,48072,0,0
12663,7,0,33269,0,0
12664,1,0,34,0,0
12665,1,0,442,0,0
12666,2,0,34989,0,0
12667,1,0,2852,0,0
12668,1,1,463,2818,0
12669,1,0,2976,0,0
12670,1,0,4167,0,0
12671,1,0,1798,0,0
12672,1,0,351,0,0
12673,0,7,0,799727,0
12674,0,1,0,11187,0
12675,0,2,0,14230,0
12676,0,2,0,79097,0
12677,8,6,94048,14727,0
12678,0,5,0,17117,0
12679,23,3,392500,1453,0
12680,0,1,0,75,0
12681,0,1,0,4850,0
12682,0,1,0,6665,0
12683,0,4,0,150116,0
12684,6,5,361766,398591,1
12685,0,4,0,17407,0
12686,1,1,1178,13719,0
12687,1,1,15,132,0
12688,0,1,0,8134,0
12689,0,3,0,933172,0
12690,11,9,1276691,93060,0
12691,0,1,0,155,0
12692,0,2,0,45216,0
12693,0,2,0,12887,0
12694,0,2,0,36534,0
12695,0,2,0,28356,0
12696,0,1,0,380,0
12697,0,1,0,15762,0
12698,0,2,0,8673,0
12699,0,5,0,16515,0
12700,3,7,991,10181,0
12701,0,8,0,43200,0
12702,1,0,69,0,0
12703,0,3,0,114893,0
12704,0,1,0,14098,0
12705,0,3,0,6101080,0
12706,1,5,381,6045,0
12707,0,2,0,1763,0
12708,0,2,0,8746,0
12709,0,3,0,423624,0
12710,1,2,676,4331,0
12711,0,3,0,10882,0
12712,3,3,11804,14720,0
12713,1,1,457,5433,0
12714,0,1,0,657,0
12715,0,1,0,530,0
12716,0,2,0,58336,0
12717,0,3,0,3494,0
12718,0,5,0,75077,0
12719,0,2,0,35644,0
12720,0,14,0,1916507,0
12721,8,0,615379,0,0
12722,1,1,104401,3066,0
12723,0,2,0,12661,0
12724,0,3,0,13748,0
12725,0,2,0,11752,0
12726,0,3,0,40185,0
12727,0,3,0,16756,0
12728,0,1,0,3083,0
12729,0,2,0,7467,0
12730,0,2,0,3767,0
12731,0,2,0,673,0
12732,0,2,0,25713,0
12733,0,2,0,1321,0
12734,0,1,0,194,0
12735,0,1,0,965,0
12736,0,1,0,4898,0
12737,0,1,0,5233,0
12738,0,1,0,4210,0
12739,0,2,0,23724,0
12740,0,1,0,666,0
12741,0,2,0,311,0
12742,0,1,0,63892,0
12743,0,1,0,66,0
12744,0,1,0,488,0
12745,0,1,0,16525,0
12746,0,1,0,5,0
12747,0,1,0,78,0
12748,4,2,6476,104261,0
12749,9,9,37637,20035,0
12750,0,2,0,4044,0
12751,58,16,3657864,588969,0
12752,0,1,0,3584,0
12753,0,1,0,9168,0
12754,0,1,0,17424,0
12755,0,5,0,527943,0
12756,0,2,0,837,0
12757,0,1,0,24797,0
12758,0,1,0,2810,0
12759,0,1,0,12571,0
12760,0,1,0,2213,0
12761,0,1,0,1137,0
12762,0,1,0,392,0
12763,0,2,0,1339,0
12764,0,1,0,205,0
12765,0,2,0,3903,0
12766,0,1,0,17921,0
12767,0,1,0,2124,0
12768,0,1,0,1160,0
12769,0,2,0,24169,0
12770,0,5,0,11031,0
12771,0,1,0,996,0
12772,0,1,0,1262,0
12773,0,2,0,10032,0
12774,0,2,0,378,0
12775,0,1,0,10453,0
12776,0,2,0,1306,0
12777,0,3,0,10300,0
12778,0,1,0,89687,0
12779,0,2,0,20452,0
12780,2,0,4011,0,0
12781,3,19,363036,1845708,0
12782,1,0,3101,0,0
12783,0,1,0,19728,0
12784,0,1,0,1981,0
12785,1,1,11133,59,0
12786,0,1,0,17247,0
12787,0,2,0,78,0
12788,0,1,0,1288,0
12789,0,2,0,72066,0
12790,0,2,0,21810,0
12791,0,1,0,6745,0
12792,0,4,0,258799,0
12793,0,1,0,59,0
12794,0,1,0,141,0
12795,0,1,0,375,0
12796,0,2,0,1426,0
12797,0,4,0,56777,0
12798,0,1,0,2968,0
12799,1,2,1162,1194,0
12800,0,2,0,4104,0
12801,0,1,0,24473,0
12802,0,2,0,515,0
12803,2,1,1033,84,0
12804,0,3,0,5490,0
12805,43,31,895027,1686627,0
12806,0,3,0,44785,0
12807,1,0,364,0,0
12808,0,1,0,19054,0
12809,0,1,0,65,0
12810,0,3,0,14502,0
12811,1,1,1,514,0
12812,0,1,0,1358,0
12813,0,1,0,3673,0
12814,0,2,0,586,0
12815,0,1,0,724,0
12816,0,2,0,7944,0
12817,2,6,133677,183816,0
12818,5,11,36639,258844,0
12819,0,1,0,28287,0
12820,0,1,0,1645,0
12821,1,0,360,0,0
12822,3,0,16688,0,0
12823,2,0,6604,0,0
12824,3,0,14395,0,0
12825,10,0,28818,0,0
12826,1,0,1217,0,0
12827,1,0,370,0,0
12828,3,0,19867,0,0
12829,2,0,26220,0,0
12830,1,0,1441,0,0
12831,1,0,3816,0,0
12832,4,0,6234,0,0
12833,0,2,0,42625,0
12834,0,1,0,25655,0
12835,0,1,0,244,0
12836,0,1,0,49817,0
12837,0,1,0,720,0
12838,0,1,0,344,0
12839,0,1,0,87,0
12840,0,1,0,2,0
12841,0,2,0,232368,0
12842,1,1,103,1484,0
12843,0,2,0,10835,0
12844,1,0,3214,0,0
12845,1,0,1187,0,0
12846,1,0,11913,0,0
12847,1,0,368,0,0
12848,1,0,80,0,0
12849,1,0,7,0,0
12850,1,0,111,0,0
12851,1,1,5598,348299,0
12852,1,0,104,0,0
12853,6,7,16519,34255,0
12854,6,1,78411,2874,0
12855,2,0,261586,0,0
12856,1,0,395,0,0
12857,2,1,527,59167,0
12858,1,1,779,10966,0
12859,1,0,8413,0,0
12860,5,4,6901,86688,0
12861,1,0,212030,0,0
12862,1,0,803140,0,0
12863,1,0,19152,0,0
12864,1,0,1639,0,0
12865,1,0,399,0,0
12866,1,0,402,0,0
12867,1,0,6318,0,0
12868,1,0,92,0,0
12869,1,0,18,0,0
12870,1,0,144,0,0
12871,1,0,51426,0,0
12872,1,0,1949,0,0
12873,1,0,3954,0,0
12874,1,0,369,0,0
12875,1,0,3196,0,0
12876,1,0,142,0,0
12877,2,0,12096,0,0
12878,1,0,418832,0,0
12879,1,0,1860,0,0
12880,1,0,2091,0,0
12881,1,0,13635,0,0
12882,1,0,13428,0,0
12883,1,0,1819,0,0
12884,1,0,8546,0,0
12885,1,0,1302,0,0
12886,1,0,5950,0,0
12887,1,0,57,0,0
12888,1,0,708,0,0
12889,2,0,60004,0,0
12890,1,0,106,0,0
12891,3,0,28720,0,0
12892,1,0,943,0,0
12893,6,0,65657,0,0
12894,1,0,521,0,0
12895,1,1,1921,154,0
12896,1,0,153,0,0
12897,1,0,85940,0,0
12898,2,0,6516,0,0
12899,1,0,33,0,0
12900,1,0,388,0,0
12901,1,0,163,0,0
12902,1,0,1929,0,0
12903,0,2,0,4200624,0
12904,0,2,0,64,0
12905,0,1,0,368,0
12906,5,2,63373,1374,0
12907,0,5,0,2900282,0
12908,2,1,1375,9783,0
12909,0,3,0,16684,0
12910,2,7,21992,83011,0
12911,0,3,0,548,0
12912,0,1,0,732,0
12913,1,2,185176,22024,0
12914,2,4,2461,38818,0
12915,0,4,0,26679,0
12916,0,1,0,22931,0
12917,0,2,0,621587,0
12918,0,2,0,263,0
12919,4,5,14229,15443,0
12920,0,1,0,28838,0
12921,0,1,0,166,0
12922,0,1,0,8571,0
12923,0,2,0,1860,0
12924,2,4,675,33421,0
12925,0,1,0,3004,0
12926,0,9,0,85972,0
12927,2,7,14927,88079,0
12928,1,0,23804,0,0
12929,2,1,14950,20579,0
12930,3,1,135192,1193,0
12931,1,3,9000,3917,0
12932,1,0,446,0,0
12933,1,3,11284,1588,0
12934,0,1,0,1454,0
12935,0,1,0,70887,0
12936,0,1,0,3838,0
12937,0,3,0,46789,0
12938,7,10,82150,58391,0
12939,20,1,472759,118,0
12940,0,1,0,318,0
12941,0,32,0,544730,0
12942,0,1,0,5590,0
12943,0,2,0,2960,0
12944,3,0,10689,0,0
12945,0,2,0,3086,0
12946,1,0,2179,0,0
12947,1,1,239,479,0
12948,1,0,129514,0,0
12949,15,2,62375,10729,0
12950,1,0,18,0,0
12951,1,0,137578,0,0
12952,1,0,63,0,0
12953,1,1,21666,26347,0
12954,1,0,3125812,0,0
12955,1,0,4788,0,0
12956,1,0,1035,0,0
12957,2,0,268,0,0
12958,2,0,21347,0,0
12959,1,0,65,0,0
12960,1,0,68,0,0
12961,1,1,1524,17304,0
12962,5,5,20964,130037,0
12963,1,0,191,0,0
12964,1,0,63,0,0
12965,2,0,2714,0,0
12966,2,0,9116,0,0
12967,1,0,201,0,0
12968,0,2,0,1194,0
12969,1,1,546,739,0
12970,0,1,0,1527,0
12971,0,1,0,1522,0
12972,0,2,0,6410,0
12973,0,3,0,11297,0
12974,0,3,0,18030,0
12975,112,5,4451312,32815,0
12976,0,1,0,18,0
12977,1,1,12819,7596,0
12978,0,1,0,1157,0
12979,0,2,0,40253,0
12980,12,8,164147,54789,0
12981,0,1,0,33,0
12982,2,4,339577,41518,0
12983,1,6,3988,311671,0
12984,2,0,7769,0,0
12985,1,0,1640,0,0
12986,1,0,69,0,0
12987,19,1,878050,2474,0
12988,1,0,19761,0,0
12989,1,0,373,0,0
12990,1,0,2,0,0
12991,1,0,245967,0,0
12992,1,0,59196,0,0
12993,1,0,6,0,0
12994,1,0,1988,0,0
12995,1,0,3341,0,0
12996,1,0,1496,0,0
12997,14,1,427387,5705,0
12998,1,0,525,0,0
12999,1,0,2193,0,0
13000,1,0,2013,0,0
13001,1,0,6330,0,0
13002,1,0,778,0,0
13003,1,0,2169,0,0
13004,1,0,9745,0,0
13005,1,2,983,3785,0
13006,7,0,32896,0,0
13007,1,0,4471,0,0
13008,1,0,17,0,0
13009,0,1,0,77405,0
13010,0,1,0,24606,0
13011,4,19,138802,3026272,0
13012,2,0,5322,0,0
13013,1,0,1,0,0
13014,1,0,2034,0,0
13015,2,1,21863,226993,0
13016,1,0,14,0,0
13017,1,0,1842,0,0
13018,3,0,29537,0,0
13019,4,0,20080,0,0
13020,2,0,2071,0,0
13021,1,1,1735,185,0
13022,2,0,1127,0,0
13023,5,0,42329,0,0
13024,1,0,36447,0,0
13025,2,0,5282,0,0
13026,0,3,0,474,0
13027,5,3,3513,14050,0
13028,0,1,0,182,0
13029,0,1,0,1548191,0
13030,0,2,0,1481,0
13031,0,1,0,15127,0
13032,0,2,0,4135,0
13033,0,2,0,299,0
13034,0,4,0,2762,0
13035,0,2,0,21112,0
13036,1,3,3628,1919,0
13037,8,6,23574,33605,0
13038,4,12,471818,108247,0
13039,0,1,0,412081,0
13040,0,2,0,1499,0
13041,0,2,0,184091,0
13042,0,1,0,1548,0
13043,0,1,0,4139,0
13044,0,1,0,1189,0
13045,0,2,0,86,0
13046,0,2,0,17744,0
13047,0,2,0,79713,0
13048,5,0,17326,0,0
13049,0,1,0,265,0
13050,0,1,0,2590,0
13051,0,1,0,112,0
13052,0,2,0,22854,0
13053,0,1,0,6931,0
13054,0,1,0,448,0
13055,0,1,0,797,0
13056,0,1,0,7552,0
13057,0,1,0,1621,0
13058,0,1,0,5227,0
13059,0,2,0,55803,0
13060,0,3,0,80887,0
13061,0,2,0,41936,0
13062,0,1,0,256,0
13063,0,1,0,449327,0
13064,0,1,0,30,0
13065,0,1,0,1360,0
13066,0,1,0,39279,0
13067,0,1,0,1740,0
13068,0,1,0,131,0
13069,0,1,0,3376,0
13070,0,1,0,57,0
13071,0,1,0,18247,0
13072,0,1,0,3068,0
13073,0,1,0,165445,0
13074,0,1,0,286473,0
13075,1,3,117,8514,0
13076,2,1,502,7079,0
13077,4,1,41326,15994,0
13078,0,3,0,778514,0
13079,0,1,0,1,0
13080,0,12,0,249342,0
13081,1,1,68487,3156,0
13082,1,0,89,0,0
13083,2,0,79028,0,0
13084,1,0,73,0,0
13085,1,0,7388,0,0
13086,1,1,5401,233867,0
13087,3,1,138218,8049,0
13088,1,0,83,0,0
13089,3,2,81230,11003,0
13090,0,3,0,25970,0
13091,0,2,0,16969,0
13092,0,2,0,19632,0
13093,0,14,0,168407,0
13094,1,1,16052,557,0
13095,1,0,188,0,0
13096,1,0,70225,0,0
13097,1,0,1229,0,0
13098,1,0,293,0,0
13099,1,0,1644,0,0
13100,1,0,6984,0,0
13101,1,0,28759,0,0
13102,1,0,6917,0,0
13103,1,0,176,0,0
13104,1,0,15514,0,0
13105,1,0,3029,0,0
13106,0,2,0,826,0
13107,0,3,0,9954,0
13108,0,1,0,1814,0
13109,0,1,0,110501,0
13110,0,1,0,10412,0
13111,0,1,0,1374,0
13112,0,1,0,874,0
13113,0,1,0,47,0
13114,0,1,0,1229,0
13115,0,2,0,211,0
13116,0,1,0,49147,0
13117,0,1,0,834,0
13118,0,1,0,283,0
13119,0,1,0,25588,0
13120,0,1,0,50,0
13121,0,1,0,634,0
13122,0,1,0,319,0
13123,0,2,0,9221,0
13124,1,3,1760,3259,0
13125,0,2,0,5508,0
13126,0,1,0,1692,0
13127,0,2,0,23621,0
13128,1,4,369,407080,0
13129,4,15,346288,203045,0
13130,0,2,0,4465,0
13131,1,3,32,19159,0
13132,0,3,0,4403,0
13133,0,3,0,114631,0
13134,1,1,104138,1726,0
13135,0,1,0,4405,0
13136,0,1,0,1203,0
13137,0,1,0,8569,0
13138,0,1,0,449,0
13139,0,1,0,1826,0
13140,1,2,784,7677,0
13141,0,1,0,10,0
13142,0,1,0,14165,0
13143,1,2,1097,297,0
13144,1,0,38,0,0
13145,1,0,4322,0,0
13146,1,0,242,0,0
13147,1,0,13504,0,0
13148,1,1,280,638,0
13149,1,0,65,0,0
13150,1,0,2509,0,0
13151,2,0,32614,0,0
13152,1,0,139,0,0
13153,1,3,5705,58159,0
13154,1,1,634,252,0
13155,0,4,0,103406,0
13156,5,30,85196,379071,0
13157,2,6,158681,227827,0
13158,0,1,0,7548,0
13159,0,2,0,380,0
13160,0,2,0,147053,0
13161,1,1,83,12395,0
13162,2,0,865,0,0
13163,0,1,0,3441,0
13164,0,2,0,158985,0
13165,0,1,0,1693,0
13166,0,2,0,11380,0
13167,1,1,3195,12682,0
13168,0,1,0,7,0
13169,0,6,0,24894,0
13170,0,2,0,8403,0
13171,0,1,0,958,0
13172,0,1,0,2097,0
13173,0,1,0,79,0
13174,0,1,0,8,0
13175,0,2,0,199147,0
13176,0,7,0,636458,0
13177,5,3,21614,7967,0
13178,1,12,7,113450,0
13179,0,2,0,12155,0
13180,0,2,0,228268,0
13181,5,1,45918,3656,0
13182,0,1,0,436,0
13183,0,1,0,768,0
13184,0,1,0,269,0
13185,0,1,0,4854,0
13186,0,2,0,699633,0
13187,0,1,0,4778,0
13188,0,4,0,50993,0
13189,0,5,0,299923,0
13190,0,1,0,57,0
13191,0,1,0,76,0
13192,0,3,0,13693,0
13193,0,2,0,170307,0
13194,0,1,0,701,0
13195,0,2,0,6010,0
13196,0,3,0,23047,0
13197,0,1,0,107,0
13198,0,1,0,1681,0
13199,0,1,0,4345,0
13200,0,1,0,36786,0
13201,0,1,0,16581,0
13202,0,1,0,225,0
13203,0,1,0,2337,0
13204,0,2,0,202,0
13205,0,9,0,87311,0
13206,0,1,0,377,0
13207,0,1,0,269,0
13208,0,1,0,755,0
13209,0,1,0,3640,0
13210,0,1,0,613,0
13211,0,2,0,27053,0
13212,0,2,0,22332,0
13213,0,1,0,479,0
13214,0,1,0,42,0
13215,0,1,0,872,0
13216,0,1,0,23,0
13217,0,2,0,29067,0
13218,4,0,255056,0,0
13219,0,1,0,1594,0
13220,0,2,0,5390,0
13221,0,2,0,1894,0
13222,16,17,61421,363105,0
13223,2,0,1955,0,0
13224,1,0,16520,0,0
13225,1,0,786,0,0
13226,4,0,399953,0,0
13227,3,1,2476,4193,0
13228,1,0,780,0,0
13229,8,0,78667,0,0
13230,1,0,224,0,0
13231,1,0,11838,0,0
13232,5,0,23926,0,0
13233,2,0,38930,0,0
13234,2,0,20604,0,0
13235,1,1,26,40,0
13236,2,0,7046,0,0
13237,1,0,15269,0,0
13238,1,2,200270,96900,0
13239,1,0,48,0,0
13240,1,3,913,2939,0
13241,2,0,529,0,0
13242,1,0,9837,0,0
13243,1,0,140327,0,0
13244,2,0,15745,0,0
13245,2,0,20257,0,0
13246,1,0,3143,0,0
13247,1,1,9190,21422,0
13248,1,1,166,1282,0
13249,2,0,273866,0,0
13250,0,2,0,4483,0
13251,0,2,0,11071,0
13252,0,1,0,1065,0
13253,0,4,0,82673,0
13254,30,2,2479430,1848,0
13255,0,1,0,1230,0
13256,0,1,0,86759,0
13257,0,1,0,23,0
13258,0,1,0,99,0
13259,0,1,0,7535,0
13260,0,1,0,97,0
13261,0,1,0,1883,0
13262,0,2,0,9285,0
13263,0,2,0,1451,0
13264,4,2,9836,3249,0
13265,0,1,0,1,0
13266,61,1,2403330,4158,0
13267,2,0,147,0,0
13268,1,1,66,33,0
13269,2,0,596,0,0
13270,0,2,0,6433,0
13271,0,2,0,9753,0
13272,0,2,0,8147,0
13273,0,1,0,3704,0
13274,0,1,0,5312,0
13275,0,1,0,12608,0
13276,0,1,0,13853,0
13277,1,1,1708,139,0
13278,0,1,0,94,0
13279,0,1,0,748,0
13280,0,1,0,9111,0
13281,1,4,126,2168,0
13282,5,0,72359,0,0
13283,0,2,0,2088,0
13284,0,1,0,32924,0
13285,0,1,0,21627,0
13286,0,1,0,23859,0
13287,3,3,1544,3631,0
13288,2,1,36324,1660,0
13289,1,0,203,0,0
13290,2,8,871,68123,0
13291,3,3,17221,71540,0
13292,1,2,1046,3398,0
13293,1,0,59,0,0
13294,1,3,7462,12284,0
13295,1,0,11742,0,0
13296,0,5,0,3754,0
13297,1,0,738,0,0
13298,1,5,42,12535,0
13299,1,0,2565,0,0
13300,1,0,166,0,0
13301,3,0,99218,0,0
13302,4,0,198660,0,0
13303,1,4,6610,35726,0
13304,2,0,18793,0,0
13305,1,1,1013,162,0
13306,3,2,3237,151,0
13307,2,0,98816,0,0
13308,1,1,850,271,0
13309,1,7,20054,27233,0
13310,3,1,2904,16659,0
13311,1,0,361,0,0
13312,22,0,368909,0,0
13313,2,0,504338,0,0
13314,15,8,3252445,41722,0
13315,8,0,9232,0,0
13316,12,0,1571891,0,0
13317,3,0,29983,0,0
13318,1,0,16677,0,0
13319,1,6,40,265956,0
13320,2,1,788,37,0
13321,5,0,5875,0,0
13322,1,1,130,4044,0
13323,1,1,5664,102,0
13324,1,2,125,45579,0
13325,1,1,164,68391,0
13326,1,0,3,0,0
13327,1,1,57433,65328,1
13328,25,24,127938,303768,0
13329,0,3,0,34298,0
13330,3,2,8679,74823,0
13331,0,1,0,132,0
13332,0,4,0,4520,0
13333,1,0,308,0,0
13334,1,1,54,348,0
13335,1,1,1878,17082,0
13336,1,0,68951,0,0
13337,0,2,0,35632,0
13338,0,1,0,2865,0
13339,0,1,0,287,0
13340,0,2,0,5885,0
13341,1,1,323,350,0
13342,0,4,0,4847,0
13343,0,3,0,117364,0
13344,17,18,422674,78747,0
13345,0,1,0,30,0
13346,0,1,0,10234,0
13347,0,1,0,3698,0
13348,0,1,0,1198,0
13349,0,1,0,2770,0
13350,0,3,0,5206,0
13351,2,0,2170,0,0
13352,0,5,0,368291,0
13353,0,1,0,19859,0
13354,0,1,0,38,0
13355,0,1,0,2006,0
13356,0,2,0,1125,0
13357,9,6,435949,42574,0
13358,0,1,0,1258,0
13359,0,1,0,14807,0
13360,0,4,0,491301,0
13361,0,1,0,232,0
13362,0,1,0,162581,0
13363,0,10,0,526788,0
13364,0,1,0,257,0
13365,0,1,0,178,0
13366,0,1,0,302,0
13367,0,1,0,46,0
13368,0,4,0,26612,0
13369,1,2,24910,101163,0
13370,25,5,1133857,30031,0
13371,0,11,0,508247,0
13372,0,1,0,8000,0
13373,2,1,6699,13968,0
13374,1,0,513,0,0
13375,0,2,0,45986,0
13376,5,2,63024,18236,0
13377,0,1,0,18062,0
13378,0,2,0,46691,0
13379,0,2,0,1907,0
13380,0,1,0,1276,0
13381,0,1,0,675,0
13382,0,1,0,15,0
13383,0,1,0,4493,0
13384,0,1,0,15,0
13385,0,2,0,2594,0
13386,0,1,0,2964,0
13387,1,0,1208,0,0
13388,0,1,0,88,0
13389,0,1,0,3,0
13390,0,1,0,148,0
13391,0,2,0,3245,0
13392,0,1,0,2863,0
13393,0,1,0,43486,0
13394,0,1,0,4582,0
13395,0,4,0,37485,0
13396,0,1,0,244,0
13397,0,1,0,290,0
13398,0,2,0,3777,0
13399,0,2,0,880,0
13400,2,4,15860,98621,0
13401,1,1,2399,2835,0
13402,2,0,20248,0,0
13403,1,0,1383,0,0
13404,1,0,141,0,0
13405,0,3,0,145470,0
13406,0,1,0,204,0
13407,1,2,1710,267,0
13408,0,2,0,5264,0
13409,0,1,0,1903,0
13410,2,0,121319,0,0
13411,0,6,0,33692,0
13412,4,12,13367,623602,0
13413,15,8,782415,108926,0
13414,2,1,2061,13249,0
13415,2,0,79512,0,0
13416,1,0,76,0,0
13417,3,3,23575,77677,0
13418,0,5,0,5453,0
13419,0,1,0,9566,0
13420,0,1,0,13128,0
13421,0,4,0,331156,0
13422,0,5,0,140610,0
13423,0,1,0,2203,0
13424,1,0,1689,0,0
13425,1,3,9011,50525,0
13426,1,0,4556,0,0
13427,9,3,338073,6716,0
13428,1,1,32,715,0
13429,3,0,70070,0,0
13430,2,1,292231,5817,0
13431,4,1,844439,413,0
13432,5,4,217896,51448,0
13433,4,1,401046,9188,0
13434,0,1,0,21268,0
13435,1,2,805,360247,0
13436,1,1,1627,2698,0
13437,0,1,0,64401,0
13438,0,1,0,2386,0
13439,0,1,0,529,0
13440,0,1,0,315,0
13441,0,1,0,26285,0
13442,0,1,0,2577,0
13443,0,1,0,1463,0
13444,0,1,0,400,0
13445,0,1,0,936,0
13446,0,4,0,36914,0
13447,24,0,678379,0,0
13448,2,0,11781,0,0
13449,1,0,809,0,0
13450,1,0,10247,0,0
13451,1,0,62339,0,0
13452,2,0,2087,0,0
13453,1,0,2283,0,0
13454,2,1,24110,449,0
13455,0,2,0,11087,0
13456,0,1,0,24359,0
13457,0,2,0,52081,0
13458,0,1,0,695,0
13459,2,2,919364,7337,0
13460,8,8,134013,229745,0
13461,0,1,0,17774,0
13462,0,1,0,179,0
13463,0,1,0,183,0
13464,0,1,0,307,0
13465,2,1,18077,448,0
13466,0,1,0,11085,0
13467,0,1,0,1180,0
13468,0,1,0,1472,0
13469,2,0,2257,0,0
13470,5,1,21296,906,0
13471,1,1,106920,7657,0
13472,1,0,2682,0,0
13473,2,0,27672,0,0
13474,1,0,840,0,0
13475,2,0,13627,0,0
13476,1,0,15330,0,0
13477,0,1,0,3567,0
13478,0,2,0,3095,0
13479,0,1,0,36,0
13480,0,1,0,1410,0
13481,0,10,0,322712,0
13482,1,2,7,1981,0
13483,1,4,103,149443,0
13484,7,9,948592,323423,0
13485,1,0,3328,0,0
13486,4,2,224024,1565,0
13487,0,2,0,17032,0
13488,0,1,0,2443,0
13489,0,1,0,12682,0
13490,0,3,0,22187,0
13491,9,15,98621,90560,0
13492,0,3,0,14607,0
13493,0,1,0,100,0
13494,0,5,0,46701,0
13495,2,2,20398,576,0
13496,3,1,22220,2609,0
13497,0,2,0,10492,0
13498,0,1,0,4669,0
13499,0,1,0,916,0
13500,0,2,0,4181,0
13501,0,3,0,149180,0
13502,2,6,23651,2876841,0
13503,0,1,0,40654,0
13504,0,1,0,1026,0
13505,0,1,0,557,0
13506,0,1,0,325,0
13507,0,1,0,79,0
13508,0,1,0,2016,0
13509,0,1,0,262,0
13510,0,1,0,26708,0
13511,0,1,0,764,0
13512,0,2,0,14340,0
13513,0,2,0,16584,0
13514,0,3,0,148553,0
13515,0,1,0,9004,0
13516,0,1,0,11,0
13517,0,1,0,8048,0
13518,0,10,0,120768,0
13519,2,0,25255,0,0
13520,1,3,1008,21455,0
13521,3,1,655574,64,0
13522,0,1,0,375,0
13523,0,1,0,79,0
13524,0,7,0,127395,0
13525,3,6,103213,26971,0
13526,1,1,10055,1751,0
13527,1,2,13489,65103,0
13528,1,0,66997,0,0
13529,0,2,0,1875,0
13530,2,0,4056,0,0
13531,0,1,0,1307,0
13532,0,1,0,4533,0
13533,0,2,0,1118219,0
13534,0,1,0,183,0
13535,0,1,0,32,0
13536,0,1,0,207,0
13537,0,7,0,109023,0
13538,2,48,35903,3444638,0
13539,3,0,1210,0,0
13540,1,3,483,51639,0
13541,4,1,68858,8259,0
13542,1,3,7065,1077539,0
13543,2,3,5775,1469,0
13544,3,1,8011,1337,0
13545,1,0,168,0,0
13546,1,0,143838,0,0
13547,1,0,149,0,0
13548,1,0,127,0,0
13549,1,0,5269,0,0
13550,1,0,562,0,0
13551,1,0,202161,0,0
13552,1,0,289,0,0
13553,3,0,9224,0,0
13554,18,5,84668,470605,0
13555,2,0,1986,0,0
13556,1,0,2776234,0,0
13557,7,3,352159,7060,0
13558,1,0,129198,0,0
13559,1,0,1356,0,0
13560,2,0,213874,0,0
13561,2,0,10079,0,0
13562,1,0,102,0,0
13563,2,1,8760,3155,0
13564,1,0,1137,0,0
13565,1,0,1644,0,0
13566,1,0,31335,0,0
13567,1,0,663,0,0
13568,1,0,8502,0,0
13569,1,0,11063,0,0
13570,1,0,2535,0,0
13571,1,0,278,0,0
13572,1,0,230,0,0
13573,1,0,13539,0,0
13574,1,0,6649,0,0
13575,1,0,1260,0,0
13576,1,0,15027,0,0
13577,1,0,2846,0,0
13578,3,1,5229,517,0
13579,1,0,44,0,0
13580,1,0,1421,0,0
13581,0,1,0,33766,0
13582,0,2,0,2070,0
13583,0,3,0,20915,0
13584,0,3,0,33427,0
13585,3,1,417558,346,0
13586,0,1,0,503,0
13587,0,1,0,20,0
13588,0,1,0,2165,0
13589,0,2,0,1289,0
13590,0,1,0,8020,0
13591,0,1,0,19142,0
13592,0,2,0,112462,0
13593,0,2,0,25269,0
13594,0,2,0,11539,0
13595,0,1,0,784,0
13596,1,2,1817,28237,0
13597,1,2,1547,96990,0
13598,0,1,0,11,0
13599,0,1,0,741,0
13600,5,2,245876,23738,1
13601,0,1,0,200,0
13602,0,2,0,50841,0
13603,0,1,0,2483,0
13604,1,1,3302,346,0
13605,1,2,3352,702,0
13606,5,10,124479,203326,0
13607,0,1,0,974,0
13608,0,2,0,10728,0
13609,0,2,0,27819,0
13610,1,1,27583,4171,0
13611,0,3,0,194447,0
13612,0,2,0,10165,0
13613,0,1,0,198189,0
13614,0,1,0,878,0
13615,1,1,6828,99,0
13616,0,2,0,11238,0
13617,7,1,37456,16415,0
13618,0,4,0,13931,0
13619,0,2,0,271,0
13620,0,1,0,54243,0
13621,1,1,2267,131,0
13622,0,2,0,767,0
13623,0,1,0,1055,0
13624,0,6,0,17445,0
13625,0,1,0,365423,0
13626,1,2,414,7558,0
13627,0,1,0,51,0
13628,0,2,0,38405,0
13629,2,18,2027,136115,0
13630,2,3,216,12434,0
13631,1,0,4497,0,0
13632,1,0,12182,0,0
13633,1,0,74,0,0
13634,1,0,5342,0,0
13635,1,0,92317,0,0
13636,1,0,1685,0,0
13637,1,0,1877,0,0
13638,1,0,1767,0,0
13639,1,0,1078,0,0
13640,2,0,584,0,0
13641,1,0,28,0,0
13642,1,0,2197,0,0
13643,0,2,0,151559,0
13644,26,6,306816,24563,0
13645,0,2,0,13851,0
13646,0,1,0,57263,0
13647,0,1,0,63586,0
13648,0,1,0,11381,0
13649,0,1,0,49,0
13650,1,5,240,13257,0
13651,0,1,0,50153,0
13652,0,1,0,216,0
13653,0,2,0,23261,0
13654,0,2,0,43944,0
13655,0,1,0,1770,0
13656,0,1,0,490,0
13657,0,1,0,1983,0
13658,0,1,0,36,0
13659,0,2,0,5701,0
13660,1,11,5693,310701,0
13661,0,2,0,205964,0
13662,0,1,0,3953,0
13663,0,1,0,1808,0
13664,9,0,435011,0,0
13665,1,0,60,0,0
13666,1,1,951,521,0
13667,0,1,0,91977,0
13668,0,1,0,1900,0
13669,0,1,0,400,0
13670,0,1,0,1396,0
13671,0,24,0,337213,0
13672,7,33,5732139,3372383,0
13673,1,1,310,2278,0
13674,13,28,162458,489841,0
13675,2,1,1016,418,0
13676,5,2,321241,9340,0
13677,1,0,116081,0,0
13678,3,3,2030482,29802,0
13679,1,2,8796,1133,0
13680,1,1,159,892,0
13681,3,13,30621,69509,0
13682,1,0,3701,0,0
13683,1,1,7167,71043,0
13684,10,3,216287,5834,0
13685,2,8,844,73067,0
13686,1,6,3848,15377,0
13687,1,29,292,370018,0
13688,0,1,0,177,0
13689,0,1,0,72,0
13690,0,2,0,230184,0
13691,0,2,0,33175,0
13692,0,1,0,17,0
13693,0,1,0,2738,0
13694,0,4,0,27208,0
13695,2,4,79799,364935,0
13696,6,1,73657,425,0
13697,4,5,180588,10085,0
13698,0,1,0,1527,0
13699,0,1,0,0,0
13700,0,1,0,2,0
13701,0,1,0,63391,0
13702,0,1,0,39356,0
13703,0,1,0,197,0
13704,0,1,0,284,0
13705,0,1,0,11595,0
13706,0,3,0,199806,0
13707,0,12,0,281676,0
13708,6,5,10565,5454,0
13709,0,1,0,7162,0
13710,0,1,0,200,0
13711,0,3,0,9509,0
13712,1,5,897,3054,0
13713,5,0,210230,0,0
13714,3,99,22195,3313977,0
13715,0,1,0,3838,0
13716,1,11,2384,628172,0
13717,1,2,452,937,0
13718,0,1,0,507,0
13719,0,1,0,64,0
13720,0,1,0,835,0
13721,3,0,1442,0,0
13722,0,1,0,9802,0
13723,19,4,99935,105740,0
13724,1,1,21,5808,0
13725,0,5,0,2848986,0
13726,1,0,71984,0,0
13727,0,5,0,4933956,0
13728,0,2,0,864,0
13729,0,1,0,7776,0
13730,1,5,17,8166,0
13731,1,0,79,0,0
13732,0,2,0,1032,0
13733,0,2,0,10177,0
13734,0,2,0,267159,0
13735,0,3,0,11099,0
13736,1,3,6615,65433,0
13737,0,1,0,8,0
13738,13,0,432114,0,0
13739,2,0,1134,0,0
13740,1,0,4015,0,0
13741,1,0,72808,0,0
13742,3,0,20576,0,0
13743,2,0,168,0,0
13744,1,0,14,0,0
13745,2,0,2984,0,0
13746,3,1,671,17355,0
13747,1,0,16,0,0
13748,4,0,61210,0,0
13749,4,0,85094,0,0
13750,10,2,232722,39137,0
13751,0,1,0,8137,0
13752,2,0,8513,0,0
13753,2,0,51458,0,0
13754,1,1,184,1369,0
13755,1,0,349,0,0
13756,1,1,27,6663,0
13757,1,1,15614,44685,0
13758,1,0,301,0,0
13759,1,1,13725,621,0
13760,3,1,37832,4479,0
13761,1,0,363,0,0
13762,1,0,5602,0,0
13763,1,1,1666,3282,0
13764,1,1,2764,2147,0
13765,1,1,40,2633,0
13766,1,1,277,934,0
13767,4,0,426117,0,0
13768,1,2,2697,953,0
13769,1,0,2435,0,0
13770,1,1,2565,40179,0
13771,1,1,24,24143,0
13772,1,0,7675,0,0
13773,31,0,540192,0,0
13774,1,1,8338,921,0
13775,0,1,0,6,0
13776,0,1,0,2642,0
13777,0,1,0,244,0
13778,0,1,0,67226,0
13779,0,1,0,6716,0
13780,0,1,0,280,0
13781,1,1,13352,211,0
13782,2,7,2186,15891,0
13783,0,2,0,118226,0
13784,0,3,0,128,0
13785,0,1,0,3796,0
13786,0,1,0,4299,0
13787,0,1,0,1373,0
13788,0,1,0,120,0
13789,0,1,0,13962,0
13790,0,2,0,421,0
13791,0,1,0,66536,0
13792,0,2,0,45944,0
13793,0,2,0,713,0
13794,2,1,140,341,0
13795,0,1,0,1840,0
13796,0,1,0,653,0
13797,0,1,0,45,0
13798,0,1,0,6,0
13799,0,2,0,18541,0
13800,2,0,2687,0,0
13801,0,1,0,267,0
13802,0,1,0,570,0
13803,0,1,0,446,0
13804,0,1,0,5080,0
13805,0,2,0,1033,0
13806,0,3,0,60132,0
13807,0,1,0,24,0
13808,0,2,0,39698,0
13809,0,4,0,9263,0
13810,0,2,0,3827,0
13811,1,0,446,0,0
13812,0,5,0,56725,0
13813,0,1,0,14595,0
13814,0,1,0,3052,0
13815,0,1,0,12138,0
13816,0,2,0,93,0
13817,0,1,0,8337,0
13818,0,1,0,2071,0
13819,0,1,0,4087,0
13820,0,1,0,36827,0
13821,0,7,0,42292,0
13822,0,4,0,7872,0
13823,0,1,0,56865,0
13824,0,1,0,19020,0
13825,0,1,0,1176,0
13826,0,1,0,3208,0
13827,0,1,0,2665,0
13828,0,2,0,867,0
13829,0,1,0,1306,0
13830,1,31,26,568960,0
13831,3,1,11370,8555,0
13832,1,0,1203,0,0
13833,3,0,13946,0,0
13834,1,0,6804,0,0
13835,3,0,4127,0,0
13836,2,0,26953,0,0
13837,1,0,13614,0,0
13838,1,0,10859,0,0
13839,1,0,1078,0,0
13840,1,0,10989,0,0
13841,2,0,601,0,0
13842,1,1,22781,72443,0
13843,5,0,9324,0,0
13844,1,0,13343,0,0
13845,1,0,305553,0,0
13846,1,0,1510,0,0
13847,1,0,1334,0,0
13848,1,0,57,0,0
13849,1,0,964,0,0
13850,1,0,1118,0,0
13851,1,0,14248,0,0
13852,1,1,1104,354,0
13853,0,1,0,14074,0
13854,0,1,0,42,0
13855,0,2,0,148370,0
13856,0,1,0,1283,0
13857,0,1,0,161,0
13858,0,2,0,1450,0
13859,0,1,0,21860,0
13860,0,7,0,142613,0
13861,2,5,31500,2268082,0
13862,1,2,175,3067,0
13863,0,3,0,72398,0
13864,1,0,1401,0,0
13865,0,2,0,21035,0
13866,0,2,0,13050,0
13867,0,2,0,8932,0
13868,2,0,1639,0,0
13869,1,10,343016,200755,0
13870,2,3,8602,53498,0
13871,4,2,9212,11907,0
13872,0,1,0,4561,0
13873,0,1,0,1671,0
13874,0,1,0,8371,0
13875,0,4,0,3845,0
13876,2,0,4011,0,0
13877,3,4,10568,207079,0
13878,4,16,91535,121182,0
13879,0,1,0,148,0
13880,0,1,0,1106,0
13881,0,1,0,54154,0
13882,0,2,0,1552,0
13883,0,2,0,6700,0
13884,0,3,0,18856,0
13885,0,1,0,7,0
13886,1,1,691,460,0
13887,0,1,0,856,0
13888,0,1,0,26343,0
13889,2,1,1203,50307,0
13890,0,2,0,6693,0
13891,0,1,0,791,0
13892,6,7,64267,51665,0
13893,0,1,0,361,0
13894,0,4,0,10359,0
13895,1,0,1166,0,0
13896,0,1,0,27242,0
13897,0,2,0,7915,0
13898,12,18,63265,308800,0
13899,0,2,0,22242,0
13900,0,2,0,1637,0
13901,0,2,0,29287,0
13902,0,2,0,454386,0
13903,0,1,0,854,0
13904,0,1,0,510,0
13905,1,4,259,7689,0
13906,28,8,419964,432195,0
13907,0,1,0,61780,0
13908,1,0,27,0,0
13909,1,0,16833,0,0
13910,1,0,944,0,0
13911,1,0,514,0,0
13912,1,0,10,0,0
13913,1,0,613,0,0
13914,1,0,7340,0,0
13915,1,0,388,0,0
13916,1,0,27032,0,0
13917,1,0,954,0,0
13918,1,0,200,0,0
13919,1,0,820,0,0
13920,1,1,506,3,0
13921,1,0,3244,0,0
13922,1,0,271,0,0
13923,1,0,121,0,0
13924,1,0,214,0,0
13925,1,0,214,0,0
13926,1,0,150958,0,0
13927,1,0,6949,0,0
13928,1,0,833687,0,0
13929,1,0,417,0,0
13930,1,1,13098,286,0
13931,1,0,5624,0,0
13932,1,0,20142,0,0
13933,1,0,3015,0,0
13934,1,0,2635,0,0
13935,1,0,74810,0,0
13936,1,0,506,0,0
13937,1,0,86509,0,0
13938,1,0,762,0,0
13939,1,0,40,0,0
13940,1,0,83539,0,0
13941,1,0,4956,0,0
13942,1,1,932,23734,0
13943,1,0,431,0,0
13944,1,0,97,0,0
13945,1,0,1110,0,0
13946,1,0,8001,0,0
13947,1,0,2399,0,0
13948,1,0,270,0,0
13949,1,0,38375,0,0
13950,1,0,169,0,0
13951,1,0,104,0,0
13952,1,0,1532,0,0
13953,1,0,1940,0,0
13954,1,0,745,0,0
13955,1,0,582,0,0
13956,1,0,1505,0,0
13957,1,0,184,0,0
13958,1,0,906,0,0
13959,1,0,1186,0,0
13960,1,0,234,0,0
13961,1,0,34,0,0
13962,1,0,5125,0,0
13963,1,0,4336,0,0
13964,1,0,2485,0,0
13965,1,0,1276,0,0
13966,1,0,240,0,0
13967,1,0,59479,0,0
13968,1,0,38,0,0
13969,1,0,6,0,0
13970,1,0,9706,0,0
13971,1,0,296,0,0
13972,1,0,458,0,0
13973,1,0,165,0,0
13974,1,0,795,0,0
13975,1,0,10,0,0
13976,1,0,1385,0,0
13977,1,0,7831,0,0
13978,1,0,5559,0,0
13979,1,1,3469,49684,0
13980,1,0,5703,0,0
13981,1,0,6173,0,0
13982,1,0,67192,0,0
13983,1,0,1535,0,0
13984,1,0,10333,0,0
13985,1,0,574,0,0
13986,0,2,0,176607,0
13987,0,1,0,10192,0
13988,1,1,312,1439,0
13989,0,2,0,10277,0
13990,0,3,0,5477,0
13991,0,1,0,195,0
13992,1,2,3,1697,0
13993,0,2,0,16302,0
13994,2,8,29837,46569,0
13995,0,1,0,3,0
13996,0,1,0,13233,0
13997,0,2,0,144910,0
13998,0,1,0,810,0
13999,0,2,0,23386,0
14000,0,1,0,881,0
14001,1,1,79,1565,0
14002,0,1,0,1437,0
14003,0,1,0,553,0
14004,0,1,0,484,0
14005,1,5,441,222303,0
14006,1,1,9788,824,0
14007,0,1,0,106,0
14008,0,2,0,9859,0
14009,2,3,426565,9693,0
14010,2,4,2959,50753,0
14011,2,2,868,296600,0
14012,1,3,99,12825,0
14013,10,0,85956,0,0
14014,0,2,0,135099,0
14015,1,1,3128,33436,0
14016,0,2,0,3799,0
14017,12,4,77373,3291,0
14018,0,1,0,65225,0
14019,0,1,0,87590,0
14020,0,4,0,4936,0
14021,0,1,0,1231,0
14022,0,1,0,35805,0
14023,0,1,0,18,0
14024,1,2,45543,71300,0
14025,0,1,0,24433,0
14026,0,2,0,813168,0
14027,0,1,0,75804,0
14028,0,4,0,145983,0
14029,1,0,144910,0,0
14030,0,1,0,934,0
14031,0,2,0,754,0
14032,0,1,0,4922,0
14033,0,2,0,202,0
14034,0,3,0,33474,0
14035,0,2,0,3924,0
14036,2,0,19839,0,0
14037,0,1,0,23057,0
14038,0,2,0,1233,0
14039,0,1,0,22,0
14040,0,1,0,278,0
14041,0,1,0,1838,0
14042,0,1,0,6749,0
14043,9,3,26650,55720,0
14044,0,1,0,236,0
14045,0,3,0,14068,0
14046,0,2,0,82201,0
14047,1,1,15604,3170,0
14048,0,1,0,321,0
14049,0,1,0,2009,0
14050,0,1,0,216,0
14051,0,2,0,534,0
14052,0,2,0,1489,0
14053,0,1,0,616,0
14054,0,1,0,19085,0
14055,0,4,0,9451,0
14056,1,0,139,0,0
14057,4,1,69814,89,0
14058,0,2,0,11580,0
14059,3,2,13101,16565,0
14060,0,1,0,2770,0
14061,0,1,0,43366,0
14062,2,2,1559,2983,0
14063,0,2,0,2648,0
14064,0,5,0,62077,0
14065,0,7,0,194796,0
14066,4,0,6143,0,0
14067,2,0,7772,0,0
14068,12,0,63475,0,0
14069,2,1,2209,789,0
14070,2,0,196030,0,0
14071,0,1,0,2259,0
14072,1,1,55,119,0
14073,1,2,98,8545,0
14074,0,1,0,4148,0
14075,0,1,0,564,0
14076,1,1,29,30983,0
14077,0,3,0,2196,0
14078,1,7,4819,156596,0
14079,0,1,0,35582,0
14080,0,1,0,478,0
14081,0,1,0,91,0
14082,0,1,0,729,0
14083,0,2,0,5959,0
14084,0,1,0,19249,0
14085,1,1,905,2925,0
14086,0,4,0,27573,0
14087,0,1,0,2274,0
14088,0,2,0,63883,0
14089,1,0,76,0,0
14090,1,0,112,0,0
14091,1,0,185809,0,0
14092,0,2,0,47409,0
14093,0,1,0,1039,0
14094,0,2,0,18804,0
14095,0,1,0,3295,0
14096,0,1,0,272,0
14097,0,1,0,6738,0
14098,0,2,0,827,0
14099,0,1,0,233,0
14100,0,1,0,167,0
14101,0,1,0,4568,0
14102,0,1,0,3892,0
14103,0,1,0,135,0
14104,0,1,0,3566,0
14105,0,1,0,546,0
14106,0,4,0,1185,0
14107,0,1,0,270,0
14108,1,3,1094532,1458,0
14109,0,1,0,4670,0
14110,0,1,0,21503,0
14111,0,1,0,29,0
14112,0,1,0,357,0
14113,0,1,0,6947,0
14114,0,1,0,178,0
14115,0,1,0,46165,0
14116,0,1,0,3580,0
14117,0,1,0,66,0
14118,0,1,0,29,0
14119,0,2,0,397195,0
14120,0,2,0,5055,0
14121,0,1,0,7,0
14122,0,1,0,163,0
14123,0,1,0,1755,0
14124,0,1,0,1538,0
14125,0,5,0,96700,0
14126,0,1,0,27686,0
14127,1,0,202,0,0
14128,1,0,1000,0,0
14129,2,0,124023,0,0
14130,1,0,8033,0,0
14131,1,0,30771,0,0
14132,1,0,4010,0,0
14133,2,0,6894,0,0
14134,2,0,17666,0,0
14135,1,0,20451,0,0
14136,1,0,437,0,0
14137,1,0,1554,0,0
14138,1,0,48049,0,0
14139,1,0,31,0,0
14140,1,1,148,40,0
14141,1,0,474,0,0
14142,1,0,377,0,0
14143,1,0,267,0,0
14144,1,1,10024,13784,0
14145,1,0,270,0,0
14146,1,0,3018,0,0
14147,1,0,683,0,0
14148,1,0,613,0,0
14149,9,0,80597,0,0
14150,2,0,37734,0,0
14151,2,0,2057342,0,0
14152,2,0,5639,0,0
14153,6,0,217032,0,0
14154,2,0,182324,0,0
14155,2,0,90538,0,0
14156,1,0,5289,0,0
14157,1,1,7957823,4190,0
14158,1,0,19772,0,0
14159,2,0,65547,0,0
14160,1,1,278,278,0
14161,1,0,19624,0,0
14162,1,0,5452,0,0
14163,2,3,5794,8138,0
14164,2,0,5597,0,0
14165,2,1,3579,1277,0
14166,1,0,6187,0,0
14167,1,0,8311,0,0
14168,1,0,2051,0,0
14169,3,0,1765,0,0
14170,1,0,4,0,0
14171,1,0,341,0,0
14172,1,0,123,0,0
14173,1,1,7521,102,0
14174,1,2,153,4932,0
14175,4,1,32789,95,0
14176,1,0,136,0,0
14177,5,3,217412,39057,0
14178,2,0,1345,0,0
14179,2,0,24384,0,0
14180,1,0,1441,0,0
14181,1,0,1882,0,0
14182,1,1,7,14144,0
14183,4,2,7748,30109,0
14184,1,0,2016,0,0
14185,1,0,1118,0,0
14186,1,0,36403,0,0
14187,1,0,32690,0,0
14188,4,0,8237,0,0
14189,3,0,6119,0,0
14190,1,1,1462,9829,0
14191,1,0,9190,0,0
14192,5,0,61921,0,0
14193,2,0,4989,0,0
14194,15,0,290124,0,0
14195,2,1,82353,224,0
14196,1,0,10934,0,0
14197,1,0,1969,0,0
14198,2,0,163562,0,0
14199,1,0,592,0,0
14200,3,0,169776,0,0
14201,2,1,684719,9898,0
14202,3,1,5974,906,0
14203,1,0,211,0,0
14204,1,0,2034,0,0
14205,2,0,42808,0,0
14206,1,0,21,0,0
14207,6,0,11557,0,0
14208,1,2,23705,12166,0
14209,1,0,4505,0,0
14210,1,0,48617,0,0
14211,1,1,499,310,0
14212,1,0,2,0,0
14213,2,0,3981,0,0
14214,7,0,76313,0,0
14215,1,1,15902,133568,0
14216,3,5,123614,246628,0
14217,3,0,12395,0,0
14218,0,2,0,42419,0
14219,0,3,0,87922,0
14220,3,1,49056,62,0
14221,5,1,145113,5588,0
14222,0,1,0,7,0
14223,0,1,0,41,0
14224,0,1,0,19935,0
14225,0,1,0,97,0
14226,0,1,0,555,0
14227,0,1,0,26836,0
14228,0,3,0,11336,0
14229,0,3,0,39316,0
14230,4,2,16710,1228905,0
14231,1,1,354,490,0
14232,0,1,0,143,0
14233,0,2,0,1537,0
14234,0,1,0,3,0
14235,0,1,0,1238,0
14236,0,1,0,15471,0
14237,0,3,0,7741,0
14238,3,3,44899,3330,0
14239,0,2,0,2131,0
14240,1,1,241,212656,0
14241,0,2,0,17175,0
14242,18,3,78084,15331,0
14243,0,4,0,5102,0
14244,0,1,0,6534,0
14245,0,1,0,5117,0
14246,0,1,0,748,0
14247,0,1,0,7914,0
14248,0,2,0,2502,0
14249,0,4,0,4259,0
14250,0,1,0,8938,0
14251,0,1,0,48568,0
14252,0,1,0,7882,0
14253,0,2,0,50417,0
14254,2,8,41084,69322,0
14255,0,2,0,31866,0
14256,0,1,0,7938,0
14257,0,2,0,390318,0
14258,0,2,0,69685,0
14259,0,4,0,29569,0
14260,0,7,0,16777,0
14261,11,2,83405,6750,0
14262,0,1,0,17511,0
14263,0,2,0,6555,0
14264,2,1,13162,193,0
14265,0,1,0,92,0
14266,0,2,0,22118,0
14267,0,12,0,140187,0
14268,6,1,109171,3184,0
14269,1,1,900,216147,0
14270,1,1,98,1281,0
14271,3,9,2646651,164564,0
14272,1,0,2331,0,0
14273,1,0,2937,0,0
14274,1,0,12100,0,0
14275,2,1,9770,679,0
14276,2,0,11911,0,0
14277,1,5,75,385082,0
14278,8,0,22883,0,0
14279,3,0,3141,0,0
14280,0,6,0,23919,0
14281,1,1,1718,552941,0
14282,2,0,26947,0,0
14283,1,0,2,0,0
14284,1,2,629,290,0
14285,3,6,12548,9863,0
14286,22,0,119756,0,0
14287,2,1,19239,10874,0
14288,1,2,947,1971,0
14289,1,1,2377,1551,0
14290,1,1,18030,26,0
14291,5,8,255759,98419,0
14292,0,2,0,4295,0
14293,15,0,530946,0,0
14294,7,0,141876,0,0
14295,1,0,3964,0,0
14296,1,0,1687,0,0
14297,2,0,22065,0,0
14298,10,9,936930,1066517,0
14299,4,1,12820,2473,0
14300,29,0,494699,0,0
14301,2,0,50732,0,0
14302,1,0,13084,0,0
14303,1,0,11294,0,0
14304,1,0,168,0,0
14305,30,0,1377423,0,0
14306,0,1,0,2212,0
14307,0,2,0,135152,0
14308,0,4,0,79528,0
14309,3,0,34695,0,0
14310,1,0,15483,0,0
14311,0,5,0,70747,0
14312,1,0,5549,0,0
14313,2,0,3159,0,0
14314,1,0,538,0,0
14315,1,1,55753,350306,0
14316,1,3,1147,1646,0
14317,4,0,9906,0,0
14318,4,8,3607,26566,0
14319,2,4,11373,37791,0
14320,4,0,51214,0,0
14321,3,5,138603,6166,0
14322,6,0,28193,0,0
14323,2,2,1032,2755,0
14324,2,0,1208,0,0
14325,1,2,16741,5757,0
14326,8,7,258250,191124,0
14327,1,0,5036,0,0
14328,1,0,6244,0,0
14329,12,3,574474,138985,1
14330,2,2,36717,199,0
14331,1,0,27,0,0
14332,3,0,3345,0,0
14333,1,0,40303,0,0
14334,1,0,641,0,0
14335,1,0,45345,0,0
14336,1,0,11860,0,0
14337,1,0,96423,0,0
14338,1,1,506,36371,0
14339,1,3,144,18515,0
14340,2,0,15930,0,0
14341,1,0,51,0,0
14342,0,2,0,29234,0
14343,0,5,0,9222,0
14344,7,0,17338,0,0
14345,2,0,1053,0,0
14346,0,2,0,306,0
14347,4,66,1640121,4049634,0
14348,4,6,2943,520995,0
14349,1,4,2370,10336,0
14350,1,8,131652,40065,0
14351,1,2,61,557,0
14352,1,1,1683,7643,0
14353,1,1,6416,4342,0
14354,4,9,21909,247776,0
14355,2,1,1533,75,0
14356,2,0,508599,0,0
14357,3,2,6637,324,0
14358,4,6,62917,896033,0
14359,1,5,70137,79908,0
14360,1,0,15918,0,0
14361,1,1,19025,408,0
14362,2,4,45209,108905,0
14363,1,14,2389,69998,0
14364,2,1,830,2595,0
14365,1,1,8,107007,0
14366,20,8,1040493,27027,0
14367,1,0,772,0,0
14368,1,2,4614,1653,0
14369,1,2,825,2753,0
14370,14,5,145341,126530,0
14371,1,0,994,0,0
14372,1,2,242,6751,0
14373,1,1,1237,40,0
14374,4,0,27791,0,0
14375,1,1,105,1043,0
14376,2,3,13602,2340,0
14377,1,1,444030,1609,0
14378,2,0,1915,0,0
14379,1,3,131,245827,0
14380,1,0,3926,0,0
14381,1,1,1701,227,0
14382,1,8,36,2109484,0
14383,1,1,2043,631,0
14384,1,2,6,5141,0
14385,2,2,3062,1416,0
14386,1,1,2392,81,0
14387,1,3,191,47037,0
14388,1,1,1587,1631,0
14389,4,3,73445,203196,0
14390,1,0,2102,0,0
14391,2,7,4384,273604,0
14392,2,0,35574,0,0
14393,1,1,14299,289,0
14394,1,6,90,8541,0
14395,1,1,121716,101,0
14396,0,1,0,100,0
14397,0,3,0,5555,0
14398,0,1,0,5330,0
14399,0,2,0,239,0
14400,3,7,117513,647754,0
14401,0,1,0,736,0
14402,0,1,0,24889,0
14403,0,1,0,432,0
14404,0,1,0,38909,0
14405,1,1,2111,2846,0
14406,0,1,0,150,0
14407,0,1,0,1466,0
14408,1,2,1628,65899,0
14409,1,2,30216,3411,0
14410,3,4,10110,20876,0
14411,1,5,835,18702,0
14412,6,9,232861,281900,0
14413,2,10,5350,377368,0
14414,1,1,1223,316,0
14415,7,164,113408,7537755,0
14416,1,1,8684,31949,0
14417,2,0,12877,0,0
14418,1,0,8795,0,0
14419,1,0,13,0,0
14420,1,0,6715,0,0
14421,1,0,1914,0,0
14422,1,0,21,0,0
14423,1,0,224,0,0
14424,1,0,12201,0,0
14425,1,1,21698,20217,0
14426,1,0,7609,0,0
14427,1,0,2159,0,0
14428,1,0,1704,0,0
14429,1,1,2252,3323,0
14430,1,0,119837,0,0
14431,1,0,1620,0,0
14432,1,0,260,0,0
14433,1,0,240,0,0
14434,2,0,12776,0,0
14435,1,1,234054,3,0
14436,2,0,13165,0,0
14437,2,0,647,0,0
14438,2,0,96048,0,0
14439,1,0,68293,0,0
14440,1,0,8564,0,0
14441,1,0,2908,0,0
14442,1,0,8132,0,0
14443,1,0,14545,0,0
14444,2,0,209,0,0
14445,1,0,11514,0,0
14446,1,0,146,0,0
14447,1,0,6426,0,0
14448,1,0,8388,0,0
14449,1,0,2488,0,0
14450,1,0,3750,0,0
14451,1,0,7513,0,0
14452,1,0,268,0,0
14453,1,0,2481,0,0
14454,2,0,64463,0,0
14455,1,0,13313,0,0
14456,1,0,1593,0,0
14457,1,0,616,0,0
14458,2,0,79936,0,0
14459,2,1,6423,3162,0
14460,1,0,32,0,0
14461,1,0,17987,0,0
14462,1,0,836,0,0
14463,1,0,3333,0,0
14464,1,0,633,0,0
14465,1,0,78,0,0
14466,2,1,4144,1972,0
14467,2,0,413711,0,0
14468,1,0,44,0,0
14469,1,2,2844,1210,0
14470,1,0,15067,0,0
14471,1,0,2964,0,0
14472,1,0,1159,0,0
14473,1,0,38292,0,0
14474,1,0,17,0,0
14475,1,0,3829,0,0
14476,1,0,7997,0,0
14477,1,0,174556,0,0
14478,1,0,80638,0,0
14479,1,0,15042,0,0
14480,1,0,3679,0,0
14481,1,0,111,0,0
14482,1,0,2852,0,0
14483,1,0,1257,0,0
14484,1,0,69,0,0
14485,1,0,3827,0,0
14486,1,0,7034,0,0
14487,1,0,506,0,0
14488,1,0,3533,0,0
14489,1,0,18847,0,0
14490,1,0,39703,0,0
14491,3,0,6053,0,0
14492,2,0,110241,0,0
14493,1,0,39,0,0
14494,1,0,1844,0,0
14495,1,0,2640,0,0
14496,1,0,77778,0,0
14497,1,0,668,0,0
14498,1,1,1109,81,0
14499,1,0,17565,0,0
14500,1,0,11503,0,0
14501,1,0,67034,0,0
14502,1,0,88283,0,0
14503,1,0,1601,0,0
14504,1,0,76621,0,0
14505,1,0,31737,0,0
14506,1,0,1365,0,0
14507,1,0,50023,0,0
14508,1,0,7595,0,0
14509,1,0,860,0,0
14510,1,1,141,214510,0
14511,1,0,5320,0,0
14512,1,0,738,0,0
14513,1,0,5454,0,0
14514,1,0,831,0,0
14515,1,0,33178,0,0
14516,1,0,19406,0,0
14517,2,0,6648,0,0
14518,1,1,567,22,0
14519,1,0,2,0,0
14520,1,0,139,0,0
14521,1,0,267,0,0
14522,1,0,6326,0,0
14523,1,0,1501,0,0
14524,1,1,111,2495,0
14525,2,0,1811,0,0
14526,2,1,36341,1092,0
14527,2,0,50055,0,0
14528,1,1,5589,8,0
14529,1,1,49,72006,0
14530,1,0,84255,0,0
14531,1,0,2260625,0,0
14532,1,0,46,0,0
14533,1,0,1006,0,0
14534,1,0,217406,0,0
14535,1,0,11,0,0
14536,1,0,909,0,0
14537,1,0,14734,0,0
14538,1,0,44,0,0
14539,1,0,6198,0,0
14540,1,0,3304,0,0
14541,1,0,26134,0,0
14542,1,0,166,0,0
14543,1,0,1015,0,0
14544,1,0,132,0,0
14545,2,0,12961,0,0
14546,1,1,12042,11844,0
14547,1,1,106,1217,0
14548,1,0,344,0,0
14549,1,0,996,0,0
14550,3,4,6485,1027864,0
14551,2,0,1226,0,0
14552,1,0,47876,0,0
14553,1,0,306,0,0
14554,1,0,1150,0,0
14555,2,0,8633,0,0
14556,1,0,199,0,0
14557,1,0,831,0,0
14558,1,0,694,0,0
14559,1,0,1241,0,0
14560,2,0,302376,0,0
14561,1,1,128,41259,0
14562,1,0,3526,0,0
14563,1,0,49344,0,0
14564,1,0,150,0,0
14565,1,0,2956,0,0
14566,1,0,845,0,0
14567,1,1,1129,1163,0
14568,1,1,145,112,0
14569,1,1,337,47844,0
14570,1,0,3933,0,0
14571,2,0,142674,0,0
14572,0,3,0,4732,0
14573,0,2,0,2562,0
14574,0,7,0,1306927,0
14575,2,0,1053,0,0
14576,1,0,1299836,0,0
14577,1,0,221,0,0
14578,2,0,17798,0,0
14579,1,2,1890,10739,0
14580,1,0,14137,0,0
14581,2,0,964,0,0
14582,2,2,200,1847,0
14583,1,0,178,0,0
14584,2,0,7959,0,0
14585,2,0,16392,0,0
14586,1,0,803,0,0
14587,1,0,423,0,0
14588,1,0,23388,0,0
14589,10,0,108118,0,0
14590,6,0,164097,0,0
14591,1,0,228527,0,0
14592,2,0,2386,0,0
14593,6,0,103122,0,0
14594,3,1,22340,5114,0
14595,1,0,471,0,0
14596,1,0,922,0,0
14597,1,1,12558,15357,0
14598,0,5,0,102678,0
14599,1,1,10982,940,0
14600,3,0,30699,0,0
14601,2,1,45375,1545,0
14602,1,6,122081,11509,0
14603,11,0,132319,0,0
14604,2,0,6498,0,0
14605,2,0,7870,0,0
14606,1,0,1589,0,0
14607,1,0,2325,0,0
14608,7,0,64895,0,0
14609,2,0,214,0,0
14610,1,0,91487,0,0
14611,1,0,1255,0,0
14612,2,0,10332,0,0
14613,1,1,997,298,0
14614,1,0,5083,0,0
14615,1,0,2767,0,0
14616,1,0,13136,0,0
14617,1,0,130,0,0
14618,1,0,267,0,0
14619,1,0,210126,0,0
14620,2,0,11716,0,0
14621,1,3,3304,94759,0
14622,1,1,169549,1324,0
14623,1,1,7203,1210,0
14624,1,0,3958,0,0
14625,3,1,571,1780,0
14626,1,0,677,0,0
14627,2,1,13847,14518,0
14628,1,0,1386,0,0
14629,1,0,172755,0,0
14630,1,0,169,0,0
14631,1,0,8334,0,0
14632,1,0,307,0,0
14633,1,0,6349,0,0
14634,2,1,7471,420,0
14635,1,0,244,0,0
14636,0,1,0,1108,0
14637,1,2,191,22248,0
14638,1,0,4832,0,0
14639,2,0,1107,0,0
14640,1,0,4998,0,0
14641,2,0,31370,0,0
14642,2,0,4849,0,0
14643,5,0,18689,0,0
14644,1,0,174,0,0
14645,1,0,105,0,0
14646,1,0,247,0,0
14647,3,0,48483,0,0
14648,1,0,72,0,0
14649,1,0,10540,0,0
14650,0,1,0,3302,0
14651,0,1,0,614,0
14652,0,1,0,55,0
14653,0,2,0,108036,0
14654,1,1,322,1301,0
14655,0,3,0,29891,0
14656,1,0,9983,0,0
14657,1,0,17007,0,0
14658,1,0,1165,0,0
14659,1,2,24,2521,0
14660,2,1,343423,1329,0
14661,2,0,9811,0,0
14662,1,0,6540,0,0
14663,1,0,166,0,0
14664,1,0,176,0,0
14665,1,1,34389,1655,0
14666,2,0,396,0,0
14667,1,0,323055,0,0
14668,1,1,662,2014,0
14669,1,2,3871,78879,0
14670,1,0,1292,0,0
14671,1,0,3386,0,0
14672,1,0,126,0,0
14673,1,0,5032,0,0
14674,1,0,405,0,0
14675,1,0,611,0,0
14676,4,0,126096,0,0
14677,0,1,0,2824,0
14678,0,8,0,18130,0
14679,0,1,0,3,0
14680,1,7,29,1722512,0
14681,0,2,0,4469,0
14682,0,1,0,6,0
14683,0,1,0,2760,0
14684,0,1,0,12059,0
14685,0,2,0,5872,0
14686,0,2,0,11661,0
14687,0,2,0,2397,0
14688,0,3,0,29739,0
14689,0,1,0,225,0
14690,0,2,0,26989,0
14691,1,5,26747,10302,0
14692,0,3,0,29066,0
14693,3,3,14692,3446,0
14694,0,1,0,115,0
14695,0,1,0,264,0
14696,0,2,0,18286,0
14697,0,1,0,24202,0
14698,0,1,0,15811,0
14699,0,1,0,16480,0
14700,1,4,1548,44204,0
14701,3,1,7218,17075,0
14702,0,2,0,8984,0
14703,0,1,0,268064,0
14704,0,1,0,13268,0
14705,0,1,0,1686,0
14706,2,10,4629,220020,0
14707,0,2,0,127994,0
14708,0,7,0,76355,0
14709,0,1,0,34134,0
14710,0,1,0,31,0
14711,0,1,0,687,0
14712,0,1,0,5136,0
14713,2,15,426,450585,0
14714,3,7,93097,376952,0
14715,1,0,1732,0,0
14716,2,0,663,0,0
14717,1,1,258,16665,0
14718,0,1,0,687,0
14719,0,1,0,4621,0
14720,6,4,153001,114073,0
14721,1,9,811,20261,0
14722,0,1,0,1859,0
14723,0,1,0,725,0
14724,0,2,0,3645,0
14725,0,2,0,471,0
14726,0,2,0,6284,0
14727,0,1,0,634,0
14728,0,1,0,1390,0
14729,0,1,0,9801,0
14730,0,1,0,57,0
14731,1,2,82,10613,0
14732,0,2,0,5578,0
14733,3,4,8315,2218165,0
14734,0,4,0,1530833,0
14735,0,2,0,4255,0
14736,0,3,0,10184,0
14737,0,2,0,452951,0
14738,2,1,24110,1727,0
14739,0,3,0,17935,0
14740,4,5,144705,41684,0
14741,0,1,0,25712,0
14742,0,2,0,27516,0
14743,8,0,148449,0,0
14744,1,3,14292,311779,0
14745,1,0,17524,0,0
14746,0,1,0,18,0
14747,0,1,0,13,0
14748,0,1,0,13,0
14749,0,1,0,456,0
14750,9,18,874150,235588,0
14751,2,2,11996,3334,0
14752,2,0,2959,0,0
14753,2,0,95374,0,0
14754,1,2,157,283047,0
14755,3,1,25955,2734,0
14756,2,1,4189,1396,0
14757,4,4,35818,148665,0
14758,1,0,10,0,0
14759,1,0,73,0,0
14760,1,4,66,124107,0
14761,2,0,2037,0,0
14762,5,0,143998,0,0
14763,2,0,21455,0,0
14764,4,0,55555,0,0
14765,0,3,0,45883,0
14766,0,2,0,522553,0
14767,5,1,160581,68,0
14768,0,2,0,6368,0
14769,22,17,129047,130908,0
14770,0,3,0,224972,0
14771,4,0,298289,0,0
14772,0,1,0,45,0
14773,0,1,0,1847,0
14774,0,3,0,16069,0
14775,1,3,4231,2135,0
14776,0,1,0,2770,0
14777,0,2,0,84223,0
14778,0,2,0,63532,0
14779,0,2,0,11988,0
14780,0,1,0,205,0
14781,0,4,0,4828,0
14782,3,2,5586,45538,0
14783,0,4,0,17612,0
14784,0,1,0,1002,0
14785,0,7,0,96280,0
14786,0,2,0,625880,0
14787,0,1,0,123084,0
14788,2,2,10725,5215,0
14789,0,4,0,119954,0
14790,0,2,0,28413,0
14791,0,3,0,8267,0
14792,0,2,0,1981,0
14793,0,2,0,1739,0
14794,0,1,0,5338,0
14795,0,1,0,34336,0
14796,0,1,0,70644,0
14797,0,2,0,51059,0
14798,1,1,432,2646,0
14799,0,2,0,3665,0
14800,0,1,0,3753,0
14801,0,1,0,219,0
14802,0,1,0,169729,0
14803,0,1,0,993,0
14804,0,2,0,604,0
14805,0,1,0,1130,0
14806,0,1,0,797330,0
14807,0,1,0,123,0
14808,0,2,0,78,0
14809,0,1,0,231,0
14810,0,2,0,14213,0
14811,0,1,0,951,0
14812,0,1,0,1713863,0
14813,6,3,217335,129,0
14814,3,14,26380,691685,0
14815,6,0,942066,0,0
14816,8,5,155249,9894,0
14817,1,17,1345,49306,0
14818,11,0,72960,0,0
14819,5,0,67940,0,0
14820,2,11,7884,577268,0
14821,1,0,102,0,0
14822,1,0,1613,0,0
14823,1,0,2872,0,0
14824,1,0,94,0,0
14825,4,0,19082,0,0
14826,5,0,54634,0,0
14827,1,0,1558,0,0
14828,1,0,620,0,0
14829,0,2,0,305,0
14830,4,3,32809,27182,0
14831,17,0,1354943,0,0
14832,1,0,8302,0,0
14833,1,1,3520,57573,0
14834,0,1,0,666,0
14835,8,6,25202,235240,0
14836,1,1,396,33057,0
14837,1,0,1178,0,0
14838,4,1,102896,667,0
14839,1,0,153417,0,0
14840,8,5,111010,7949,0
14841,7,0,30097,0,0
14842,1,1,72,12,0
14843,1,0,1294,0,0
14844,0,7,0,182812,0
14845,2,0,173040,0,0
14846,3,0,5299,0,0
14847,2,14,24087,16605619,0
14848,1,0,2773,0,0
14849,1,0,2021,0,0
14850,1,0,16571,0,0
14851,1,0,29190,0,0
14852,1,0,5963,0,0
14853,1,0,21693,0,0
14854,2,0,3928,0,0
14855,1,0,821,0,0
14856,1,0,4501,0,0
14857,2,5,1578,64307,0
14858,3,3,347,1248,0
14859,8,9,15140,223353,0
14860,2,1,8049,4611,0
14861,0,3,0,7402,0
14862,32,0,874993,0,0
14863,1,0,5458,0,0
14864,0,2,0,4104,0
14865,5,0,17833,0,0
14866,0,4,0,46909,0
14867,2,0,478029,0,0
14868,1,0,1133,0,0
14869,3,4,1978180,11759,0
14870,1,5,2068,17538,0
14871,2,0,45605,0,0
14872,2,1,65419,663,0
14873,1,0,17678,0,0
14874,1,0,448,0,0
14875,19,0,495971,0,0
14876,1,0,579,0,0
14877,1,0,12163,0,0
14878,2,0,3469,0,0
14879,1,0,1829,0,0
14880,2,3,21721,19260,0
14881,1,0,46633,0,0
14882,1,0,462,0,0
14883,1,0,9587,0,0
14884,19,10,178166,16216,0
14885,4,9,4917,16113,0
14886,1,0,48,0,0
14887,2,2,1071,15458,0
14888,2,0,1175,0,0
14889,4,2,15473,1799,0
14890,1,1,574,46,0
14891,0,2,0,2305,0
14892,19,0,557466,0,0
14893,0,2,0,1337,0
14894,1,2,1022,603,0
14895,0,10,0,309559,0
14896,15,0,56135,0,0
14897,2,0,3805,0,0
14898,1,0,1596,0,0
14899,1,2,65,27022,0
14900,1,0,1068,0,0
14901,0,12,0,819663,0
14902,8,0,97000,0,0
14903,7,0,1008604,0,0
14904,3,0,14150,0,0
14905,2,0,1611,0,0
14906,1,0,6084,0,0
14907,1,0,58118,0,0
14908,1,0,2246,0,0
14909,1,1,12883,127,0
14910,1,3,330865,59241,0
14911,2,0,133354,0,0
14912,1,0,27431,0,0
14913,4,2,11408,538,0
14914,13,10,148318,408790,0
14915,2,0,39813,0,0
14916,3,0,28595,0,0
14917,1,0,79103,0,0
14918,2,0,196,0,0
14919,3,0,291248,0,0
14920,1,0,33057,0,0
14921,0,2,0,7646,0
14922,0,1,0,1021,0
14923,0,3,0,5644,0
14924,4,2,7369,54958,0
14925,0,2,0,503,0
14926,0,2,0,592,0
14927,14,13,124792,38216,0
14928,0,2,0,5876,0
14929,2,0,8482,0,0
14930,3,2,107780,190,0
14931,6,4,497387,12804,0
14932,2,1,17408,1292,0
14933,3,2,126183,6273,0
14934,2,0,326701,0,0
14935,3,1,13340,66521,0
14936,2,2,24570,752,0
14937,1,1,10961,890,0
14938,1,0,28967,0,0
14939,2,0,2959,0,0
14940,3,1,103343,48297,0
14941,1,0,293908,0,0
14942,2,0,138029,0,0
14943,1,2,15736,262758,0
14944,1,0,183051,0,0
14945,1,0,4237,0,0
14946,5,3,126787,909,0
14947,2,0,2358,0,0
14948,1,0,320,0,0
14949,2,0,25228,0,0
14950,3,0,24482,0,0
14951,1,1,612,8026,0
14952,1,0,524,0,0
14953,1,0,527,0,0
14954,4,2,127447,21960,0
14955,1,0,14462,0,0
14956,1,0,3310,0,0
14957,1,1,22,563,0
14958,1,0,815,0,0
14959,1,2,540,7199,0
14960,4,2,3191,3928,0
14961,1,0,116,0,0
14962,1,0,71321,0,0
14963,2,1,10731,22265,0
14964,1,0,1181,0,0
14965,9,0,18338,0,0
14966,0,6,0,53350,0
14967,1,1,4926,3220,0
14968,1,0,6739,0,0
14969,2,1,41323,2688,0
14970,10,0,515439,0,0
14971,2,0,15362,0,0
14972,0,2,0,2563,0
14973,3,7,104197,34938,0
14974,2,0,192486,0,0
14975,2,1,20820,11645,0
14976,1,0,273,0,0
14977,1,1,441,7,0
14978,1,0,6991,0,0
14979,7,21,142076,375084,0
14980,2,0,7371,0,0
14981,1,1,11795,1,0
14982,1,0,2043,0,0
14983,4,0,1235,0,0
14984,2,0,2215,0,0
14985,2,0,14861,0,0
14986,1,0,15133,0,0
14987,2,0,135193,0,0
14988,2,1,173917,1025,0
14989,3,1,706184,886,0
14990,1,1,10472,21594,0
14991,4,0,132650,0,0
14992,1,2,236590,30589,0
14993,2,1,4258,304298,0
14994,2,15,31805,677981,0
14995,1,4,22638,18303,0
14996,1,0,52119,0,0
14997,1,0,172077,0,0
14998,1,0,6143,0,0
14999,1,0,94603,0,0
15000,1,0,34089,0,0
15001,3,6,174924,69316,0
15002,2,4,7072,31902,0
15003,2,0,81,0,0
15004,2,0,38522,0,0
15005,7,0,48245,0,0
15006,1,0,7543,0,0
15007,1,0,17,0,0
15008,5,7,4802,204758,0
15009,1,0,66521,0,0
15010,0,1,0,15297,0
15011,1,1,1244,1546,0
15012,1,0,261514,0,0
15013,7,0,1337001,0,0
15014,1,0,48,0,0
15015,2,0,161,0,0
15016,3,2,258,9917,0
15017,2,0,32592,0,0
15018,3,0,1750,0,0
15019,1,0,6124,0,0
15020,4,2,67482,3106,0
15021,1,0,4248,0,0
15022,4,1,14635,6972,0
15023,1,0,32,0,0
15024,1,2,2453,51301,0
15025,1,0,4769,0,0
15026,1,0,59433,0,0
15027,1,0,1734,0,0
15028,1,1,1189,85,0
15029,2,1,79088,287,0
15030,1,1,5426,564,0
15031,0,1,0,1830,0
15032,1,1,2113,4767,0
15033,7,14,28193,166040,0
15034,0,2,0,13206,0
15035,1,0,4252,0,0
15036,1,1,1679,213536,0
15037,3,0,6974,0,0
15038,2,0,142289,0,0
15039,2,0,10992,0,0
15040,8,0,74838,0,0
15041,0,2,0,1007,0
15042,6,0,16765,0,0
15043,0,1,0,97,0
15044,0,1,0,1744,0
15045,0,1,0,1307,0
15046,0,5,0,100942,0
15047,0,1,0,3536,0
15048,0,1,0,369,0
15049,0,1,0,8020,0
15050,0,2,0,2258,0
15051,12,7,20439,24485,0
15052,0,1,0,1198,0
15053,0,3,0,12303,0
15054,20,0,144924,0,0
15055,0,4,0,14497,0
15056,0,4,0,233393,0
15057,0,1,0,3121,0
15058,0,1,0,98,0
15059,1,2,23488,7480,0
15060,1,0,7233,0,0
15061,0,1,0,3820,0
15062,0,1,0,94,0
15063,0,1,0,694,0
15064,0,1,0,56,0
15065,0,1,0,175981,0
15066,0,1,0,2492,0
15067,0,1,0,14,0
15068,0,1,0,497766,0
15069,1,1,20082,138378,0
15070,0,2,0,42608,0
15071,0,1,0,4482,0
15072,0,1,0,1644,0
15073,0,1,0,2408,0
15074,0,2,0,7290,0
15075,0,2,0,109168,0
15076,0,1,0,657,0
15077,0,2,0,855,0
15078,0,2,0,1236,0
15079,0,1,0,7623,0
15080,0,2,0,15078,0
15081,0,2,0,463,0
15082,1,2,273,2697,0
15083,0,1,0,174,0
15084,0,1,0,465,0
15085,0,1,0,76,0
15086,3,3,147860,66282,0
15087,1,0,1976,0,0
15088,2,1,23221,3346,0
15089,1,6,34500,33414,0
15090,13,2,1085962,2798,0
15091,3,2,28602,34881,0
15092,0,1,0,6796,0
15093,0,1,0,336073,0
15094,0,3,0,15878,0
15095,1,6,2113,43274,0
15096,0,1,0,359,0
15097,0,1,0,58,0
15098,0,2,0,48553,0
15099,0,1,0,2250,0
15100,0,1,0,299,0
15101,0,2,0,849,0
15102,0,1,0,103,0
15103,0,1,0,14244,0
15104,0,1,0,6082,0
15105,0,1,0,1678,0
15106,1,1,5118,2699,0
15107,0,1,0,6,0
15108,0,1,0,716,0
15109,0,1,0,75,0
15110,0,1,0,147,0
15111,0,2,0,205456,0
15112,0,1,0,9096,0
15113,0,1,0,272,0
15114,0,2,0,3644,0
15115,1,3,3113,53826,0
15116,2,1,1159,1138,0
15117,2,0,61940,0,0
15118,1,0,141,0,0
15119,1,0,2745,0,0
15120,1,0,7094,0,0
15121,2,0,1550,0,0
15122,0,4,0,4400,0
15123,0,1,0,741,0
15124,0,5,0,168575,0
15125,2,1,9248,104,0
15126,0,1,0,105834,0
15127,0,1,0,907,0
15128,0,1,0,1037,0
15129,0,3,0,7172,0
15130,1,3,466,11738,0
15131,5,10,29065,116076,0
15132,0,3,0,216738,0
15133,6,8,33502,562675,0
15134,0,1,0,2711,0
15135,0,1,0,1769,0
15136,0,5,0,72029,0
15137,0,2,0,9394,0
15138,1,6,1980,12333,0
15139,11,12,71755,64587,0
15140,0,1,0,71083,0
15141,0,1,0,826,0
15142,0,1,0,59966,0
15143,0,1,0,7875,0
15144,0,2,0,7564,0
15145,0,1,0,4406,0
15146,0,2,0,549371,0
15147,0,1,0,79,0
15148,0,2,0,19313,0
15149,0,1,0,6918,0
15150,0,1,0,2286,0
15151,2,3,31272,633881,0
15152,1,0,108466,0,0
15153,0,4,0,76496,0
15154,0,2,0,762171,0
15155,0,1,0,34908,0
15156,0,1,0,17529,0
15157,0,3,0,40952,0
15158,0,2,0,29199,0
15159,3,1,2034,1610,0
15160,0,2,0,3657,0
15161,0,1,0,2041,0
15162,0,1,0,896,0
15163,0,2,0,13649,0
15164,0,2,0,37229,0
15165,0,1,0,20056,0
15166,0,2,0,133205,0
15167,0,1,0,296,0
15168,0,2,0,109888,0
15169,0,2,0,74639,0
15170,1,2,369,16611,0
15171,0,3,0,5474,0
15172,0,2,0,7301,0
15173,0,1,0,791,0
15174,0,1,0,24437,0
15175,0,1,0,325,0
15176,1,8,19652,132440,0
15177,1,6,165,118367,0
15178,1,0,73032,0,0
15179,3,2,211682,126812,0
15180,3,0,25307,0,0
15181,1,1,37370,1544,0
15182,0,4,0,15691,0
15183,1,0,3887,0,0
15184,21,0,441219,0,0
15185,0,2,0,345,0
15186,1,1,306,18933,0
15187,1,6,82,45783,0
15188,1,1,17267,93,0
15189,1,0,1909,0,0
15190,1,4,8052,57575,0
15191,1,1,56267,164,0
15192,2,1,3148,48709,1
15193,1,1,72897,19652,0
15194,6,0,18251,0,0
15195,1,0,108826,0,0
15196,2,0,5972,0,0
15197,2,0,13923,0,0
15198,14,10,436055,68675,0
15199,10,0,643395,0,0
15200,1,0,753,0,0
15201,1,0,911,0,0
15202,1,0,2724,0,0
15203,6,6,5049,25809,0
15204,1,0,1680,0,0
15205,1,1,13016,114,0
15206,1,0,9873,0,0
15207,6,14,76932,196059,0
15208,1,0,1651,0,0
15209,1,0,900,0,0
15210,1,0,70,0,0
15211,1,0,1044,0,0
15212,1,0,98390,0,0
15213,1,1,19162,4651,0
15214,1,0,261,0,0
15215,1,0,327,0,0
15216,1,0,1747,0,0
15217,2,0,46813,0,0
15218,5,0,56787,0,0
15219,1,0,3698,0,0
15220,0,3,0,5918,0
15221,1,0,3351,0,0
15222,4,0,100347,0,0
15223,0,3,0,71700,0
15224,1,0,166,0,0
15225,1,5,2315,34503,0
15226,2,0,1846,0,0
15227,2,0,28928,0,0
15228,1,0,3429,0,0
15229,0,1,0,3821,0
15230,0,1,0,14952,0
15231,0,6,0,441540,0
15232,2,0,424485,0,0
15233,1,0,83,0,0
15234,2,0,5606,0,0
15235,1,3,217,4594,0
15236,11,0,418591,0,0
15237,4,33,2497733,498072,0
15238,5,11,19736,21038,0
15239,2,0,41137,0,0
15240,1,0,38386,0,0
15241,1,0,66439,0,0
15242,3,0,9930,0,0
15243,1,0,4,0,0
15244,1,0,85,0,0
15245,2,0,159,0,0
15246,1,0,18,0,0
15247,1,0,12777,0,0
15248,1,0,44,0,0
15249,1,0,6214,0,0
15250,1,1,2666,19991,0
15251,1,1,4210,116,0
15252,2,0,6107,0,0
15253,1,0,574,0,0
15254,1,0,123,0,0
15255,1,0,1312,0,0
15256,1,1,4454,452,0
15257,1,0,1300,0,0
15258,3,0,42318,0,0
15259,2,0,279657,0,0
15260,1,0,5251,0,0
15261,1,3,619,113147,0
15262,2,0,3532,0,0
15263,0,4,0,4458,0
15264,15,0,43477,0,0
15265,7,0,8221,0,0
15266,16,16,560859,6250518,0
15267,11,2,160050,9750,0
15268,1,0,1971,0,0
15269,1,0,301637,0,0
15270,1,0,158,0,0
15271,1,0,5117,0,0
15272,3,1,4374,79705,0
15273,1,0,6045,0,0
15274,1,0,93129,0,0
15275,1,0,41556,0,0
15276,1,0,346,0,0
15277,1,0,1527159,0,0
15278,1,0,4190090,0,0
15279,1,0,918,0,0
15280,0,14,0,4664375,0
15281,2,0,1592331,0,0
15282,1,0,2779652,0,0
15283,1,0,236,0,0
15284,1,1,67514,17897,0
15285,2,0,5003,0,0
15286,1,0,44,0,0
15287,4,0,28714,0,0
15288,2,1,6494,125,0
15289,1,0,215,0,0
15290,1,0,89901,0,0
15291,3,0,143941,0,0
15292,7,4,24559,359148,0
15293,1,0,350108,0,0
15294,1,0,1443,0,0
15295,2,0,7762,0,0
15296,1,5,1301,3444849,0
15297,1,3,21379,2348415,0
15298,2,0,141630,0,0
15299,2,2,32599,34883,0
15300,11,9,48956,69918,0
15301,3,13,170623,65170,0
15302,3,1,5519,3463,0
15303,2,3,6892,6334,0
15304,1,0,88,0,0
15305,2,0,2693,0,0
15306,2,0,3586,0,0
15307,2,1,353,24468,0
15308,13,0,36998,0,0
15309,4,12,115042,2771637,0
15310,1,0,2540,0,0
15311,1,0,7239,0,0
15312,1,0,7282,0,0
15313,2,0,5016,0,0
15314,1,0,321,0,0
15315,1,0,78220,0,0
15316,1,0,7574,0,0
15317,1,0,293175,0,0
15318,1,0,654,0,0
15319,1,0,150,0,0
15320,0,6,0,25521,0
15321,2,1,6305,2505,0
15322,1,0,6929,0,0
15323,2,0,8605,0,0
15324,1,0,60,0,0
15325,3,4,16630,2118,0
15326,1,0,695,0,0
15327,1,0,1257,0,0
15328,0,2,0,6765,0
15329,3,2,18321,7301,0
15330,26,3,169677,5648,0
15331,4,0,782,0,0
15332,1,4,582,287107,0
15333,2,0,3428,0,0
15334,3,0,183222,0,0
15335,0,4,0,126507,0
15336,0,1,0,672,0
15337,0,2,0,65231,0
15338,0,7,0,141193,0
15339,1,1,4697,2092,0
15340,1,0,96220,0,0
15341,1,0,1474,0,0
15342,1,0,17684,0,0
15343,0,3,0,96034,0
15344,1,1,37562,289,0
15345,0,2,0,70950,0
15346,0,2,0,19216,0
15347,3,0,101103,0,0
15348,1,3,166,15463,0
15349,2,5,2548,32398,0
15350,1,0,15454,0,0
15351,12,4,42621,50519,0
15352,1,1,40385,71,0
15353,11,0,74975,0,0
15354,3,6,195986,9239,0
15355,5,5,105392,2980,0
15356,7,1,14477,50,0
15357,3,1,36356,9000,0
15358,1,1,225,302,0
15359,2,1,87215,1482,0
15360,8,3,16796,1199556,0
15361,1,3,367,131362,0
15362,1,0,55567,0,0
15363,3,2,8557,2611,0
15364,0,1,0,367,0
15365,3,0,3840,0,0
15366,2,1,35725,2028,0
15367,0,3,0,9590,0
15368,2,0,30620,0,0
15369,7,0,32095,0,0
15370,1,0,91,0,0
15371,5,9,6379,171666,0
15372,31,0,4566675,0,0
15373,1,0,17244,0,0
15374,3,0,5706,0,0
15375,23,0,548699,0,0
15376,2,4,8784,32587,0
15377,52,0,4944045,0,0
15378,9,8,20897,47787,0
15379,5,12,9150,40770,0
15380,1,8,27,241271,0
15381,6,0,356380,0,0
15382,1,3,12574,11481,0
15383,1,3,1264,36607,0
15384,2,4,85732,6792,0
15385,2,0,17184,0,0
15386,1,0,664,0,0
15387,0,5,0,135092,0
15388,1,0,1214,0,0
15389,2,0,5238,0,0
15390,1,5,311,54353,0
15391,3,0,50940,0,0
15392,1,2,3054,63981,0
15393,2,0,32155,0,0
15394,2,4,310148,27947,0
15395,2,0,57724,0,0
15396,0,5,0,8273,0
15397,14,0,443447,0,0
15398,3,0,494618,0,0
15399,10,1,222538,40995,0
15400,0,2,0,12767,0
15401,1,13,102507,52874,0
15402,3,0,13106,0,0
15403,2,0,1299,0,0
15404,1,1,3133,2237,0
15405,1,0,1436,0,0
15406,2,0,318,0,0
15407,1,0,368,0,0
15408,2,0,727,0,0
15409,1,6,7043,41053,0
15410,4,0,2211,0,0
15411,2,1,12775,49,0
15412,0,6,0,46953,0
15413,2,0,2697,0,0
15414,0,5,0,634602,0
15415,4,0,620109,0,0
15416,1,0,2420,0,0
15417,3,3,2999,428333,0
15418,8,7,53975,196212,0
15419,4,0,23860,0,0
15420,3,0,167563,0,0
15421,1,0,1740,0,0
15422,3,6,20235,2980399,0
15423,1,1,908,142,0
15424,1,0,84,0,0
15425,4,0,15844,0,0
15426,1,0,86,0,0
15427,1,1,260922,26,0
15428,0,2,0,18655,0
15429,0,6,0,61187,0
15430,1,0,1393,0,0
15431,0,6,0,18823,0
15432,10,0,419717,0,0
15433,2,0,9311,0,0
15434,0,1,0,19565,0
15435,1,11,3718,71416,0
15436,14,1,104020,1163,0
15437,1,0,23753,0,0
15438,2,0,25336,0,0
15439,1,0,123,0,0
15440,1,0,1374,0,0
15441,1,1,1640,362406,0
15442,0,1,0,31,0
15443,0,2,0,23181,0
15444,3,12,6763,173399,0
15445,0,2,0,418859,0
15446,0,1,0,544301,0
15447,0,1,0,15031,0
15448,0,1,0,1233,0
15449,0,1,0,1527,0
15450,1,1,341,123,0
15451,1,0,112937,0,0
15452,1,0,195,0,0
15453,1,0,14849,0,0
15454,1,0,29188,0,0
15455,1,0,6023,0,0
15456,1,0,5128,0,0
15457,1,0,957,0,0
15458,1,0,2048,0,0
15459,0,2,0,2398,0
15460,0,1,0,22215,0
15461,0,1,0,60509,0
15462,0,1,0,1139,0
15463,0,1,0,283240,0
15464,1,1,3334,2978,0
15465,0,1,0,3827,0
15466,1,1,882,1167,0
15467,0,1,0,659,0
15468,0,1,0,116284,0
15469,0,4,0,13183,0
15470,1,0,32,0,0
15471,1,2,418,765,0
15472,5,2,24426551,1612,0
15473,0,5,0,31566,0
15474,3,0,2343,0,0
15475,2,0,3446,0,0
15476,2,0,24046,0,0
15477,2,0,4114,0,0
15478,1,6,8922,44265,0
15479,2,0,42324,0,0
15480,1,0,1851,0,0
15481,4,0,9015,0,0
15482,36,0,296638,0,0
15483,5,5,20747,2356,0
15484,11,0,749518,0,0
15485,4,0,30934,0,0
15486,2,0,1759,0,0
15487,2,0,3657,0,0
15488,0,8,0,18398,0
15489,3,0,24110,0,0
15490,4,0,41293,0,0
15491,3,0,419997,0,0
15492,6,3,127229,47579,0
15493,5,3,30997,2171,0
15494,4,7,22217,66375,0
15495,0,2,0,52951,0
15496,18,0,705140,0,0
15497,0,2,0,987,0
15498,9,6,799007,86158,0
15499,0,2,0,5823,0
15500,2,2,7846,3606,0
15501,5,11,21348,134026,0
15502,2,0,6375,0,0
15503,1,0,213,0,0
15504,1,0,2409,0,0
15505,1,1,1540,2145,0
15506,1,0,24591,0,0
15507,1,1,88246,378,0
15508,2,13,413,667984,0
15509,5,0,82757,0,0
15510,7,1,126194,410,0
15511,25,2,257949,502,0
15512,2,0,208990,0,0
15513,1,0,96,0,0
15514,6,1,4478,1671,0
15515,1,0,261955,0,0
15516,1,0,441,0,0
15517,5,0,13496,0,0
15518,1,0,67246,0,0
15519,0,3,0,28449,0
15520,1,1,910,1715,0
15521,0,10,0,62972,0
15522,2,8,874,21480,0
15523,30,0,1132882,0,0
15524,1,0,498,0,0
15525,3,0,43519,0,0
15526,1,0,3321,0,0
15527,3,1,1966,948,0
15528,1,1,15,1136,0
15529,1,0,317,0,0
15530,1,0,7583,0,0
15531,3,0,27363,0,0
15532,1,0,5833,0,0
15533,4,1,28967,2199,0
15534,1,0,106,0,0
15535,1,1,21,418,0
15536,0,1,0,8922,0
15537,18,41,1257963,1415884,0
15538,11,2,158393,4420,0
15539,1,0,64,0,0
15540,1,1,8600,750,0
15541,1,0,1401,0,0
15542,1,0,16,0,0
15543,1,1,17179,13247,0
15544,1,3,366,7598,0
15545,1,1,2006,5010,0
15546,1,0,85,0,0
15547,1,0,274,0,0
15548,1,0,29,0,0
15549,1,0,18748,0,0
15550,1,0,135,0,0
15551,2,0,1381,0,0
15552,1,0,74,0,0
15553,1,0,6088,0,0
15554,1,0,253,0,0
15555,1,0,729,0,0
15556,1,1,67,5511,0
15557,1,1,5748,650,0
15558,1,0,384,0,0
15559,1,1,359,407,0
15560,1,1,38120,44600,0
15561,1,0,10,0,0
15562,1,1,70,177,0
15563,4,2,10314,28269,0
15564,1,1,1243093,1127,0
15565,1,0,121,0,0
15566,1,0,1786,0,0
15567,1,0,38868,0,0
15568,1,0,1797,0,0
15569,1,0,6005,0,0
15570,1,1,276,8,0
15571,1,1,775,62754,0
15572,1,0,1442,0,0
15573,1,0,2547,0,0
15574,1,1,1410,1164165,0
15575,1,0,5,0,0
15576,1,0,1242,0,0
15577,5,1,26568,7348,0
15578,1,1,15209,6,0
15579,0,2,0,4056,0
15580,1,1,12,92,0
15581,0,4,0,12849,0
15582,12,0,38168,0,0
15583,2,0,5570,0,0
15584,0,2,0,15363,0
15585,1,0,46478,0,0
15586,2,0,807,0,0
15587,1,7,8630,15780,0
15588,2,1,6543,523,0
15589,1,0,127928,0,0
15590,1,0,162,0,0
15591,1,1,195,241790,0
15592,0,11,0,43567,0
15593,4,0,60941,0,0
15594,2,0,44,0,0
15595,4,3,2638180,21093,0
15596,2,1,1075,51943,0
15597,2,1,443,59,0
15598,1,0,150,0,0
15599,1,0,212,0,0
15600,0,2,0,4030,0
15601,0,11,0,75499,0
15602,1,0,408,0,0
15603,1,0,6191,0,0
15604,4,1,24936,4092,0
15605,8,4,48215,10051,0
15606,2,0,1206,0,0
15607,1,0,5224,0,0
15608,4,1,9413,1511,0
15609,4,2,12334,406521,0
15610,3,6,36733,424399,0
15611,2,3,27359,319584,0
15612,0,1,0,4701,0
15613,0,2,0,669,0
15614,1,0,523,0,0
15615,3,1,1036748,143,0
15616,1,0,53857,0,0
15617,1,0,116,0,0
15618,1,2,9454,10458,0
15619,2,1,1227,219,0
15620,2,3,7541,13961,0
15621,1,1,6163,66414,0
15622,1,0,57152,0,0
15623,1,1,241927,2195,0
15624,1,0,816,0,0
15625,1,0,2174,0,0
15626,1,0,778,0,0
15627,1,0,1615,0,0
15628,1,0,1999,0,0
15629,1,0,2668,0,0
15630,1,3,233399,1613,0
15631,1,0,3215,0,0
15632,1,0,1549,0,0
15633,1,0,2212,0,0
15634,1,0,74217,0,0
15635,1,0,299,0,0
15636,1,0,4023,0,0
15637,1,1,211,1386,0
15638,1,0,33671,0,0
15639,1,0,203,0,0
15640,1,0,217,0,0
15641,2,0,376,0,0
15642,1,0,30099,0,0
15643,1,0,5454,0,0
15644,1,0,48705,0,0
15645,1,0,8378,0,0
15646,1,0,2867,0,0
15647,1,0,58,0,0
15648,1,1,749,63,0
15649,1,0,509,0,0
15650,1,0,17111,0,0
15651,1,2,5256,37457,0
15652,1,0,600,0,0
15653,1,0,13797,0,0
15654,12,10,43648,385334,0
15655,1,0,86125,0,0
15656,2,2,317774,2538,0
15657,2,0,2050,0,0
15658,1,0,3972,0,0
15659,1,0,875,0,0
15660,2,1,22782,317,0
15661,2,0,12430,0,0
15662,1,0,1960,0,0
15663,1,0,577,0,0
15664,1,0,124,0,0
15665,1,1,7881,3370,0
15666,1,0,534,0,0
15667,1,0,310,0,0
15668,1,0,2309,0,0
15669,1,0,30570,0,0
15670,1,0,2949,0,0
15671,2,0,84582,0,0
15672,1,0,43,0,0
15673,1,0,20756,0,0
15674,1,0,9888,0,0
15675,1,0,132,0,0
15676,1,0,774,0,0
15677,1,0,700,0,0
15678,1,0,60,0,0
15679,2,0,703,0,0
15680,2,0,4621,0,0
15681,1,0,2786,0,0
15682,1,1,11857,2773,0
15683,1,2,46256,36345,0
15684,1,0,5813,0,0
15685,1,1,521,9450,0
15686,3,1,13186,2347,0
15687,2,0,193,0,0
15688,1,2,1974,12321,0
15689,1,0,1354,0,0
15690,1,1,128,77159,0
15691,1,0,64697,0,0
15692,1,0,81558,0,0
15693,1,0,665,0,0
15694,1,0,26480,0,0
15695,3,0,6485,0,0
15696,3,6,19215,14994,0
15697,3,0,15991,0,0
15698,1,0,982,0,0
15699,1,0,1419,0,0
15700,2,0,27066,0,0
15701,2,0,82,0,0
15702,2,0,27133,0,0
15703,1,1,12575,59,0
15704,1,0,559,0,0
15705,1,0,166,0,0
15706,2,0,722,0,0
15707,1,0,925,0,0
15708,2,0,67308,0,0
15709,3,0,5194,0,0
15710,7,13,16059,145205,0
15711,1,4,13626,2790,0
15712,2,0,53,0,0
15713,8,3,12042,7535,0
15714,0,2,0,74,0
15715,1,3,472,3396,0
15716,1,1,1968,526,0
15717,1,0,1134,0,0
15718,1,0,323,0,0
15719,2,0,2572,0,0
15720,1,1,304,130,0
15721,1,1,2813,6820,0
15722,1,1,9629,1680,0
15723,1,1,744,13621,0
15724,1,0,2777,0,0
15725,1,1,8833,100,0
15726,0,1,0,2064,0
15727,0,1,0,60452,0
15728,1,1,171,109627,0
15729,0,1,0,22147,0
15730,1,4,9107,109500,0
15731,1,0,89444,0,0
15732,1,0,1844,0,0
15733,1,5,5241,16842,0
15734,6,0,75865,0,0
15735,9,0,341190,0,0
15736,0,2,0,144620,0
15737,0,3,0,225966,0
15738,1,0,176804,0,0
15739,2,3,1300,71016,0
15740,2,0,8705,0,0
15741,1,0,65661,0,0
15742,0,3,0,31598,0
15743,3,0,75117,0,0
15744,4,25,40939,395654,0
15745,3,1,23518,5677,0
15746,1,0,5519,0,0
15747,1,0,133166,0,0
15748,1,0,6566,0,0
15749,1,0,992,0,0
15750,1,0,68,0,0
15751,2,0,4349,0,0
15752,9,0,136471,0,0
15753,1,0,16393,0,0
15754,1,0,109,0,0
15755,1,0,11075,0,0
15756,2,0,391,0,0
15757,1,1,63,10469,0
15758,1,0,15,0,0
15759,1,1,3645,34174,0
15760,3,0,18263,0,0
15761,2,0,166082,0,0
15762,2,0,257,0,0
15763,2,0,12686,0,0
15764,1,0,1365,0,0
15765,2,0,3325,0,0
15766,1,0,1037,0,0
15767,1,0,32237,0,0
15768,1,2,1371,603,0
15769,0,1,0,703,0
15770,2,8,11359,42010,0
15771,1,0,6843,0,0
15772,1,1,4528,184,0
15773,1,7,3705,55093,0
15774,2,0,114609,0,0
15775,3,6,24034,285712,0
15776,1,0,2342,0,0
15777,5,0,39091,0,0
15778,0,4,0,340329,0
15779,2,0,283261,0,0
15780,6,5,28373,30758,0
15781,1,0,330,0,0
15782,2,3,36760,264207,1
15783,1,0,2068,0,0
15784,0,1,0,4333,0
15785,0,2,0,15132,0
15786,0,4,0,95077,0
15787,1,1,2097,30064,0
15788,3,0,306147,0,0
15789,3,7,3174,10643,0
15790,1,0,671,0,0
15791,3,1,13417,112,0
15792,1,0,1064,0,0
15793,8,0,119079,0,0
15794,1,2,339,19652,0
15795,0,1,0,1105,0
15796,0,2,0,24797,0
15797,1,0,13880,0,0
15798,2,9,233055,38258,0
15799,1,2,1828,9812,0
15800,1,2,470,23356,0
15801,1,0,11557,0,0
15802,1,0,275,0,0
15803,1,0,204,0,0
15804,0,4,0,32277,0
15805,1,0,19560,0,0
15806,7,1,51648,77891,0
15807,0,7,0,32504,0
15808,1,1,21078,265,0
15809,1,0,547,0,0
15810,1,0,94,0,0
15811,1,1,2726,25578,0
15812,1,3,1250,3061,0
15813,1,5,4991,11815,0
15814,1,0,570,0,0
15815,1,0,5351,0,0
15816,1,0,108,0,0
15817,1,0,5729,0,0
15818,3,4,295,31479,0
15819,1,0,456,0,0
15820,0,3,0,143759,0
15821,2,0,56254,0,0
15822,0,3,0,36475,0
15823,2,0,2098,0,0
15824,1,1,251,6083,0
15825,0,2,0,76888,0
15826,3,0,7758,0,0
15827,0,1,0,2376,0
15828,0,11,0,290550,0
15829,1,1,13408,2176,0
15830,5,0,1486921,0,0
15831,6,2,123179,52825,0
15832,6,4,60930,130221,1
15833,3,0,7944,0,0
15834,0,4,0,4588,0
15835,1,0,71,0,0
15836,1,0,2166,0,0
15837,0,3,0,24883,0
15838,1,2,496425,5388,0
15839,2,0,3552,0,0
15840,1,4,464,6722,0
15841,2,0,2060,0,0
15842,1,0,370,0,0
15843,1,1,604,371,0
15844,0,2,0,12463,0
15845,2,0,17177,0,0
15846,4,2,196361,3934,0
15847,2,0,46549,0,0
15848,0,2,0,17885,0
15849,2,2,78789,2139378,0
15850,0,2,0,670,0
15851,0,1,0,1139,0
15852,0,4,0,99263,0
15853,0,2,0,88874,0
15854,3,1,254206,55988,0
15855,1,0,1138,0,0
15856,2,0,29764,0,0
15857,5,0,12444811,0,0
15858,0,3,0,4618,0
15859,2,0,442,0,0
15860,2,2,10267,336,0
15861,0,2,0,776,0
15862,0,1,0,350,0
15863,0,2,0,4786,0
15864,0,3,0,566,0
15865,0,56,0,2315019,0
15866,1,0,1508,0,0
15867,1,0,56,0,0
15868,1,0,20297,0,0
15869,1,0,7456,0,0
15870,1,0,147601,0,0
15871,1,0,383043,0,0
15872,1,0,14129,0,0
15873,1,0,1432,0,0
15874,1,0,122420,0,0
15875,1,0,116,0,0
15876,1,0,2642,0,0
15877,1,0,111716,0,0
15878,1,0,36432,0,0
15879,1,0,12475,0,0
15880,1,0,155,0,0
15881,1,0,41898,0,0
15882,1,0,969,0,0
15883,1,0,1913,0,0
15884,1,0,1090165,0,0
15885,1,0,417,0,0
15886,1,0,6762,0,0
15887,1,0,5766,0,0
15888,1,0,212,0,0
15889,1,0,988,0,0
15890,1,0,9539,0,0
15891,1,0,18,0,0
15892,1,0,26,0,0
15893,1,0,6810,0,0
15894,1,0,4586,0,0
15895,1,0,2060,0,0
15896,1,0,2960,0,0
15897,1,0,998,0,0
15898,1,0,24155,0,0
15899,1,0,18862,0,0
15900,1,0,57783,0,0
15901,1,0,43050,0,0
15902,1,0,11685,0,0
15903,1,0,18,0,0
15904,1,0,1186,0,0
15905,1,0,34045,0,0
15906,1,0,174,0,0
15907,1,0,2465,0,0
15908,1,0,3454,0,0
15909,1,0,72,0,0
15910,1,0,4369,0,0
15911,1,0,168,0,0
15912,1,0,4406,0,0
15913,1,0,633,0,0
15914,1,0,24,0,0
15915,1,0,1206,0,0
15916,1,0,680,0,0
15917,1,0,1578,0,0
15918,1,0,64150,0,0
15919,1,0,59,0,0
15920,3,5,180430,149512,0
15921,2,1,121480,153104,0
15922,2,0,4874,0,0
15923,0,4,0,163698,0
15924,4,0,77987,0,0
15925,2,8,14610,178934,0
15926,6,0,7922,0,0
15927,1,7,12965,12925,0
15928,1,0,226,0,0
15929,1,0,1217,0,0
15930,2,0,122029,0,0
15931,0,4,0,100058,0
15932,1,0,55622,0,0
15933,3,6,292869,153847,0
15934,2,0,134363,0,0
15935,1,0,3945,0,0
15936,6,13,24747,468233,0
15937,2,0,1456,0,0
15938,1,0,710,0,0
15939,1,0,727,0,0
15940,2,6,15199,28923,0
15941,1,2,403,3887,0
15942,2,0,6131,0,0
15943,1,0,55165,0,0
15944,2,0,100278,0,0
15945,2,1,701680,5877,0
15946,0,1,0,86697,0
15947,0,1,0,197,0
15948,0,2,0,103961,0
15949,0,2,0,3336,0
15950,4,7,11254,271767,0
15951,7,0,101922,0,0
15952,1,1,6904,140,0
15953,2,2,553149,6550,0
15954,1,0,399,0,0
15955,0,2,0,12634,0
15956,2,3,37495,3789,0
15957,13,1,466632,87,0
15958,2,1,29309,1922,0
15959,0,2,0,13440,0
15960,2,0,808,0,0
15961,0,1,0,694,0
15962,1,1,81,66933,0
15963,7,13,25873,347559,0
15964,3,0,155769,0,0
15965,0,1,0,1643,0
15966,2,0,576153,0,0
15967,3,0,2906,0,0
15968,3,0,15538,0,0
15969,1,0,935,0,0
15970,1,0,324,0,0
15971,2,2,107640,9239,0
15972,0,7,0,65570,0
15973,2,0,3818,0,0
15974,1,0,1374,0,0
15975,1,0,38778,0,0
15976,1,3,350,7508,0
15977,10,0,799932,0,0
15978,2,0,125,0,0
15979,1,0,1262,0,0
15980,1,1,26201,1223,0
15981,2,1,355,27,0
15982,3,0,1068919,0,0
15983,0,2,0,2395,0
15984,2,0,1492,0,0
15985,0,2,0,1254,0
15986,1,4,9,20310,0
15987,1,0,158,0,0
15988,2,0,11780,0,0
15989,0,4,0,9997,0
15990,1,1,36121,726520,0
15991,1,1,317,210,0
15992,2,3,566,22682,0
15993,0,2,0,2905,0
15994,4,5,46026,51633,0
15995,0,2,0,1970,0
15996,0,2,0,1211,0
15997,2,6,245227,14116,0
15998,6,0,1928615,0,0
15999,4,8,16414,129451,0
16000,1,0,17970,0,0
16001,2,0,9111,0,0
16002,1,0,2087,0,0
16003,1,1,73,10027,0
16004,7,16,13547,371534,0
16005,1,0,5347,0,0
16006,2,0,345,0,0
16007,2,0,5340,0,0
16008,5,1,674653,2458,0
16009,2,0,420,0,0
16010,1,0,628,0,0
16011,1,1,19325,697,0
16012,1,0,300055,0,0
16013,6,0,112035,0,0
16014,1,1,4883,583,0
16015,3,10,126635,5076683,0
16016,7,1,82467,2486,0
16017,1,1,543,998,0
16018,2,0,1184,0,0
16019,3,0,30478,0,0
16020,1,0,4517577,0,0
16021,0,2,0,778,0
16022,0,2,0,2734,0
16023,0,3,0,106073,0
16024,1,1,7268,403,0
16025,0,2,0,6927,0
16026,2,0,249766,0,0
16027,8,9,405828,1047175,0
16028,1,2,1274,253362,0
16029,2,0,38016,0,0
16030,1,4,1454,316805,0
16031,1,0,3987,0,0
16032,1,0,29212,0,0
16033,2,0,4184,0,0
16034,1,3,19627,32007,0
16035,1,0,4323,0,0
16036,0,6,0,104602,0
16037,3,0,855846,0,0
16038,1,0,78638,0,0
16039,1,0,10306,0,0
16040,1,1,92,9346,0
16041,3,7,24396,24058,0
16042,1,0,51,0,0
16043,2,0,7885,0,0
16044,1,0,17200,0,0
16045,1,0,1607,0,0
16046,2,0,2003,0,0
16047,1,0,11926,0,0
16048,1,0,355,0,0
16049,1,0,2962,0,0
16050,1,0,11662,0,0
16051,1,1,232,758,0
16052,1,1,22299,585,0
16053,1,0,88,0,0
16054,1,0,6380,0,0
16055,1,0,3314,0,0
16056,0,2,0,6359,0
16057,6,7,74123,29397,0
16058,1,0,27790,0,0
16059,2,0,4842,0,0
16060,1,1,75,714,0
16061,0,5,0,405832,0
16062,1,0,60985,0,0
16063,0,2,0,131440,0
16064,0,2,0,139571,0
16065,0,1,0,18930,0
16066,0,3,0,63222,0
16067,1,0,9586,0,0
16068,0,2,0,41256,0
16069,0,2,0,539,0
16070,0,2,0,745,0
16071,0,1,0,532,0
16072,1,1,23765,2363,0
16073,0,2,0,2103,0
16074,2,0,1899,0,0
16075,0,1,0,222,0
16076,3,0,13295,0,0
16077,2,0,420,0,0
16078,1,0,46787,0,0
16079,2,3,3842,191850,0
16080,2,0,97625,0,0
16081,0,1,0,262,0
16082,0,2,0,2277,0
16083,1,1,189,2,0
16084,0,2,0,257188,0
16085,1,1,73780,40322,0
16086,1,2,281449,3641,0
16087,1,2,13478,806,0
16088,2,4,8940,26751,0
16089,1,0,9597,0,0
16090,0,7,0,42933,0
16091,1,0,206,0,0
16092,1,2,18270,20894,0
16093,2,1,307,40,0
16094,3,29,43477,685264,0
16095,2,0,238,0,0
16096,1,1,1241,14560,0
16097,1,0,71334,0,0
16098,1,0,1252,0,0
16099,1,0,16,0,0
16100,1,3,228,104154,0
16101,1,0,74,0,0
16102,1,0,13654,0,0
16103,1,0,137,0,0
16104,3,0,187,0,0
16105,1,2,317,41895,0
16106,1,1,243,139,0
16107,1,0,14709,0,0
16108,1,1,4974,448,0
16109,3,0,6865,0,0
16110,2,0,341659,0,0
16111,2,1,24158,2474,0
16112,1,0,277898,0,0
16113,1,0,1460,0,0
16114,1,0,13002,0,0
16115,1,1,3128,91917,0
16116,5,3,6415,7909,0
16117,2,0,13383,0,0
16118,0,10,0,14948,0
16119,2,0,5449,0,0
16120,2,0,732,0,0
16121,1,0,64,0,0
16122,1,0,4835,0,0
16123,6,0,4600605,0,0
16124,1,1,488,221,0
16125,0,3,0,83048,0
16126,0,2,0,20232,0
16127,3,0,43031,0,0
16128,1,1,13529,0,0
16129,4,1,37774,9789,0
16130,2,0,9516,0,0
16131,9,2,140141,5322,0
16132,1,2,6388,92062,0
16133,1,8,732,160456,0
16134,2,0,3743,0,0
16135,1,0,657,0,0
16136,3,0,13216,0,0
16137,5,5,41423,205711,0
16138,1,1,11174,732,0
16139,3,0,2485,0,0
16140,0,1,0,960,0
16141,6,0,24361,0,0
16142,1,0,2333,0,0
16143,1,0,495,0,0
16144,1,0,59844,0,0
16145,1,0,155656,0,0
16146,5,10,8627,12402,0
16147,1,0,280,0,0
16148,2,0,12709,0,0
16149,2,0,56,0,0
16150,1,0,2725,0,0
16151,4,0,84852,0,0
16152,1,0,4,0,0
16153,1,0,176,0,0
16154,1,0,50,0,0
16155,1,7,1728,23943,0
16156,8,4,155319,8283,0
16157,1,0,87,0,0
16158,0,2,0,2310,0
16159,1,0,287,0,0
16160,1,0,8315,0,0
16161,1,0,3844,0,0
16162,1,0,93,0,0
16163,0,6,0,23482,0
16164,14,0,2809941,0,0
16165,15,0,129473,0,0
16166,1,0,4480,0,0
16167,2,0,2497,0,0
16168,1,0,1898,0,0
16169,1,0,300,0,0
16170,1,0,11280,0,0
16171,1,0,1203,0,0
16172,4,1,108525,2060,0
16173,1,0,26417,0,0
16174,2,0,347170,0,0
16175,2,0,52447,0,1
16176,1,0,17057,0,0
16177,1,0,1841,0,0
16178,1,1,12,1616,0
16179,1,1,682,1126,0
16180,1,0,9754,0,0
16181,2,0,70759,0,0
16182,1,2,10,63141,0
16183,1,0,876,0,0
16184,1,0,371,0,0
16185,2,0,41947,0,0
16186,1,1,345723,336,0
16187,1,0,93765,0,0
16188,1,0,2664,0,0
16189,1,0,65031,0,0
16190,1,0,1121538,0,0
16191,1,0,761,0,0
16192,1,0,68,0,0
16193,1,0,0,0,0
16194,1,0,24274,0,0
16195,2,0,85204,0,0
16196,1,0,4782,0,0
16197,1,0,3220,0,0
16198,2,0,3762,0,0
16199,1,0,32601,0,0
16200,1,0,566,0,0
16201,1,0,6324,0,0
16202,1,0,45,0,0
16203,1,0,30325,0,0
16204,1,0,5985,0,0
16205,1,0,3421,0,0
16206,1,0,503,0,0
16207,1,0,25,0,0
16208,1,0,4614,0,0
16209,1,0,1071,0,0
16210,1,0,512187,0,0
16211,1,0,9466,0,0
16212,1,0,81972,0,0
16213,1,0,5961,0,0
16214,1,0,3453,0,0
16215,1,0,8,0,0
16216,1,0,1061964,0,0
16217,1,0,61,0,0
16218,1,0,168,0,0
16219,1,0,36,0,0
16220,1,0,76679,0,0
16221,1,0,122,0,0
16222,1,0,16,0,0
16223,1,0,7365,0,0
16224,1,0,702,0,0
16225,1,0,1075,0,0
16226,1,0,868,0,0
16227,1,0,2157,0,0
16228,1,0,68831,0,0
16229,1,0,9375,0,0
16230,2,0,759408,0,0
16231,1,2,2069,1009,0
16232,1,0,2603,0,0
16233,0,2,0,56312,0
16234,2,0,15843,0,0
16235,0,3,0,1321,0
16236,11,0,323093,0,0
16237,1,0,3258,0,0
16238,0,1,0,3686,0
16239,0,1,0,311,0
16240,0,14,0,451651,0
16241,1,0,119,0,0
16242,1,0,1699,0,0
16243,1,0,222,0,0
16244,1,0,1502,0,0
16245,1,0,13033,0,0
16246,1,0,3448,0,0
16247,16,0,337537,0,0
16248,2,0,859,0,0
16249,1,0,8887,0,0
16250,1,0,733,0,0
16251,1,0,296815,0,0
16252,1,0,305,0,0
16253,0,2,0,31418,0
16254,1,2,339,420,0
16255,1,1,40,2909,0
16256,0,2,0,3918,0
16257,2,5,160,26764,0
16258,28,0,501972,0,0
16259,1,0,2388,0,0
16260,1,0,22698,0,0
16261,1,0,483,0,0
16262,1,4,2714,10281,0
16263,1,0,3695,0,0
16264,0,11,0,56386,0
16265,1,3,7766,183252,0
16266,1,0,3573,0,0
16267,1,0,5,0,0
16268,1,1,13309,5919,0
16269,1,0,12006,0,0
16270,1,0,7,0,0
16271,1,0,441,0,0
16272,1,0,1721,0,0
16273,1,0,3589,0,0
16274,1,5,2628,24859,0
16275,1,0,21260,0,0
16276,2,0,2233,0,0
16277,2,1,4700,2628,0
16278,2,0,623,0,0
16279,5,0,44253,0,0
16280,1,0,38268,0,0
16281,1,0,5330,0,0
16282,1,4,3705,6295,0
16283,1,1,3825,6264,0
16284,2,0,603,0,0
16285,1,0,549,0,0
16286,1,0,6414,0,0
16287,0,3,0,2013,0
16288,2,0,1739,0,0
16289,0,3,0,168180,0
16290,1,0,135026,0,0
16291,2,0,1643,0,0
16292,0,3,0,41791,0
16293,1,0,2537,0,0
16294,1,0,11504,0,0
16295,1,0,390,0,0
16296,1,0,200446,0,0
16297,1,0,136,0,0
16298,2,0,22357,0,0
16299,2,3,210662,4655,0
16300,1,0,3947,0,0
16301,0,2,0,6656,0
16302,2,0,3670,0,0
16303,2,6,351,16086,0
16304,2,0,7115,0,0
16305,2,6,3547,185555,0
16306,2,0,908,0,0
16307,2,0,966,0,0
16308,1,0,270,0,0
16309,5,0,157176,0,0
16310,1,0,3,0,0
16311,1,1,14745,3863,0
16312,2,0,207720,0,0
16313,1,0,367,0,0
16314,2,4,2837,16617,0
16315,1,0,10349,0,0
16316,1,0,135,0,0
16317,0,2,0,39165,0
16318,2,0,18085,0,0
16319,15,10,313614,407866,0
16320,1,0,2275,0,0
16321,1,0,1168,0,0
16322,2,0,22407,0,0
16323,2,0,1325,0,0
16324,1,0,592,0,0
16325,0,1,0,5385,0
16326,0,2,0,8800,0
16327,0,7,0,31150,0
16328,1,0,3104,0,0
16329,1,0,269,0,0
16330,1,0,26710,0,0
16331,1,1,116,3036,0
16332,1,0,4404,0,0
16333,1,0,1498,0,0
16334,1,0,4365,0,0
16335,2,0,19285,0,0
16336,1,10,19090,98613,0
16337,1,0,324,0,0
16338,1,0,21639,0,0
16339,2,20,2384,309511,0
16340,3,1,2382,1299,0
16341,3,0,12435,0,0
16342,1,0,6,0,0
16343,2,1,150056,845,0
16344,2,1,666,4236,0
16345,1,0,4520,0,0
16346,1,0,1006,0,0
16347,1,0,37,0,0
16348,1,1,949,140,0
16349,1,0,1872,0,0
16350,1,0,4604,0,0
16351,2,0,20366,0,0
16352,1,1,51265,2244,0
16353,1,0,4204,0,0
16354,1,0,10267,0,0
16355,1,1,884,73,0
16356,2,1,161,17157,0
16357,1,2,2355,11586,0
16358,1,5,5017,23296,0
16359,2,0,2776,0,0
16360,1,0,10742,0,0
16361,3,0,43590,0,0
16362,0,3,0,2267,0
16363,1,0,1108,0,0
16364,2,0,230,0,0
16365,0,2,0,69519,0
16366,0,7,0,11034,0
16367,7,0,26867,0,0
16368,5,0,29632,0,0
16369,1,0,179,0,0
16370,1,1,110125,18008,0
16371,1,0,18447,0,0
16372,0,1,0,383,0
16373,2,6,2622,11131,0
16374,2,0,6982,0,0
16375,3,0,3910,0,0
16376,1,0,453,0,0
16377,1,0,1159,0,0
16378,3,0,4326,0,0
16379,2,7,580,47331,0
16380,2,0,7415,0,0
16381,2,0,17861,0,0
16382,1,1,2156,17647,0
16383,1,1,2839,169986,0
16384,5,0,49085,0,0
16385,2,4,3058,25964,0
16386,1,1,15404,1741,0
16387,2,4,8205,31104,0
16388,8,0,197820,0,0
16389,1,0,2406,0,0
16390,1,28,752,309375,0
16391,3,1,836407,28032,0
16392,2,0,42856,0,0
16393,1,0,27238,0,0
16394,1,0,529,0,0
16395,1,0,580,0,0
16396,1,0,1955,0,0
16397,1,0,6295,0,0
16398,1,0,3010,0,0
16399,3,0,901,0,0
16400,2,2,489,153,0
16401,1,0,50,0,0
16402,1,0,201,0,0
16403,3,0,2821,0,0
16404,1,0,70477,0,0
16405,1,0,11482,0,0
16406,1,0,2483,0,0
16407,1,0,516,0,0
16408,1,0,385,0,0
16409,2,0,9964,0,0
16410,2,2,11975,23979,0
16411,2,0,1833,0,0
16412,1,1,5128,524,0
16413,1,1,564,1230,0
16414,1,0,122,0,0
16415,1,0,230,0,0
16416,1,0,3095,0,0
16417,1,0,8938,0,0
16418,1,0,3007,0,0
16419,1,0,19873,0,0
16420,1,0,929,0,0
16421,1,0,3798,0,0
16422,1,0,689,0,0
16423,1,1,155,993,0
16424,3,0,3634,0,0
16425,1,0,717,0,0
16426,1,0,163,0,0
16427,1,0,1235,0,0
16428,1,0,310,0,0
16429,1,1,134,128,0
16430,1,1,1701,21965,0
16431,1,0,8491,0,0
16432,1,0,117,0,0
16433,1,0,8124,0,0
16434,2,0,18396,0,0
16435,1,1,16832,3885,0
16436,1,0,40,0,0
16437,1,0,14935,0,0
16438,1,0,17,0,0
16439,1,0,2596,0,0
16440,1,0,11561,0,0
16441,1,0,13133,0,0
16442,1,0,8174,0,0
16443,2,0,63223,0,0
16444,1,1,1920,16232,0
16445,1,0,13609,0,0
16446,1,0,17,0,0
16447,1,0,4199,0,0
16448,1,0,301,0,0
16449,3,14,92538,264284,0
16450,1,1,1144,47009,0
16451,1,0,1018,0,0
16452,2,0,45506,0,0
16453,1,0,126,0,0
16454,1,0,41,0,0
16455,2,1,59141,6679,0
16456,0,1,0,122170,0
16457,0,7,0,52118,0
16458,7,0,914566,0,0
16459,3,0,1439,0,0
16460,3,0,2213,0,0
16461,1,2,1615,3309,0
16462,0,1,0,5249,0
16463,21,4,441576,20637,0
16464,1,0,7200,0,0
16465,1,0,348,0,0
16466,1,3,15598,9040,0
16467,3,0,9491,0,0
16468,2,0,4074,0,0
16469,1,5,6538,49152,0
16470,4,0,90806,0,0
16471,0,4,0,33754,0
16472,1,1,945,497,0
16473,1,0,11736,0,0
16474,4,0,15314,0,0
16475,1,6,1729,80752,0
16476,1,0,24839,0,0
16477,1,0,2855,0,0
16478,1,0,4897,0,0
16479,1,0,221,0,0
16480,0,4,0,29433,0
16481,4,11,10371,171085,0
16482,1,0,58763,0,0
16483,1,0,7898,0,0
16484,1,0,215,0,0
16485,1,0,64,0,0
16486,1,0,88656,0,0
16487,1,0,42,0,0
16488,1,0,193,0,0
16489,1,0,12595,0,0
16490,1,0,38,0,0
16491,1,0,571,0,0
16492,1,0,674525,0,0
16493,1,0,24980,0,0
16494,1,0,1060,0,0
16495,1,0,1531,0,0
16496,1,0,5883,0,0
16497,1,0,19357,0,0
16498,2,0,16793,0,0
16499,1,0,1842,0,0
16500,1,0,601,0,0
16501,3,4,2498,5834,0
16502,1,0,5589,0,0
16503,1,0,61,0,0
16504,1,0,50,0,0
16505,7,15,277721,359056,0
16506,1,0,739,0,0
16507,1,11,5462,631418,0
16508,5,0,8118,0,0
16509,1,1,525,1453,0
16510,1,0,289,0,0
16511,1,0,17375,0,0
16512,7,0,161551,0,0
16513,1,0,29831,0,0
16514,2,0,24190,0,0
16515,0,2,0,776986,0
16516,0,7,0,69467,0
16517,5,1,3483,5151,0
16518,3,0,871,0,0
16519,2,1,64577,136,0
16520,1,2,61662,392,0
16521,3,11,51705,1138040,0
16522,1,1,2005,62443,0
16523,1,5,74,75678,0
16524,9,0,53401,0,0
16525,1,1,59673,295,0
16526,1,0,663,0,0
16527,6,3,16753,8585,0
16528,2,0,102906,0,0
16529,1,0,62712,0,0
16530,1,0,78,0,0
16531,0,11,0,86043,0
16532,1,0,61999,0,0
16533,2,0,7858,0,0
16534,1,0,1901,0,0
16535,1,0,3757,0,0
16536,1,0,160,0,0
16537,1,0,904,0,0
16538,1,0,9913,0,0
16539,1,0,178,0,0
16540,1,0,53,0,0
16541,1,0,136,0,0
16542,0,1,0,74,0
16543,6,3,23770,10235,0
16544,2,0,8166,0,0
16545,1,6,210,114829,0
16546,2,0,22503,0,0
16547,1,1,86,5378,0
16548,1,0,2364,0,0
16549,11,8,6798187,57354,0
16550,1,0,146,0,0
16551,2,0,38066,0,0
16552,1,1,2760,69107,0
16553,4,0,4923,0,0
16554,1,1,4,72367,0
16555,2,0,15986,0,0
16556,4,11,15724,4824529,0
16557,2,0,4768846,0,0
16558,1,0,3647,0,0
16559,1,0,5,0,0
16560,1,1,140,715,0
16561,1,0,167,0,0
16562,7,9,88201,199465,0
16563,8,0,176786,0,0
16564,2,1,37848,181,0
16565,4,2,33645,116154,0
16566,2,1,1534,868,0
16567,0,8,0,125456,0
16568,15,0,249650,0,0
16569,2,1,19498,1299,0
16570,1,1,95040,16,0
16571,4,0,85058,0,0
16572,4,5,17893,3859918,0
16573,3,1,3818,2528,0
16574,7,0,779447,0,0
16575,14,0,57157,0,0
16576,2,7,21030,7056,0
16577,2,1,9576,4043,0
16578,1,3,6037,21162,0
16579,1,1,360,3160,0
16580,1,4,1232,66428,0
16581,2,0,17114,0,0
16582,1,7,65,70015,0
16583,1,0,336,0,0
16584,1,0,3025,0,0
16585,1,1,141,274,0
16586,3,0,13047,0,0
16587,1,0,6639,0,0
16588,1,0,600,0,0
16589,1,0,2541,0,0
16590,0,7,0,698136,0
16591,2,0,196,0,0
16592,4,0,33288,0,0
16593,1,2,9245,1143,0
16594,1,0,5961,0,0
16595,1,0,92397,0,0
16596,1,0,587582,0,0
16597,1,18,187,67859,0
16598,2,0,4850,0,0
16599,1,0,109,0,0
16600,2,0,1736,0,0
16601,1,0,606,0,0
16602,1,0,121,0,0
16603,1,2,2150,24670,0
16604,2,0,1395,0,0
16605,2,0,31913,0,0
16606,1,0,129,0,0
16607,1,6,51,333645,1
16608,7,0,28457,0,0
16609,2,0,15171,0,0
16610,2,0,104,0,0
16611,5,6,347005,44410,0
16612,1,1,39800,320,0
16613,1,0,37,0,0
16614,3,0,299408,0,0
16615,4,7,57887,54783,0
16616,2,1,6096,6693,0
16617,1,0,263,0,0
16618,1,0,8445,0,0
16619,1,2,5965,381,0
16620,1,3,10268,21540,0
16621,1,1,7440,27526,0
16622,2,3,28462,9998,0
16623,2,0,136,0,0
16624,0,3,0,14586,0
16625,6,0,394190,0,0
16626,1,0,496,0,0
16627,1,0,952,0,0
16628,1,1,94,831,0
16629,1,0,356,0,0
16630,3,18,3834,260408,0
16631,20,14,1212253,980410,0
16632,3,0,1452232,0,0
16633,1,0,647,0,0
16634,2,1,18992,5453,0
16635,15,0,423885,0,0
16636,1,0,841,0,0
16637,6,0,331027,0,0
16638,1,0,1802,0,0
16639,0,4,0,16374,0
16640,2,4,123338,124623,0
16641,1,0,6089,0,0
16642,0,2,0,2797,0
16643,0,2,0,1801,0
16644,8,1,2214410,262,0
16645,1,4,3241,2377,0
16646,6,0,315518,0,0
16647,1,0,196,0,0
16648,1,0,21,0,0
16649,1,2,38,882,0
16650,1,0,704,0,0
16651,3,10,7760,69774,0
16652,4,0,1937668,0,0
16653,1,1,84,33,0
16654,1,1,226,31573,0
16655,2,0,7684,0,0
16656,3,1,7835,6880,0
16657,1,2,29697,32397,0
16658,1,1,18118,2188,0
16659,5,6,46666,10376,0
16660,1,0,1889,0,0
16661,2,0,9930,0,0
16662,5,0,12278,0,0
16663,0,1,0,594,0
16664,3,0,30888,0,0
16665,1,0,271,0,0
16666,0,1,0,33547,0
16667,1,3,9103,644,0
16668,1,4,370,11872,0
16669,2,0,12088,0,0
16670,3,5,1631,691370,0
16671,6,1,164259,8906,0
16672,1,0,688801,0,0
16673,1,0,134,0,0
16674,1,1,2015,931,0
16675,2,2,703967,1019,0
16676,1,1,472,454,0
16677,0,5,0,214401,0
16678,3,0,8113,0,0
16679,1,0,49458,0,0
16680,0,1,0,56069,0
16681,0,1,0,1274,0
16682,0,1,0,30123,0
16683,0,1,0,96686,0
16684,0,1,0,344,0
16685,0,1,0,557,0
16686,0,1,0,79,0
16687,0,1,0,82,0
16688,0,1,0,751709,0
16689,0,2,0,1482,0
16690,4,0,1577,0,0
16691,2,0,1150,0,0
16692,2,1,1717,663,0
16693,2,0,73199,0,0
16694,1,1,598,2175,0
16695,2,0,3442,0,0
16696,1,0,78,0,0
16697,1,0,3693,0,0
16698,1,0,219,0,0
16699,1,0,236,0,0
16700,1,0,944,0,0
16701,2,2,57405,3954,0
16702,1,0,1201,0,0
16703,1,0,3605,0,0
16704,0,1,0,9682,0
16705,0,1,0,40731,0
16706,0,1,0,12797,0
16707,0,1,0,38324,0
16708,4,3,4729,2026,0
16709,1,0,868,0,0
16710,1,0,428,0,0
16711,1,0,8693,0,0
16712,1,0,157,0,0
16713,1,0,4187,0,0
16714,1,0,14501,0,0
16715,1,2,8,263281,0
16716,1,0,76762,0,0
16717,1,0,1012,0,0
16718,3,2,17090,594,0
16719,1,0,133,0,0
16720,2,0,12582,0,0
16721,1,0,12247,0,0
16722,1,0,1606,0,0
16723,1,0,74151,0,0
16724,1,0,153,0,0
16725,1,1,4851,88,0
16726,1,0,11,0,0
16727,1,1,133,26,0
16728,1,2,78,1173,0
16729,1,0,224095,0,0
16730,1,0,18200,0,0
16731,1,1,314,8,0
16732,1,0,71407,0,0
16733,2,0,687508,0,0
16734,1,0,12041,0,0
16735,1,0,2362,0,0
16736,1,0,8,0,0
16737,1,0,123554,0,0
16738,1,0,25128,0,0
16739,1,0,21851,0,0
16740,0,7,0,226402,0
16741,1,0,105,0,0
16742,1,0,93,0,0
16743,4,0,100022,0,0
16744,3,0,43225,0,0
16745,6,5,12676,525247,0
16746,12,12,502220,71676,0
16747,1,0,1872,0,0
16748,1,1,26818,153,0
16749,1,0,453252,0,0
16750,1,0,757,0,0
16751,1,0,370,0,0
16752,4,0,12331,0,0
16753,1,0,2010,0,0
16754,1,0,485487,0,0
16755,1,0,1163,0,0
16756,1,0,52623,0,0
16757,1,0,14053,0,0
16758,4,0,23355,0,0
16759,1,0,398,0,0
16760,2,0,922,0,0
16761,3,0,11107,0,0
16762,1,0,36,0,0
16763,1,0,242,0,0
16764,1,0,5307,0,0
16765,3,0,23772,0,0
16766,1,0,2066,0,0
16767,1,0,20375,0,0
16768,1,0,583,0,0
16769,1,0,59773,0,0
16770,1,0,340,0,0
16771,1,1,406,31,0
16772,2,0,4062,0,0
16773,0,3,0,353637,0
16774,1,0,560,0,0
16775,2,2,4573,1103,0
16776,1,4,970,436790,0
16777,2,1,7485,88,0
16778,1,0,142524,0,0
16779,1,0,18241,0,0
16780,0,31,0,197868,0
16781,1,5,372,1045036,0
16782,1,3,284,6657,0
16783,2,5,2022,8396,0
16784,1,1,4032,316,0
16785,1,0,2197,0,0
16786,1,8,46206,326984,0
16787,1,12,13798,211479,0
16788,1,0,1787,0,0
16789,2,0,3920,0,0
16790,3,1,60241,71,0
16791,2,1,70430,42501,0
16792,1,1,26641,13455,0
16793,3,14,1861,3449649,0
16794,2,0,2102,0,0
16795,1,1,1838,1766,0
16796,1,2,199,22950,0
16797,1,0,32300,0,0
16798,3,2,1724,2249,0
16799,1,0,5847,0,0
16800,2,15,3418,393673,0
16801,1,1,497,144,0
16802,1,0,136,0,0
16803,1,1,26284,57,0
16804,1,5,85,7284,0
16805,1,0,13,0,0
16806,2,1,975,69769,0
16807,1,1,103,1498,0
16808,1,1,6412,61,0
16809,1,2,12167,714,0
16810,0,1,0,1602,0
16811,2,3,1050815,2956,0
16812,1,0,5374,0,0
16813,7,0,12743,0,0
16814,2,1,845,25272,0
16815,3,0,22616,0,0
16816,1,0,988,0,0
16817,5,2,80110,540,0
16818,1,0,1802,0,0
16819,5,0,43423,0,0
16820,1,0,578,0,0
16821,1,0,1185,0,0
16822,1,0,27307,0,0
16823,1,0,54,0,0
16824,1,0,7199,0,0
16825,3,0,281815,0,0
16826,2,1,7012,8107,0
16827,1,0,6367,0,0
16828,1,0,694,0,0
16829,1,0,125,0,0
16830,1,0,122794,0,0
16831,1,0,978,0,0
16832,1,0,199,0,0
16833,1,1,2814,1212,0
16834,1,0,378,0,0
16835,3,0,6442,0,0
16836,1,0,351,0,0
16837,2,0,26743,0,0
16838,1,0,42501,0,0
16839,1,0,13455,0,0
16840,1,0,67,0,0
16841,1,0,274,0,0
16842,1,0,34195,0,0
16843,1,1,343379,218,0
16844,1,0,5458,0,0
16845,1,0,15,0,0
16846,1,0,6935,0,0
16847,1,0,281,0,0
16848,1,0,601,0,0
16849,1,0,3022598,0,0
16850,1,0,10915,0,0
16851,1,0,19,0,0
16852,2,0,752,0,0
16853,2,0,10301,0,0
16854,2,1,20814,615,0
16855,5,4,227382,85133,0
16856,1,0,9232,0,0
16857,1,0,6455,0,0
16858,1,0,260837,0,0
16859,3,0,483,0,0
16860,1,0,13262,0,0
16861,1,0,190,0,0
16862,1,0,19492,0,0
16863,1,0,102,0,0
16864,1,0,1479,0,0
16865,2,0,78,0,0
16866,4,0,8179,0,0
16867,2,0,1730,0,0
16868,1,0,569,0,0
16869,2,0,70044,0,0
16870,4,1,184424,203,0
16871,1,1,61,730,0
16872,3,0,812,0,0
16873,1,1,633,1806,0
16874,2,2,1890,191636,0
16875,1,1,1061,1502,0
16876,3,2,986,1893,0
16877,3,2,660,4268,0
16878,0,5,0,106441,0
16879,1,0,240,0,0
16880,1,0,1057,0,0
16881,1,0,101502,0,0
16882,0,3,0,145143,0
16883,1,0,142672,0,0
16884,3,0,7708,0,0
16885,1,0,13968,0,0
16886,1,0,5790,0,0
16887,1,0,88,0,0
16888,1,0,731,0,0
16889,1,0,2563,0,0
16890,1,0,5137,0,0
16891,3,0,65196,0,0
16892,1,0,642,0,0
16893,1,0,97,0,0
16894,1,0,1453,0,0
16895,1,0,1099,0,0
16896,1,0,210,0,0
16897,1,0,2408,0,0
16898,1,0,46699,0,0
16899,1,0,7977,0,0
16900,1,0,1883,0,0
16901,1,0,1304,0,0
16902,1,0,26771,0,0
16903,1,0,2036,0,0
16904,1,0,1265,0,0
16905,1,0,149,0,0
16906,1,0,25244,0,0
16907,1,0,5477,0,0
16908,1,0,2730,0,0
16909,1,0,152186,0,0
16910,4,0,21848,0,0
16911,2,0,11025,0,0
16912,0,2,0,2298,0
16913,1,3,13943,78339,0
16914,2,0,51935,0,0
16915,1,0,1313,0,0
16916,0,2,0,4642,0
16917,11,1,153812,729,0
16918,3,3,37753,27307,0
16919,1,0,2226,0,0
16920,1,0,469988,0,0
16921,1,3,11,53902,0
16922,1,1,11,2756,0
16923,1,0,2,0,0
16924,1,0,10849,0,0
16925,1,0,1041,0,0
16926,1,0,109,0,0
16927,1,0,40711,0,0
16928,1,0,1907,0,0
16929,1,0,9,0,0
16930,1,0,1038,0,0
16931,3,0,50629,0,0
16932,1,1,7418,28058,0
16933,1,0,336,0,0
16934,7,0,111030,0,0
16935,1,0,155,0,0
16936,1,0,43367,0,0
16937,1,0,11,0,0
16938,1,0,30486,0,0
16939,1,0,8136,0,0
16940,1,0,59747,0,0
16941,3,0,10044,0,0
16942,3,1,5367,651,0
16943,1,0,290,0,0
16944,1,0,3758,0,0
16945,2,0,28528,0,0
16946,1,0,795,0,0
16947,1,0,807,0,0
16948,1,0,3870,0,0
16949,1,0,53060,0,0
16950,2,0,114041,0,0
16951,1,3,2233,37999,0
16952,1,1,143,14184,0
16953,1,0,38693,0,0
16954,2,0,4097,0,0
16955,1,0,126,0,0
16956,3,0,74757,0,0
16957,1,0,708,0,0
16958,1,0,16925,0,0
16959,1,0,383,0,0
16960,1,0,3327,0,0
16961,1,0,57,0,0
16962,1,0,184205,0,0
16963,1,0,95,0,0
16964,1,0,2273,0,0
16965,2,0,1561,0,0
16966,1,0,246,0,0
16967,2,3,1866,950,0
16968,3,1,1216,7696,0
16969,3,1,20723,67742,0
16970,1,0,4656,0,0
16971,1,0,4619,0,0
16972,2,0,13339,0,0
16973,1,0,26168,0,0
16974,2,0,220,0,0
16975,2,0,895,0,0
16976,3,0,151740,0,0
16977,2,0,15071,0,0
16978,1,1,2578,520,0
16979,1,0,34211,0,0
16980,2,0,4158,0,0
16981,1,0,1581,0,0
16982,1,0,721,0,0
16983,3,0,4130,0,0
16984,1,0,45,0,0
16985,2,0,209829,0,0
16986,4,0,293455,0,0
16987,1,1,77,19,0
16988,0,1,0,8227,0
16989,2,9,187463,809013,0
16990,3,0,1195,0,0
16991,2,0,297334,0,0
16992,3,0,25997,0,0
16993,1,0,182571,0,0
16994,3,0,228517,0,0
16995,1,0,31451,0,0
16996,1,0,28765,0,0
16997,1,0,42,0,0
16998,1,0,2185,0,0
16999,1,0,1977,0,0
17000,1,2,239,1966,0
17001,0,3,0,8330,0
17002,3,1,136313,84,0
17003,1,1,555,145,0
17004,0,2,0,12697,0
17005,1,3,3189243,5439,0
17006,1,2,8,5152,0
17007,0,1,0,1717,0
17008,9,3,81277,2263605,0
17009,33,1,305539,9195,0
17010,1,0,70,0,0
17011,13,0,104737,0,0
17012,0,3,0,4222,0
17013,2,0,4933,0,0
17014,1,0,3002,0,0
17015,0,2,0,24414,0
17016,4,0,11617,0,0
17017,1,5,2045,2971887,0
17018,4,0,55577,0,0
17019,2,0,2944588,0,0
17020,0,1,0,2023,0
17021,3,0,20002,0,0
17022,2,3,2374,2755,0
17023,4,17,184242,122612,0
17024,2,0,1365,0,0
17025,1,0,2211,0,0
17026,1,0,113,0,0
17027,1,0,139,0,0
17028,2,2,1574,8567,0
17029,1,7,240,1690070,0
17030,1,0,1653037,0,0
17031,1,0,332,0,0
17032,2,0,5478,0,0
17033,1,2,5198,44711,0
17034,0,2,0,1616,0
17035,1,0,181,0,0
17036,0,9,0,272307,0
17037,5,1,8630,265213,0
17038,1,0,112,0,0
17039,1,0,105,0,0
17040,1,0,192651,0,0
17041,2,3,16239,113418,0
17042,1,0,22658,0,0
17043,0,1,0,5863,0
17044,3,2,14473,96907,0
17045,0,2,0,52703,0
17046,2,0,52290,0,0
17047,0,1,0,312,0
17048,0,1,0,76,0
17049,0,1,0,19672,0
17050,0,1,0,8783,0
17051,0,1,0,497,0
17052,0,3,0,89150,0
17053,1,1,15683,3011,0
17054,0,2,0,146875,0
17055,0,1,0,265,0
17056,0,1,0,208,0
17057,0,1,0,49,0
17058,0,1,0,4039,0
17059,0,4,0,274278,0
17060,2,7,31499,121145,0
17061,0,1,0,1434,0
17062,0,1,0,12967,0
17063,0,1,0,683,0
17064,0,2,0,4708,0
17065,0,1,0,3122,0
17066,0,2,0,5676,0
17067,0,1,0,499,0
17068,0,1,0,12162,0
17069,0,1,0,193,0
17070,0,3,0,70983,0
17071,0,1,0,25040,0
17072,0,1,0,2332,0
17073,0,1,0,333,0
17074,0,1,0,1084,0
17075,0,1,0,609,0
17076,0,1,0,1808,0
17077,0,2,0,62,0
17078,0,2,0,23213,0
17079,0,1,0,438,0
17080,0,1,0,33547,0
17081,0,2,0,728,0
17082,0,2,0,11615,0
17083,1,1,113,24807,0
17084,0,1,0,178,0
17085,0,2,0,26303,0
17086,0,4,0,28774,0
17087,0,1,0,130179,0
17088,0,1,0,12735,0
17089,0,1,0,373,0
17090,0,2,0,2982,0
17091,0,2,0,133485,0
17092,0,2,0,89760,0
17093,0,1,0,350,0
17094,0,4,0,5884,0
17095,0,1,0,3574,0
17096,0,1,0,245,0
17097,0,2,0,19906,0
17098,0,2,0,78920,0
17099,0,1,0,120761,0
17100,0,1,0,1111,0
17101,0,1,0,10654,0
17102,0,1,0,48,0
17103,0,1,0,1523,0
17104,0,1,0,445,0
17105,0,2,0,59040,0
17106,0,1,0,97,0
17107,0,1,0,24,0
17108,0,1,0,13900,0
17109,0,1,0,3068,0
17110,0,1,0,39329,0
17111,0,1,0,22397,0
17112,0,1,0,665,0
17113,0,1,0,3089,0
17114,0,1,0,961,0
17115,0,1,0,215,0
17116,0,2,0,1368,0
17117,0,2,0,15077,0
17118,0,1,0,10,0
17119,1,1,1013,12,0
17120,1,0,605,0,0
17121,3,1,90313,499,0
17122,1,0,462899,0,0
17123,1,0,129,0,0
17124,1,0,519,0,0
17125,1,0,141,0,0
17126,1,0,1634,0,0
17127,7,1,142877,38358,0
17128,1,0,11741,0,0
17129,2,0,34418,0,0
17130,1,0,32401,0,0
17131,1,0,120,0,0
17132,1,0,30166,0,0
17133,1,0,71,0,0
17134,1,0,285,0,0
17135,1,0,29429,0,0
17136,1,1,778,1066356,0
17137,1,0,1396,0,0
17138,1,0,3312,0,0
17139,1,0,5259,0,0
17140,1,0,26663,0,0
17141,1,0,351,0,0
17142,2,0,11756,0,0
17143,3,1,1192,47665,0
17144,1,0,2892,0,0
17145,1,0,981,0,0
17146,1,1,945,4426,0
17147,1,0,1412,0,0
17148,1,0,6647,0,0
17149,1,0,1238201,0,0
17150,1,0,1104,0,0
17151,1,0,11659,0,0
17152,1,0,45,0,0
17153,0,2,0,1450,0
17154,0,3,0,155404,0
17155,0,2,0,67820,0
17156,4,8,48221,60468,0
17157,0,2,0,37093,0
17158,0,1,0,37662,0
17159,0,2,0,49917,0
17160,0,1,0,653,0
17161,0,1,0,1075,0
17162,0,2,0,2125,0
17163,7,4,24718,71263,0
17164,0,1,0,878,0
17165,0,2,0,25319,0
17166,0,2,0,2966,0
17167,0,1,0,4,0
17168,0,1,0,29017,0
17169,0,1,0,44721,0
17170,0,8,0,401595,0
17171,4,9,5768,36789,0
17172,0,3,0,1675,0
17173,0,1,0,43,0
17174,0,1,0,982,0
17175,0,2,0,11066,0
17176,0,1,0,57,0
17177,0,1,0,388639,0
17178,0,1,0,182869,0
17179,0,1,0,240,0
17180,0,2,0,273306,0
17181,1,1,1825,11081,0
17182,0,1,0,92360,0
17183,0,4,0,14671,0
17184,1,0,12505,0,0
17185,0,2,0,139,0
17186,1,2,6318,3222,0
17187,0,3,0,2107,0
17188,0,2,0,40622,0
17189,0,2,0,810,0
17190,0,1,0,1870,0
17191,3,11,3785,149691,0
17192,3,0,45281,0,0
17193,1,0,494,0,0
17194,1,0,24106,0,0
17195,1,0,6660,0,0
17196,2,1,50696,4117,0
17197,0,1,0,6484,0
17198,0,2,0,6149,0
17199,0,5,0,33073,0
17200,0,5,0,22714,0
17201,1,1,57,9043,0
17202,0,2,0,366190,0
17203,0,2,0,44540,0
17204,0,1,0,94,0
17205,1,2,135824,6656,0
17206,0,2,0,2944,0
17207,0,2,0,28451,0
17208,0,2,0,4480,0
17209,0,1,0,8154,0
17210,0,3,0,2730,0
17211,1,1,7020,618,0
17212,0,1,0,42974,0
17213,0,2,0,232890,0
17214,0,1,0,13674,0
17215,0,1,0,464008,0
17216,0,1,0,120,0
17217,0,1,0,417,0
17218,0,1,0,36,0
17219,0,2,0,232392,0
17220,0,3,0,12955,0
17221,0,3,0,89328,0
17222,0,2,0,27016,0
17223,0,2,0,12862,0
17224,0,2,0,52877,0
17225,0,4,0,96739,0
17226,0,2,0,3674,0
17227,0,1,0,4166,0
17228,0,2,0,597891,0
17229,0,1,0,113037,0
17230,0,1,0,613,0
17231,0,1,0,1914,0
17232,0,2,0,6232,0
17233,2,14,390,118392,0
17234,1,1,19706,540,0
17235,0,3,0,972834,0
17236,0,1,0,13220,0
17237,0,3,0,17322,0
17238,0,2,0,14964,0
17239,0,1,0,573,0
17240,0,1,0,1978,0
17241,0,1,0,1269,0
17242,0,3,0,3764,0
17243,0,1,0,114,0
17244,0,3,0,139797,0
17245,0,1,0,65121,0
17246,0,1,0,12834,0
17247,0,4,0,31694,0
17248,0,2,0,1011,0
17249,0,2,0,7660,0
17250,3,3,44104,294054,0
17251,0,1,0,328,0
17252,0,2,0,6374,0
17253,0,3,0,62257,0
17254,0,1,0,26014,0
17255,3,7,5785,12067,0
17256,1,0,3977,0,0
17257,6,0,253291,0,0
17258,2,0,5352,0,0
17259,0,2,0,183722,0
17260,0,5,0,186946,0
17261,0,1,0,2059,0
17262,0,1,0,2478,0
17263,0,1,0,473265,0
17264,0,2,0,24792,0
17265,1,3,5,14609,0
17266,1,5,10724,20854,0
17267,1,1,30297,52,0
17268,0,1,0,131,0
17269,0,5,0,6656,0
17270,0,3,0,22507,0
17271,0,1,0,134554,0
17272,0,1,0,2024,0
17273,0,1,0,732,0
17274,0,1,0,14215,0
17275,0,1,0,343,0
17276,0,5,0,20559,0
17277,0,1,0,27252,0
17278,0,1,0,2572,0
17279,0,1,0,3437,0
17280,0,1,0,241,0
17281,0,2,0,51020,0
17282,16,13,133321,1076139,0
17283,0,8,0,209037,0
17284,0,3,0,9865,0
17285,0,1,0,118,0
17286,0,1,0,2141,0
17287,0,12,0,46808,0
17288,2,0,19411,0,0
17289,0,1,0,31,0
17290,5,19,2809,2413323,0
17291,3,0,661772,0,0
17292,1,0,12261,0,0
17293,1,0,32,0,0
17294,2,1,14889,9569,0
17295,1,1,12862,3902,0
17296,1,0,4694,0,0
17297,4,2,22220,106475,0
17298,4,0,127086,0,0
17299,1,0,855420,0,0
17300,1,0,390,0,0
17301,1,0,101688,0,0
17302,2,0,8902,0,0
17303,0,1,0,637,0
17304,0,9,0,23443,0
17305,2,2,4807,136,0
17306,0,2,0,1095,0
17307,0,1,0,692,0
17308,0,1,0,539,0
17309,0,1,0,112266,0
17310,0,1,0,2511,0
17311,0,3,0,21392,0
17312,5,1,69078,1157,0
17313,0,1,0,202,0
17314,0,1,0,43,0
17315,0,1,0,39,0
17316,0,1,0,2049,0
17317,0,1,0,129,0
17318,3,13,14567,45137,0
17319,0,2,0,6657,0
17320,0,2,0,4709,0
17321,1,1,507,10279,0
17322,2,0,27262,0,0
17323,2,1,837,1594,0
17324,2,0,100437,0,0
17325,0,3,0,9138,0
17326,1,1,39243,38179,0
17327,0,2,0,12343,0
17328,0,4,0,443581,0
17329,8,0,68681,0,0
17330,3,1,93462,56,0
17331,2,0,317647,0,0
17332,1,1,152794,23578,0
17333,1,1,635,36011,0
17334,1,0,130,0,0
17335,1,0,10095,0,0
17336,1,0,23,0,0
17337,1,0,100,0,0
17338,3,0,150479,0,0
17339,1,0,284,0,0
17340,1,0,2030,0,0
17341,1,0,4750,0,0
17342,1,0,1389,0,0
17343,1,0,2563,0,0
17344,2,0,657,0,0
17345,1,0,22690,0,0
17346,2,0,47690,0,0
17347,1,0,163,0,0
17348,6,0,177016,0,0
17349,0,1,0,36296,0
17350,0,1,0,4597,0
17351,0,1,0,472,0
17352,0,1,0,3012,0
17353,10,35,47617,1506489,0
17354,1,3,710,14817,0
17355,0,3,0,17302,0
17356,0,1,0,622,0
17357,0,1,0,276,0
17358,3,2,560,5112,0
17359,0,1,0,117914,0
17360,0,1,0,3991,0
17361,1,1,4736,6077,0
17362,0,1,0,68840,0
17363,0,3,0,310,0
17364,0,4,0,627050,0
17365,2,0,619481,0,0
17366,0,1,0,5237,0
17367,0,2,0,6114,0
17368,2,8,74150,54757,0
17369,0,1,0,1922,0
17370,0,1,0,19504,0
17371,0,1,0,74,0
17372,0,1,0,79797,0
17373,0,1,0,1464,0
17374,0,1,0,7,0
17375,0,1,0,313,0
17376,0,3,0,1267,0
17377,0,2,0,207,0
17378,0,3,0,4206,0
17379,3,1,28536,70774,0
17380,1,0,889,0,0
17381,1,0,3233,0,0
17382,1,1,585428,574,0
17383,1,0,8968,0,0
17384,1,0,602,0,0
17385,1,0,12363,0,0
17386,3,0,9080,0,0
17387,1,3,297,1132,0
17388,1,0,4540,0,0
17389,1,0,3651,0,0
17390,1,1,140,264,0
17391,0,4,0,11268,0
17392,2,0,5753,0,0
17393,1,0,2005,0,0
17394,1,0,874,0,0
17395,1,0,44,0,0
17396,1,0,43,0,0
17397,1,0,542,0,0
17398,2,0,12024,0,0
17399,1,1,3378,13,0
17400,2,1,33080,352,0
17401,1,0,1748,0,0
17402,1,0,44,0,0
17403,1,0,27,0,0
17404,1,0,1634,0,0
17405,1,0,225,0,0
17406,2,0,276297,0,0
17407,1,0,5,0,0
17408,1,0,9282,0,0
17409,1,0,756,0,0
17410,1,0,174,0,0
17411,0,2,0,738574,0
17412,18,10,387551,124151,0
17413,2,36,23834,202600,0
17414,2,0,46642,0,0
17415,1,0,2111,0,0
17416,1,0,7867,0,0
17417,1,0,800,0,0
17418,1,0,1815,0,0
17419,3,0,81041,0,0
17420,1,0,341,0,0
17421,1,0,4,0,0
17422,6,0,11775,0,0
17423,1,1,71,62,0
17424,1,0,1624,0,0
17425,1,0,4808,0,0
17426,1,0,5363,0,0
17427,1,0,2444,0,0
17428,1,0,340,0,0
17429,2,0,10450,0,0
17430,1,0,259,0,0
17431,1,0,3372,0,0
17432,1,0,240,0,0
17433,1,0,2167,0,0
17434,2,0,17733,0,0
17435,1,0,1065,0,0
17436,1,0,2550,0,0
17437,1,0,129,0,0
17438,1,1,11250,393,0
17439,1,0,659,0,0
17440,3,1,4725,3891,0
17441,5,0,5858,0,0
17442,1,0,60753,0,0
17443,12,1,90617,351,0
17444,1,0,5202,0,0
17445,1,0,1425,0,0
17446,2,0,10310,0,0
17447,0,2,0,24729,0
17448,1,8,2883,111381,0
17449,1,1,1613,2883,0
17450,1,0,1310,0,0
17451,1,0,455,0,0
17452,1,0,195,0,0
17453,1,0,14951,0,0
17454,1,0,89230,0,0
17455,0,2,0,625,0
17456,19,6,89710,23604,0
17457,0,1,0,2423,0
17458,0,1,0,16321,0
17459,0,1,0,91430,0
17460,0,1,0,21,0
17461,0,2,0,3752,0
17462,0,1,0,29975,0
17463,0,1,0,8395,0
17464,0,3,0,736,0
17465,0,2,0,2819,0
17466,0,5,0,19211,0
17467,2,0,5947,0,0
17468,1,0,1744,0,0
17469,1,0,9,0,0
17470,0,1,0,1486,0
17471,0,1,0,226,0
17472,0,1,0,652,0
17473,0,1,0,313,0
17474,5,6,49658,25426,0
17475,3,0,11023,0,0
17476,0,1,0,663,0
17477,0,2,0,50609,0
17478,3,1,45455,21143,0
17479,0,2,0,617,0
17480,0,1,0,163588,0
17481,0,1,0,733,0
17482,0,1,0,883,0
17483,0,1,0,258,0
17484,0,1,0,8301,0
17485,0,2,0,2005,0
17486,0,1,0,6632,0
17487,0,1,0,2768,0
17488,0,1,0,78,0
17489,0,1,0,8143,0
17490,0,1,0,285,0
17491,0,2,0,21953,0
17492,3,10,83072,189172,0
17493,0,2,0,3767,0
17494,0,2,0,2979447,0
17495,0,1,0,93,0
17496,0,1,0,990,0
17497,0,1,0,180,0
17498,0,1,0,1,0
17499,2,0,2905,0,0
17500,1,0,64,0,0
17501,4,1,301528,246,0
17502,3,0,11975,0,0
17503,0,2,0,152721,0
17504,0,1,0,2,0
17505,0,1,0,7307,0
17506,0,1,0,499,0
17507,0,1,0,60803,0
17508,0,1,0,2108,0
17509,0,1,0,7,0
17510,0,1,0,905,0
17511,0,2,0,6060,0
17512,1,2,5814,2966,0
17513,1,4,470,102044,0
17514,18,1,1059007,3592,0
17515,2,0,23573,0,0
17516,1,0,7318,0,0
17517,2,2,1365,13342,0
17518,1,1,4939,4434,0
17519,2,0,21919,0,0
17520,0,2,0,3010,0
17521,1,2,2512,144131,0
17522,0,2,0,1285,0
17523,2,8,26109,386371,0
17524,4,1,8560,12847,0
17525,4,2,88616,4727,0
17526,1,0,1516,0,0
17527,1,0,859,0,0
17528,1,0,464,0,0
17529,1,0,3854,0,0
17530,1,0,35,0,0
17531,0,2,0,9740,0
17532,0,2,0,1247,0
17533,1,2,670,1267,0
17534,2,1,2103,1436,0
17535,0,1,0,14312,0
17536,0,5,0,11197,0
17537,0,1,0,2934,0
17538,0,2,0,96839,0
17539,0,2,0,877,0
17540,0,2,0,274445,0
17541,0,1,0,2354,0
17542,0,1,0,11709,0
17543,2,3,30555,18553,0
17544,2,0,3532,0,0
17545,1,0,423,0,0
17546,1,0,114,0,0
17547,2,0,4185,0,0
17548,0,1,0,9125,0
17549,2,0,4505,0,0
17550,1,0,23567,0,0
17551,2,1,515599,12,0
17552,1,0,6384,0,0
17553,1,0,2530,0,0
17554,1,0,3582,0,0
17555,1,0,441,0,0
17556,1,0,3756,0,0
17557,1,0,12,0,0
17558,2,0,3042,0,0
17559,1,0,2573,0,0
17560,3,0,11329,0,0
17561,0,1,0,11067,0
17562,3,6,769597,247767,0
17563,1,0,243577,0,0
17564,1,0,1769,0,0
17565,1,0,220,0,0
17566,1,0,725,0,0
17567,1,4,602,42103,0
17568,2,2,32827,2805,0
17569,2,2,4446,1756954,0
17570,0,1,0,768,0
17571,0,1,0,2944,0
17572,1,1,12,2634,0
17573,0,1,0,257320,0
17574,0,2,0,3530,0
17575,2,2,8718,7174,0
17576,3,0,42182,0,0
17577,0,1,0,10201,0
17578,1,4,244,50139,0
17579,2,0,45121,0,0
17580,2,2,41795,14701,0
17581,1,4,846,3955,0
17582,1,1,571,846,0
17583,1,0,2608,0,0
17584,1,4,4643,8768,0
17585,1,0,138,0,0
17586,1,0,6178,0,0
17587,2,8,4401,102349,0
17588,3,0,5168,0,0
17589,1,0,94708,0,0
17590,1,0,10,0,0
17591,1,0,294,0,0
17592,1,0,259,0,0
17593,3,0,15589,0,0
17594,1,6,2618,149227,0
17595,2,9,59599,40172,0
17596,2,0,15678,0,0
17597,1,0,4915,0,0
17598,3,3,38126,85368,0
17599,3,0,228,0,0
17600,1,1,792,22469,0
17601,1,0,1021,0,0
17602,0,16,0,156882,0
17603,1,2,17379,925463,0
17604,1,0,41,0,0
17605,1,0,6309,0,0
17606,1,1,213,2135,0
17607,1,0,42914,0,0
17608,1,0,2722,0,0
17609,3,0,65873,0,0
17610,1,0,3177,0,0
17611,1,0,26,0,0
17612,1,0,453,0,0
17613,1,0,317,0,0
17614,1,0,3413,0,0
17615,4,1,16320,4432,0
17616,0,13,0,99042,0
17617,3,4,25268,6743,0
17618,1,0,393,0,0
17619,2,1,2809,765,0
17620,1,0,228,0,0
17621,1,0,13311,0,0
17622,1,0,155,0,0
17623,1,0,28477,0,0
17624,1,0,48164,0,0
17625,1,0,4,0,0
17626,3,5,466354,144995,0
17627,1,0,7484,0,0
17628,1,0,73055,0,0
17629,3,8,7778,14439,0
17630,3,1,64510,8816,0
17631,1,0,849,0,0
17632,1,0,835,0,0
17633,2,1,15832,4538,0
17634,1,0,4,0,0
17635,2,0,2365,0,0
17636,0,10,0,49085,0
17637,2,0,134,0,0
17638,2,0,24827,0,0
17639,1,0,24,0,0
17640,1,0,1232,0,0
17641,1,0,22259,0,0
17642,1,0,9337,0,0
17643,1,0,469,0,0
17644,2,4,371,8464,0
17645,0,3,0,452,0
17646,3,8,2026,71428,0
17647,3,7,8685,148399,0
17648,2,0,12161,0,0
17649,1,0,669,0,0
17650,0,1,0,18170,0
17651,0,2,0,390163,0
17652,0,1,0,114,0
17653,0,2,0,17564,0
17654,0,2,0,71572,0
17655,11,13,139792,548198,0
17656,1,0,11309,0,0
17657,1,0,13281,0,0
17658,1,0,578,0,0
17659,2,0,1403,0,0
17660,1,0,1661,0,0
17661,1,4,1620,38525,0
17662,2,0,496956,0,0
17663,1,0,19343,0,0
17664,0,1,0,46569,0
17665,0,1,0,31254,0
17666,0,1,0,66,0
17667,0,1,0,28062,0
17668,0,2,0,17268,0
17669,0,1,0,800,0
17670,0,2,0,25388,0
17671,0,3,0,113880,0
17672,0,1,0,31,0
17673,3,19,67341,193004,0
17674,1,1,1251,3619,0
17675,1,0,102,0,0
17676,1,0,4223,0,0
17677,1,0,47,0,0
17678,1,0,14493,0,0
17679,2,0,15089,0,0
17680,2,0,29759,0,0
17681,1,0,4962,0,0
17682,1,0,9893,0,0
17683,1,0,12935,0,0
17684,1,0,843,0,0
17685,1,0,1351,0,0
17686,1,0,2394,0,0
17687,1,0,917,0,0
17688,4,1,80370,560,0
17689,2,0,1590,0,0
17690,2,0,8202,0,0
17691,1,15,2213,161118,0
17692,21,0,929868,0,0
17693,1,0,6808,0,0
17694,1,3,1345,69957,0
17695,4,0,927017,0,0
17696,1,0,22,0,0
17697,1,0,872,0,0
17698,1,0,9488,0,0
17699,1,0,2538,0,0
17700,3,0,526,0,0
17701,1,0,131043,0,0
17702,1,0,460,0,0
17703,0,3,0,7147,0
17704,0,1,0,205286,0
17705,0,1,0,1337,0
17706,0,2,0,12439,0
17707,7,21,13860,130285,0
17708,0,2,0,5316,0
17709,0,1,0,243,0
17710,0,2,0,6148,0
17711,0,2,0,801,0
17712,0,4,0,26492,0
17713,0,1,0,207,0
17714,0,2,0,858,0
17715,0,2,0,23046,0
17716,0,2,0,10963,0
17717,0,1,0,1067,0
17718,0,1,0,1258,0
17719,0,1,0,1976,0
17720,0,1,0,5012,0
17721,0,1,0,396,0
17722,0,1,0,131859,0
17723,0,1,0,1417,0
17724,0,1,0,154,0
17725,0,1,0,1468,0
17726,1,3,17672,1108,0
17727,0,1,0,660,0
17728,0,1,0,1824,0
17729,4,1,244521,11183,1
17730,0,1,0,452,0
17731,0,2,0,11660,0
17732,0,2,0,22921,0
17733,0,2,0,103811,0
17734,0,1,0,11,0
17735,0,4,0,67772,0
17736,0,1,0,18441,0
17737,1,1,4013,8083,0
17738,0,2,0,25971,0
17739,0,1,0,5591,0
17740,0,3,0,40139,0
17741,0,2,0,10680,0
17742,0,1,0,1114,0
17743,0,2,0,31147,0
17744,0,1,0,33,0
17745,0,1,0,11370,0
17746,0,2,0,24261,0
17747,0,1,0,146,0
17748,0,1,0,88,0
17749,0,2,0,1738,0
17750,1,1,182236,734,0
17751,0,1,0,138,0
17752,0,1,0,315,0
17753,0,1,0,3950,0
17754,0,3,0,32721,0
17755,0,1,0,99,0
17756,0,1,0,311,0
17757,1,2,282,3267,0
17758,2,2,4287,20530,0
17759,0,1,0,140880,0
17760,0,1,0,15960,0
17761,0,2,0,2884,0
17762,1,4,292,22857,0
17763,0,2,0,5596,0
17764,0,1,0,2902,0
17765,0,1,0,90422,0
17766,0,2,0,3225,0
17767,2,1,1774,1192,0
17768,0,2,0,7421,0
17769,0,2,0,19961,0
17770,0,1,0,37,0
17771,0,2,0,19079,0
17772,1,1,4346,38268,0
17773,0,2,0,9049,0
17774,0,2,0,132799,0
17775,0,1,0,14534,0
17776,0,1,0,511,0
17777,0,2,0,66385,0
17778,0,4,0,83951,0
17779,0,1,0,89,0
17780,0,1,0,70,0
17781,0,2,0,67820,0
17782,0,1,0,590,0
17783,0,1,0,520,0
17784,0,1,0,2753,0
17785,0,3,0,161200,0
17786,0,1,0,153,0
17787,0,1,0,6472,0
17788,0,1,0,3970,0
17789,0,1,0,1481,0
17790,0,5,0,53730,0
17791,0,1,0,5692,0
17792,0,1,0,73404,0
17793,0,2,0,16957,0
17794,0,5,0,17940,0
17795,0,1,0,1364,0
17796,0,1,0,1195,0
17797,0,1,0,229,0
17798,0,1,0,788,0
17799,0,1,0,40548,0
17800,0,2,0,7839,0
17801,0,1,0,35,0
17802,0,1,0,35808,0
17803,0,2,0,190922,0
17804,0,1,0,4324,0
17805,0,1,0,23,0
17806,0,1,0,4261,0
17807,0,3,0,8310,0
17808,0,1,0,7990,0
17809,0,1,0,1151,0
17810,0,3,0,35411,0
17811,0,2,0,3783,0
17812,22,22,206547,1902293,0
17813,0,1,0,12463,0
17814,0,3,0,23818,0
17815,1,6,1029,19351,0
17816,1,5,824,5577,0
17817,0,2,0,39158,0
17818,0,1,0,1087,0
17819,0,1,0,41603,0
17820,0,1,0,2840,0
17821,0,1,0,1997,0
17822,0,2,0,47802,0
17823,0,18,0,439658,0
17824,0,1,0,5225,0
17825,0,1,0,544,0
17826,0,1,0,355,0
17827,0,1,0,15337,0
17828,0,2,0,740,0
17829,0,2,0,26406,0
17830,0,1,0,1804,0
17831,0,2,0,1657,0
17832,0,1,0,505,0
17833,0,1,0,87,0
17834,0,7,0,154474,0
17835,3,3,7718,14197,0
17836,0,1,0,25590,0
17837,0,3,0,6414,0
17838,0,3,0,1174294,0
17839,0,1,0,25539,0
17840,0,1,0,42676,0
17841,0,1,0,8436,0
17842,0,1,0,21,0
17843,0,4,0,13510,0
17844,0,4,0,12733,0
17845,0,2,0,810,0
17846,2,3,836,37056,0
17847,0,4,0,7841,0
17848,1,5,59,13671,0
17849,1,1,41470,53,0
17850,0,1,0,2674,0
17851,0,1,0,16349,0
17852,0,1,0,135,0
17853,0,1,0,3603,0
17854,0,1,0,351,0
17855,0,1,0,535,0
17856,0,1,0,2262,0
17857,0,1,0,16680,0
17858,0,1,0,24618,0
17859,0,1,0,9182,0
17860,0,1,0,9,0
17861,0,2,0,3185,0
17862,0,1,0,15382,0
17863,0,2,0,3854,0
17864,1,1,13953,4857,0
17865,0,2,0,3173,0
17866,0,1,0,27655,0
17867,0,1,0,97,0
17868,0,1,0,35468,0
17869,0,1,0,484,0
17870,0,3,0,38310,0
17871,0,1,0,3933,0
17872,0,1,0,7,0
17873,0,1,0,759,0
17874,1,2,44,858,0
17875,0,4,0,120999,0
17876,0,2,0,10268,0
17877,0,1,0,4259,0
17878,0,1,0,54359,0
17879,1,17,1002,178971,0
17880,2,0,1283,0,0
17881,1,0,732,0,0
17882,1,1,19078,154,0
17883,1,0,28500,0,0
17884,1,0,3238,0,0
17885,1,0,100990,0,0
17886,2,0,4388,0,0
17887,1,0,365,0,0
17888,1,0,4703,0,0
17889,0,1,0,11,0
17890,0,1,0,189788,0
17891,1,1,1011,16014,0
17892,1,6,2721,68269,0
17893,1,5,3459,86885,1
17894,1,0,30719,0,0
17895,0,2,0,294967,0
17896,0,2,0,114392,0
17897,0,2,0,1784,0
17898,1,2,21930,20457,0
17899,0,23,0,376588,0
17900,0,1,0,1228,0
17901,1,2,910,848,0
17902,0,1,0,415,0
17903,0,2,0,4289,0
17904,0,1,0,340,0
17905,0,1,0,10912,0
17906,0,1,0,244,0
17907,0,1,0,60,0
17908,0,2,0,131278,0
17909,0,3,0,2188,0
17910,0,1,0,6886,0
17911,0,2,0,23803,0
17912,0,2,0,13211,0
17913,0,1,0,1268,0
17914,0,1,0,46833,0
17915,0,2,0,385,0
17916,0,2,0,5883,0
17917,0,1,0,5121,0
17918,0,2,0,712,0
17919,0,2,0,3764,0
17920,0,2,0,29762,0
17921,0,1,0,528,0
17922,3,1,34047,1184,0
17923,0,1,0,3319,0
17924,0,1,0,9637,0
17925,0,1,0,7077,0
17926,0,1,0,204,0
17927,0,3,0,3600,0
17928,0,3,0,4615,0
17929,0,1,0,17321,0
17930,0,1,0,2545,0
17931,0,1,0,2994,0
17932,0,1,0,13885,0
17933,0,1,0,13126,0
17934,0,1,0,1559,0
17935,0,1,0,3692,0
17936,0,1,0,50,0
17937,0,3,0,12566,0
17938,0,1,0,604,0
17939,0,1,0,6861,0
17940,0,1,0,960,0
17941,0,1,0,11196,0
17942,0,1,0,533,0
17943,0,1,0,1380,0
17944,0,1,0,131,0
17945,0,1,0,2086,0
17946,0,1,0,689,0
17947,0,3,0,20493,0
17948,0,1,0,120,0
17949,0,4,0,16270,0
17950,4,4,17663,6311,0
17951,0,1,0,254,0
17952,0,1,0,24,0
17953,0,1,0,18285,0
17954,0,2,0,10567,0
17955,0,3,0,5314,0
17956,0,1,0,22,0
17957,0,1,0,9752,0
17958,0,1,0,496,0
17959,0,1,0,11,0
17960,0,2,0,3165,0
17961,0,2,0,8231,0
17962,0,1,0,8796,0
17963,0,1,0,1207,0
17964,0,1,0,33168,0
17965,0,2,0,2273,0
17966,1,4,65442,30981,0
17967,0,4,0,104640,0
17968,0,1,0,152,0
17969,0,1,0,1780,0
17970,0,2,0,7099,0
17971,0,1,0,8463,0
17972,0,1,0,1222,0
17973,0,1,0,18695,0
17974,0,2,0,787,0
17975,0,1,0,25143,0
17976,0,3,0,13723,0
17977,0,5,0,9594,0
17978,14,7,1229844,36901,0
17979,0,1,0,441,0
17980,0,1,0,511,0
17981,0,1,0,1098,0
17982,0,1,0,51386,0
17983,0,1,0,49,0
17984,0,1,0,690,0
17985,4,3,16623,31803,0
17986,0,1,0,246,0
17987,0,1,0,40648,0
17988,0,1,0,1390,0
17989,0,1,0,136,0
17990,1,1,43802,7561,0
17991,0,2,0,107093,0
17992,0,1,0,46096,0
17993,0,1,0,1329,0
17994,0,1,0,194,0
17995,0,1,0,2959,0
17996,1,1,385039,4471,0
17997,0,1,0,3002,0
17998,0,4,0,1349,0
17999,1,0,458,0,0
18000,0,3,0,31171,0
18001,0,2,0,152100,0
18002,0,1,0,5921,0
18003,0,1,0,128,0
18004,0,1,0,8939,0
18005,0,1,0,5091,0
18006,0,1,0,840,0
18007,0,1,0,472,0
18008,0,1,0,745,0
18009,0,1,0,11518,0
18010,11,0,206745,0,0
18011,0,1,0,360,0
18012,0,1,0,1363,0
18013,0,1,0,2208,0
18014,0,5,0,19267,0
18015,5,3,11357,21889,0
18016,0,1,0,212539,0
18017,1,1,370,2744,0
18018,0,1,0,1409,0
18019,0,2,0,7428,0
18020,0,1,0,35084,0
18021,0,1,0,4512,0
18022,0,1,0,18548,0
18023,1,2,1830,5290,0
18024,0,1,0,6321,0
18025,0,2,0,4493,0
18026,0,2,0,1232,0
18027,0,1,0,119149,0
18028,0,1,0,19285,0
18029,0,1,0,1992,0
18030,0,4,0,67241,0
18031,0,2,0,12178,0
18032,0,4,0,6870,0
18033,0,1,0,280,0
18034,1,1,3602692,315,0
18035,0,1,0,493,0
18036,0,2,0,16874,0
18037,0,1,0,2919,0
18038,0,1,0,38,0
18039,0,1,0,274,0
18040,2,18,5064,286746,0
18041,0,3,0,43142,0
18042,0,2,0,1940,0
18043,0,1,0,1673,0
18044,1,0,22,0,0
18045,3,0,12478,0,0
18046,1,0,44699,0,0
18047,1,0,478,0,0
18048,2,0,2028,0,0
18049,1,1,1658,11436,0
18050,1,0,3479,0,0
18051,1,0,4645,0,0
18052,3,0,19084,0,0
18053,1,0,127,0,0
18054,2,0,16570,0,0
18055,1,0,5073,0,0
18056,1,0,918,0,0
18057,1,0,55787,0,0
18058,0,1,0,104189,0
18059,0,1,0,318225,0
18060,0,2,0,22199,0
18061,0,2,0,35331,0
18062,0,2,0,5645,0
18063,0,6,0,123787,0
18064,4,0,89201,0,0
18065,0,1,0,4446,0
18066,0,1,0,2008,0
18067,0,2,0,59110,0
18068,0,7,0,378093,0
18069,0,7,0,393947,0
18070,0,6,0,18269,0
18071,2,1,15511,10285,0
18072,0,2,0,23015,0
18073,0,3,0,11030,0
18074,0,1,0,1812,0
18075,0,4,0,5216,0
18076,0,1,0,688,0
18077,0,1,0,29240,0
18078,0,1,0,3469,0
18079,0,1,0,674,0
18080,0,1,0,1995236,0
18081,0,1,0,124030,0
18082,0,1,0,386,0
18083,0,1,0,4390,0
18084,0,1,0,798,0
18085,0,1,0,27,0
18086,0,2,0,9622,0
18087,0,1,0,41674,0
18088,1,0,6773,0,0
18089,1,0,3332,0,0
18090,1,0,13,0,0
18091,0,1,0,27716,0
18092,0,2,0,38008,0
18093,0,2,0,97827,0
18094,0,1,0,225,0
18095,0,2,0,13380,0
18096,0,1,0,45051,0
18097,0,3,0,51191,0
18098,1,2,1282,16183,0
18099,0,1,0,42880,0
18100,0,2,0,2490,0
18101,0,2,0,191498,0
18102,0,1,0,6117,0
18103,0,9,0,44242,0
18104,0,9,0,43234,0
18105,5,1,30617,7988,0
18106,0,4,0,35088,0
18107,0,3,0,49252,0
18108,0,2,0,819508,0
18109,0,1,0,19283,0
18110,0,1,0,52,0
18111,0,1,0,2716,0
18112,1,1,16278,15267,0
18113,0,4,0,168495,0
18114,0,1,0,585,0
18115,0,1,0,647,0
18116,0,2,0,6168,0
18117,0,2,0,291366,0
18118,0,1,0,49198,0
18119,0,2,0,96105,0
18120,0,2,0,149,0
18121,0,1,0,2786,0
18122,1,3,24597,5436,0
18123,1,0,5,0,0
18124,0,1,0,554,0
18125,1,4,5550,88019,0
18126,1,0,58882,0,0
18127,0,35,0,1039038,0
18128,1,1,402,23180,0
18129,4,0,133511,0,0
18130,1,0,5787,0,0
18131,1,0,9046,0,0
18132,1,0,5544,0,0
18133,1,0,5524,0,0
18134,2,0,7543,0,0
18135,1,1,2233,2233,0
18136,1,0,18337,0,0
18137,1,0,1792,0,0
18138,1,0,511484,0,0
18139,1,0,1486,0,0
18140,1,0,11406,0,0
18141,1,0,37759,0,0
18142,1,0,1758,0,0
18143,2,0,7997,0,0
18144,1,0,68,0,0
18145,1,0,784,0,0
18146,1,0,2055,0,0
18147,3,0,48724,0,0
18148,1,0,1741,0,0
18149,2,1,58566,20451,0
18150,1,0,3969,0,0
18151,1,0,221268,0,0
18152,0,4,0,46314,0
18153,1,2,2358,57416,0
18154,1,1,1760,1234,0
18155,1,0,3596,0,0
18156,0,3,0,33680,0
18157,1,0,7,0,0
18158,0,5,0,7884,0
18159,3,0,19730,0,0
18160,1,0,62,0,0
18161,6,1,22754,12918,0
18162,1,0,4264,0,0
18163,1,8,3772,33862,0
18164,1,1,2205,14739,0
18165,3,0,35164,0,0
18166,1,0,41,0,0
18167,2,0,190339,0,0
18168,0,6,0,32482,0
18169,2,0,18974,0,0
18170,0,9,0,334028,0
18171,1,0,165036,0,0
18172,1,0,4876,0,0
18173,1,0,279,0,0
18174,1,0,3080,0,0
18175,2,5,2733,18240,0
18176,1,0,111,0,0
18177,5,0,20921,0,0
18178,0,3,0,121988,0
18179,1,0,119808,0,0
18180,0,1,0,252,0
18181,0,9,0,28095,0
18182,1,0,99,0,0
18183,1,0,533,0,0
18184,1,0,228,0,0
18185,4,0,36479,0,0
18186,1,0,146,0,0
18187,23,12,830250,261660,0
18188,1,0,19,0,0
18189,1,0,1475,0,0
18190,1,0,147,0,0
18191,1,0,40738,0,0
18192,1,0,97681,0,0
18193,1,0,416,0,0
18194,1,0,1760,0,0
18195,0,1,0,55,0
18196,0,1,0,30,0
18197,11,13,1101677,838119,0
18198,1,0,41,0,0
18199,1,4,110009,16340,0
18200,1,0,630769,0,0
18201,1,0,25,0,0
18202,1,0,180,0,0
18203,1,0,36079,0,0
18204,1,0,2112,0,0
18205,1,0,897,0,0
18206,2,6,4128,247016,0
18207,7,4,543779,6297,0
18208,7,2,273823,13613,0
18209,1,2,67720,3457,0
18210,1,5,29550,533283,0
18211,2,0,94616,0,0
18212,0,4,0,12441877,0
18213,0,1,0,4432,0
18214,2,0,46552,0,0
18215,1,0,13309,0,0
18216,1,0,11913,0,0
18217,1,0,2551,0,0
18218,1,0,27,0,0
18219,1,0,1776,0,0
18220,1,0,418,0,0
18221,6,0,36809,0,0
18222,1,0,1090,0,0
18223,1,0,3306,0,0
18224,16,0,217963,0,0
18225,2,9,4171,63804,0
18226,1,1,607,3224,0
18227,1,0,33108,0,0
18228,1,0,898,0,0
18229,0,1,0,1607,0
18230,1,6,501,1878264,0
18231,2,0,1811672,0,0
18232,4,0,111138,0,0
18233,2,0,655,0,0
18234,1,5,20290,43320,0
18235,1,0,2996,0,0
18236,1,0,1260,0,0
18237,4,6,40974,211215,0
18238,43,13,931150,134186,0
18239,1,0,120442,0,0
18240,1,0,259,0,0
18241,1,12,1444,87684,0
18242,1,2,364,600,0
18243,1,0,16092,0,0
18244,1,0,29149,0,0
18245,2,0,45,0,0
18246,1,0,14766,0,0
18247,1,12,1288402,261629,0
18248,1,0,407,0,0
18249,1,0,162330,0,0
18250,2,0,17640,0,0
18251,1,1,10145,1288402,0
18252,1,0,1510,0,0
18253,1,0,10014,0,0
18254,3,0,35889,0,0
18255,0,3,0,18741,0
18256,1,2,16355,1409,0
18257,0,11,0,150880,0
18258,1,0,81169,0,0
18259,1,0,3136,0,0
18260,1,0,1180,0,0
18261,1,0,16946,0,0
18262,2,1,26883,3914,0
18263,0,1,0,453,0
18264,0,2,0,1380,0
18265,0,4,0,29904,0
18266,2,0,12810,0,0
18267,1,0,18986,0,0
18268,0,7,0,23911,0
18269,1,0,20249,0,0
18270,1,0,3,0,0
18271,0,2,0,11455,0
18272,9,15,67604,99449,0
18273,3,0,81713,0,0
18274,1,0,928,0,0
18275,1,0,8736,0,0
18276,3,1,4345,359,0
18277,1,0,56,0,0
18278,2,0,12832,0,0
18279,1,2,1903,47163,0
18280,1,0,9112,0,0
18281,1,0,25483,0,0
18282,2,0,15697,0,0
18283,1,0,17668,0,0
18284,2,0,1090,0,0
18285,3,0,116679,0,0
18286,1,0,1895,0,0
18287,1,0,1621,0,0
18288,1,0,13746,0,0
18289,1,0,6297,0,0
18290,2,0,678,0,0
18291,3,1,4785,2608,0
18292,0,5,0,17710,0
18293,1,1,686,654,0
18294,1,0,16487,0,0
18295,1,0,14221,0,0
18296,1,0,125,0,0
18297,1,1,3026,6080,0
18298,3,0,41208,0,0
18299,1,0,1800,0,0
18300,1,4,871,18393,0
18301,8,1,41251,21016,0
18302,6,13,147731,73944,0
18303,2,0,25601,0,0
18304,1,0,11684,0,0
18305,1,0,347,0,0
18306,0,8,0,51621,0
18307,2,0,82136,0,0
18308,1,0,3040,0,0
18309,1,0,590,0,0
18310,1,0,6743,0,0
18311,2,0,231,0,0
18312,4,2,25565,808,0
18313,2,0,17443,0,0
18314,2,0,3147,0,0
18315,1,0,3948,0,0
18316,1,0,2848,0,0
18317,1,0,29300,0,0
18318,1,1,3425,15632,0
18319,6,18,23593,322245,0
18320,3,0,40613,0,0
18321,1,0,6008,0,0
18322,2,0,12822,0,0
18323,1,0,49431,0,0
18324,1,0,28,0,0
18325,1,0,496,0,0
18326,1,0,43,0,0
18327,3,0,13433,0,0
18328,1,0,375,0,0
18329,1,0,10858,0,0
18330,1,0,15242,0,0
18331,1,0,116,0,0
18332,2,0,19243,0,0
18333,1,4,408,47335,0
18334,0,1,0,5550,0
18335,1,0,12,0,0
18336,6,0,56780,0,0
18337,1,0,2378,0,0
18338,1,0,471,0,0
18339,2,1,356,92,0
18340,1,1,993,46,0
18341,1,0,2223,0,0
18342,1,0,3105,0,0
18343,4,1,10786,555,0
18344,1,0,51,0,0
18345,1,0,5194,0,0
18346,1,0,13466,0,0
18347,1,0,30820,0,0
18348,3,0,11375,0,0
18349,10,4,44228,10139,0
18350,3,7,83970,81135,0
18351,1,23,560,162998,0
18352,6,9,22930,42038,0
18353,3,13,108042,39750,0
18354,0,2,0,26483,0
18355,0,9,0,40061,0
18356,2,0,10024,0,0
18357,4,2,43501,5043,0
18358,1,0,44,0,0
18359,1,0,25732,0,0
18360,1,7,13828,277429,0
18361,2,0,7224,0,0
18362,2,0,46244,0,0
18363,1,0,34,0,0
18364,2,0,794,0,0
18365,1,1,2522,13828,0
18366,4,0,524796,0,0
18367,2,0,6975,0,0
18368,0,1,0,387,0
18369,0,1,0,26,0
18370,0,3,0,4653,0
18371,2,0,10167,0,0
18372,1,2,93,3964,0
18373,0,1,0,534,0
18374,0,1,0,334,0
18375,0,1,0,153,0
18376,0,1,0,98,0
18377,1,2,834,9792,0
18378,5,3,341454,10567,0
18379,0,1,0,460,0
18380,0,1,0,1953,0
18381,0,1,0,929,0
18382,0,1,0,6487,0
18383,0,1,0,28641,0
18384,0,1,0,8,0
18385,0,1,0,26294,0
18386,0,1,0,238586,0
18387,0,1,0,470,0
18388,0,1,0,1581,0
18389,0,1,0,96,0
18390,0,1,0,2,0
18391,0,1,0,488,0
18392,0,1,0,556,0
18393,0,1,0,65,0
18394,0,1,0,33099,0
18395,0,1,0,1235,0
18396,0,1,0,190419,0
18397,0,1,0,455,0
18398,0,1,0,1154,0
18399,0,1,0,95,0
18400,0,1,0,1377,0
18401,0,1,0,707,0
18402,0,1,0,47,0
18403,0,4,0,22137,0
18404,2,3,7825,17159,0
18405,3,0,15039,0,0
18406,10,0,114914,0,0
18407,0,1,0,2055,0
18408,0,17,0,206300,0
18409,1,0,4855,0,0
18410,1,0,14206,0,0
18411,2,1,661,6855,0
18412,1,1,14,136,0
18413,2,3,284,1412467,0
18414,1,1,628,8830,0
18415,1,0,2727,0,0
18416,2,3,166252,4696,0
18417,2,3,29427,1788,0
18418,1,1,4758,1942,0
18419,2,0,333,0,0
18420,1,0,237,0,0
18421,1,2,6040,52052,0
18422,3,1,14159,47416,0
18423,0,1,0,934,0
18424,0,1,0,773,0
18425,0,1,0,956,0
18426,1,8,17,20049,0
18427,2,0,1449,0,0
18428,1,0,17,0,0
18429,2,0,4137,0,0
18430,1,4,131,4027,0
18431,2,7,37791,58969,0
18432,1,2,312334,313458,0
18433,0,4,0,204346,0
18434,1,0,89,0,0
18435,0,1,0,1181,0
18436,1,2,665,3321,0
18437,1,1,1207,25796,0
18438,4,3,14944,5811,0
18439,1,1,56940,515,0
18440,0,1,0,12503,0
18441,0,1,0,3255,0
18442,0,1,0,23588,0
18443,0,1,0,1787,0
18444,0,1,0,68,0
18445,0,12,0,178672,0
18446,2,2,41808,32136,0
18447,4,1,10354,97822,0
18448,1,1,85379,1522,0
18449,2,0,156,0,0
18450,3,0,714526,0,0
18451,1,0,72,0,0
18452,2,0,12350,0,0
18453,0,5,0,2691,0
18454,2,0,1662,0,0
18455,1,0,2249,0,0
18456,1,0,157,0,0
18457,2,0,228,0,0
18458,0,1,0,98930,0
18459,0,1,0,151,0
18460,0,1,0,141,0
18461,0,1,0,1726,0
18462,0,2,0,1522,0
18463,4,1,1231,5,0
18464,1,1,169,3706,0
18465,0,1,0,3410,0
18466,0,1,0,377,0
18467,0,1,0,2,0
18468,0,1,0,93,0
18469,0,3,0,15595,0
18470,3,1,217331,117,0
18471,3,3,5939,68104,0
18472,0,1,0,5805,0
18473,0,1,0,27844,0
18474,1,2,10683,1395,0
18475,3,1,1369,2694,0
18476,0,1,0,218,0
18477,0,1,0,63,0
18478,0,1,0,2195,0
18479,0,1,0,1077,0
18480,0,1,0,17325,0
18481,0,1,0,22360,0
18482,0,1,0,40,0
18483,0,1,0,2057,0
18484,0,1,0,2206,0
18485,0,1,0,1797,0
18486,0,1,0,14574,0
18487,1,1,1236,23284,0
18488,0,1,0,2621,0
18489,0,1,0,6469,0
18490,0,1,0,1378,0
18491,0,2,0,38,0
18492,2,2,239,11909,0
18493,0,4,0,680787,0
18494,5,1,209312,18,0
18495,1,2,116973,30066,0
18496,3,2,21999,117029,0
18497,1,2,56,2800,0
18498,0,2,0,20684,0
18499,4,3,105531,53616,0
18500,0,1,0,1108,0
18501,0,1,0,295,0
18502,2,1,7424,1729,0
18503,1,1,995,181947,0
18504,4,4,4188,4737,0
18505,1,8,2498,289108,0
18506,2,8,35966,129948,0
18507,1,3,266,153327,0
18508,1,1,534,11923,0
18509,2,2,6882,8483,0
18510,0,1,0,343,0
18511,0,1,0,189644,0
18512,0,1,0,6,0
18513,0,5,0,30337,0
18514,1,1,15810,1592,0
18515,1,0,402,0,0
18516,1,0,7319,0,0
18517,1,1,1588,4061,0
18518,0,13,0,43788,0
18519,3,4,1965,89055,0
18520,1,1,743,2866,0
18521,1,0,837,0,0
18522,1,0,22811,0,0
18523,1,0,9706,0,0
18524,2,1,68,9938,0
18525,1,0,459,0,0
18526,1,0,726,0,0
18527,1,0,384,0,0
18528,2,2,2002,4169,0
18529,2,6,30376,73581,0
18530,0,1,0,2369,0
18531,0,1,0,371,0
18532,6,0,200184,0,0
18533,1,1,7231,2348,0
18534,1,0,21434,0,0
18535,0,1,0,474,0
18536,0,1,0,763,0
18537,0,1,0,6834,0
18538,0,1,0,49174,0
18539,0,1,0,588,0
18540,0,1,0,3991,0
18541,0,1,0,4200,0
18542,0,1,0,86,0
18543,0,1,0,52,0
18544,0,1,0,136125,0
18545,0,1,0,46,0
18546,0,1,0,6848,0
18547,0,1,0,83,0
18548,0,1,0,570,0
18549,0,1,0,632,0
18550,0,1,0,81,0
18551,0,1,0,27420,0
18552,0,1,0,12166,0
18553,0,1,0,18414,0
18554,0,1,0,524,0
18555,0,1,0,2096,0
18556,0,1,0,7881,0
18557,0,1,0,1594,0
18558,0,1,0,5002,0
18559,0,1,0,315,0
18560,0,1,0,7768,0
18561,0,1,0,53,0
18562,0,1,0,609,0
18563,0,3,0,21098,0
18564,25,3,547375,683453,0
18565,2,2,1874,10889,0
18566,0,1,0,376,0
18567,0,1,0,11941,0
18568,0,1,0,5138,0
18569,0,4,0,93573,0
18570,1,0,88828,0,0
18571,1,0,4199,0,0
18572,1,0,153,0,0
18573,0,2,0,23452,0
18574,3,0,9573,0,0
18575,0,1,0,985,0
18576,0,1,0,992,0
18577,0,1,0,11007,0
18578,0,1,0,552,0
18579,0,1,0,46657,0
18580,0,1,0,91747,0
18581,0,1,0,11338,0
18582,0,1,0,1103,0
18583,0,1,0,1112,0
18584,0,1,0,80499,0
18585,0,1,0,1238,0
18586,0,1,0,10264,0
18587,0,1,0,6394,0
18588,0,1,0,1195,0
18589,0,2,0,97086,0
18590,4,0,77949,0,0
18591,0,1,0,2169,0
18592,0,3,0,60972,0
18593,0,1,0,5180,0
18594,0,1,0,155053,0
18595,0,1,0,543,0
18596,0,1,0,174,0
18597,0,1,0,8022,0
18598,0,1,0,2646,0
18599,0,1,0,43604,0
18600,0,1,0,748,0
18601,0,1,0,7576,0
18602,0,1,0,103,0
18603,0,1,0,1862,0
18604,0,1,0,11389,0
18605,0,4,0,11026,0
18606,2,1,2994,22335,0
18607,1,0,1968,0,0
18608,1,1,8583,69,0
18609,0,1,0,275,0
18610,0,1,0,34,0
18611,12,1,350718,6889,0
18612,0,1,0,101,0
18613,0,1,0,2244,0
18614,0,3,0,128348,0
18615,1,0,126812,0,0
18616,4,0,9588,0,0
18617,0,2,0,5895,0
18618,2,1,5861,48,0
18619,0,2,0,578,0
18620,1,1,326,2942,0
18621,0,1,0,1654,0
18622,0,1,0,10802,0
18623,0,1,0,1499,0
18624,0,2,0,64644,0
18625,0,65,0,2686494,0
18626,8,1,36790,14745,0
18627,2,1,245,112,0
18628,1,4,7472,37427,0
18629,3,3,367043,298197,0
18630,2,0,112936,0,0
18631,3,6,217965,35350,0
18632,3,9,69622,143690,0
18633,2,1,2884,3324,0
18634,4,4,67669,4611,0
18635,1,0,13852,0,0
18636,2,1,638887,8889,0
18637,1,1,73,1760,0
18638,10,10,292368,67256,0
18639,2,2,71054,581,0
18640,2,0,169954,0,0
18641,1,1,72,1307,0
18642,2,0,77853,0,0
18643,1,2,1982,17149,0
18644,6,5,32372,126220,0
18645,1,1,207321,36,0
18646,2,1,1363,1399,0
18647,2,2,665,31304,0
18648,1,0,1078,0,0
18649,4,6,440184,13890,0
18650,1,3,711,4706,0
18651,3,2,4830,5685,0
18652,4,2,307121,3256,0
18653,6,10,28299,544803,0
18654,1,1,50,2985,0
18655,1,0,545,0,0
18656,1,0,407,0,0
18657,4,0,100197,0,0
18658,1,0,56419,0,0
18659,5,0,273789,0,0
18660,2,3,747,7108,0
18661,2,2,3328,1264,0
18662,2,2,15611,9723,0
18663,1,0,434,0,0
18664,4,1,1749,6236,0
18665,1,0,630,0,0
18666,2,6,979894,16959,0
18667,2,1,18132,73,0
18668,5,1,52459,1050,0
18669,1,1,106,93,0
18670,3,0,2675,0,0
18671,2,2,9721,731,0
18672,1,1,1872,154,0
18673,3,0,12190,0,0
18674,1,0,12937,0,0
18675,1,2,434,25216,0
18676,1,1,276,504,0
18677,0,1,0,556,0
18678,0,1,0,3540,0
18679,0,1,0,638,0
18680,0,1,0,422,0
18681,0,1,0,5490,0
18682,0,1,0,45287,0
18683,0,1,0,1451,0
18684,0,1,0,337,0
18685,0,1,0,6853,0
18686,0,1,0,442,0
18687,0,1,0,2035,0
18688,0,1,0,884,0
18689,0,1,0,63,0
18690,0,1,0,18659,0
18691,0,1,0,4918,0
18692,0,1,0,22387,0
18693,1,1,266,4544,0
18694,3,1,36746,1620,0
18695,0,1,0,11,0
18696,0,1,0,303,0
18697,0,1,0,1429,0
18698,0,1,0,1400,0
18699,0,1,0,8149,0
18700,0,1,0,234,0
18701,0,1,0,693117,0
18702,0,1,0,4124,0
18703,2,3,16,44296,0
18704,0,2,0,88301,0
18705,0,2,0,25286,0
18706,0,1,0,5934,0
18707,0,18,0,194528,0
18708,1,0,3790,0,0
18709,1,0,14631,0,0
18710,1,0,5180,0,0
18711,1,0,5024,0,0
18712,1,0,60,0,0
18713,1,0,11183,0,0
18714,1,0,28,0,0
18715,1,0,12,0,0
18716,1,0,4552,0,0
18717,1,0,15560,0,0
18718,1,0,4154,0,0
18719,1,0,1345,0,0
18720,1,0,10316,0,0
18721,1,0,5948,0,0
18722,1,0,110542,0,0
18723,1,0,887,0,0
18724,0,1,0,343,0
18725,0,1,0,688,0
18726,0,1,0,35,0
18727,0,1,0,178,0
18728,0,1,0,3799,0
18729,0,1,0,561,0
18730,0,1,0,12611,0
18731,0,1,0,6,0
18732,0,1,0,355,0
18733,0,1,0,696,0
18734,0,1,0,39,0
18735,0,1,0,7539,0
18736,0,1,0,3419,0
18737,0,1,0,99432,0
18738,0,1,0,418,0
18739,0,1,0,2519,0
18740,0,1,0,120,0
18741,0,1,0,10961,0
18742,0,1,0,242,0
18743,0,1,0,109177,0
18744,0,1,0,2722,0
18745,2,0,439,0,0
18746,0,3,0,3249,0
18747,1,0,3178,0,0
18748,1,0,40,0,0
18749,0,1,0,90,0
18750,0,1,0,76,0
18751,0,1,0,463,0
18752,0,1,0,19,0
18753,0,1,0,3048,0
18754,0,1,0,416,0
18755,0,1,0,24918,0
18756,0,1,0,1132,0
18757,0,1,0,1061,0
18758,0,1,0,44572,0
18759,0,1,0,1228,0
18760,0,1,0,11108,0
18761,0,1,0,37,0
18762,0,1,0,1235940,0
18763,0,1,0,16190,0
18764,0,2,0,27288,0
18765,0,1,0,1135,0
18766,0,1,0,40720,0
18767,0,1,0,167,0
18768,1,1,146,700,0
18769,0,1,0,433,0
18770,0,1,0,24,0
18771,0,1,0,3206,0
18772,0,1,0,48,0
18773,0,1,0,648,0
18774,0,1,0,2436,0
18775,0,1,0,18833,0
18776,0,1,0,170,0
18777,0,1,0,8,0
18778,1,1,21193,5977,0
18779,0,1,0,582,0
18780,0,1,0,127,0
18781,0,1,0,1778,0
18782,0,1,0,155,0
18783,0,1,0,780,0
18784,0,1,0,76111,0
18785,0,1,0,4298,0
18786,0,1,0,8003,0
18787,0,1,0,96,0
18788,0,1,0,392,0
18789,0,1,0,12648,0
18790,0,1,0,306,0
18791,0,1,0,649,0
18792,0,1,0,9874,0
18793,0,1,0,377,0
18794,0,1,0,399,0
18795,0,1,0,5806,0
18796,0,1,0,1831,0
18797,0,1,0,244,0
18798,0,1,0,14531,0
18799,0,1,0,7216,0
18800,0,1,0,137364,0
18801,0,1,0,8298,0
18802,0,1,0,6237,0
18803,1,1,4615,19,0
18804,0,1,0,6912,0
18805,0,1,0,43157,0
18806,0,1,0,6611,0
18807,0,1,0,17978,0
18808,0,1,0,1417,0
18809,0,1,0,1786,0
18810,1,1,32627,6433,0
18811,0,1,0,684,0
18812,0,1,0,291158,0
18813,0,1,0,739918,0
18814,0,1,0,2722,0
18815,0,1,0,2867,0
18816,0,1,0,263,0
18817,0,1,0,78884,0
18818,0,2,0,2252,0
18819,2,5,617,26307,0
18820,1,0,917,0,0
18821,1,0,17452,0,0
18822,1,0,4550,0,0
18823,7,44,76357,636369,0
18824,1,0,189,0,0
18825,1,1,1177,16847,0
18826,3,1,228470,24,0
18827,3,8,69524,144640,0
18828,3,6,19399,50707,0
18829,1,1,138,184,0
18830,1,1,1914,384,0
18831,4,4,27738,5025,0
18832,2,1,2005,1243,0
18833,1,2,3028,2151,0
18834,2,5,14561,3392,0
18835,2,4,4082,56985,0
18836,2,0,22535,0,0
18837,2,7,5456,14137,0
18838,4,5,71865,170299,0
18839,3,12,47981,3179736,0
18840,2,0,38066,0,0
18841,7,4,271848,42138,0
18842,1,4,92,65729,0
18843,2,2,59178,2441,0
18844,1,1,230,29690,0
18845,1,1,299,465,0
18846,3,4,213303,41952,0
18847,6,10,220326,57907,0
18848,17,8,93002,165361,0
18849,1,0,2503,0,0
18850,1,0,481,0,0
18851,2,5,3362,3773,0
18852,1,5,117,13413,0
18853,1,0,4055,0,0
18854,0,1,0,63090,0
18855,0,1,0,2872,0
18856,0,2,0,168,0
18857,0,2,0,1802,0
18858,0,1,0,79259,0
18859,0,1,0,331,0
18860,0,1,0,844,0
18861,0,1,0,115,0
18862,0,1,0,37779,0
18863,0,1,0,1765,0
18864,0,1,0,21498,0
18865,0,1,0,11776,0
18866,0,1,0,621,0
18867,0,2,0,23221,0
18868,0,1,0,618,0
18869,7,6,27621,336296,0
18870,0,1,0,348,0
18871,0,1,0,9233,0
18872,0,1,0,933,0
18873,2,0,5236,0,0
18874,2,0,202,0,0
18875,1,1,310,37,0
18876,1,0,786,0,0
18877,1,0,248,0,0
18878,0,1,0,377,0
18879,1,1,2142,86903,0
18880,1,0,1394,0,0
18881,1,0,1144,0,0
18882,0,2,0,4491,0
18883,0,1,0,49,0
18884,0,2,0,9543,0
18885,7,3,127472,44104,0
18886,11,8,464050,72111,0
18887,1,0,27555,0,0
18888,1,0,4049,0,0
18889,2,0,994,0,0
18890,2,1,3486,220,0
18891,9,23,666371,182218,0
18892,1,1,4935,34007,0
18893,2,0,16881,0,0
18894,1,0,198,0,0
18895,1,1,107314,38687,0
18896,1,0,7110,0,0
18897,1,1,273,1559,0
18898,1,0,1333,0,0
18899,1,0,7695,0,0
18900,2,0,21092,0,0
18901,1,0,938,0,0
18902,4,0,10352,0,0
18903,1,0,309,0,0
18904,2,0,1115,0,0
18905,1,0,1109,0,0
18906,1,0,1719,0,0
18907,1,0,139,0,0
18908,2,0,15919,0,0
18909,1,0,10425,0,0
18910,1,0,9114,0,0
18911,2,0,19226,0,0
18912,1,1,699,199,0
18913,1,0,5425,0,0
18914,7,0,185166,0,0
18915,7,0,12054,0,0
18916,1,0,198,0,0
18917,2,0,16217,0,0
18918,2,0,13677,0,0
18919,3,10,10233,43899,0
18920,1,0,149,0,0
18921,1,0,264,0,0
18922,1,0,2691,0,0
18923,3,0,2365,0,0
18924,3,0,2461,0,0
18925,2,1,51201,71,0
18926,1,0,598,0,0
18927,1,0,1114,0,0
18928,1,0,1243,0,0
18929,6,0,6573,0,0
18930,1,2,10107,8209,0
18931,1,1,27714,223,0
18932,2,0,338,0,0
18933,1,0,141804,0,0
18934,2,0,3133,0,0
18935,2,0,1065,0,0
18936,1,0,6248,0,0
18937,2,0,532,0,0
18938,2,0,3147830,0,0
18939,2,0,1879,0,0
18940,1,6,14,17035,0
18941,3,2,3302,1097,0
18942,3,0,10567,0,0
18943,1,0,3705,0,0
18944,1,0,2265,0,0
18945,1,0,25543,0,0
18946,1,0,7974,0,0
18947,2,0,16714,0,0
18948,1,1,53201,188,0
18949,1,0,639,0,0
18950,1,0,68536,0,0
18951,1,0,34,0,0
18952,1,0,3204,0,0
18953,2,0,392083,0,0
18954,1,0,40088,0,0
18955,2,0,103785,0,0
18956,3,0,22849,0,0
18957,1,0,53432,0,0
18958,1,0,376,0,0
18959,4,2,29173,12226,0
18960,4,0,754,0,0
18961,1,1,175,1536,0
18962,1,0,14685,0,0
18963,2,2,3879,446,0
18964,1,0,4144,0,0
18965,2,0,44685,0,0
18966,2,1,1442,332,0
18967,1,0,332,0,0
18968,1,1,503,116,0
18969,4,1,19072,688,0
18970,1,0,3529,0,0
18971,1,1,140009,2590,0
18972,1,0,120,0,0
18973,1,0,255,0,0
18974,4,0,25107,0,0
18975,1,1,1973,3229,0
18976,0,2,0,429,0
18977,1,2,689,452074,0
18978,3,2,13697,42658,0
18979,19,7,575303,320340,0
18980,0,1,0,594,0
18981,0,1,0,1843,0
18982,27,11,370888,1026029,0
18983,0,3,0,2020898,0
18984,4,0,281737,0,0
18985,0,3,0,36235,0
18986,7,0,17947,0,0
18987,0,2,0,9977,0
18988,0,1,0,542,0
18989,0,1,0,355,0
18990,0,1,0,574,0
18991,0,4,0,43167,0
18992,4,1,20244,1240,0
18993,0,2,0,7449,0
18994,0,2,0,21432,0
18995,1,1,2138,1292,0
18996,0,1,0,34713,0
18997,1,1,733,234712,0
18998,0,5,0,195586,0
18999,3,0,142944,0,0
19000,0,2,0,55063,0
19001,0,1,0,815,0
19002,0,1,0,1399,0
19003,0,1,0,644,0
19004,0,2,0,8892,0
19005,0,2,0,1461,0
19006,6,1,180742,2774,0
19007,0,1,0,1144,0
19008,0,1,0,1926,0
19009,0,1,0,52,0
19010,1,1,3617,2641,0
19011,0,1,0,4438,0
19012,0,1,0,167,0
19013,0,1,0,21682,0
19014,0,1,0,1001,0
19015,0,2,0,6052,0
19016,2,0,108,0,0
19017,1,4,985,26971,0
19018,1,0,46,0,0
19019,1,1,427,507,0
19020,0,1,0,795,0
19021,0,1,0,972,0
19022,0,1,0,1873,0
19023,0,1,0,14,0
19024,0,1,0,99,0
19025,0,1,0,2442,0
19026,1,2,2,106505,0
19027,3,0,17609,0,0
19028,0,1,0,20560,0
19029,0,1,0,3069,0
19030,0,2,0,8639,0
19031,0,1,0,383001,0
19032,0,1,0,1575,0
19033,0,1,0,21294,0
19034,1,5,1154,314267,0
19035,1,0,2729,0,0
19036,1,0,8710,0,0
19037,5,2,311141,84451,0
19038,2,1,12628,32,0
19039,0,1,0,304,0
19040,0,1,0,825,0
19041,0,1,0,6251,0
19042,2,4,908,59664,0
19043,0,1,0,121,0
19044,1,2,13884,9120,0
19045,1,0,16989,0,0
19046,1,0,4825,0,0
19047,1,1,688784,197492,0
19048,1,0,81,0,0
19049,2,0,21789,0,0
19050,1,0,7190,0,0
19051,2,0,3304,0,0
19052,1,0,5598,0,0
19053,0,2,0,1347,0
19054,0,1,0,3007,0
19055,0,1,0,173,0
19056,0,1,0,43321,0
19057,0,1,0,2016,0
19058,0,1,0,30951,0
19059,0,2,0,695,0
19060,0,1,0,2892,0
19061,0,1,0,357,0
19062,0,1,0,42,0
19063,0,1,0,259,0
19064,0,1,0,834,0
19065,0,1,0,2583,0
19066,0,1,0,265,0
19067,1,1,1451,606,0
19068,0,2,0,32560,0
19069,1,1,1894,31323,0
19070,0,2,0,802,0
19071,4,10,541845,136548,0
19072,0,2,0,12666,0
19073,4,3,15652,31518,0
19074,0,1,0,400,0
19075,0,1,0,794,0
19076,0,2,0,468,0
19077,0,2,0,22905,0
19078,0,1,0,12337,0
19079,0,2,0,4666,0
19080,0,3,0,18189,0
19081,1,0,8,0,0
19082,1,0,1375,0,0
19083,1,0,27887,0,0
19084,1,0,270,0,0
19085,2,1,59,960,0
19086,1,0,19194,0,0
19087,1,0,4677,0,0
19088,1,0,141,0,0
19089,1,0,499,0,0
19090,1,0,350,0,0
19091,1,0,321,0,0
19092,1,0,11618,0,0
19093,2,0,9464,0,0
19094,0,4,0,9449,0
19095,15,0,679409,0,0
19096,1,0,190,0,0
19097,1,1,98,11485,0
19098,1,0,2485,0,0
19099,1,0,1259,0,0
19100,1,0,9804,0,0
19101,1,0,11639,0,0
19102,1,1,10632,11192,0
19103,0,1,0,1525,0
19104,1,1,6146,882,0
19105,0,2,0,952,0
19106,0,3,0,19080,0
19107,0,2,0,2690,0
19108,0,3,0,47039,0
19109,0,2,0,1240,0
19110,1,2,1237,87,0
19111,0,1,0,10404,0
19112,0,1,0,75459,0
19113,0,1,0,911,0
19114,0,1,0,12602,0
19115,0,1,0,7598,0
19116,0,1,0,4345,0
19117,0,1,0,528,0
19118,0,4,0,5408,0
19119,3,4,81100,5028,0
19120,1,1,1476,169,0
19121,0,1,0,562,0
19122,0,2,0,50384,0
19123,1,1,25166,3703175,0
19124,0,2,0,48500,0
19125,3,0,35746,0,0
19126,0,1,0,262,0
19127,0,1,0,800,0
19128,0,1,0,82921,0
19129,0,1,0,30,0
19130,1,2,789,5871,0
19131,0,1,0,889,0
19132,0,4,0,1069,0
19133,1,1,4,1605,0
19134,0,1,0,99,0
19135,0,1,0,615,0
19136,0,1,0,1377,0
19137,0,2,0,4238,0
19138,0,1,0,15600,0
19139,0,1,0,110,0
19140,0,1,0,175,0
19141,0,2,0,11603,0
19142,17,16,84905,160592,0
19143,0,1,0,26696,0
19144,0,2,0,7582,0
19145,0,2,0,7807,0
19146,0,1,0,6252,0
19147,0,3,0,1373,0
19148,0,1,0,80,0
19149,0,1,0,6734,0
19150,0,1,0,232,0
19151,0,1,0,56,0
19152,1,3,63,17706,0
19153,14,1,2071051,155,0
19154,5,4,297228,2983154,0
19155,0,1,0,1622,0
19156,0,1,0,161,0
19157,0,9,0,139603,0
19158,6,5,4556,37040,0
19159,0,1,0,323,0
19160,0,1,0,29371,0
19161,0,4,0,136437,0
19162,0,1,0,129986,0
19163,1,1,106,5362,0
19164,1,2,938,1065,0
19165,4,0,65524,0,0
19166,2,0,82821,0,0
19167,3,0,6215,0,0
19168,2,0,1220,0,0
19169,1,0,8,0,0
19170,5,0,18206,0,0
19171,1,0,1230,0,0
19172,1,0,5092,0,0
19173,1,0,45,0,0
19174,3,2,8012,35402,0
19175,1,1,7485,165,0
19176,1,0,2912,0,0
19177,1,0,9817,0,0
19178,1,0,882,0,0
19179,0,2,0,68709,0
19180,0,1,0,33962,0
19181,0,2,0,47709,0
19182,0,1,0,1902,0
19183,0,1,0,43273,0
19184,0,2,0,33314,0
19185,0,3,0,5330,0
19186,0,1,0,13941,0
19187,0,1,0,919,0
19188,0,1,0,87060,0
19189,1,2,71,52520,0
19190,0,1,0,10138,0
19191,0,2,0,2047,0
19192,1,0,932,0,0
19193,0,3,0,957,0
19194,2,3,7485,28862,0
19195,0,1,0,13513,0
19196,0,2,0,26932,0
19197,0,2,0,6168,0
19198,0,2,0,26319,0
19199,0,1,0,285,0
19200,0,1,0,2,0
19201,0,3,0,64335,0
19202,0,2,0,315,0
19203,0,1,0,20271,0
19204,0,1,0,117,0
19205,0,1,0,159,0
19206,0,4,0,3332,0
19207,0,4,0,205278,0
19208,0,1,0,286,0
19209,1,1,596,1876,0
19210,0,1,0,1143557,0
19211,0,9,0,100308,0
19212,1,1,11940,15401,0
19213,0,1,0,2063,0
19214,0,1,0,31401,0
19215,0,2,0,9112,0
19216,0,3,0,23884,0
19217,0,1,0,313,0
19218,0,1,0,998641,0
19219,0,2,0,1601,0
19220,0,1,0,694,0
19221,2,3,10827,86661,0
19222,0,1,0,108,0
19223,0,2,0,3996,0
19224,0,1,0,22020,0
19225,0,2,0,26841,0
19226,0,1,0,1548,0
19227,0,1,0,3,0
19228,0,4,0,759210,0
19229,0,1,0,17,0
19230,0,1,0,6322,0
19231,0,1,0,342,0
19232,0,2,0,36040,0
19233,0,4,0,9787,0
19234,0,5,0,2189646,0
19235,0,1,0,476,0
19236,0,1,0,5348,0
19237,0,2,0,5680,0
19238,4,5,10287,3037,0
19239,0,2,0,74050,0
19240,1,3,33,1914379,0
19241,0,2,0,100,0
19242,0,1,0,799168,0
19243,0,1,0,1117,0
19244,0,1,0,8572,0
19245,0,1,0,30,0
19246,0,2,0,2519,0
19247,0,1,0,8068,0
19248,0,1,0,106,0
19249,0,1,0,442,0
19250,0,1,0,1942,0
19251,1,3,284,11249,0
19252,0,3,0,9938,0
19253,0,1,0,1949,0
19254,0,6,0,2068819,0
19255,0,3,0,395059,0
19256,0,1,0,1041,0
19257,0,1,0,8123,0
19258,0,1,0,49,0
19259,3,0,4028,0,0
19260,1,3,1045361,326,0
19261,0,1,0,9123,0
19262,0,8,0,189537,0
19263,2,1,1879,421,0
19264,1,0,108074,0,0
19265,0,2,0,14506,0
19266,0,1,0,31,0
19267,0,1,0,7296,0
19268,0,2,0,608268,0
19269,0,3,0,11994,0
19270,0,3,0,7224,0
19271,0,1,0,307,0
19272,0,1,0,4139,0
19273,2,2,3992,39182,0
19274,2,0,173457,0,0
19275,1,0,26997,0,0
19276,0,1,0,10436,0
19277,0,1,0,81755,0
19278,0,1,0,3084,0
19279,0,2,0,4669,0
19280,0,2,0,4230,0
19281,0,1,0,5286,0
19282,1,2,25608,217,0
19283,0,2,0,370,0
19284,0,1,0,23,0
19285,0,1,0,112632,0
19286,0,1,0,50,0
19287,0,1,0,54,0
19288,0,2,0,8439,0
19289,0,2,0,56490,0
19290,1,2,72,25577,0
19291,1,6,166,21508,0
19292,0,2,0,2826,0
19293,1,1,205,11363,0
19294,0,1,0,608,0
19295,0,3,0,38018,0
19296,0,4,0,34315,0
19297,0,1,0,1414,0
19298,0,1,0,134383,0
19299,0,3,0,40924,0
19300,0,16,0,60811,0
19301,0,1,0,7,0
19302,0,1,0,111,0
19303,0,1,0,3,0
19304,0,1,0,482,0
19305,0,1,0,2053,0
19306,0,2,0,50091,0
19307,0,2,0,163319,0
19308,0,1,0,207897,0
19309,0,8,0,26297,0
19310,3,23,11705,464953,0
19311,2,0,2492,0,0
19312,3,2,85615,891,0
19313,0,3,0,10821,0
19314,0,1,0,114298,0
19315,0,4,0,345388,0
19316,0,1,0,7927634,0
19317,0,2,0,1022,0
19318,0,1,0,22,0
19319,0,1,0,1812,0
19320,0,1,0,37,0
19321,0,1,0,53,0
19322,0,1,0,10393,0
19323,0,2,0,641,0
19324,0,1,0,87,0
19325,0,1,0,72,0
19326,0,1,0,3951,0
19327,0,2,0,55418,0
19328,0,1,0,4,0
19329,0,2,0,20355,0
19330,0,1,0,57,0
19331,0,2,0,8188,0
19332,0,1,0,298,0
19333,0,6,0,221395,0
19334,0,1,0,33409,0
19335,0,1,0,19,0
19336,0,1,0,199,0
19337,0,1,0,10380,0
19338,0,6,0,1222013,0
19339,2,0,4019,0,0
19340,0,1,0,2747,0
19341,0,1,0,251,0
19342,0,1,0,928,0
19343,0,2,0,37613,0
19344,0,1,0,3727,0
19345,0,2,0,6660,0
19346,0,2,0,15879,0
19347,0,1,0,20420,0
19348,0,1,0,426,0
19349,0,1,0,389,0
19350,0,2,0,8176,0
19351,0,1,0,53874,0
19352,0,1,0,84,0
19353,0,1,0,1512,0
19354,0,2,0,9231,0
19355,1,1,8908,1961,0
19356,0,1,0,9818,0
19357,0,4,0,554777,0
19358,0,2,0,19683,0
19359,3,0,59692,0,0
19360,0,2,0,1908,0
19361,0,2,0,15400,0
19362,1,3,2050,1401,0
19363,0,1,0,8051,0
19364,0,5,0,30575,0
19365,0,1,0,373,0
19366,0,1,0,31066,0
19367,0,1,0,1221,0
19368,0,1,0,9,0
19369,0,2,0,1167,0
19370,0,2,0,25465,0
19371,0,1,0,961,0
19372,0,1,0,474,0
19373,0,2,0,2683,0
19374,0,6,0,156532,0
19375,2,10,263,380053,0
19376,0,1,0,9760,0
19377,0,2,0,4782,0
19378,0,1,0,5153,0
19379,0,1,0,77,0
19380,0,1,0,15022,0
19381,0,1,0,12080,0
19382,0,2,0,25122,0
19383,0,1,0,1547,0
19384,0,1,0,2016,0
19385,0,1,0,5035,0
19386,0,1,0,390,0
19387,0,4,0,20406,0
19388,0,1,0,1059,0
19389,2,4,385,369826,0
19390,0,1,0,1979,0
19391,0,3,0,7389,0
19392,0,1,0,730,0
19393,1,1,830,6672,0
19394,0,1,0,27794,0
19395,0,1,0,303,0
19396,0,1,0,369,0
19397,0,1,0,6603,0
19398,0,1,0,4,0
19399,0,1,0,19,0
19400,0,1,0,9512,0
19401,0,1,0,43,0
19402,0,1,0,4091,0
19403,0,2,0,3374,0
19404,2,0,87929,0,0
19405,4,0,16624,0,0
19406,2,1,655,4138,0
19407,1,0,3506,0,0
19408,1,0,95925,0,0
19409,1,0,1447,0,0
19410,1,0,876,0,0
19411,1,0,1681,0,0
19412,1,1,252,2565,0
19413,1,0,4016,0,0
19414,1,1,1231,157,0
19415,1,1,70101,16351,0
19416,1,0,23854,0,0
19417,0,2,0,116160,0
19418,2,1,330,911,0
19419,0,1,0,135,0
19420,0,3,0,51104,0
19421,0,1,0,2370,0
19422,0,1,0,6887,0
19423,0,1,0,986,0
19424,0,2,0,383535,0
19425,1,1,750,1,0
19426,0,1,0,12628,0
19427,0,1,0,2,0
19428,1,0,157,0,0
19429,0,1,0,28874,0
19430,0,1,0,61976,0
19431,0,2,0,11214,0
19432,4,4,118480,434915,0
19433,1,0,963,0,0
19434,1,1,233,1839,0
19435,4,2,145076,1861,0
19436,1,1,291054,67909,0
19437,1,2,383,4085,0
19438,1,0,1478,0,0
19439,2,4,6752,49211,0
19440,4,5,144004,29740,0
19441,2,3,288106,2676,0
19442,2,0,5190,0,0
19443,2,4,104832,78477,0
19444,4,7,54215,55406,0
19445,1,10,5040,62738,0
19446,6,0,896520,0,0
19447,6,3,1525,32966,0
19448,6,6,1653667,47426,0
19449,4,3,54094,12838,0
19450,2,1,1881,159,0
19451,7,5,38755,25106,0
19452,3,2,66245,10684,0
19453,4,2,54668,3631,0
19454,1,0,11508,0,0
19455,0,1,0,1396,0
19456,4,2,7448,286406,0
19457,3,11,15639,554309,0
19458,1,0,17384,0,0
19459,4,5,29784,26550,0
19460,3,1,22671,1771,0
19461,1,5,41,59601,0
19462,1,0,91,0,0
19463,1,0,72,0,0
19464,1,0,4661,0,0
19465,1,0,307,0,0
19466,1,0,3004,0,0
19467,1,1,4811,14962,0
19468,2,3,395750,55827,0
19469,1,0,47382,0,0
19470,1,0,125,0,0
19471,2,1,7480,93288,0
19472,1,0,6722,0,0
19473,1,0,5305,0,0
19474,2,0,153,0,0
19475,0,3,0,1132,0
19476,1,0,632,0,0
19477,2,1,2763,2208,0
19478,2,1,353,28443,0
19479,1,0,6115,0,0
19480,10,0,91528,0,0
19481,1,0,10899,0,0
19482,2,1,10388,69435,0
19483,1,1,117,98,0
19484,1,2,1356,903,0
19485,0,1,0,731,0
19486,3,4,6603,10835,0
19487,1,0,10256,0,0
19488,1,0,188,0,0
19489,1,0,342,0,0
19490,5,0,40022,0,0
19491,0,1,0,4363,0
19492,0,1,0,1296,0
19493,0,15,0,680321,0
19494,1,7,521,13220,0
19495,1,0,5550,0,0
19496,4,1,45816,35844,0
19497,4,4,36089,7306,0
19498,1,1,510,514,0
19499,1,1,4,9578,0
19500,1,0,178,0,0
19501,1,1,74799,5890,0
19502,1,0,140,0,0
19503,1,0,26049,0,0
19504,1,0,8225,0,0
19505,1,0,28,0,0
19506,2,1,12754,76889,0
19507,0,1,0,404,0
19508,0,2,0,82433,0
19509,1,4,1900,287486,0
19510,1,0,5525,0,0
19511,1,0,281657,0,0
19512,1,1,105,157,0
19513,2,2,9440,929,0
19514,2,0,447,0,0
19515,2,3,12421,31855,0
19516,5,0,161531,0,0
19517,3,0,92664,0,0
19518,0,2,0,315,0
19519,4,0,19224,0,0
19520,0,2,0,303469,0
19521,1,2,5482,253064,0
19522,1,0,428,0,0
19523,1,4,11509,35493,0
19524,0,2,0,8056,0
19525,0,2,0,1567,0
19526,1,0,320,0,0
19527,0,3,0,18246,0
19528,1,0,2014,0,0
19529,1,0,739,0,0
19530,4,3,2094,556,0
19531,4,5,5440,59719,0
19532,1,0,190,0,0
19533,0,1,0,159,0
19534,1,1,939,4269,0
19535,0,1,0,1900,0
19536,0,41,0,1183467,0
19537,1,5,37031,17513,0
19538,10,24,158175,865636,0
19539,1,3,517414,47603,0
19540,1,0,161,0,0
19541,1,16,25529,280893,0
19542,1,2,93196,22172,0
19543,5,2,8762,1841,0
19544,1,1,468,2774,0
19545,1,3,1371,191314,0
19546,2,0,758,0,0
19547,6,9,220860,172870,0
19548,1,2,705,838,0
19549,2,0,7482,0,0
19550,2,11,8317,547473,0
19551,1,3,16492,13018,0
19552,1,14,847,54832,0
19553,1,1,3561,287,0
19554,1,1,102,82,0
19555,1,1,8217,66,0
19556,3,1,7050,501,0
19557,2,1,1177,325,0
19558,1,16,10527,467778,0
19559,8,12,38601,981465,0
19560,1,1,14208,7806,0
19561,1,0,1510,0,0
19562,1,2,4585,5444,0
19563,4,13,28693,242226,0
19564,1,0,675091,0,0
19565,0,8,0,870438,0
19566,4,1,878385,157,0
19567,2,0,7222,0,0
19568,4,0,568734,0,0
19569,1,1,3035,2326,0
19570,0,2,0,4489,0
19571,1,1,52336,488150,0
19572,9,0,858507,0,0
19573,1,0,4426,0,0
19574,2,0,25786,0,0
19575,2,0,5840,0,0
19576,2,0,63781,0,0
19577,0,1,0,425,0
19578,0,2,0,8956,0
19579,0,1,0,221420,0
19580,0,1,0,8456,0
19581,0,1,0,60703,0
19582,0,1,0,344,0
19583,0,1,0,512,0
19584,0,1,0,67,0
19585,0,1,0,172,0
19586,0,1,0,3255,0
19587,0,1,0,10792,0
19588,4,3,23352,21111,0
19589,0,1,0,202,0
19590,0,1,0,4945,0
19591,0,1,0,7903,0
19592,0,1,0,76,0
19593,0,1,0,246,0
19594,0,1,0,5565,0
19595,0,2,0,23780,0
19596,0,1,0,40222,0
19597,0,2,0,16167,0
19598,5,6,9274,52530,0
19599,0,1,0,203,0
19600,0,3,0,1897,0
19601,0,3,0,4269,0
19602,0,1,0,22703,0
19603,0,1,0,2525,0
19604,6,0,10627,0,0
19605,5,2,47893,27815,0
19606,1,1,5552,6373,0
19607,0,2,0,1898,0
19608,0,1,0,551,0
19609,0,2,0,3312,0
19610,0,8,0,38946,0
19611,1,0,3944,0,0
19612,1,0,28177,0,0
19613,1,0,531,0,0
19614,3,0,19767421,0,0
19615,1,0,10,0,0
19616,1,0,79,0,0
19617,1,0,223,0,0
19618,2,2,13199,56989,0
19619,1,1,5822,1194,0
19620,1,1,5906,96,0
19621,1,0,8882,0,0
19622,1,0,47298,0,0
19623,1,0,126,0,0
19624,1,0,83,0,0
19625,2,1,14229,496259,0
19626,1,0,210,0,0
19627,1,0,5704,0,0
19628,2,0,12939,0,0
19629,1,0,1868,0,0
19630,2,0,37431,0,0
19631,1,0,16,0,0
19632,2,0,4288,0,0
19633,2,0,1011247,0,0
19634,1,0,5288,0,0
19635,1,0,703,0,0
19636,1,0,52494,0,0
19637,1,0,558,0,0
19638,1,0,46896,0,0
19639,2,0,1857,0,0
19640,1,1,1,888,0
19641,1,0,3719,0,0
19642,3,1,41231,100444,0
19643,1,0,17407,0,0
19644,1,0,77896,0,0
19645,1,1,35646,7981,0
19646,2,0,3876,0,0
19647,1,0,7586,0,0
19648,2,0,14823,0,0
19649,1,0,5509,0,0
19650,1,0,3,0,0
19651,2,0,4021,0,0
19652,1,3,9809,40023,0
19653,5,0,67572,0,0
19654,8,1,352073,657,0
19655,1,0,795,0,0
19656,1,0,62714,0,0
19657,1,0,14574,0,0
19658,1,0,1306966,0,0
19659,1,0,14818,0,0
19660,1,0,647,0,0
19661,1,0,45278,0,0
19662,1,1,36806,126,0
19663,3,0,1569,0,0
19664,1,0,152654,0,0
19665,2,0,3277,0,0
19666,1,0,56,0,0
19667,1,0,11255,0,0
19668,1,0,64,0,0
19669,1,0,123,0,0
19670,2,0,8707,0,0
19671,1,0,320,0,0
19672,1,0,508181,0,0
19673,1,1,128,5545,0
19674,5,0,285587,0,0
19675,1,0,342,0,0
19676,1,0,162,0,0
19677,1,0,801,0,0
19678,2,0,154266,0,0
19679,1,1,534,77612,0
19680,1,0,44069,0,0
19681,1,0,3201,0,0
19682,1,0,19,0,0
19683,1,0,1941,0,0
19684,1,0,501,0,0
19685,2,0,1359,0,0
19686,1,1,169,1176,0
19687,2,0,4022,0,0
19688,3,1,37989,857,0
19689,1,0,2653,0,0
19690,1,0,742,0,0
19691,1,0,2995,0,0
19692,2,0,19085,0,0
19693,1,0,461,0,0
19694,1,0,247,0,0
19695,2,0,190,0,0
19696,1,1,424,167167,0
19697,1,0,17924,0,0
19698,1,0,126,0,0
19699,3,1,850,121,0
19700,2,0,2943,0,0
19701,1,0,2847,0,0
19702,1,0,149961,0,0
19703,1,1,4,660,0
19704,1,0,7357,0,0
19705,1,0,820,0,0
19706,2,0,203,0,0
19707,2,4,7140,2618,0
19708,1,0,343,0,0
19709,9,0,22095,0,0
19710,10,32,74040,623892,0
19711,2,0,483,0,0
19712,1,2,8,165567,0
19713,2,1,5453,1096,0
19714,2,0,5485,0,0
19715,2,0,43020,0,0
19716,1,1,8389,7596,0
19717,11,0,662186,0,0
19718,2,0,6684,0,0
19719,1,0,109,0,0
19720,5,0,52825,0,0
19721,3,0,240075,0,0
19722,4,2,60632,6192,0
19723,2,0,1181,0,0
19724,2,0,69959,0,0
19725,3,0,15069,0,0
19726,1,0,1968,0,0
19727,1,0,2067,0,0
19728,4,1,5316,3631,0
19729,2,0,1015,0,0
19730,1,0,5942,0,0
19731,2,0,4332,0,0
19732,2,0,146456,0,0
19733,0,4,0,8489,0
19734,2,0,3086,0,0
19735,0,3,0,30878,0
19736,3,0,52409,0,0
19737,1,0,794,0,0
19738,2,0,10673,0,0
19739,1,0,4055,0,0
19740,1,0,758,0,0
19741,1,0,805,0,0
19742,1,0,3480,0,0
19743,1,0,4834,0,0
19744,1,0,16447,0,0
19745,2,0,7083,0,0
19746,3,0,11459,0,0
19747,2,0,550,0,0
19748,1,0,99206,0,0
19749,2,0,21437,0,0
19750,1,0,785,0,0
19751,1,6,337,58959,1
19752,1,0,819,0,0
19753,2,0,17369,0,0
19754,1,1,30282,337,0
19755,1,0,601,0,0
19756,1,1,14963,8357,0
19757,5,2,172130,99325,1
19758,1,0,11359,0,0
19759,2,0,10370,0,0
19760,1,0,16557,0,0
19761,1,0,17,0,0
19762,1,0,531,0,0
19763,1,0,6221,0,0
19764,1,0,1456,0,0
19765,0,11,0,84710,0
19766,2,0,2562,0,0
19767,2,0,243,0,0
19768,1,12,5324,154059,0
19769,1,1,627,250,0
19770,2,2,12525,7092,0
19771,1,0,114,0,0
19772,1,0,4820,0,0
19773,0,3,0,34013,0
19774,0,1,0,69015,0
19775,0,1,0,84776,0
19776,0,1,0,1334,0
19777,0,1,0,3127,0
19778,0,1,0,1889,0
19779,0,1,0,1886,0
19780,0,1,0,205,0
19781,0,2,0,286,0
19782,0,1,0,527,0
19783,0,1,0,98,0
19784,0,1,0,1053,0
19785,0,1,0,4770,0
19786,0,1,0,889,0
19787,0,1,0,1190,0
19788,0,1,0,5354,0
19789,1,1,310,93,0
19790,0,3,0,138009,0
19791,3,2,1505985,3495,0
19792,0,2,0,65342,0
19793,0,1,0,66,0
19794,0,1,0,14281,0
19795,0,1,0,1599,0
19796,0,2,0,1202,0
19797,0,1,0,56,0
19798,0,1,0,311,0
19799,0,1,0,38979,0
19800,0,3,0,18168,0
19801,0,1,0,282915,0
19802,0,2,0,23956,0
19803,0,1,0,10197,0
19804,0,1,0,15751,0
19805,0,1,0,157,0
19806,0,9,0,92118,0
19807,2,0,30325,0,0
19808,1,0,948,0,0
19809,1,0,2227,0,0
19810,0,1,0,1265,0
19811,0,1,0,299,0
19812,0,1,0,5411,0
19813,0,1,0,564611,0
19814,0,1,0,385,0
19815,0,1,0,4258,0
19816,0,1,0,21,0
19817,0,1,0,41770,0
19818,0,1,0,17,0
19819,0,1,0,59,0
19820,0,1,0,1238,0
19821,0,1,0,69237,0
19822,0,1,0,117233,0
19823,0,1,0,26516,0
19824,0,1,0,356,0
19825,1,3,34042,7644,0
19826,0,1,0,763,0
19827,0,1,0,97,0
19828,0,1,0,393,0
19829,0,1,0,7300,0
19830,0,1,0,7278,0
19831,0,1,0,740145,0
19832,1,3,1491,76373,0
19833,0,1,0,9225,0
19834,0,1,0,20770,0
19835,0,1,0,290,0
19836,2,1,4061,2061,0
19837,0,1,0,741,0
19838,0,1,0,171853,0
19839,0,1,0,569,0
19840,0,1,0,7968,0
19841,0,1,0,9097,0
19842,0,1,0,5879,0
19843,0,1,0,34993,0
19844,0,1,0,1069,0
19845,3,2,5512,71769,0
19846,0,1,0,12456,0
19847,0,1,0,28,0
19848,0,1,0,22550,0
19849,2,1,67799,42188,0
19850,0,1,0,267,0
19851,0,1,0,1635,0
19852,0,1,0,259,0
19853,0,1,0,125,0
19854,3,3,21493,6551,0
19855,0,1,0,190,0
19856,0,1,0,212,0
19857,0,1,0,15512,0
19858,4,5,16299,12135,0
19859,3,0,3069,0,0
19860,2,1,519,269,0
19861,3,0,188043,0,0
19862,2,3,15390,4502,0
19863,0,1,0,3750,0
19864,1,7,92686,14883,0
19865,1,2,61,239,0
19866,1,0,1766,0,0
19867,1,0,559,0,0
19868,1,0,8896,0,0
19869,2,0,402747,0,0
19870,1,2,1216,106538,0
19871,1,0,353,0,0
19872,2,0,207,0,0
19873,2,1,3167,90,0
19874,1,0,8007,0,0
19875,1,0,33,0,0
19876,1,0,968,0,0
19877,2,1,8187,336,0
19878,1,1,1270,2146,0
19879,2,3,4637,21147,0
19880,1,0,790,0,0
19881,3,2,156182,215681,0
19882,2,0,1267,0,0
19883,1,1,830,1260,0
19884,2,1,22498,15720,0
19885,2,0,1078,0,0
19886,1,0,5913,0,0
19887,1,1,40004,16902,0
19888,1,1,912,96,0
19889,1,1,908,630,0
19890,2,0,8432,0,0
19891,3,2,54929,660,0
19892,1,0,123331,0,0
19893,1,0,702,0,0
19894,1,0,1768,0,0
19895,1,0,3535,0,0
19896,1,0,94884,0,0
19897,2,3,25199,2367,0
19898,1,1,34,2528,0
19899,1,1,36,2916,0
19900,1,0,107,0,0
19901,2,0,860,0,0
19902,4,1,1032,49812,0
19903,1,0,1471,0,0
19904,1,0,35237,0,0
19905,1,0,286,0,0
19906,2,1,1305,999,0
19907,2,3,7243,2869,0
19908,3,1,4975,317,0
19909,2,1,22945,84,0
19910,2,1,2837,264497,0
19911,1,1,448,1523,0
19912,1,0,231,0,0
19913,1,1,119,12855,0
19914,1,0,4764,0,0
19915,1,1,38094,326,0
19916,1,0,123,0,0
19917,1,0,348,0,0
19918,1,0,17780,0,0
19919,1,0,3180,0,0
19920,1,3,13183,26729,0
19921,1,0,3897,0,0
19922,1,0,73,0,0
19923,1,0,781,0,0
19924,2,0,2053,0,0
19925,1,6,20323,78503,0
19926,1,2,459,13750,0
19927,3,0,5816,0,0
19928,1,2,6819,3519,0
19929,1,1,17,29,0
19930,1,0,6329,0,0
19931,1,0,8621,0,0
19932,1,0,704,0,0
19933,1,1,383549,13877,0
19934,1,1,1484,3612,0
19935,1,3,2863,16185,0
19936,1,0,373,0,0
19937,1,0,10153,0,0
19938,1,0,51180,0,0
19939,1,1,27,397,0
19940,2,1,115,925,0
19941,2,4,205,27135,0
19942,1,1,424,4549,0
19943,1,0,120,0,0
19944,2,2,40531,12038,0
19945,1,0,438,0,0
19946,1,2,1449,18789,0
19947,1,1,4447,22,0
19948,4,2,135611,1585,0
19949,3,0,6036,0,0
19950,1,0,28,0,0
19951,1,0,184,0,0
19952,1,0,962,0,0
19953,1,0,3,0,0
19954,2,0,1529,0,0
19955,1,0,7,0,0
19956,1,0,1144,0,0
19957,1,1,1719,563,0
19958,2,0,2346,0,0
19959,1,1,3534,20986,0
19960,1,0,605,0,0
19961,1,0,385,0,0
19962,1,3,840191,18169,0
19963,1,0,332,0,0
19964,1,0,507,0,0
19965,1,0,6620,0,0
19966,1,1,56,10732,0
19967,1,0,57,0,0
19968,1,1,3960,21494,0
19969,2,0,21536,0,0
19970,2,1,227,3114,0
19971,2,2,78543,1724,0
19972,4,3,92528,496186,0
19973,2,2,19699,11757,0
19974,2,16,4985,812554,0
19975,5,1,7780,4928,0
19976,1,0,201074,0,0
19977,1,0,233,0,0
19978,1,1,142,412895,0
19979,1,0,51,0,0
19980,3,1,95890,7,0
19981,2,0,827,0,0
19982,1,0,11147,0,0
19983,1,0,279,0,0
19984,1,0,1612,0,0
19985,0,2,0,627,0
19986,0,1,0,78,0
19987,1,1,21963,3007,0
19988,0,1,0,10284,0
19989,0,1,0,509713,0
19990,0,1,0,4120,0
19991,0,2,0,903,0
19992,0,2,0,29237,0
19993,0,4,0,81827,0
19994,9,6,486001,23343,0
19995,0,1,0,3434,0
19996,0,1,0,466,0
19997,0,1,0,633,0
19998,0,1,0,122128,0
19999,0,9,0,11815,0
20000,0,1,0,2511,0
20001,0,1,0,801,0
20002,0,1,0,228,0
20003,0,1,0,61220,0
20004,0,1,0,542,0
20005,0,1,0,653,0
20006,0,1,0,4843,0
20007,0,1,0,40525,0
20008,0,1,0,8149,0
20009,0,1,0,11581,0
20010,0,1,0,176257,0
20011,0,1,0,1626,0
20012,0,2,0,52051,0
20013,0,6,0,4960,0
20014,0,1,0,1704,0
20015,0,1,0,126,0
20016,0,1,0,12,0
20017,1,11,32,102150,0
20018,2,0,90870,0,0
20019,7,3,143115,2663,0
20020,0,2,0,10219,0
20021,0,1,0,145,0
20022,0,1,0,696,0
20023,0,3,0,11135,0
20024,1,0,84,0,0
20025,3,0,15050,0,0
20026,0,11,0,815910,0
20027,3,1,63700,2661,0
20028,1,0,658207,0,0
20029,2,0,37269,0,0
20030,1,0,219,0,0
20031,1,0,2491,0,0
20032,1,0,125657,0,0
20033,1,0,3906,0,0
20034,2,0,12834,0,0
20035,1,1,12280,741,0
20036,2,2,39540,2917,0
20037,0,4,0,34491,0
20038,14,0,240120,0,0
20039,1,0,2205,0,0
20040,1,0,712,0,0
20041,0,3,0,443179,0
20042,0,6,0,505484,0
20043,3,0,269235,0,0
20044,2,0,18452,0,0
20045,1,0,84539,0,0
20046,0,7,0,55914,0
20047,4,0,886947,0,0
20048,2,0,21899,0,0
20049,1,20,101,59488,0
20050,1,0,6175,0,0
20051,1,2,243,56580,0
20052,2,0,42853,0,0
20053,5,4,2451,14693,0
20054,1,0,114,0,0
20055,1,0,1353,0,0
20056,1,0,65,0,0
20057,1,0,2589,0,0
20058,1,0,22,0,0
20059,1,0,22,0,0
20060,2,0,5001,0,0
20061,1,1,11,3694,0
20062,0,2,0,22839,0
20063,2,0,1817073,0,0
20064,3,2,3214,8036,0
20065,1,0,783,0,0
20066,1,3,548,229086,0
20067,1,0,193407,0,0
20068,1,1,13295,1245,0
20069,0,2,0,3876556,0
20070,0,9,0,124939,0
20071,2,0,7222,0,0
20072,1,0,606,0,0
20073,1,1,142,9616,0
20074,1,0,37,0,0
20075,2,4,141548,58630,0
20076,1,0,11,0,0
20077,1,5,3903,31101,0
20078,14,2,166501,69726,0
20079,1,0,560,0,0
20080,1,0,402,0,0
20081,1,1,421,8,0
20082,2,0,8322,0,0
20083,3,0,81827,0,0
20084,1,2,540,2945,0
20085,2,0,5475,0,0
20086,1,0,11632,0,0
20087,1,0,41,0,0
20088,2,0,71114,0,0
20089,1,1,12,1075,0
20090,1,0,6479,0,0
20091,1,0,248,0,0
20092,7,14,112754,308820,0
20093,1,0,1234,0,0
20094,3,0,22007,0,0
20095,1,0,1402,0,0
20096,1,0,92,0,0
20097,2,0,288502,0,0
20098,1,2,10365,7677,0
20099,3,1,109126,3242,0
20100,2,10,232,107435,0
20101,3,0,5420,0,0
20102,2,0,49237,0,0
20103,2,0,594,0,0
20104,2,0,33215,0,0
20105,1,1,7147,1289,0
20106,2,1,1543,802,0
20107,1,0,4097,0,0
20108,1,0,4844,0,0
20109,2,0,289,0,0
20110,1,1,847,183601,0
20111,2,0,183633,0,0
20112,1,0,360,0,0
20113,0,2,0,7026,0
20114,1,0,70318,0,0
20115,2,0,9935,0,0
20116,2,0,4388,0,0
20117,1,1,240,155,0
20118,2,4,405153,35847,0
20119,1,1,1289,367465,0
20120,1,0,629,0,0
20121,1,2,78811,55098,0
20122,0,1,0,86,0
20123,0,2,0,2081,0
20124,0,4,0,189267,0
20125,3,16,3582,3640640,0
20126,0,1,0,80526,0
20127,1,1,183601,90,0
20128,1,1,54624,21257,0
20129,0,1,0,1259,0
20130,0,2,0,13313,0
20131,1,1,57,80114,0
20132,1,0,368,0,0
20133,1,1,331,17912,0
20134,1,1,742,96,0
20135,1,0,353838,0,0
20136,1,1,1744,23870,0
20137,1,0,2563,0,0
20138,1,0,147,0,0
20139,0,4,0,32368,0
20140,0,4,0,45355,0
20141,1,1,269,31697,0
20142,1,1,125124,6591,0
20143,0,1,0,6098,0
20144,0,3,0,70136,0
20145,1,0,923,0,0
20146,0,7,0,21480,0
20147,4,9,772,197160,0
20148,2,0,11134,0,0
20149,2,0,4112,0,0
20150,1,0,351,0,0
20151,0,4,0,296,0
20152,1,0,39,0,0
20153,1,0,87,0,0
20154,0,1,0,517,0
20155,0,1,0,975,0
20156,0,1,0,2293,0
20157,0,4,0,28656,0
20158,1,1,2418,516,0
20159,5,6,48388,93018,0
20160,3,0,12028,0,0
20161,10,2,50364,175226,0
20162,1,2,2213,1054951,0
20163,1,2,1003,27192,0
20164,1,0,123,0,0
20165,4,2,21710,20574,0
20166,0,1,0,858,0
20167,1,5,1265,85568,0
20168,1,2,9269,36965,0
20169,1,0,8,0,0
20170,1,0,43,0,0
20171,2,9,2541,204926,0
20172,1,0,5434,0,0
20173,1,0,13962,0,0
20174,1,0,35353,0,0
20175,2,1,1479,1854,0
20176,1,1,22602,129,0
20177,1,0,156138,0,0
20178,1,0,13645,0,0
20179,3,0,37354,0,0
20180,1,1,1149,177,0
20181,1,0,2156,0,0
20182,1,1,177,37567,0
20183,1,9,734,306720,0
20184,0,2,0,65,0
20185,1,1,18,1332,0
20186,2,3,1524,2087,0
20187,1,0,1534,0,0
20188,1,2,3768,1104,0
20189,1,0,912,0,0
20190,2,4,9764,20535,0
20191,1,0,4107,0,0
20192,0,1,0,12233,0
20193,0,1,0,52,0
20194,0,1,0,22576,0
20195,0,1,0,28250,0
20196,0,1,0,8983,0
20197,0,1,0,54,0
20198,2,1,21373,139,0
20199,1,6,5673,14182,0
20200,0,3,0,39141,0
20201,0,1,0,801,0
20202,1,1,5038,9583,0
20203,0,1,0,264,0
20204,0,2,0,4660,0
20205,0,1,0,67,0
20206,0,1,0,698,0
20207,0,1,0,36881,0
20208,0,2,0,30528,0
20209,0,2,0,3100747,0
20210,1,2,453,11318,0
20211,0,1,0,372383,0
20212,0,1,0,416,0
20213,1,2,130,14046,0
20214,0,3,0,21449,0
20215,0,1,0,860,0
20216,0,2,0,59930,0
20217,0,2,0,1926772,0
20218,3,3,75298,7301,0
20219,0,1,0,14975,0
20220,0,2,0,357,0
20221,0,2,0,3519,0
20222,0,2,0,24480,0
20223,1,2,3867,4207,0
20224,11,3,277919,585699,0
20225,0,1,0,75775,0
20226,0,1,0,86,0
20227,0,1,0,186,0
20228,0,3,0,8925,0
20229,0,1,0,152,0
20230,0,3,0,28804,0
20231,0,1,0,3034,0
20232,0,1,0,19698,0
20233,1,0,115970,0,0
20234,0,1,0,321,0
20235,0,1,0,942,0
20236,0,1,0,198,0
20237,0,1,0,18032,0
20238,0,2,0,17413,0
20239,0,1,0,59439,0
20240,0,1,0,105,0
20241,0,1,0,21847,0
20242,0,2,0,6018,0
20243,0,5,0,6485,0
20244,0,1,0,482,0
20245,1,1,2972,10,0
20246,0,2,0,3636,0
20247,0,1,0,12546,0
20248,0,2,0,569,0
20249,1,1,38018,50396,0
20250,0,1,0,3043,0
20251,0,1,0,86,0
20252,0,3,0,20968,0
20253,1,7,2158,245505,0
20254,1,0,16342,0,0
20255,0,1,0,5915,0
20256,0,1,0,268,0
20257,0,2,0,18193,0
20258,0,3,0,2213,0
20259,0,1,0,3062,0
20260,0,4,0,27874,0
20261,1,3,364,108758,0
20262,0,2,0,50461,0
20263,0,1,0,5191,0
20264,0,1,0,9460,0
20265,1,2,248,1042,0
20266,0,1,0,4106,0
20267,0,1,0,665,0
20268,0,1,0,3474,0
20269,0,1,0,11459,0
20270,0,1,0,17094,0
20271,0,1,0,50,0
20272,0,1,0,621,0
20273,0,1,0,24767,0
20274,0,1,0,74,0
20275,0,1,0,185,0
20276,0,1,0,1712,0
20277,0,1,0,44405,0
20278,1,0,7838,0,0
20279,0,2,0,187530,0
20280,1,1,1356,4486,0
20281,1,0,4,0,0
20282,1,0,26417,0,0
20283,1,0,551584,0,0
20284,1,1,2038,2410,0
20285,1,1,274,37899,0
20286,1,2,690,3187,0
20287,1,0,3341,0,0
20288,3,0,958,0,0
20289,2,0,274,0,0
20290,3,3,187103,30022,0
20291,1,0,2280,0,0
20292,1,0,986,0,0
20293,1,1,102088,2295,0
20294,1,0,5831,0,0
20295,1,0,5516,0,0
20296,1,2,3834,2297,0
20297,1,0,95,0,0
20298,1,1,8031,3409,0
20299,1,2,313,221196,0
20300,1,0,9433,0,0
20301,1,0,423,0,0
20302,1,0,3050,0,0
20303,1,0,75,0,0
20304,1,1,3937,1352,0
20305,1,0,423663,0,0
20306,1,0,2153,0,0
20307,1,0,2474,0,0
20308,1,0,3603,0,0
20309,2,0,116,0,0
20310,1,0,16626,0,0
20311,2,3,46786,15877,0
20312,1,0,9072,0,0
20313,1,0,9956,0,0
20314,1,0,192,0,0
20315,1,0,7256,0,0
20316,1,0,43400,0,0
20317,1,1,37989,160061,0
20318,1,0,331,0,0
20319,1,0,2480,0,0
20320,1,0,37836,0,0
20321,1,1,3323,245,0
20322,1,0,437,0,0
20323,1,0,1440,0,0
20324,2,0,44624,0,0
20325,1,0,247292,0,0
20326,1,0,1652,0,0
20327,1,0,37741,0,0
20328,0,1,0,6651,0
20329,0,2,0,1805,0
20330,0,1,0,597,0
20331,0,1,0,3867,0
20332,1,1,15694,3546,0
20333,0,1,0,114,0
20334,0,1,0,57655,0
20335,0,1,0,558,0
20336,0,1,0,587,0
20337,0,1,0,2175,0
20338,0,2,0,3378,0
20339,0,2,0,290,0
20340,0,1,0,13519,0
20341,0,1,0,206,0
20342,0,1,0,519,0
20343,0,1,0,92,0
20344,0,2,0,33416,0
20345,0,1,0,10,0
20346,0,1,0,305,0
20347,0,1,0,4319,0
20348,0,1,0,354,0
20349,0,1,0,13566,0
20350,0,1,0,1706,0
20351,0,1,0,225,0
20352,0,1,0,1791,0
20353,0,2,0,26585,0
20354,0,4,0,39825,0
20355,0,1,0,498,0
20356,0,1,0,2883,0
20357,0,2,0,1278,0
20358,0,1,0,9419,0
20359,1,1,126,314,0
20360,0,1,0,3720,0
20361,0,1,0,1257,0
20362,0,1,0,2806,0
20363,0,1,0,9373,0
20364,0,1,0,1397,0
20365,0,1,0,9079,0
20366,0,1,0,206,0
20367,0,1,0,6,0
20368,0,1,0,1074,0
20369,0,2,0,11226,0
20370,1,0,10912,0,0
20371,0,1,0,69133,0
20372,0,2,0,2267,0
20373,1,2,8,7752,0
20374,1,0,98540,0,0
20375,1,0,4253,0,0
20376,1,1,148741,1931,0
20377,1,0,20494,0,0
20378,1,0,1902,0,0
20379,1,1,2206,232285,0
20380,1,0,31,0,0
20381,1,0,307,0,0
20382,1,0,900,0,0
20383,1,0,406491,0,0
20384,1,0,1433,0,0
20385,1,0,1641,0,0
20386,1,0,59011,0,0
20387,1,1,91913,119,0
20388,1,0,229,0,0
20389,1,0,6327,0,0
20390,1,0,67,0,0
20391,1,0,14169,0,0
20392,1,1,116,3787,0
20393,1,0,68977,0,0
20394,1,0,116,0,0
20395,1,0,127,0,0
20396,1,0,20588,0,0
20397,1,0,745177,0,0
20398,1,0,220080,0,0
20399,0,2,0,192,0
20400,0,1,0,38394,0
20401,0,1,0,77,0
20402,0,3,0,70224,0
20403,0,1,0,7,0
20404,0,2,0,2851,0
20405,0,3,0,343453,0
20406,0,1,0,9109,0
20407,0,1,0,73,0
20408,0,1,0,29,0
20409,0,4,0,38113,0
20410,0,1,0,42191,0
20411,0,2,0,4730,0
20412,0,2,0,843,0
20413,0,6,0,28027,0
20414,1,0,4436,0,0
20415,4,1,164939,173,0
20416,0,4,0,45285,0
20417,3,5,6371,20739,0
20418,0,2,0,3399,0
20419,0,1,0,758,0
20420,0,1,0,9,0
20421,1,1,22396,118,0
20422,0,1,0,2669,0
20423,0,1,0,965,0
20424,0,1,0,287,0
20425,0,2,0,39513,0
20426,0,1,0,130,0
20427,0,1,0,4221,0
20428,0,1,0,117,0
20429,0,1,0,22000,0
20430,0,1,0,2654,0
20431,0,1,0,341,0
20432,0,3,0,1995,0
20433,1,4,401,4828,0
20434,0,1,0,45945,0
20435,0,1,0,1141,0
20436,0,2,0,32942,0
20437,0,2,0,28576,0
20438,0,1,0,23,0
20439,1,0,6856,0,0
20440,1,0,9,0,0
20441,1,0,313,0,0
20442,1,0,1772,0,0
20443,2,0,4992,0,0
20444,0,1,0,2408,0
20445,0,1,0,44743,0
20446,0,1,0,6670,0
20447,0,3,0,13049,0
20448,1,1,17917,1724,0
20449,0,1,0,126,0
20450,0,4,0,91568,0
20451,0,4,0,13313,0
20452,0,1,0,144,0
20453,0,4,0,108173,0
20454,2,3,3589,6944,0
20455,0,2,0,144035,0
20456,0,1,0,2745,0
20457,0,3,0,6949,0
20458,0,2,0,7073,0
20459,0,1,0,41,0
20460,0,1,0,26377,0
20461,0,1,0,565,0
20462,0,1,0,138281,0
20463,0,1,0,2082,0
20464,2,5,241,47271,0
20465,3,5,2724,18137,0
20466,1,2,1634,6587,0
20467,0,5,0,14783,0
20468,3,2,7636,6745,0
20469,3,0,12772,0,0
20470,2,0,34136,0,0
20471,1,0,27,0,0
20472,0,1,0,3034,0
20473,0,2,0,12071,0
20474,0,1,0,2001,0
20475,0,5,0,17671,0
20476,1,0,12,0,0
20477,1,4,86,2283,0
20478,1,1,82,93,0
20479,0,1,0,342,0
20480,0,1,0,493,0
20481,0,1,0,45659,0
20482,2,4,24426,10052,0
20483,0,1,0,3604,0
20484,0,1,0,6754,0
20485,0,1,0,8095,0
20486,0,1,0,2229,0
20487,0,2,0,69929,0
20488,0,1,0,10,0
20489,0,5,0,62665,0
20490,1,0,2469,0,0
20491,0,2,0,3411,0
20492,3,0,145384,0,0
20493,0,3,0,4078,0
20494,0,1,0,3865,0
20495,0,1,0,119,0
20496,0,2,0,268916,0
20497,0,1,0,30,0
20498,0,1,0,943,0
20499,0,1,0,75450,0
20500,0,1,0,2858,0
20501,0,1,0,29956,0
20502,0,1,0,2567,0
20503,0,1,0,868,0
20504,0,2,0,580,0
20505,9,16,414088,294178,0
20506,0,1,0,76,0
20507,0,2,0,175272,0
20508,0,4,0,39263,0
20509,0,1,0,549,0
20510,0,2,0,16445,0
20511,0,1,0,118,0
20512,1,0,357,0,0
20513,1,0,6478,0,0
20514,1,0,643,0,0
20515,1,3,184,1866,0
20516,1,1,12245,9133,0
20517,1,0,566,0,0
20518,1,0,2409,0,0
20519,1,0,476,0,0
20520,2,0,70484,0,0
20521,1,0,39540,0,0
20522,1,0,191560,0,0
20523,2,1,356,1768,0
20524,1,0,354,0,0
20525,0,1,0,26,0
20526,0,1,0,902,0
20527,0,1,0,41387,0
20528,0,1,0,1812,0
20529,0,2,0,219,0
20530,0,1,0,13,0
20531,0,1,0,109,0
20532,0,1,0,118,0
20533,0,2,0,4865,0
20534,0,3,0,8052,0
20535,0,1,0,99,0
20536,0,1,0,11567,0
20537,0,2,0,8575,0
20538,1,4,39348,12100,0
20539,0,2,0,12364,0
20540,0,1,0,39,0
20541,0,2,0,8869,0
20542,0,1,0,1732,0
20543,0,1,0,738,0
20544,0,1,0,560,0
20545,0,1,0,6,0
20546,0,1,0,240,0
20547,1,1,3802,891,0
20548,0,2,0,9711,0
20549,0,1,0,822,0
20550,0,1,0,150,0
20551,0,2,0,1047,0
20552,0,1,0,9077,0
20553,0,1,0,32981,0
20554,0,3,0,3006,0
20555,0,3,0,5483,0
20556,4,4,29487,2148,0
20557,0,1,0,3571,0
20558,0,1,0,138167,0
20559,0,2,0,42055,0
20560,0,1,0,104,0
20561,0,1,0,5739,0
20562,0,1,0,305,0
20563,0,1,0,4573,0
20564,0,1,0,227,0
20565,0,2,0,31226,0
20566,0,3,0,17819,0
20567,0,1,0,2139,0
20568,0,1,0,3065,0
20569,0,1,0,132,0
20570,0,1,0,188064,0
20571,0,2,0,87601,0
20572,0,1,0,316,0
20573,0,1,0,33,0
20574,0,1,0,16048,0
20575,1,3,237,7091,0
20576,0,1,0,702,0
20577,0,2,0,88328,0
20578,0,1,0,446,0
20579,0,1,0,664,0
20580,0,1,0,16231,0
20581,0,1,0,13253,0
20582,1,1,51,25,0
20583,0,5,0,11965,0
20584,0,1,0,3726,0
20585,0,3,0,34540,0
20586,0,1,0,674,0
20587,1,3,573,617,0
20588,0,4,0,1037705,0
20589,0,1,0,7904,0
20590,0,1,0,460,0
20591,0,1,0,8326,0
20592,0,1,0,2805,0
20593,0,1,0,19957,0
20594,0,1,0,199,0
20595,0,2,0,282199,0
20596,3,2,283294,10825,0
20597,0,1,0,248436,0
20598,0,2,0,604,0
20599,7,9,16183,43077,0
20600,0,1,0,29,0
20601,0,3,0,37795,0
20602,0,4,0,49165,0
20603,0,2,0,4162,0
20604,0,1,0,58642,0
20605,0,2,0,14035,0
20606,9,4,64535,84664,0
20607,0,1,0,36,0
20608,0,1,0,9269,0
20609,0,1,0,2891,0
20610,0,1,0,28823,0
20611,0,1,0,13536,0
20612,1,2,175,76341,0
20613,0,2,0,6733,0
20614,1,2,2305,2253,0
20615,0,2,0,132,0
20616,0,4,0,6288294,0
20617,0,1,0,4969,0
20618,0,1,0,55134,0
20619,0,2,0,1016,0
20620,1,3,144760,11377,0
20621,1,3,99,144871,0
20622,0,1,0,860,0
20623,0,1,0,161,0
20624,5,1,59620,46748,0
20625,0,3,0,407260,0
20626,0,1,0,19829,0
20627,0,1,0,645,0
20628,0,1,0,776,0
20629,0,1,0,884,0
20630,0,1,0,8311,0
20631,0,2,0,71235,0
20632,0,2,0,25551,0
20633,0,1,0,1,0
20634,0,2,0,3934,0
20635,1,0,327,0,0
20636,2,0,3633,0,0
20637,1,0,1444,0,0
20638,2,1,17343,3111,0
20639,0,3,0,160844,0
20640,11,7,169431,6721,0
20641,0,2,0,25964,0
20642,2,6,3301,56332,0
20643,0,2,0,158,0
20644,0,1,0,229,0
20645,0,1,0,291,0
20646,0,2,0,20719,0
20647,0,1,0,353,0
20648,0,2,0,238142,0
20649,0,1,0,16143,0
20650,0,1,0,539,0
20651,0,1,0,243806,0
20652,0,1,0,3909,0
20653,0,3,0,434,0
20654,0,1,0,12091,0
20655,0,1,0,2262,0
20656,0,6,0,6497,0
20657,0,1,0,100,0
20658,0,1,0,291,0
20659,0,1,0,184,0
20660,0,3,0,5736,0
20661,3,1,9247,5062,0
20662,0,1,0,5280,0
20663,1,1,3290,28,0
20664,1,0,321,0,0
20665,1,1,15535,18617,0
20666,1,0,35638,0,0
20667,1,0,22709,0,0
20668,1,1,1131,260,0
20669,3,0,6519,0,0
20670,1,0,442,0,0
20671,1,0,35,0,0
20672,1,0,334,0,0
20673,2,4,29065,82449,0
20674,1,2,1319,66892,0
20675,1,0,593,0,0
20676,1,4,70620,45383,0
20677,1,0,614,0,0
20678,1,0,1409,0,0
20679,1,2,6803,13455,0
20680,1,1,48,428,0
20681,1,1,56,571,0
20682,1,8,1488,119019,0
20683,1,0,18233,0,0
20684,1,0,17,0,0
20685,1,0,18960,0,0
20686,2,0,15171,0,0
20687,0,1,0,932,0
20688,0,1,0,1049,0
20689,0,1,0,46808,0
20690,0,1,0,1097,0
20691,0,1,0,208,0
20692,0,1,0,65585,0
20693,0,3,0,5544,0
20694,0,1,0,36237,0
20695,0,1,0,80,0
20696,0,2,0,3899,0
20697,1,1,222,1874,0
20698,0,2,0,20207,0
20699,0,3,0,104956,0
20700,1,3,31,1948,0
20701,0,1,0,109,0
20702,0,1,0,228,0
20703,0,2,0,27105,0
20704,0,1,0,74,0
20705,0,1,0,7107,0
20706,0,3,0,7493,0
20707,0,1,0,77,0
20708,0,1,0,23,0
20709,0,1,0,15,0
20710,0,1,0,922,0
20711,0,1,0,101,0
20712,0,1,0,517,0
20713,0,1,0,804,0
20714,0,1,0,281,0
20715,0,1,0,2459,0
20716,0,2,0,3360,0
20717,0,2,0,9959,0
20718,0,1,0,8,0
20719,0,1,0,310,0
20720,0,2,0,16342,0
20721,0,2,0,25092,0
20722,0,2,0,17052,0
20723,0,1,0,26999,0
20724,1,3,13704,2674,0
20725,0,1,0,364,0
20726,0,1,0,31,0
20727,0,1,0,22171,0
20728,0,1,0,7,0
20729,0,1,0,324,0
20730,0,1,0,1897,0
20731,0,1,0,1408,0
20732,0,2,0,3949,0
20733,0,1,0,71352,0
20734,0,2,0,20305,0
20735,0,1,0,2328,0
20736,0,2,0,10640,0
20737,0,5,0,156449,0
20738,0,2,0,13815,0
20739,3,1,22900,318,0
20740,0,1,0,34,0
20741,0,1,0,77107,0
20742,0,1,0,1046,0
20743,0,2,0,39294,0
20744,2,1,23378,2850,0
20745,0,1,0,50763,0
20746,0,1,0,553,0
20747,0,2,0,2938,0
20748,0,1,0,20086,0
20749,0,1,0,3212,0
20750,0,3,0,58943,0
20751,0,1,0,33988,0
20752,0,1,0,2862,0
20753,0,1,0,877,0
20754,0,2,0,411,0
20755,0,2,0,142253,0
20756,0,2,0,90828,0
20757,0,2,0,10044,0
20758,2,1,1012,5269,0
20759,0,2,0,1123,0
20760,0,1,0,201,0
20761,0,2,0,15598,0
20762,0,1,0,41387,0
20763,0,1,0,655,0
20764,0,1,0,2576,0
20765,0,1,0,8749,0
20766,0,1,0,729,0
20767,0,1,0,96784,0
20768,0,1,0,11927,0
20769,0,2,0,143412,0
20770,0,1,0,56,0
20771,0,1,0,423,0
20772,0,1,0,0,0
20773,0,1,0,98,0
20774,0,1,0,2607,0
20775,0,1,0,940522,0
20776,0,1,0,180,0
20777,0,1,0,7662,0
20778,0,1,0,24107,0
20779,0,3,0,438530,0
20780,0,1,0,1560,0
20781,0,1,0,8,0
20782,0,1,0,183000,0
20783,0,1,0,117534,0
20784,0,1,0,609,0
20785,0,2,0,53021,0
20786,0,1,0,38,0
20787,3,2,66189,44957,0
20788,2,0,2965,0,0
20789,1,0,43337,0,0
20790,0,1,0,542,0
20791,0,1,0,1340,0
20792,0,1,0,1745,0
20793,2,1,162,168,0
20794,0,2,0,23423,0
20795,0,1,0,6574,0
20796,0,1,0,6917,0
20797,0,1,0,56,0
20798,0,2,0,1866,0
20799,0,1,0,339,0
20800,2,1,36460,2301,0
20801,0,1,0,82,0
20802,0,3,0,191145,0
20803,0,2,0,14010,0
20804,0,4,0,8728,0
20805,0,1,0,355123,0
20806,0,4,0,61690,0
20807,3,1,3433,414,0
20808,0,4,0,97942,0
20809,0,1,0,66861,0
20810,0,1,0,5505,0
20811,0,1,0,553,0
20812,0,1,0,6762,0
20813,0,1,0,1407,0
20814,0,1,0,4675,0
20815,1,2,658,33407,0
20816,1,1,33194,1009,0
20817,0,2,0,13262,0
20818,0,1,0,72,0
20819,0,3,0,9442,0
20820,0,2,0,1770,0
20821,0,1,0,46,0
20822,0,1,0,6325,0
20823,0,1,0,179484,0
20824,0,1,0,150,0
20825,0,1,0,485,0
20826,0,1,0,294,0
20827,0,1,0,1559,0
20828,0,2,0,66465,0
20829,0,2,0,14089,0
20830,0,1,0,728828,0
20831,0,1,0,106,0
20832,0,2,0,7485,0
20833,0,1,0,24769,0
20834,0,2,0,23129,0
20835,0,2,0,2303,0
20836,0,2,0,99,0
20837,0,1,0,25096,0
20838,0,1,0,31485,0
20839,0,1,0,2265,0
20840,0,1,0,56319,0
20841,0,2,0,2388,0
20842,1,1,190,8280,0
20843,1,0,943,0,0
20844,1,1,11917,1421,0
20845,1,0,1622,0,0
20846,1,0,75,0,0
20847,1,0,658,0,0
20848,1,0,905,0,0
20849,1,0,835,0,0
20850,1,0,51121,0,0
20851,1,0,936,0,0
20852,2,0,20785,0,0
20853,1,1,74,1717,0
20854,4,2,723391,1786,0
20855,2,1,24484,5039,0
20856,0,1,0,119298,0
20857,1,12,902,465615,0
20858,1,0,4842,0,0
20859,1,0,2528,0,0
20860,2,0,2655,0,0
20861,2,0,2152,0,0
20862,2,0,44255,0,0
20863,0,1,0,48,0
20864,0,1,0,1455,0
20865,1,1,10,282,0
20866,1,1,5718,17334,0
20867,1,0,1252,0,0
20868,0,1,0,12,0
20869,3,1,7075,11307,0
20870,0,1,0,10941,0
20871,0,1,0,5046,0
20872,0,2,0,154793,0
20873,5,6,34842,55109,0
20874,0,2,0,1741,0
20875,0,1,0,37,0
20876,0,1,0,81,0
20877,0,1,0,38145,0
20878,0,2,0,355597,0
20879,1,0,1026,0,0
20880,1,0,17491,0,0
20881,1,0,22,0,0
20882,1,1,207,410,0
20883,1,0,44760,0,0
20884,1,0,694,0,0
20885,0,1,0,16661,0
20886,0,1,0,1981,0
20887,0,1,0,2440,0
20888,0,2,0,986,0
20889,0,2,0,226275,0
20890,0,1,0,126,0
20891,0,1,0,22963,0
20892,0,2,0,321785,0
20893,0,1,0,757,0
20894,0,14,0,288142,0
20895,0,1,0,12,0
20896,0,1,0,926,0
20897,0,1,0,232967,0
20898,0,1,0,85383,0
20899,0,6,0,59446,0
20900,0,1,0,3881,0
20901,0,1,0,4847,0
20902,0,2,0,14945,0
20903,0,1,0,6573,0
20904,0,1,0,336,0
20905,0,1,0,56,0
20906,0,2,0,250,0
20907,0,1,0,30,0
20908,0,1,0,18007,0
20909,0,1,0,634,0
20910,0,1,0,230556,0
20911,1,1,64073,4796,0
20912,0,2,0,140250,0
20913,0,1,0,9914,0
20914,0,1,0,7160,0
20915,0,6,0,55191,0
20916,1,5,1352,28569,0
20917,2,2,671,4154,0
20918,1,1,51864,186019,0
20919,1,2,804,6452,0
20920,0,1,0,833,0
20921,0,1,0,32456,0
20922,0,1,0,3777,0
20923,0,2,0,19854,0
20924,0,2,0,13524,0
20925,0,2,0,10034,0
20926,0,1,0,1022,0
20927,0,1,0,987687,0
20928,0,1,0,7858,0
20929,1,8,7806,200079,0
20930,0,2,0,23275,0
20931,0,1,0,8817,0
20932,1,0,1059,0,0
20933,1,0,219,0,0
20934,1,0,1871,0,0
20935,1,0,14676,0,0
20936,1,0,139,0,0
20937,1,1,355425,351,0
20938,1,0,10649,0,0
20939,1,0,41,0,0
20940,1,0,1388,0,0
20941,1,1,202,5885,0
20942,1,1,108,0,0
20943,1,0,32,0,0
20944,1,0,6967,0,0
20945,1,0,870,0,0
20946,1,0,42,0,0
20947,1,0,2130,0,0
20948,1,0,10156,0,0
20949,1,0,6304,0,0
20950,1,0,227,0,0
20951,1,0,991,0,0
20952,1,1,71689,93300,0
20953,1,0,22723,0,0
20954,1,0,15329,0,0
20955,1,0,4383310,0,0
20956,1,0,135,0,0
20957,1,0,195,0,0
20958,1,3,5725,3300,0
20959,1,0,9103,0,0
20960,1,1,739,5694,0
20961,1,0,38,0,0
20962,1,0,3553,0,0
20963,1,0,183,0,0
20964,1,0,3070,0,0
20965,1,0,1418,0,0
20966,1,0,1229742,0,0
20967,2,5,8433,188976,0
20968,1,1,172,1002,0
20969,1,0,850,0,0
20970,1,2,15799,11815,0
20971,1,5,1558,237260,0
20972,2,0,3825,0,0
20973,1,5,1839,28406,0
20974,1,0,128,0,0
20975,1,0,2069,0,0
20976,1,0,3184,0,0
20977,1,0,29194,0,0
20978,1,1,3640,19631,0
20979,0,2,0,103846,0
20980,0,7,0,508428,0
20981,0,2,0,91090,0
20982,0,1,0,645,0
20983,0,2,0,1129,0
20984,4,1,66761,106,0
20985,1,0,1100,0,0
20986,1,0,1832,0,0
20987,1,1,6103,60129,0
20988,1,0,15712,0,0
20989,5,4,37644,115533,0
20990,1,0,88405,0,0
20991,1,1,199,24574,0
20992,1,0,28,0,0
20993,1,0,6203,0,0
20994,3,0,8917,0,0
20995,2,0,50231,0,0
20996,1,0,15,0,0
20997,1,0,135,0,0
20998,1,0,3734,0,0
20999,1,0,8174,0,0
21000,1,1,2671,30351,0
21001,1,0,330,0,0
21002,1,0,3018,0,0
21003,1,0,4,0,0
21004,1,0,294,0,0
21005,1,0,55,0,0
21006,3,0,13613,0,0
21007,4,0,34411,0,0
21008,1,0,5290,0,0
21009,1,0,31626,0,0
21010,0,2,0,1090,0
21011,1,0,1275,0,0
21012,4,0,62636,0,0
21013,1,1,620,555,0
21014,1,0,18,0,0
21015,1,0,1325,0,0
21016,1,0,6589,0,0
21017,1,0,3484,0,0
21018,1,0,37127,0,0
21019,1,1,53,41,0
21020,3,16,1622,127834,0
21021,2,0,3038,0,0
21022,2,1,69746,1502,0
21023,12,0,1954649,0,0
21024,2,3,8536,14597,0
21025,2,0,757,0,0
21026,2,0,19365,0,0
21027,1,1,740,23373,0
21028,5,0,8764,0,0
21029,1,0,2198,0,0
21030,0,8,0,666361,0
21031,4,1,14178,579,0
21032,1,0,37678,0,0
21033,1,0,10891,0,0
21034,3,0,581093,0,0
21035,3,0,20815,0,0
21036,0,2,0,33391,0
21037,0,12,0,14860,0
21038,1,0,3273,0,0
21039,1,0,2370,0,0
21040,2,0,1205,0,0
21041,1,0,789,0,0
21042,1,0,1808,0,0
21043,1,0,45,0,0
21044,2,0,1402,0,0
21045,1,0,135,0,0
21046,1,5,14754,96208,0
21047,2,0,271,0,0
21048,1,0,219,0,0
21049,1,0,91426,0,0
21050,1,4,801,122906,0
21051,0,2,0,323568,0
21052,3,7,1901,21388,0
21053,1,0,2089,0,0
21054,2,0,4436,0,0
21055,3,0,17443,0,0
21056,4,18,179564,333841,0
21057,1,1,1335,676,0
21058,1,0,480,0,0
21059,2,0,1368,0,0
21060,1,0,3585,0,0
21061,1,0,248,0,0
21062,1,0,33,0,0
21063,1,1,180573,2666,0
21064,1,0,597,0,0
21065,2,0,16496,0,0
21066,2,0,2237,0,0
21067,1,0,3416,0,0
21068,1,0,3866,0,0
21069,1,1,55766,10,0
21070,2,0,63170,0,0
21071,0,3,0,33716,0
21072,1,0,445,0,0
21073,0,3,0,3132,0
21074,1,0,22,0,0
21075,2,3,5992,34478,0
21076,1,3,111,1008,0
21077,0,2,0,9556,0
21078,3,0,36948,0,0
21079,2,0,2571,0,0
21080,1,1,1321,19045,0
21081,2,0,92167,0,0
21082,1,0,18782,0,0
21083,1,0,265,0,0
21084,1,0,57420,0,0
21085,2,0,7852,0,0
21086,1,0,172,0,0
21087,8,7,19028,118666,0
21088,2,1,50085,107,0
21089,2,0,3749,0,0
21090,2,0,124228,0,0
21091,1,0,34,0,0
21092,1,0,13029,0,0
21093,1,0,44883,0,0
21094,1,0,58836,0,0
21095,1,0,14,0,0
21096,1,0,2,0,0
21097,1,0,477,0,0
21098,2,0,72045,0,0
21099,1,0,168,0,0
21100,1,0,967,0,0
21101,1,0,3285,0,0
21102,1,0,412,0,0
21103,1,0,1249,0,0
21104,1,0,231,0,0
21105,1,1,128,682,0
21106,4,11,62557,108332,0
21107,3,0,70322,0,0
21108,1,0,13655,0,0
21109,1,0,43,0,0
21110,1,0,620,0,0
21111,1,0,3533,0,0
21112,1,0,201,0,0
21113,0,1,0,743,0
21114,0,1,0,2522,0
21115,0,1,0,429,0
21116,0,1,0,97390,0
21117,0,1,0,128,0
21118,0,1,0,81805,0
21119,0,1,0,5629,0
21120,0,7,0,98177,0
21121,1,0,1210,0,0
21122,1,0,380,0,0
21123,1,0,24814,0,0
21124,0,2,0,2659,0
21125,2,0,17125,0,0
21126,0,2,0,6042,0
21127,1,5,9888,58992,0
21128,3,0,11933,0,0
21129,2,1,25493,7193,0
21130,1,0,71,0,0
21131,0,8,0,1785351,0
21132,1,1,486,17516,0
21133,1,0,4272,0,0
21134,1,0,1654537,0,0
21135,1,0,127,0,0
21136,1,11,501,57209,0
21137,1,0,54,0,0
21138,2,0,9559,0,0
21139,1,0,18762,0,0
21140,1,0,164,0,0
21141,0,3,0,16188,0
21142,1,0,70,0,0
21143,2,0,1790,0,0
21144,4,5,30355,414098,0
21145,1,0,3939,0,0
21146,1,0,6025,0,0
21147,2,0,454257,0,0
21148,0,1,0,3919,0
21149,0,1,0,26301,0
21150,0,2,0,18443,0
21151,0,2,0,218,0
21152,2,0,4668,0,0
21153,0,1,0,9159,0
21154,0,1,0,8237,0
21155,0,1,0,10758,0
21156,0,4,0,2498579,0
21157,2,0,17122,0,0
21158,1,0,622,0,0
21159,1,0,139,0,0
21160,1,0,45978,0,0
21161,1,0,2864,0,0
21162,2,2,497938,93431,0
21163,1,1,80,3005,0
21164,1,0,44574,0,0
21165,1,0,140740,0,0
21166,1,0,219,0,0
21167,1,0,1325,0,0
21168,1,0,18593,0,0
21169,8,1,6826,9694,0
21170,2,2,13968,30056,0
21171,1,0,180660,0,0
21172,1,0,205,0,0
21173,1,0,582,0,0
21174,5,1,5968,1814,0
21175,3,34,82533,472560,0
21176,2,0,11778,0,0
21177,1,1,1434,81575,0
21178,1,0,971,0,0
21179,1,0,211,0,0
21180,1,0,2187,0,0
21181,1,0,1837,0,0
21182,2,0,30663,0,0
21183,1,0,39949,0,0
21184,1,0,1206,0,0
21185,1,0,2081,0,0
21186,1,1,1540,166,0
21187,1,0,9,0,0
21188,1,0,270171,0,0
21189,1,0,3,0,0
21190,1,0,27115,0,0
21191,1,0,69,0,0
21192,1,0,196,0,0
21193,1,0,1404,0,0
21194,1,0,833,0,0
21195,1,0,191,0,0
21196,1,0,584,0,0
21197,1,0,7383,0,0
21198,1,0,515,0,0
21199,1,0,6074,0,0
21200,1,0,830,0,0
21201,1,0,844,0,0
21202,1,0,89,0,0
21203,1,0,71424,0,0
21204,2,0,6953,0,0
21205,0,1,0,15393,0
21206,0,1,0,800,0
21207,0,1,0,17,0
21208,0,1,0,930,0
21209,0,2,0,124873,0
21210,4,9,1464268,176396,0
21211,0,2,0,41,0
21212,3,2,21241,4642,0
21213,0,3,0,109580,0
21214,0,1,0,2210,0
21215,1,2,71962,78466,1
21216,0,1,0,31389,0
21217,1,69,84,2047088,0
21218,1,1,544,84,0
21219,1,0,15,0,0
21220,1,0,644,0,0
21221,1,0,393085,0,0
21222,1,0,5447,0,0
21223,1,0,1639,0,0
21224,1,0,134,0,0
21225,1,0,917,0,0
21226,1,2,116,93175,0
21227,10,1,114040,74015,0
21228,1,0,1265,0,0
21229,1,0,197,0,0
21230,1,9,156,71135,0
21231,2,1,3674,44,0
21232,2,0,2161,0,0
21233,1,0,9465,0,0
21234,1,0,422,0,0
21235,1,0,156343,0,0
21236,1,1,0,10,0
21237,1,1,1134,254,0
21238,1,1,3304,6508,0
21239,1,0,4922,0,0
21240,1,0,750,0,0
21241,1,0,986,0,0
21242,1,0,94,0,0
21243,1,0,566,0,0
21244,1,0,40,0,0
21245,1,2,56341,149569,0
21246,1,0,2544,0,0
21247,1,0,883,0,0
21248,2,0,51274,0,0
21249,1,0,1992,0,0
21250,2,0,27877,0,0
21251,2,0,2851,0,0
21252,1,0,34646,0,0
21253,1,1,3722,117,0
21254,1,0,1554,0,0
21255,1,0,39331,0,0
21256,1,0,322,0,0
21257,2,0,879603,0,0
21258,1,0,57553,0,0
21259,2,0,4280,0,0
21260,2,0,1551,0,0
21261,1,0,419,0,0
21262,1,0,82,0,0
21263,1,0,1445,0,0
21264,1,0,429,0,0
21265,1,3,74015,2281,0
21266,2,1,35086,7786,0
21267,1,0,9554,0,0
21268,1,0,10,0,0
21269,1,0,25,0,0
21270,1,3,161,6810,0
21271,2,0,1582,0,0
21272,1,0,2883,0,0
21273,2,2,1931,7319,0
21274,1,0,23332,0,0
21275,2,2,275,12327,0
21276,1,1,6508,26,0
21277,1,0,651,0,0
21278,1,1,148918,600,0
21279,0,1,0,282498,0
21280,1,2,604,212439,0
21281,1,4,35,135147,0
21282,3,0,146601,0,0
21283,1,0,1706,0,0
21284,2,2,10027,2014,0
21285,4,2,124439,12319,0
21286,0,4,0,16730,0
21287,1,0,499,0,0
21288,2,1,8026,1484,0
21289,0,3,0,31615,0
21290,1,0,153,0,0
21291,1,2,1655,79,0
21292,1,0,12,0,0
21293,0,4,0,12789,0
21294,1,0,3272,0,0
21295,1,4,1488,67589,0
21296,2,0,62967,0,0
21297,1,0,1055,0,0
21298,1,0,3617,0,0
21299,4,4,71010,6650,0
21300,1,0,6,0,0
21301,1,1,3213,37252,0
21302,0,2,0,634958,0
21303,3,0,157438,0,0
21304,0,3,0,64985,0
21305,2,0,19040,0,0
21306,0,2,0,89775,0
21307,0,1,0,897,0
21308,0,1,0,2851,0
21309,0,1,0,8,0
21310,1,1,1537,153,0
21311,1,1,1744,940867,0
21312,1,3,911,6615,0
21313,4,4,138661,3987,0
21314,0,1,0,10,0
21315,0,2,0,3767,0
21316,0,1,0,11263,0
21317,1,2,11254,158038,0
21318,2,2,9414,2250,0
21319,1,0,106,0,0
21320,0,1,0,983,0
21321,10,2,13216,14032,0
21322,0,1,0,651,0
21323,0,1,0,1260,0
21324,0,2,0,7443,0
21325,0,1,0,835,0
21326,2,6,974,335749,0
21327,0,2,0,650,0
21328,0,2,0,18040,0
21329,0,1,0,300,0
21330,0,1,0,4131,0
21331,0,2,0,2997,0
21332,0,1,0,935,0
21333,0,2,0,11826,0
21334,0,1,0,452,0
21335,0,1,0,17,0
21336,0,2,0,200666,0
21337,0,1,0,7380,0
21338,0,1,0,21047,0
21339,0,2,0,517,0
21340,1,19,297,284094,0
21341,0,1,0,91657,0
21342,0,4,0,12137,0
21343,0,2,0,151,0
21344,0,2,0,155183,0
21345,0,1,0,16,0
21346,0,1,0,5521,0
21347,0,1,0,11252,0
21348,0,1,0,39,0
21349,0,1,0,783,0
21350,0,1,0,17925,0
21351,0,1,0,1772,0
21352,0,3,0,847,0
21353,0,1,0,108,0
21354,0,1,0,1431,0
21355,0,4,0,2961,0
21356,0,2,0,2106,0
21357,0,1,0,4235,0
21358,0,2,0,3478,0
21359,1,1,3130,357,0
21360,0,1,0,26187,0
21361,0,1,0,4416,0
21362,0,1,0,0,0
21363,0,1,0,652,0
21364,0,1,0,61222,0
21365,0,1,0,1201,0
21366,0,2,0,1660,0
21367,0,2,0,59734,0
21368,0,1,0,69,0
21369,0,2,0,2473548,0
21370,0,1,0,11698,0
21371,0,4,0,19906,0
21372,0,2,0,24841,0
21373,0,1,0,1809,0
21374,0,1,0,23281,0
21375,0,1,0,129,0
21376,0,1,0,23449,0
21377,0,1,0,765,0
21378,0,1,0,633,0
21379,0,1,0,10965,0
21380,0,1,0,4639,0
21381,0,1,0,1344,0
21382,0,1,0,299,0
21383,0,1,0,766,0
21384,0,3,0,2257,0
21385,0,1,0,601,0
21386,0,1,0,1407,0
21387,0,1,0,1480,0
21388,0,1,0,52,0
21389,0,1,0,990,0
21390,0,1,0,23756,0
21391,0,2,0,25668,0
21392,0,1,0,721,0
21393,0,1,0,282,0
21394,1,1,44187,228218,0
21395,2,3,27091,20461,0
21396,0,1,0,1652,0
21397,0,1,0,324,0
21398,0,1,0,4131,0
21399,0,2,0,8679,0
21400,0,2,0,9973,0
21401,1,0,2665,0,0
21402,0,1,0,901,0
21403,0,1,0,9951,0
21404,0,1,0,66,0
21405,0,1,0,125,0
21406,0,2,0,68813,0
21407,0,2,0,9085,0
21408,0,1,0,4575,0
21409,0,1,0,6852,0
21410,0,1,0,808,0
21411,0,1,0,3076,0
21412,0,1,0,204496,0
21413,0,1,0,2363,0
21414,3,5,55616,98607,0
21415,0,1,0,8562,0
21416,0,2,0,3108,0
21417,2,0,62142,0,0
21418,1,0,453,0,0
21419,1,0,50845,0,0
21420,1,1,42440,1608,0
21421,0,1,0,202,0
21422,0,1,0,100,0
21423,0,1,0,247,0
21424,0,2,0,1284,0
21425,0,1,0,3614,0
21426,0,2,0,1032,0
21427,0,2,0,2370,0
21428,0,1,0,11,0
21429,0,1,0,532,0
21430,0,1,0,40321,0
21431,0,4,0,10023,0
21432,1,1,2234,3082,0
21433,0,1,0,3360,0
21434,0,3,0,16251,0
21435,0,2,0,7533,0
21436,0,1,0,1020,0
21437,0,1,0,107,0
21438,0,1,0,3827,0
21439,0,1,0,33112,0
21440,0,1,0,20,0
21441,0,1,0,53,0
21442,0,5,0,2352123,0
21443,0,2,0,10128,0
21444,5,12,41442,2150815,0
21445,0,2,0,5200,0
21446,5,4,5516,37649,0
21447,0,1,0,500,0
21448,1,3,29,32312,0
21449,4,0,26761,0,0
21450,0,1,0,903,0
21451,0,1,0,72,0
21452,0,1,0,358,0
21453,0,2,0,175147,0
21454,0,2,0,16282,0
21455,0,2,0,407,0
21456,0,1,0,2067,0
21457,0,1,0,17741,0
21458,0,1,0,16443,0
21459,0,1,0,3543,0
21460,0,3,0,19276,0
21461,2,3,4124,25670,0
21462,0,1,0,9725,0
21463,0,1,0,15445,0
21464,0,2,0,11877,0
21465,0,3,0,3388,0
21466,0,2,0,63837,0
21467,0,1,0,1193,0
21468,0,3,0,250053,0
21469,0,2,0,2382,0
21470,0,1,0,9746,0
21471,0,1,0,81,0
21472,0,1,0,4863,0
21473,0,1,0,2549,0
21474,0,1,0,7,0
21475,0,1,0,7110,0
21476,0,1,0,4503,0
21477,0,1,0,3834,0
21478,0,1,0,79097,0
21479,0,1,0,72,0
21480,0,2,0,7231,0
21481,0,1,0,22,0
21482,0,1,0,18037,0
21483,0,2,0,9017,0
21484,0,1,0,10856,0
21485,0,1,0,45,0
21486,0,2,0,3946,0
21487,0,1,0,17,0
21488,0,1,0,573,0
21489,1,2,73940,10089,0
21490,0,2,0,6909,0
21491,0,4,0,117098,0
21492,0,2,0,3168,0
21493,0,1,0,1280,0
21494,0,1,0,157416,0
21495,0,1,0,153,0
21496,0,1,0,19833,0
21497,0,1,0,294081,0
21498,0,1,0,70,0
21499,0,4,0,43362,0
21500,0,2,0,6407,0
21501,0,2,0,12609,0
21502,0,2,0,5027,0
21503,0,1,0,2323,0
21504,0,1,0,32728,0
21505,0,1,0,2325,0
21506,0,3,0,10446,0
21507,0,1,0,5496,0
21508,0,5,0,21585,0
21509,0,4,0,202554,0
21510,1,1,90858,6015,0
21511,0,2,0,46026,0
21512,0,1,0,643078,0
21513,0,1,0,114004,0
21514,0,1,0,35,0
21515,0,1,0,16,0
21516,0,1,0,1184,0
21517,0,1,0,38002,0
21518,0,1,0,63,0
21519,0,1,0,344,0
21520,0,2,0,3639,0
21521,0,2,0,4696,0
21522,0,1,0,588,0
21523,0,1,0,4722,0
21524,0,1,0,7713,0
21525,0,1,0,6233,0
21526,1,1,16503,207,0
21527,0,3,0,1272,0
21528,1,0,440,0,0
21529,0,2,0,2702,0
21530,1,0,38629,0,0
21531,1,0,1060,0,0
21532,1,0,35,0,0
21533,1,0,39,0,0
21534,1,0,41842,0,0
21535,1,2,42169,1124,0
21536,0,1,0,70,0
21537,0,2,0,116,0
21538,0,1,0,2793,0
21539,0,1,0,22767,0
21540,0,1,0,4760,0
21541,0,1,0,1135,0
21542,0,1,0,2133,0
21543,0,2,0,6252,0
21544,0,1,0,157,0
21545,0,1,0,1180,0
21546,0,1,0,4037,0
21547,0,1,0,14,0
21548,0,1,0,3748,0
21549,0,3,0,85652,0
21550,0,1,0,24862,0
21551,0,1,0,71195,0
21552,0,1,0,20580,0
21553,0,1,0,422,0
21554,0,2,0,3557,0
21555,0,1,0,3919,0
21556,0,1,0,569,0
21557,0,1,0,22944,0
21558,0,2,0,52621,0
21559,0,1,0,10409,0
21560,0,3,0,2396,0
21561,1,3,3764,30932,0
21562,1,15,301,52576,0
21563,0,1,0,4936,0
21564,0,1,0,329249,0
21565,0,1,0,2078,0
21566,0,2,0,28408,0
21567,0,1,0,139302,0
21568,0,1,0,5767,0
21569,0,1,0,131419,0
21570,0,1,0,1620,0
21571,0,1,0,594,0
21572,0,2,0,656,0
21573,0,1,0,247,0
21574,0,1,0,322,0
21575,1,2,481,937,0
21576,0,2,0,5512,0
21577,0,2,0,246,0
21578,16,3,90523,27803,0
21579,0,1,0,71,0
21580,0,1,0,111,0
21581,0,1,0,413193,0
21582,0,1,0,4248,0
21583,0,1,0,9935,0
21584,0,1,0,675226,0
21585,0,1,0,23192,0
21586,0,1,0,292158,0
21587,0,1,0,2375,0
21588,0,1,0,713,0
21589,0,3,0,76864,0
21590,3,4,10246,27012,0
21591,0,1,0,45468,0
21592,0,1,0,1472,0
21593,0,1,0,19264,0
21594,0,2,0,1854,0
21595,0,1,0,8113,0
21596,0,1,0,71,0
21597,0,1,0,6425,0
21598,0,2,0,5662,0
21599,1,1,170,136182,0
21600,0,3,0,8153,0
21601,0,1,0,33820,0
21602,0,1,0,920,0
21603,0,1,0,12223,0
21604,2,2,321,9108,0
21605,1,0,6784,0,0
21606,1,1,2826,1205,0
21607,1,1,786,326433,0
21608,1,2,1966,38141,0
21609,2,0,29187,0,0
21610,1,0,62,0,0
21611,1,0,3194,0,0
21612,1,1,81,783,0
21613,8,6,114340,299692,0
21614,2,2,4459,15202,0
21615,1,0,68,0,0
21616,1,0,20812,0,0
21617,1,0,15,0,0
21618,1,0,2522,0,0
21619,1,1,866,38834,0
21620,1,0,7901,0,0
21621,0,3,0,3126,0
21622,0,1,0,539,0
21623,0,2,0,136991,0
21624,0,1,0,85404,0
21625,0,1,0,620,0
21626,0,1,0,59,0
21627,0,1,0,433,0
21628,2,0,1476,0,0
21629,1,1,9364,6677,0
21630,2,1,99361,358,0
21631,1,1,115739,144,0
21632,2,0,79521,0,0
21633,1,0,1597,0,0
21634,0,8,0,161678,0
21635,2,7,7032,58061,0
21636,10,4,172570,31420,0
21637,1,0,1119,0,0
21638,1,1,30162,640,0
21639,0,2,0,8647,0
21640,0,1,0,8373,0
21641,0,1,0,234,0
21642,0,3,0,4129,0
21643,4,1,2242,42436,0
21644,0,1,0,64800,0
21645,0,2,0,2129,0
21646,0,2,0,3440,0
21647,0,4,0,20264,0
21648,0,3,0,5196,0
21649,0,1,0,43082,0
21650,0,1,0,4384,0
21651,0,1,0,2145,0
21652,0,1,0,16436,0
21653,1,1,1163,507054,0
21654,0,2,0,160614,0
21655,3,12,6557,1423444,0
21656,2,0,1347906,0,0
21657,1,1,87,6070,0
21658,1,0,1324,0,0
21659,1,0,41332,0,0
21660,1,0,1733,0,0
21661,1,2,3558,16619,0
21662,2,1,517,14624,0
21663,2,0,615,0,0
21664,0,1,0,3753,0
21665,0,1,0,386,0
21666,0,1,0,807145,0
21667,0,1,0,26001,0
21668,0,1,0,3283,0
21669,0,1,0,42,0
21670,0,1,0,32,0
21671,0,1,0,147820,0
21672,0,1,0,5729,0
21673,0,1,0,5928,0
21674,0,1,0,3987,0
21675,0,1,0,484,0
21676,0,1,0,375,0
21677,0,1,0,306,0
21678,0,2,0,41058,0
21679,0,1,0,11044,0
21680,0,1,0,1421,0
21681,0,1,0,30,0
21682,0,2,0,23202,0
21683,0,1,0,40,0
21684,0,1,0,1094,0
21685,0,2,0,14069,0
21686,0,1,0,51834,0
21687,0,1,0,152,0
21688,0,1,0,59391,0
21689,0,1,0,335,0
21690,0,1,0,910,0
21691,6,13,99730,2702218,0
21692,0,1,0,7568,0
21693,0,1,0,19826,0
21694,0,1,0,501,0
21695,0,1,0,627,0
21696,0,1,0,1130,0
21697,0,2,0,132027,0
21698,0,1,0,2494,0
21699,0,1,0,3089,0
21700,1,2,1582,3793,0
21701,0,1,0,34625,0
21702,0,1,0,102,0
21703,0,1,0,99,0
21704,0,1,0,81,0
21705,0,1,0,32856,0
21706,0,1,0,15599,0
21707,0,2,0,21411,0
21708,0,2,0,123273,0
21709,0,1,0,117063,0
21710,0,1,0,4,0
21711,0,3,0,130516,0
21712,21,1,1631867,2343,0
21713,0,1,0,2815,0
21714,0,1,0,12031,0
21715,0,4,0,43054,0
21716,1,4,868,20111,0
21717,1,1,42088,9886,0
21718,0,1,0,95,0
21719,0,2,0,3252,0
21720,0,2,0,246,0
21721,0,1,0,304,0
21722,0,1,0,1884,0
21723,3,2,1922,6417,0
21724,2,2,9061,295,0
21725,0,2,0,1234,0
21726,0,3,0,32439,0
21727,2,0,1254590,0,0
21728,0,1,0,5448,0
21729,1,0,21391,0,0
21730,1,0,681,0,0
21731,1,0,4648,0,0
21732,1,0,33,0,0
21733,1,0,278,0,0
21734,1,0,91,0,0
21735,1,0,62,0,0
21736,1,0,8838,0,0
21737,1,1,23,612,0
21738,0,1,0,35590,0
21739,0,2,0,8191,0
21740,0,1,0,456,0
21741,0,1,0,23932,0
21742,0,1,0,188,0
21743,1,1,12551,2074,0
21744,0,5,0,75613,0
21745,0,1,0,14822,0
21746,0,3,0,35468,0
21747,3,0,41972,0,0
21748,0,1,0,1204,0
21749,0,1,0,13329,0
21750,0,1,0,36875,0
21751,0,1,0,107,0
21752,0,6,0,108658,0
21753,1,1,520,195,0
21754,0,1,0,385,0
21755,0,1,0,36359,0
21756,0,1,0,50998,0
21757,1,1,41,4512,0
21758,0,1,0,1370,0
21759,1,1,3817,429,0
21760,1,1,716547,58,0
21761,0,1,0,462,0
21762,0,1,0,25410,0
21763,0,1,0,4470,0
21764,0,1,0,824,0
21765,0,2,0,75576,0
21766,0,1,0,17913,0
21767,0,1,0,412,0
21768,0,1,0,5645,0
21769,1,1,908,29302,0
21770,0,1,0,4657,0
21771,0,2,0,13026,0
21772,0,2,0,17103,0
21773,0,1,0,4369,0
21774,0,1,0,21282,0
21775,0,1,0,2056,0
21776,0,2,0,2048,0
21777,0,1,0,26090,0
21778,0,2,0,219204,0
21779,0,1,0,9644,0
21780,0,1,0,163,0
21781,0,1,0,745,0
21782,0,1,0,3911,0
21783,0,1,0,1568,0
21784,1,1,8633,5441,0
21785,0,1,0,6471,0
21786,1,2,703544,39759,0
21787,0,1,0,4813,0
21788,0,1,0,8205,0
21789,0,1,0,1886,0
21790,0,1,0,18040,0
21791,0,1,0,679,0
21792,0,1,0,542,0
21793,0,1,0,136460,0
21794,0,4,0,11845,0
21795,1,3,6168,21140,0
21796,1,4,6,169253,0
21797,1,0,24130,0,0
21798,1,1,690,16345,0
21799,1,1,20672,55,0
21800,0,1,0,33236,0
21801,0,1,0,252,0
21802,0,2,0,2400,0
21803,1,1,254,5017,0
21804,0,2,0,5404,0
21805,0,1,0,3279,0
21806,0,1,0,21959,0
21807,0,1,0,28360,0
21808,0,1,0,1,0
21809,0,1,0,3573,0
21810,0,2,0,6001,0
21811,10,2,87028,933,0
21812,0,1,0,714,0
21813,0,1,0,9860,0
21814,0,2,0,25513,0
21815,0,1,0,625,0
21816,0,2,0,30491,0
21817,0,1,0,1035,0
21818,0,1,0,10166,0
21819,0,1,0,900,0
21820,0,1,0,1410915,0
21821,0,1,0,109311,0
21822,0,2,0,53264,0
21823,0,1,0,773,0
21824,0,2,0,14604,0
21825,3,1,19150,47010,0
21826,0,1,0,92,0
21827,0,7,0,144939,0
21828,6,5,2717,908959,0
21829,0,1,0,4961,0
21830,0,1,0,44,0
21831,0,1,0,6289,0
21832,1,1,1949,35,0
21833,0,1,0,27,0
21834,0,1,0,29,0
21835,0,1,0,6110,0
21836,0,1,0,3567,0
21837,0,1,0,21384,0
21838,0,1,0,29,0
21839,1,1,147,4177,0
21840,0,1,0,582,0
21841,0,1,0,8008,0
21842,0,1,0,2197369,0
21843,0,1,0,8515,0
21844,0,3,0,45010,0
21845,8,0,419284,0,0
21846,0,1,0,3859,0
21847,0,1,0,8483,0
21848,0,1,0,262,0
21849,0,1,0,620,0
21850,0,1,0,3909,0
21851,0,1,0,2212,0
21852,0,1,0,144,0
21853,0,1,0,364,0
21854,0,2,0,84745,0
21855,0,2,0,38908,0
21856,0,1,0,708,0
21857,0,1,0,6576,0
21858,0,1,0,88649,0
21859,0,1,0,159,0
21860,0,7,0,448857,0
21861,1,4,114687,88627,0
21862,1,3,183,135612,0
21863,1,0,111109,0,0
21864,18,5,860161,83639,0
21865,1,3,41828,2497327,0
21866,2,4,1588,90519,0
21867,0,1,0,16243,0
21868,0,2,0,19294,0
21869,0,2,0,1670,0
21870,0,2,0,1903,0
21871,0,1,0,1521,0
21872,1,1,231108,156261,0
21873,0,3,0,9151,0
21874,0,1,0,34461,0
21875,0,2,0,478,0
21876,0,1,0,264,0
21877,0,1,0,720,0
21878,0,1,0,3140,0
21879,0,1,0,183,0
21880,0,1,0,802,0
21881,0,1,0,495,0
21882,0,1,0,15132,0
21883,0,1,0,4949,0
21884,0,1,0,13653,0
21885,0,1,0,39,0
21886,0,1,0,1883,0
21887,0,1,0,244,0
21888,0,5,0,28674,0
21889,1,1,3319,699,0
21890,2,0,3823,0,0
21891,1,0,11873,0,0
21892,1,0,10167,0,0
21893,0,1,0,362,0
21894,0,1,0,364,0
21895,0,1,0,30335,0
21896,0,1,0,1478,0
21897,0,1,0,1132,0
21898,0,1,0,28971,0
21899,0,2,0,602,0
21900,0,1,0,1117512,0
21901,0,1,0,5875,0
21902,0,1,0,318928,0
21903,0,1,0,24857,0
21904,0,3,0,6287,0
21905,4,3,1142117,30635,0
21906,0,3,0,8351,0
21907,0,3,0,8969,0
21908,2,1,340,162,0
21909,0,1,0,942,0
21910,0,1,0,1218,0
21911,0,1,0,7920,0
21912,0,1,0,616,0
21913,0,4,0,39533,0
21914,7,10,39415,22499,0
21915,2,4,29525,146024,0
21916,3,4,10251,41644,0
21917,0,3,0,60663,0
21918,0,1,0,914,0
21919,0,1,0,7573,0
21920,0,1,0,360,0
21921,0,4,0,28946,0
21922,0,1,0,871,0
21923,0,1,0,8490,0
21924,0,1,0,9915,0
21925,0,1,0,3357,0
21926,1,0,3116,0,0
21927,0,2,0,432782,0
21928,12,37,186505,1720001,0
21929,0,1,0,1560,0
21930,0,1,0,1404608,0
21931,0,1,0,35459,0
21932,0,1,0,1169,0
21933,0,1,0,8674,0
21934,0,1,0,714198,0
21935,0,1,0,763,0
21936,0,1,0,290,0
21937,0,1,0,4140,0
21938,0,1,0,17,0
21939,0,1,0,4607,0
21940,0,1,0,1031,0
21941,0,1,0,9222,0
21942,0,1,0,19012,0
21943,0,1,0,21358,0
21944,0,1,0,78,0
21945,0,1,0,409,0
21946,0,4,0,284186,0
21947,0,1,0,2964,0
21948,0,1,0,722,0
21949,0,1,0,399,0
21950,0,1,0,955,0
21951,0,1,0,3206,0
21952,0,1,0,40809,0
21953,0,1,0,668,0
21954,0,1,0,3262,0
21955,3,4,1450500,31021,0
21956,2,0,26376,0,0
21957,1,1,1065,1085672,0
21958,0,1,0,42,0
21959,0,1,0,611,0
21960,0,1,0,146,0
21961,0,1,0,53309,0
21962,0,1,0,3440,0
21963,0,1,0,18060,0
21964,0,1,0,1712,0
21965,0,1,0,914886,0
21966,0,1,0,454,0
21967,0,1,0,18,0
21968,0,1,0,517,0
21969,0,2,0,21189,0
21970,3,1,61697,300,0
21971,0,1,0,175187,0
21972,0,2,0,31060,0
21973,8,2,101994,347337,0
21974,0,1,0,413,0
21975,0,1,0,306,0
21976,0,1,0,1955,0
21977,0,1,0,466399,0
21978,0,1,0,1051,0
21979,0,4,0,24238,0
21980,0,1,0,691,0
21981,0,2,0,40435,0
21982,0,1,0,47399,0
21983,0,1,0,28196,0
21984,0,1,0,3558,0
21985,0,1,0,34574,0
21986,1,5,24619,162909,0
21987,1,4,137521,585709,0
21988,5,4,527155,179188,0
21989,2,0,18084,0,0
21990,0,2,0,768,0
21991,0,1,0,65763,0
21992,0,3,0,6357,0
21993,0,1,0,564,0
21994,0,1,0,15500,0
21995,0,1,0,1471,0
21996,0,1,0,5,0
21997,0,1,0,2526,0
21998,0,2,0,13840,0
21999,0,2,0,3333,0
22000,0,2,0,37777,0
22001,0,2,0,135655,0
22002,1,1,8433,171,0
22003,0,1,0,484,0
22004,0,1,0,84,0
22005,0,1,0,7785,0
22006,0,2,0,9921,0
22007,0,1,0,437,0
22008,0,1,0,13870,0
22009,0,1,0,9195,0
22010,0,1,0,230303,0
22011,0,1,0,96,0
22012,0,1,0,8612,0
22013,0,1,0,12170,0
22014,0,1,0,2297,0
22015,0,2,0,57138,0
22016,0,1,0,22113,0
22017,0,1,0,16508,0
22018,0,3,0,8962,0
22019,0,1,0,47,0
22020,0,1,0,156664,0
22021,0,1,0,2342,0
22022,0,1,0,1190,0
22023,0,2,0,294,0
22024,0,1,0,631,0
22025,0,4,0,20606,0
22026,0,2,0,19792,0
22027,0,1,0,1438,0
22028,0,1,0,1152,0
22029,0,1,0,88,0
22030,0,1,0,2328,0
22031,0,1,0,36,0
22032,1,2,1194,56388,0
22033,2,0,101819,0,0
22034,0,1,0,2363,0
22035,0,2,0,6308,0
22036,0,2,0,21634,0
22037,0,1,0,393,0
22038,0,1,0,23535,0
22039,0,2,0,1502,0
22040,0,3,0,16746,0
22041,3,3,8860,83393,0
22042,0,2,0,19101,0
22043,0,2,0,1590,0
22044,0,1,0,162,0
22045,0,2,0,53,0
22046,0,2,0,1678,0
22047,0,1,0,1336,0
22048,0,7,0,10716,0
22049,0,1,0,122,0
22050,0,2,0,1349,0
22051,0,1,0,29,0
22052,0,2,0,5001,0
22053,0,1,0,20414,0
22054,0,1,0,28,0
22055,0,1,0,1546,0
22056,0,1,0,322,0
22057,0,1,0,1874,0
22058,0,2,0,83311,0
22059,0,1,0,1664,0
22060,0,1,0,4442,0
22061,0,1,0,7590,0
22062,0,1,0,83312,0
22063,0,1,0,193,0
22064,0,3,0,1913,0
22065,1,1,83,618,0
22066,0,1,0,61,0
22067,0,1,0,57,0
22068,0,1,0,28939,0
22069,0,1,0,333,0
22070,0,1,0,23,0
22071,0,1,0,6740,0
22072,0,3,0,5121,0
22073,0,2,0,14595,0
22074,0,1,0,155306,0
22075,0,1,0,258,0
22076,0,1,0,399,0
22077,0,7,0,23130,0
22078,4,0,1093016,0,0
22079,3,6,15031,22199,0
22080,1,2,739,1379,0
22081,1,0,9206,0,0
22082,0,1,0,1764907,0
22083,0,1,0,485,0
22084,0,2,0,12031,0
22085,0,1,0,355,0
22086,0,2,0,669,0
22087,0,1,0,35659,0
22088,0,1,0,300156,0
22089,0,1,0,2700,0
22090,0,1,0,3967,0
22091,0,1,0,2338,0
22092,0,1,0,147,0
22093,0,4,0,60697,0
22094,1,0,33853,0,0
22095,0,1,0,962,0
22096,0,1,0,4207,0
22097,0,1,0,7641,0
22098,0,1,0,29957,0
22099,1,1,989,109807,0
22100,0,6,0,21597,0
22101,0,2,0,96541,0
22102,0,2,0,6878,0
22103,0,3,0,304,0
22104,0,1,0,26244,0
22105,0,1,0,478,0
22106,0,1,0,4461,0
22107,0,1,0,31509,0
22108,0,2,0,2023376,0
22109,0,1,0,1425,0
22110,0,1,0,3823,0
22111,0,2,0,2036,0
22112,0,1,0,1552,0
22113,0,1,0,904,0
22114,0,1,0,5236,0
22115,0,2,0,36736,0
22116,0,2,0,9058,0
22117,7,8,12442,154350,0
22118,0,1,0,17825,0
22119,0,1,0,27087,0
22120,0,1,0,10,0
22121,0,1,0,295,0
22122,0,1,0,32652,0
22123,1,1,726,26,0
22124,0,2,0,392,0
22125,0,1,0,492,0
22126,0,1,0,203,0
22127,0,2,0,15786,0
22128,2,2,1852,3250,0
22129,0,1,0,805,0
22130,0,1,0,194,0
22131,0,1,0,12234,0
22132,0,1,0,982,0
22133,0,1,0,2560,0
22134,0,1,0,54,0
22135,0,1,0,191,0
22136,0,1,0,55,0
22137,0,1,0,11,0
22138,0,1,0,15219,0
22139,0,1,0,19953,0
22140,0,1,0,74,0
22141,0,2,0,58498,0
22142,0,1,0,1132,0
22143,0,2,0,100415,1
22144,0,1,0,992,0
22145,0,1,0,55,0
22146,0,1,0,476,0
22147,0,1,0,206,0
22148,0,1,0,12,0
22149,0,1,0,3607,0
22150,0,1,0,852,0
22151,0,1,0,920,0
22152,0,3,0,136817,0
22153,0,1,0,456,0
22154,0,1,0,7271,0
22155,0,1,0,165,0
22156,0,1,0,28226,0
22157,0,1,0,2039,0
22158,1,1,6873,131,0
22159,0,2,0,49163,0
22160,0,2,0,46938,0
22161,0,2,0,546,0
22162,1,0,177,0,0
22163,0,1,0,5236,0
22164,0,1,0,339,0
22165,0,1,0,15385,0
22166,0,1,0,275,0
22167,0,1,0,1287,0
22168,0,2,0,3034,0
22169,0,1,0,201,0
22170,0,1,0,646,0
22171,0,1,0,3036,0
22172,0,1,0,27,0
22173,0,1,0,8139,0
22174,0,2,0,37578,0
22175,0,1,0,3233,0
22176,0,1,0,923,0
22177,0,1,0,721,0
22178,0,1,0,272,0
22179,0,1,0,2968,0
22180,0,1,0,1765,0
22181,0,1,0,40,0
22182,0,1,0,160,0
22183,0,1,0,186,0
22184,0,1,0,2658,0
22185,0,3,0,907221,0
22186,0,1,0,126,0
22187,0,1,0,31474,0
22188,0,1,0,1125,0
22189,0,1,0,16124,0
22190,0,1,0,181848,0
22191,0,1,0,12493,0
22192,0,1,0,7460,0
22193,0,2,0,6321,0
22194,0,1,0,2276,0
22195,0,1,0,4493,0
22196,1,1,101,36,0
22197,0,1,0,13650,0
22198,2,1,11909,5891,0
22199,0,1,0,1962,0
22200,0,2,0,10471,0
22201,0,1,0,1579,0
22202,0,1,0,69095,0
22203,0,1,0,11035,0
22204,0,1,0,2171,0
22205,0,1,0,1190,0
22206,0,1,0,17132,0
22207,0,1,0,20,0
22208,0,1,0,6778,0
22209,0,2,0,79,0
22210,6,3,45833,45058,0
22211,0,1,0,22335,0
22212,0,1,0,9086,0
22213,0,1,0,5902,0
22214,0,1,0,4656,0
22215,2,1,63161,222,0
22216,0,1,0,2476,0
22217,0,1,0,8,0
22218,0,1,0,994,0
22219,0,2,0,693,0
22220,0,1,0,14,0
22221,0,1,0,32,0
22222,0,1,0,6791,0
22223,2,2,1905,25321,0
22224,4,0,31574,0,0
22225,0,2,0,2200,0
22226,2,1,3050,189445,0
22227,0,1,0,41,0
22228,0,1,0,4710,0
22229,6,4,93189,10201,0
22230,2,0,9928,0,0
22231,2,1,1223,10754,0
22232,1,2,27,918,0
22233,0,5,0,10564,0
22234,2,0,17583,0,0
22235,1,0,5306,0,0
22236,0,8,0,11104,0
22237,1,0,7771,0,0
22238,1,0,631,0,0
22239,2,1,13034,1828,0
22240,0,3,0,196613,0
22241,0,1,0,10197,0
22242,0,1,0,123,0
22243,0,1,0,81592,0
22244,0,1,0,966,0
22245,0,1,0,732,0
22246,0,1,0,20983,0
22247,0,1,0,234,0
22248,0,1,0,8139,0
22249,0,1,0,5121,0
22250,0,1,0,2430,0
22251,0,1,0,2677,0
22252,0,1,0,7,0
22253,0,1,0,680,0
22254,0,1,0,165,0
22255,0,2,0,3179,0
22256,0,6,0,28995,0
22257,1,0,10070,0,0
22258,1,1,3630,10184,0
22259,0,8,0,55924,0
22260,5,0,776654,0,0
22261,12,0,99014,0,0
22262,0,3,0,25076,0
22263,1,0,22289,0,0
22264,3,0,2883005,0,0
22265,3,0,1266,0,0
22266,1,1,278,95,0
22267,1,0,447,0,0
22268,1,0,1284,0,0
22269,1,0,1143,0,0
22270,20,0,780410,0,0
22271,6,0,27531,0,0
22272,1,0,182,0,0
22273,1,0,274,0,0
22274,1,0,6,0,0
22275,1,1,867,567,0
22276,1,6,648,143489,0
22277,1,0,116872,0,0
22278,1,0,2443,0,0
22279,1,0,34,0,0
22280,2,0,12888,0,0
22281,2,0,10223,0,0
22282,2,0,1976,0,0
22283,1,6,8736,35372,0
22284,1,4,2301,33184,0
22285,2,1,18569,2301,0
22286,1,0,9115,0,0
22287,0,8,0,106311,0
22288,6,0,50930,0,0
22289,1,0,1419,0,0
22290,3,0,66268,0,0
22291,3,0,6107,0,0
22292,0,5,0,14020,0
22293,1,0,2251,0,0
22294,3,0,15249,0,0
22295,0,1,0,902,0
22296,0,1,0,31832,0
22297,0,1,0,387,0
22298,4,5,5202,25685,0
22299,2,0,1652,0,0
22300,0,1,0,572,0
22301,0,1,0,109,0
22302,3,0,15623,0,0
22303,1,0,112,0,0
22304,1,0,1253,0,0
22305,1,0,5446,0,0
22306,1,2,181,359503,0
22307,2,0,85881,0,0
22308,1,0,1870,0,0
22309,3,0,16727,0,0
22310,4,1,712631,11946,0
22311,2,0,7823,0,0
22312,1,1,289,207,0
22313,2,0,32788,0,0
22314,1,0,9205,0,0
22315,3,0,119977,0,0
22316,1,0,450,0,0
22317,1,1,18685,37153,0
22318,2,1,5711,608,0
22319,1,1,3530,5218,0
22320,1,0,12,0,0
22321,1,0,1341,0,0
22322,6,0,159396,0,0
22323,2,0,70,0,0
22324,1,0,1185,0,0
22325,1,0,378,0,0
22326,1,1,391,38900,0
22327,1,1,190,23272,0
22328,1,0,224,0,0
22329,2,0,16624,0,0
22330,1,0,12660,0,0
22331,5,0,469042,0,0
22332,1,0,120128,0,0
22333,1,0,983,0,0
22334,1,0,711,0,0
22335,1,0,381,0,0
22336,1,0,4017,0,0
22337,1,0,331,0,0
22338,1,0,1313,0,0
22339,3,1,149583,20134,1
22340,1,0,135,0,0
22341,2,0,71,0,0
22342,1,0,102,0,0
22343,1,0,2607,0,0
22344,1,1,81,1442,0
22345,3,1,27173,9,0
22346,2,3,3052,41174,0
22347,2,1,12136,16,0
22348,1,0,18372,0,0
22349,1,0,22240,0,0
22350,1,0,471793,0,0
22351,4,0,74790,0,0
22352,5,0,26438,0,0
22353,1,0,230,0,0
22354,1,1,3997,494,0
22355,1,0,507,0,0
22356,1,0,379,0,0
22357,6,0,762752,0,0
22358,1,0,439,0,0
22359,1,0,504,0,0
22360,0,2,0,260,0
22361,2,2,45268,822,0
22362,1,7,486,108094,0
22363,1,0,93844,0,0
22364,1,1,419,38,0
22365,1,1,2551,486,0
22366,1,3,2866,20099,0
22367,1,2,10,33448,0
22368,1,6,33435,23391,0
22369,3,11,2884,67770,0
22370,1,0,331,0,0
22371,1,0,9962,0,0
22372,1,0,411,0,0
22373,1,0,2443,0,0
22374,1,0,45,0,0
22375,2,0,8220,0,0
22376,2,1,3329,802,0
22377,0,2,0,4936,0
22378,0,2,0,43855,0
22379,3,0,1235,0,0
22380,3,4,11281,217582,0
22381,2,0,68299,0,0
22382,3,2,106264,10532,0
22383,9,9,78163,124383,0
22384,7,5,40821,36207,0
22385,2,1,1415313,525,0
22386,2,0,17,0,0
22387,1,0,472,0,0
22388,2,0,118237,0,0
22389,1,2,105,1408109,0
22390,0,3,0,672,0
22391,2,0,1087,0,0
22392,2,2,1231,304432,0
22393,0,2,0,23463,0
22394,0,3,0,1808,0
22395,1,0,216,0,0
22396,0,4,0,21509,0
22397,1,0,17236,0,0
22398,0,5,0,89630,0
22399,3,1,9666,1440,0
22400,1,0,67342,0,0
22401,1,1,15831,16832,0
22402,2,1,3483,210251,0
22403,7,3,2207,2443,0
22404,1,0,2069,0,0
22405,0,2,0,4177,0
22406,0,3,0,219981,0
22407,1,0,333,0,0
22408,1,0,8698,0,0
22409,2,0,23637,0,0
22410,3,0,102466,0,0
22411,2,1,50906,95103,0
22412,1,3,5973951,13111,0
22413,1,0,383,0,0
22414,4,3,148694,5974260,0
22415,0,5,0,28050,0
22416,1,0,904,0,0
22417,1,0,3512,0,0
22418,3,28,111512,501100,0
22419,2,0,583,0,0
22420,2,0,194034,0,0
22421,2,0,26740,0,0
22422,2,0,16111,0,0
22423,1,0,301,0,0
22424,1,0,33,0,0
22425,1,0,736,0,0
22426,1,0,5332,0,0
22427,1,0,18357,0,0
22428,1,0,12548,0,0
22429,2,1,4278,28147,0
22430,1,0,437,0,0
22431,1,0,120,0,0
22432,1,0,49,0,0
22433,2,3,22684,69812,0
22434,8,0,692018,0,0
22435,1,0,7,0,0
22436,1,0,40,0,0
22437,1,0,1,0,0
22438,2,0,42734,0,0
22439,1,1,598,3277,0
22440,4,14,4406,375497,0
22441,2,0,18225,0,0
22442,3,0,19186,0,0
22443,6,0,95544,0,0
22444,1,0,121830,0,0
22445,1,0,10188,0,0
22446,1,0,1931,0,0
22447,2,0,1361,0,0
22448,0,2,0,96,0
22449,9,6,12783,63235,0
22450,1,9,316759,13404,0
22451,4,0,1780,0,0
22452,1,3,459,7546,0
22453,8,1,48997,1183,0
22454,2,1,5470,13720,0
22455,2,0,9903,0,0
22456,0,2,0,3041,0
22457,2,3,4387,16625,0
22458,0,2,0,23200,0
22459,1,0,517,0,0
22460,2,1,129018,16964,0
22461,1,0,279,0,0
22462,1,1,1599,1971,0
22463,1,1,7238,8934,0
22464,1,0,7659,0,0
22465,1,0,133,0,0
22466,1,0,57,0,0
22467,1,0,1335,0,0
22468,2,0,5294,0,0
22469,1,0,13565,0,0
22470,1,0,8,0,0
22471,1,1,1671,85,0
22472,2,0,1916,0,0
22473,1,0,243,0,0
22474,1,0,494,0,0
22475,1,0,3591,0,0
22476,1,0,364,0,0
22477,1,1,3097,16754,0
22478,1,0,3155629,0,0
22479,3,1,1718,466,0
22480,3,2,1525,17858,0
22481,2,1,2154,1737,0
22482,5,0,15724,0,0
22483,1,1,82,8,0
22484,3,0,6255,0,0
22485,1,0,15914,0,0
22486,1,2,11738,23018,0
22487,2,0,1229,0,0
22488,1,1,2522,54659,0
22489,1,0,160,0,0
22490,1,0,1094,0,0
22491,1,1,3480,7658,0
22492,1,0,112286,0,0
22493,1,0,220,0,0
22494,1,0,833,0,0
22495,1,0,5510,0,0
22496,1,0,18905,0,0
22497,1,1,392064,47767,0
22498,1,0,1784,0,0
22499,1,0,1140,0,0
22500,1,1,110,1509,0
22501,1,0,4,0,0
22502,1,0,754,0,0
22503,3,0,140296,0,0
22504,21,5,355705,158208,0
22505,1,0,1342,0,0
22506,1,0,2548,0,0
22507,1,0,57,0,0
22508,1,3,4723,11294,0
22509,1,0,422,0,0
22510,0,2,0,5800,0
22511,1,0,4262,0,0
22512,2,7,8703,44470,0
22513,1,0,686,0,0
22514,1,0,9221,0,0
22515,3,1,37750,281,0
22516,1,0,458,0,0
22517,0,1,0,11096,0
22518,0,1,0,277,0
22519,0,6,0,60085,0
22520,1,0,187,0,0
22521,1,0,32705,0,0
22522,1,6,2609,31566,0
22523,1,2,2693,3190,0
22524,1,0,23,0,0
22525,1,2,5235,84245,0
22526,2,5,49675,42826,0
22527,1,1,312,47,0
22528,1,0,309,0,0
22529,0,4,0,18748,0
22530,1,0,3165,0,0
22531,1,2,6945,6948,0
22532,2,1,659,6945,0
22533,3,5,78887,36232,0
22534,1,0,11095,0,0
22535,4,0,88753,0,0
22536,1,0,20818,0,0
22537,3,6,258320,686376,0
22538,1,0,7664,0,0
22539,1,0,2482,0,0
22540,1,0,2788,0,0
22541,2,4,35317,53632,0
22542,1,0,9935,0,0
22543,1,9,1103,76288,0
22544,3,0,15140,0,0
22545,1,13,5411,112639,0
22546,1,1,12939,183016,0
22547,4,3,6449,40894,0
22548,1,0,3102,0,0
22549,4,17,58556,285403,0
22550,1,0,14050,0,0
22551,1,0,23527,0,0
22552,1,0,22233,0,0
22553,1,0,2071,0,0
22554,1,0,161,0,0
22555,1,1,1371,602,0
22556,1,1,171,56123,0
22557,1,0,18746,0,0
22558,1,0,5493,0,0
22559,2,0,2092,0,0
22560,1,0,45172,0,0
22561,1,0,275,0,0
22562,2,3,7316,76900,0
22563,1,0,24489,0,0
22564,7,16,15141,2897396,0
22565,3,0,15286,0,0
22566,1,0,488,0,0
22567,1,0,11924,0,0
22568,1,0,2686785,0,0
22569,1,1,1731,3169,0
22570,1,0,1101,0,0
22571,1,0,3605,0,0
22572,1,0,39337,0,0
22573,1,0,31,0,0
22574,1,0,9413,0,0
22575,1,0,15425,0,0
22576,1,0,3205,0,0
22577,1,0,2709,0,0
22578,1,0,115382,0,0
22579,1,9,171,635697,0
22580,6,0,12831,0,0
22581,2,1,555762,277,0
22582,1,0,34055,0,0
22583,9,0,967885,0,0
22584,3,0,1140258,0,0
22585,2,4,8590,971390,0
22586,1,4,1984,197194,0
22587,1,0,494,0,0
22588,1,0,159893,0,0
22589,0,3,0,19457,0
22590,1,1,17878,70,0
22591,1,1,1501,5864,0
22592,3,16,135691,388337,0
22593,2,0,649,0,0
22594,1,0,212,0,0
22595,1,0,132954,0,0
22596,1,0,1404,0,0
22597,2,0,11467,0,0
22598,6,0,63062,0,0
22599,1,2,111245,11223,0
22600,1,0,1405,0,0
22601,1,0,10749,0,0
22602,3,1,48178,204953,0
22603,2,10,969037,38067,0
22604,1,0,2618,0,0
22605,1,0,2889,0,0
22606,2,0,8345,0,1
22607,1,2,24379,1597,0
22608,1,1,383,9521,0
22609,1,0,147,0,0
22610,1,0,266,0,0
22611,1,2,97,148,0
22612,1,3,3156,3349,0
22613,1,2,799,3191,0
22614,0,13,0,200528,0
22615,1,0,25188,0,0
22616,1,0,3076,0,0
22617,1,1,3669,97,0
22618,1,0,1910,0,0
22619,1,1,27331,1412,0
22620,1,0,121242,0,0
22621,1,0,5931,0,0
22622,1,1,3480,1923,0
22623,1,2,504722,185330,0
22624,2,1,53594,3154,0
22625,2,0,36082,0,0
22626,1,0,118,0,0
22627,1,0,87,0,0
22628,0,3,0,1698,0
22629,3,0,5648,0,0
22630,0,2,0,31848,0
22631,0,3,0,14644,0
22632,1,11,52,53314,0
22633,4,1,20028,51,0
22634,2,0,10189,0,0
22635,1,0,3800,0,0
22636,1,0,583,0,0
22637,1,0,595,0,0
22638,1,3,7,7630,0
22639,0,2,0,2120,0
22640,0,2,0,3201,0
22641,2,3,5258,970,0
22642,2,0,10464,0,0
22643,1,0,27071,0,0
22644,1,0,1581,0,0
22645,1,3,1158,37183,0
22646,1,5,2124,734518,0
22647,7,1,329420,1509,0
22648,6,0,465865,0,0
22649,1,0,290,0,0
22650,4,0,165173,0,0
22651,4,3,20241,15982,0
22652,1,1,1229,158,0
22653,0,1,0,1093,0
22654,1,6,440,44864,0
22655,2,1,1157,1033,0
22656,1,0,671,0,0
22657,2,0,5605,0,0
22658,0,3,0,353060,0
22659,3,6,1982,13463,0
22660,1,0,170,0,0
22661,1,1,1159,9,0
22662,3,2,2091,7034,0
22663,2,8,50577,4635182,0
22664,1,0,980,0,0
22665,3,0,11677,0,0
22666,1,0,125,0,0
22667,0,4,0,91673,0
22668,2,0,94680,0,0
22669,3,5,3426,14895,0
22670,2,0,500,0,0
22671,1,0,94,0,0
22672,12,2,627453,4301,0
22673,2,8,32477,1965066,0
22674,1,2,1944288,45238,0
22675,1,0,883,0,0
22676,1,0,870,0,0
22677,1,1,1849,85,0
22678,1,0,12048,0,0
22679,1,3,174,4296,0
22680,2,0,1927,0,0
22681,1,0,16173,0,0
22682,2,7,2917,109996,0
22683,1,1,10218,2307,0
22684,1,0,82531,0,0
22685,6,0,11979,0,0
22686,3,4,2477,41401,0
22687,0,2,0,82,0
22688,0,2,0,54042,0
22689,0,3,0,99954,0
22690,1,0,11921,0,0
22691,1,2,811,1830,0
22692,0,8,0,21950,0
22693,2,0,5980,0,0
22694,2,0,9168,0,0
22695,0,6,0,5110,0
22696,0,2,0,24778,0
22697,4,4,553414,844758,0
22698,2,5,24465,135099,0
22699,1,0,6046,0,0
22700,9,1,165653,4101,0
22701,1,0,285,0,0
22702,2,0,4932,0,0
22703,1,4,2562,230305,0
22704,1,0,132,0,0
22705,1,0,33,0,0
22706,1,0,32715,0,0
22707,1,3,1013,11912,0
22708,1,0,10526,0,0
22709,1,3,303540,84004,0
22710,1,0,45648,0,0
22711,1,0,8628,0,0
22712,4,3,17418,19028,0
22713,3,0,15906,0,0
22714,1,6,38,55449,0
22715,1,0,11680,0,0
22716,3,0,9103,0,0
22717,1,0,1084,0,0
22718,1,0,9,0,0
22719,0,5,0,87999,0
22720,1,0,161,0,0
22721,0,2,0,11809,0
22722,1,3,299,16642,0
22723,2,0,419,0,0
22724,1,0,2028,0,0
22725,0,2,0,19549,0
22726,0,1,0,924,0
22727,2,3,106137,10896,0
22728,5,0,9612,0,0
22729,1,0,8251,0,0
22730,1,0,422,0,0
22731,1,0,509,0,0
22732,4,5,24000,467194,0
22733,1,1,106624,23,0
22734,1,0,23,0,0
22735,1,0,26,0,0
22736,0,2,0,55938,0
22737,6,0,128875,0,0
22738,1,2,87845,3912,0
22739,2,3,6390,87048,0
22740,2,0,84190,0,0
22741,0,1,0,66,0
22742,0,1,0,111,0
22743,0,2,0,701,0
22744,2,14,14287,290291,0
22745,2,0,60359,0,0
22746,2,0,3952,0,0
22747,2,0,2513,0,0
22748,1,0,839,0,0
22749,2,0,90889,0,0
22750,1,0,174,0,0
22751,1,1,23788,153,0
22752,1,0,244571,0,0
22753,1,0,925,0,0
22754,1,1,252,757,0
22755,1,5,1333,52726,0
22756,2,0,22359,0,0
22757,3,0,8566,0,0
22758,1,0,28236,0,0
22759,1,1,535,2886,0
22760,5,4,12921,17977,0
22761,0,3,0,3008,0
22762,1,4,246,444718,0
22763,1,0,785,0,0
22764,0,16,0,489318,0
22765,1,0,1009,0,0
22766,2,1,99,40046,0
22767,1,1,52907,699,0
22768,1,0,4884,0,0
22769,1,0,250,0,0
22770,1,1,45,2336,0
22771,1,0,72583,0,0
22772,0,3,0,5461,0
22773,1,0,4217,0,0
22774,4,12,29200,232803,0
22775,1,0,108,0,0
22776,3,0,593,0,0
22777,1,1,309,1094,0
22778,1,0,140,0,0
22779,3,0,19262,0,0
22780,0,7,0,22871,0
22781,1,0,13091,0,0
22782,1,0,5396,0,0
22783,2,0,835,0,0
22784,1,0,755,0,0
22785,1,0,236,0,0
22786,5,4,118657,17770,0
22787,9,5,58846,10666,0
22788,1,0,5293,0,0
22789,0,2,0,12352,0
22790,0,2,0,2674,0
22791,2,0,4180,0,0
22792,0,3,0,43748,0
22793,4,4,24295,29423,0
22794,1,0,723,0,0
22795,1,3,29117,23123,0
22796,1,2,923,23693,0
22797,1,8,311,413515,0
22798,2,0,2622,0,0
22799,3,0,94601,0,0
22800,2,1,262662,21276,0
22801,1,0,90,0,0
22802,3,3,192481,28136,0
22803,1,0,4701,0,0
22804,3,3,13116,3946,0
22805,2,7,5607,14147,0
22806,2,0,7772,0,0
22807,2,0,15474,0,0
22808,3,0,10368,0,0
22809,1,5,2138,1331623,0
22810,3,3,3605,15686,0
22811,4,2,209661,297,0
22812,4,0,2125037,0,0
22813,1,0,2525,0,0
22814,1,1,22,947,0
22815,1,0,15120,0,0
22816,1,0,2422,0,0
22817,5,1,1329222,11686,0
22818,1,0,67,0,0
22819,2,0,55,0,0
22820,1,0,99,0,0
22821,1,0,1191,0,0
22822,0,11,0,137300,0
22823,2,1,250170,4124,0
22824,1,0,625,0,0
22825,0,1,0,2161,0
22826,0,1,0,15617,0
22827,0,4,0,8115,0
22828,2,0,9838,0,0
22829,0,7,0,61828,0
22830,3,1,6897,7819,0
22831,4,8,29654,162068,0
22832,3,0,17229,0,0
22833,1,2,19592,10514,0
22834,2,0,3260,0,0
22835,2,0,5103,0,0
22836,1,1,8,55,0
22837,1,0,168,0,0
22838,1,0,1243,0,0
22839,1,1,50279,1962,0
22840,1,0,21649,0,0
22841,1,1,966,1628,0
22842,1,0,1406,0,0
22843,1,0,11215,0,0
22844,1,0,8479,0,0
22845,3,0,10236,0,0
22846,1,0,3320,0,0
22847,1,1,332,2708,0
22848,1,0,289,0,0
22849,3,0,28953,0,0
22850,2,0,4726,0,0
22851,1,0,15795,0,0
22852,1,0,1482062,0,0
22853,1,0,10577,0,0
22854,1,0,236,0,0
22855,2,2,2855,145120,0
22856,1,0,28228,0,0
22857,1,0,1019,0,0
22858,1,0,134,0,0
22859,1,1,1446,1214,0
22860,1,0,100,0,0
22861,1,0,766,0,0
22862,1,0,3625,0,0
22863,1,0,2804,0,0
22864,1,1,54,10319,0
22865,1,1,2934,14,0
22866,1,0,21052,0,0
22867,1,2,1278,393740,0
22868,0,7,0,88436,0
22869,0,2,0,15138,0
22870,2,0,20429,0,0
22871,0,11,0,66071,0
22872,1,0,10805,0,0
22873,2,0,10069,0,0
22874,1,0,257,0,0
22875,1,0,1095,0,0
22876,2,0,2325,0,0
22877,1,0,1426,0,0
22878,1,0,37426,0,0
22879,1,2,3498,86613,0
22880,0,1,0,1966,0
22881,1,0,1031,0,0
22882,1,0,177,0,0
22883,1,0,925,0,0
22884,1,0,4,0,0
22885,1,0,45,0,0
22886,1,0,151,0,0
22887,2,0,852,0,0
22888,1,0,5852,0,0
22889,1,1,16,8200,0
22890,1,9,84212,175075,0
22891,2,1,27962,63004,0
22892,1,0,313,0,0
22893,0,10,0,507577,0
22894,6,9,22394,577006,0
22895,1,0,10158,0,0
22896,1,0,279131,0,0
22897,1,0,125244,0,0
22898,0,6,0,6347,0
22899,2,0,236,0,0
22900,1,2,3456,13110,0
22901,2,0,4645,0,0
22902,0,2,0,6262,0
22903,5,0,3168,0,0
22904,0,1,0,457,0
22905,0,8,0,162292,0
22906,3,1,10424,89,0
22907,1,0,1093,0,0
22908,1,1,23702,562,0
22909,1,0,65126,0,0
22910,0,8,0,71022,0
22911,2,0,655,0,0
22912,1,0,860,0,0
22913,1,0,46576,0,0
22914,1,0,428,0,0
22915,7,1,84898,949,0
22916,2,2,1767,21824,0
22917,1,0,10282,0,0
22918,1,5,3451,11944,0
22919,3,0,30364,0,0
22920,1,0,566,0,0
22921,0,5,0,55620,0
22922,1,0,50,0,0
22923,3,4,46891,84551,0
22924,1,2,1519,31906,0
22925,3,5,93596,10576,0
22926,1,0,449,0,0
22927,5,19,16737,389804,0
22928,1,0,350,0,0
22929,3,4,122390,12960,0
22930,1,0,4951,0,0
22931,8,0,237085,0,0
22932,1,1,10936,22,0
22933,1,0,3269,0,0
22934,1,0,8773,0,0
22935,1,0,389,0,0
22936,2,1,7421,2685953,0
22937,1,0,48423,0,0
22938,3,1,47977,42,0
22939,1,0,16722,0,0
22940,1,0,602,0,0
22941,1,3,2291,339127,0
22942,1,0,3349,0,0
22943,1,0,88501,0,0
22944,0,3,0,4518,0
22945,1,1,2415,1929,0
22946,2,0,2486,0,0
22947,1,1,3805,3379329,0
22948,2,0,16154,0,0
22949,3,0,99592,0,0
22950,1,0,139,0,0
22951,3,9,600,223304,0
22952,2,0,7825,0,0
22953,1,0,480,0,0
22954,1,0,5024,0,0
22955,1,0,139162,0,0
22956,2,0,18891,0,0
22957,1,1,45157,47,0
22958,2,0,11268,0,0
22959,0,6,0,4961,0
22960,4,0,2397,0,0
22961,1,0,316,0,0
22962,3,0,28678,0,0
22963,1,0,32717,0,0
22964,1,0,3541960,0,0
22965,2,0,4204,0,0
22966,1,0,101,0,0
22967,1,0,5039,0,0
22968,2,0,3642,0,0
22969,1,0,7575,0,0
22970,1,1,16312,690,0
22971,1,0,104,0,0
22972,0,1,0,3763,0
22973,1,3,487,50116,0
22974,0,2,0,913,0
22975,1,1,51,8868,0
22976,0,4,0,30588,0
22977,0,3,0,175303,0
22978,1,1,427,600,0
22979,0,2,0,10302,0
22980,0,3,0,169461,0
22981,3,0,238814,0,0
22982,1,0,619,0,0
22983,0,2,0,6462,0
22984,0,2,0,15425,0
22985,0,2,0,50422,0
22986,0,3,0,456810,0
22987,1,0,3,0,0
22988,1,3,408990,7387,0
22989,1,3,6446,3491,0
22990,1,0,609,0,0
22991,1,2,813,3470,0
22992,2,1,4043,813,0
22993,0,2,0,18154,0
22994,0,2,0,2108,0
22995,0,3,0,58489,0
22996,1,0,486,0,0
22997,0,1,0,16078,0
22998,3,0,6648,0,0
22999,1,0,88,0,0
23000,2,0,21348,0,0
23001,2,3,9567,8241,0
23002,1,0,2716,0,0
23003,0,2,0,195175,0
23004,3,0,198392,0,0
23005,0,2,0,214481,0
23006,2,0,209176,0,0
23007,0,1,0,19559,0
23008,2,2,26774,1768,0
23009,7,5,2204057,35487,0
23010,1,0,29962,0,0
23011,2,3,7835,19415,0
23012,1,0,119,0,0
23013,1,0,34,0,0
23014,1,1,13,2476,0
23015,4,1,43087,114,0
23016,6,2,153441,1493,0
23017,1,1,1443,424,0
23018,2,12,17241,390306,0
23019,1,2,51755,26956,0
23020,2,0,1241,0,0
23021,1,0,13061,0,0
23022,1,0,235583,0,0
23023,1,0,5073,0,0
23024,1,0,6903,0,0
23025,1,0,24545,0,0
23026,2,2,19566,4260,0
23027,0,2,0,57369,0
23028,1,1,394,29242,0
23029,0,4,0,59863,0
23030,1,2,58063,44508,0
23031,1,0,7851,0,0
23032,1,0,616299,0,0
23033,2,0,13217,0,0
23034,0,1,0,1442,0
23035,3,3,56735,75134,0
23036,1,0,104,0,0
23037,2,3,967,3263,0
23038,1,5,674,48126,0
23039,1,6,44,166776,0
23040,3,0,200358,0,0
23041,3,2,43394,8607,0
23042,1,0,15796,0,0
23043,1,2,172,6968,0
23044,0,2,0,6209,0
23045,5,2,253053,56851,0
23046,1,1,9694,15463,0
23047,0,3,0,9470,0
23048,1,1,80,120742,0
23049,1,1,1744,343,0
23050,3,3,30944,124179,0
23051,0,7,0,251901,0
23052,5,2,80874,10314,0
23053,1,0,9162,0,0
23054,1,0,395,0,0
23055,1,0,84,0,0
23056,1,0,175,0,0
23057,0,6,0,30154,0
23058,23,19,728853,940949,0
23059,2,0,465,0,0
23060,1,0,9255,0,0
23061,1,0,7992,0,0
23062,1,0,189,0,0
23063,1,0,806,0,0
23064,1,0,1392,0,0
23065,2,0,6449,0,0
23066,2,1,2434,13475,0
23067,1,0,104,0,0
23068,6,0,18268,0,0
23069,1,0,16553,0,0
23070,1,0,215323,0,0
23071,1,2,7432,2205,0
23072,0,4,0,114062,0
23073,1,0,56597,0,0
23074,1,0,79,0,0
23075,2,5,4732,37296,0
23076,3,0,8828,0,0
23077,1,0,566,0,0
23078,1,1,329,94,0
23079,16,4,42738,421886,0
23080,1,0,5133,0,0
23081,2,1,444,9544,0
23082,2,5,4293,17472,0
23083,1,0,2309,0,0
23084,1,0,465,0,0
23085,0,10,0,78115,0
23086,1,0,695,0,0
23087,2,0,34281,0,0
23088,1,0,220,0,0
23089,1,0,68405,0,0
23090,1,0,1159,0,0
23091,2,0,7796,0,0
23092,0,2,0,1716,0
23093,2,0,3664,0,0
23094,1,1,1,49514,0
23095,0,2,0,5768,0
23096,0,3,0,116940,0
23097,2,1,2389,62468,0
23098,1,0,23383,0,0
23099,9,0,94595,0,0
23100,1,0,31644,0,0
23101,1,1,772,10854,0
23102,1,0,3953,0,0
23103,1,0,73,0,0
23104,1,0,40553,0,0
23105,1,0,9802,0,0
23106,1,0,596,0,0
23107,2,0,3194,0,0
23108,3,1,114469,10413,0
23109,1,0,684,0,0
23110,1,0,6008,0,0
23111,2,1,15254,1092,0
23112,8,6,47714,6287,0
23113,1,0,89,0,0
23114,1,0,854,0,0
23115,1,1,107,661,0
23116,1,0,1787,0,0
23117,1,0,99039,0,0
23118,1,0,343,0,0
23119,1,0,462,0,0
23120,1,0,90121,0,0
23121,0,4,0,50126,0
23122,1,0,23179,0,0
23123,1,0,6883,0,0
23124,1,0,53565,0,0
23125,1,1,486,103,0
23126,1,0,9072,0,0
23127,1,0,11699,0,0
23128,1,0,14794,0,0
23129,1,0,358,0,0
23130,1,1,3651,126,0
23131,6,0,35640,0,0
23132,7,0,61816,0,0
23133,0,3,0,91481,0
23134,3,2,134318,21098,0
23135,0,5,0,44302,0
23136,2,0,30201,0,0
23137,10,0,80137,0,0
23138,0,1,0,10327,0
23139,0,1,0,5,0
23140,1,1,1221,124,0
23141,1,2,3358,1269,0
23142,0,1,0,289,0
23143,0,2,0,6447,0
23144,2,3,2523,18020,0
23145,0,1,0,790,0
23146,0,2,0,381,0
23147,0,2,0,53,0
23148,0,2,0,3909,0
23149,1,1,44097,40577,0
23150,0,1,0,232,0
23151,0,1,0,11640,0
23152,0,2,0,2572,0
23153,0,1,0,12924,0
23154,0,1,0,168706,0
23155,0,1,0,15567,0
23156,0,2,0,554329,0
23157,4,2,573618,132559,0
23158,0,1,0,4524,0
23159,0,1,0,114,0
23160,1,1,2779,1461,0
23161,0,1,0,23800,0
23162,0,1,0,635,0
23163,0,1,0,220,0
23164,0,1,0,5752,0
23165,0,1,0,12769,0
23166,0,1,0,27893,0
23167,0,1,0,285,0
23168,0,1,0,315,0
23169,0,3,0,312148,0
23170,0,1,0,1997,0
23171,0,1,0,41348,0
23172,0,1,0,93803,0
23173,0,1,0,442,0
23174,0,1,0,16,0
23175,0,1,0,14670,0
23176,0,1,0,677,0
23177,0,1,0,63452,0
23178,0,2,0,52408,0
23179,0,1,0,2066,0
23180,0,1,0,20943,0
23181,0,1,0,3017,0
23182,0,1,0,7,0
23183,0,1,0,17,0
23184,1,3,7742,57809,0
23185,5,6,30547,11238,0
23186,0,2,0,84624,0
23187,0,1,0,1757,0
23188,0,2,0,6015,0
23189,0,2,0,2196,0
23190,0,1,0,1667,0
23191,0,6,0,61069,0
23192,0,6,0,63576,0
23193,0,3,0,568821,0
23194,0,1,0,538,0
23195,1,0,1229,0,0
23196,1,1,93785,10,0
23197,1,7,716,58627,0
23198,0,1,0,870,0
23199,0,1,0,3288,0
23200,1,1,44062,1945,0
23201,1,3,128,15442,0
23202,2,17,8670,998333,0
23203,1,0,14345,0,0
23204,0,1,0,4,0
23205,0,1,0,450,0
23206,0,2,0,32586,0
23207,0,1,0,2564,0
23208,0,6,0,172584,0
23209,2,0,90813,0,0
23210,1,0,22,0,0
23211,2,0,205,0,0
23212,2,4,40323,629816,0
23213,0,3,0,192336,0
23214,0,1,0,78745,0
23215,0,1,0,153,0
23216,0,1,0,260,0
23217,0,1,0,54,0
23218,0,1,0,1252,0
23219,0,2,0,14370,0
23220,0,1,0,6091,0
23221,3,1,69966,17554,0
23222,0,1,0,1231,0
23223,0,1,0,52,0
23224,0,2,0,7140,0
23225,1,2,35117,24525,0
23226,0,1,0,323,0
23227,0,3,0,24202,0
23228,1,1,212,325,0
23229,0,1,0,351,0
23230,0,1,0,361,0
23231,0,2,0,505,0
23232,0,1,0,53,0
23233,0,1,0,8994,0
23234,0,2,0,20781,0
23235,3,8,36551,112881,0
23236,1,1,1312,11129,0
23237,4,2,5868,10849,0
23238,3,0,1545,0,0
23239,2,1,66494,202,0
23240,2,0,2110,0,0
23241,0,1,0,249,0
23242,0,1,0,9523,0
23243,0,1,0,520,0
23244,1,1,591,6,0
23245,0,1,0,2237,0
23246,0,1,0,663,0
23247,0,1,0,29472,0
23248,0,1,0,870,0
23249,0,1,0,8,0
23250,0,1,0,701,0
23251,0,1,0,34,0
23252,0,1,0,129,0
23253,0,1,0,264,0
23254,0,1,0,9492,0
23255,0,1,0,265,0
23256,1,2,1363,16307,0
23257,0,1,0,416,0
23258,0,2,0,27724,0
23259,0,1,0,312,0
23260,0,1,0,322,0
23261,0,1,0,759,0
23262,0,1,0,861,0
23263,0,1,0,23530,0
23264,0,1,0,669,0
23265,0,2,0,37475,0
23266,0,1,0,4091,0
23267,0,1,0,434,0
23268,0,1,0,227,0
23269,0,1,0,1751,0
23270,0,2,0,1115,0
23271,1,1,1021,5835,0
23272,4,1,40603,9023,0
23273,0,1,0,345,0
23274,0,1,0,8226,0
23275,0,1,0,453,0
23276,0,1,0,2067,0
23277,2,0,24629,0,0
23278,0,1,0,233,0
23279,0,1,0,18022,0
23280,0,1,0,22512,0
23281,0,1,0,42,0
23282,2,1,12294,15606,0
23283,0,1,0,11914,0
23284,0,2,0,406,0
23285,1,3,26,6151,0
23286,1,0,31,0,0
23287,1,0,6068,0,0
23288,0,2,0,16812,0
23289,1,1,2060,462,0
23290,0,1,0,502,0
23291,1,0,1616,0,0
23292,0,1,0,720,0
23293,0,2,0,4349,0
23294,1,2,86,15145,0
23295,0,1,0,909,0
23296,0,1,0,34109,0
23297,0,7,0,156603,0
23298,2,1,141040,3101,0
23299,1,0,13484,0,0
23300,4,7,17769,31305,0
23301,1,3,27,87315,0
23302,1,4,585,935444,0
23303,0,2,0,3499,0
23304,0,1,0,2333,0
23305,1,1,3191,64126,0
23306,0,4,0,12220,0
23307,1,2,774,7252,0
23308,0,1,0,900,0
23309,0,1,0,4418,0
23310,0,1,0,4408,0
23311,0,1,0,5,0
23312,0,1,0,913,0
23313,0,1,0,218,0
23314,0,1,0,4743,0
23315,0,1,0,139,0
23316,0,1,0,1691,0
23317,0,1,0,122,0
23318,0,1,0,1159,0
23319,0,1,0,221009,0
23320,0,1,0,101710,0
23321,0,1,0,305,0
23322,0,1,0,19060,0
23323,0,2,0,7168,0
23324,0,1,0,185,0
23325,1,11,14989,129928,0
23326,0,1,0,93,0
23327,0,2,0,2209,0
23328,0,1,0,1994,0
23329,0,1,0,280774,0
23330,0,1,0,469,0
23331,0,1,0,1307,0
23332,1,1,1600164,14934,0
23333,0,1,0,2567,0
23334,0,1,0,8,0
23335,0,1,0,516,0
23336,0,2,0,4262,0
23337,2,0,1836,0,0
23338,0,2,0,104863,0
23339,1,1,7198,1410,0
23340,0,1,0,185,0
23341,0,1,0,7950,0
23342,0,1,0,92,0
23343,0,1,0,1943,0
23344,0,1,0,1280,0
23345,0,1,0,40,0
23346,0,2,0,6701,0
23347,0,4,0,73159,0
23348,0,1,0,21,0
23349,0,2,0,4511,0
23350,1,1,471,8004,0
23351,0,2,0,2312,0
23352,0,1,0,25861,0
23353,0,1,0,69,0
23354,0,1,0,333,0
23355,0,1,0,9617,0
23356,0,2,0,10234,0
23357,12,5,186110,21377,0
23358,0,1,0,73652,0
23359,0,1,0,15575,0
23360,0,4,0,13267,0
23361,0,1,0,72,0
23362,0,1,0,881,0
23363,1,0,64,0,0
23364,0,2,0,27748,0
23365,0,8,0,121646,0
23366,9,1,61841,740,0
23367,0,1,0,2843,0
23368,0,1,0,136,0
23369,0,1,0,2749,0
23370,0,1,0,548,0
23371,0,2,0,2663,0
23372,0,2,0,586,0
23373,2,0,1203,0,0
23374,0,1,0,274,0
23375,0,2,0,1340,0
23376,1,1,63008,7036,0
23377,1,0,16529,0,0
23378,1,0,1674,0,0
23379,2,0,440,0,0
23380,1,0,1093,0,0
23381,2,0,2497,0,0
23382,1,0,350,0,0
23383,2,0,6893,0,0
23384,2,0,21956,0,0
23385,1,0,9994,0,0
23386,1,0,152,0,0
23387,1,0,4373,0,0
23388,2,0,4476,0,0
23389,1,0,7922,0,0
23390,2,0,193523,0,0
23391,1,0,2957,0,0
23392,1,1,11060,28856,0
23393,1,0,600,0,0
23394,1,0,840,0,0
23395,1,0,752,0,0
23396,1,2,992,12323,0
23397,2,0,22098,0,0
23398,1,0,250,0,0
23399,1,0,2126,0,0
23400,1,0,25354,0,0
23401,2,0,34705,0,0
23402,1,1,643,986,0
23403,1,1,2798,2435,0
23404,1,0,3301,0,0
23405,1,0,58,0,0
23406,1,0,20,0,0
23407,1,0,1014714,0,0
23408,1,0,430390,0,0
23409,1,0,603,0,0
23410,2,0,1263,0,0
23411,3,2,21168,8134,0
23412,2,2,2371,2749,0
23413,1,1,286,492,0
23414,1,1,43421,222,0
23415,1,0,11610,0,0
23416,1,1,548,538,0
23417,1,1,265,4778,0
23418,2,5,22916,13747,0
23419,1,0,939,0,0
23420,1,2,4477,143444,0
23421,1,1,115,6221,0
23422,2,2,163241,3696,0
23423,1,0,226,0,0
23424,1,0,1685,0,0
23425,1,0,7075,0,0
23426,1,0,4771,0,0
23427,1,0,3843,0,0
23428,1,0,17,0,0
23429,1,0,940,0,0
23430,1,0,7480,0,0
23431,1,0,3157,0,0
23432,1,0,106,0,0
23433,1,0,57,0,0
23434,1,1,308,148,0
23435,2,0,612,0,0
23436,1,1,29,68,0
23437,1,0,2839,0,0
23438,1,1,331,563,0
23439,1,0,287,0,0
23440,0,1,0,523518,0
23441,0,1,0,236061,0
23442,0,1,0,66901,0
23443,0,1,0,1245,0
23444,0,1,0,2013,0
23445,0,1,0,319,0
23446,0,2,0,16159,0
23447,2,1,1595,4472,0
23448,0,1,0,191,0
23449,0,1,0,156984,0
23450,0,1,0,1787,0
23451,0,1,0,399,0
23452,0,1,0,808,0
23453,0,1,0,373,0
23454,10,7,430451,336265,0
23455,0,1,0,83,0
23456,0,1,0,916,0
23457,0,1,0,4991,0
23458,0,1,0,3518,0
23459,0,1,0,144,0
23460,0,1,0,23383,0
23461,0,1,0,3265,0
23462,0,1,0,405279,0
23463,0,2,0,1428,0
23464,0,2,0,7613,0
23465,0,1,0,574,0
23466,0,1,0,4635,0
23467,0,1,0,4113,0
23468,0,1,0,13114,0
23469,1,0,962,0,0
23470,1,0,28,0,0
23471,1,0,340,0,0
23472,1,0,1446,0,0
23473,1,0,150,0,0
23474,1,0,716,0,0
23475,1,0,2283,0,0
23476,1,0,10,0,0
23477,1,0,2440,0,0
23478,1,0,20,0,0
23479,1,0,1964,0,0
23480,1,0,3750,0,0
23481,0,1,0,4492,0
23482,0,1,0,3497,0
23483,0,1,0,7925,0
23484,0,2,0,22489,0
23485,0,1,0,619,0
23486,0,2,0,477,0
23487,1,1,12344,999,0
23488,0,2,0,17768,0
23489,1,0,17580,0,0
23490,0,1,0,88263,0
23491,0,1,0,11558,0
23492,0,1,0,3249,0
23493,0,2,0,36348,0
23494,0,4,0,10621,0
23495,0,2,0,433108,0
23496,0,3,0,21798,0
23497,0,1,0,23,0
23498,0,2,0,46211,0
23499,0,1,0,259,0
23500,0,1,0,414,0
23501,0,3,0,63095,0
23502,0,1,0,43689,0
23503,0,1,0,2656,0
23504,0,1,0,31912,0
23505,0,1,0,5081,0
23506,0,1,0,882,0
23507,0,1,0,20,0
23508,0,1,0,2082,0
23509,0,1,0,48,0
23510,0,1,0,4941,0
23511,0,1,0,114,0
23512,0,1,0,104,0
23513,0,1,0,64651,0
23514,1,2,73,10621,0
23515,1,2,10035,957,0
23516,0,1,0,2157,0
23517,0,1,0,129,0
23518,0,1,0,534,0
23519,0,1,0,45,0
23520,0,1,0,106513,0
23521,0,1,0,69,0
23522,0,3,0,4949,0
23523,0,2,0,1641,0
23524,0,1,0,423,0
23525,0,2,0,27609,0
23526,0,2,0,80167,0
23527,0,1,0,9,0
23528,0,2,0,19263,0
23529,0,2,0,1697,0
23530,0,2,0,8243,0
23531,0,1,0,11,0
23532,0,1,0,5372,0
23533,0,2,0,3692,0
23534,0,2,0,5696,0
23535,0,2,0,369,0
23536,0,1,0,540,0
23537,0,1,0,22511,0
23538,1,0,14055,0,0
23539,1,0,4215,0,0
23540,1,0,245,0,0
23541,1,0,38330,0,0
23542,1,0,233,0,0
23543,1,0,777,0,0
23544,1,0,895173,0,0
23545,1,0,129628,0,0
23546,0,1,0,189,0
23547,1,1,86,545,0
23548,0,1,0,2206,0
23549,0,1,0,29915,0
23550,0,2,0,150239,0
23551,0,2,0,26290,0
23552,1,0,16898,0,0
23553,0,1,0,347,0
23554,1,0,2824,0,0
23555,2,0,5549,0,0
23556,1,0,3568,0,0
23557,1,0,14681,0,0
23558,1,1,10780,844,0
23559,1,0,186,0,0
23560,1,0,3874,0,0
23561,7,0,1993006,0,0
23562,2,0,43802,0,0
23563,2,1,7537,45560,0
23564,1,0,105,0,0
23565,2,0,84123,0,0
23566,2,0,5519,0,0
23567,0,1,0,51826,0
23568,0,1,0,2649,0
23569,0,1,0,8014,0
23570,1,1,541,5075,0
23571,4,13,69331,97424,0
23572,1,2,960,302,0
23573,0,1,0,1298105,0
23574,1,1,178,1549,0
23575,0,1,0,85,0
23576,0,1,0,46,0
23577,2,1,15422,738775,0
23578,3,9,38760,126768,0
23579,1,0,51,0,0
23580,5,0,12082,0,0
23581,1,0,2547,0,0
23582,1,1,12409,5795,0
23583,2,0,25500,0,0
23584,1,0,90069,0,0
23585,0,1,0,17696,0
23586,0,2,0,209392,0
23587,1,0,639,0,0
23588,1,0,83,0,0
23589,0,1,0,293,0
23590,1,1,3536,17146,0
23591,0,1,0,211,0
23592,2,7,8282,112124,0
23593,0,7,0,55010,0
23594,1,1,47823,751,0
23595,1,1,1503,32140,0
23596,1,0,195,0,0
23597,12,2,168190,3570,0
23598,1,0,24088,0,0
23599,1,0,6039,0,0
23600,1,0,39448,0,0
23601,1,2,7712,2641,0
23602,1,0,28371,0,0
23603,1,0,71,0,0
23604,1,1,4621,446,0
23605,2,0,3687,0,0
23606,2,0,103302,0,0
23607,1,0,394,0,0
23608,2,0,28431,0,0
23609,1,0,241,0,0
23610,2,0,328,0,0
23611,1,0,16,0,0
23612,1,1,57,6274,0
23613,0,1,0,1126,0
23614,0,1,0,270,0
23615,0,1,0,944,0
23616,0,1,0,1094,0
23617,0,2,0,158,0
23618,0,1,0,273,0
23619,1,1,86,26343,0
23620,0,1,0,91836,0
23621,0,1,0,7736,0
23622,0,2,0,12612,0
23623,1,0,16,0,0
23624,1,0,526,0,0
23625,4,0,83971,0,0
23626,2,0,49140,0,0
23627,1,0,2868,0,0
23628,1,0,2713,0,0
23629,1,0,36255,0,0
23630,1,0,130273,0,0
23631,0,6,0,6540,0
23632,1,1,3389,3066,0
23633,1,0,47,0,0
23634,1,0,1305,0,0
23635,1,1,147,1143,0
23636,1,0,1143,0,0
23637,1,4,12369,11300,0
23638,2,3,98645,5171,0
23639,1,5,2749,43946,0
23640,0,6,0,70068,0
23641,1,0,480,0,0
23642,1,0,80,0,0
23643,2,0,55336,0,0
23644,7,0,28536,0,0
23645,1,0,4377,0,0
23646,6,13,9963,70787,0
23647,1,0,409,0,0
23648,1,0,122,0,0
23649,1,0,797,0,0
23650,1,1,188,1447,0
23651,1,0,778,0,0
23652,1,0,391789,0,0
23653,1,0,9336,0,0
23654,1,0,279,0,0
23655,1,0,6035,0,0
23656,0,2,0,7454,0
23657,6,12,223928,96904,0
23658,1,0,861,0,0
23659,1,0,12,0,0
23660,1,0,2284,0,0
23661,1,1,11299,358,0
23662,1,0,143,0,0
23663,1,0,32573,0,0
23664,1,1,2630,9,0
23665,0,5,0,83869,0
23666,1,2,66,66951,0
23667,1,0,81236,0,0
23668,1,0,113,0,0
23669,1,0,1722,0,0
23670,0,3,0,980,0
23671,2,0,411364,0,0
23672,2,0,5266,0,0
23673,5,8,127658,434962,0
23674,4,0,8605,0,0
23675,1,0,1246,0,0
23676,1,0,194,0,0
23677,1,0,1053,0,0
23678,2,0,16993,0,0
23679,1,0,409982,0,0
23680,2,0,1454,0,0
23681,1,5,39,346143,0
23682,1,0,304185,0,0
23683,1,1,38630,350,0
23684,1,1,5614,263,0
23685,2,0,79717,0,0
23686,0,1,0,8464,0
23687,1,2,599,215,0
23688,3,0,2398,0,0
23689,2,3,2104,7715,0
23690,1,1,583,129,0
23691,0,1,0,4523,0
23692,2,6,857,1399483,0
23693,2,0,24353,0,0
23694,1,0,1862,0,0
23695,1,0,29038,0,0
23696,0,2,0,8768,0
23697,2,0,4867,0,0
23698,0,2,0,1096,0
23699,0,2,0,38746,0
23700,2,5,1613,50844,0
23701,1,1,45799,9593,0
23702,1,1,822,467084,0
23703,0,4,0,26529,0
23704,1,0,56,0,0
23705,1,0,87,0,0
23706,0,2,0,93090,0
23707,1,0,92896,0,0
23708,5,3,4664,2321,0
23709,1,0,1059,0,0
23710,1,0,2504,0,0
23711,1,0,140,0,0
23712,2,0,1354252,0,0
23713,5,3,85462,23278,0
23714,1,1,3344,35,0
23715,0,3,0,11476,0
23716,1,0,3897,0,0
23717,2,1,5688,420,0
23718,0,4,0,11503,0
23719,2,0,40338,0,0
23720,0,1,0,6736,0
23721,2,3,3124,10110,0
23722,2,0,12947,0,0
23723,2,1,875,960,0
23724,0,2,0,201187,0
23725,1,6,508,72233,0
23726,1,0,1308,0,0
23727,1,1,3492,508,0
23728,1,0,387,0,0
23729,1,1,106,78484,0
23730,0,5,0,15406,0
23731,1,0,1042,0,0
23732,2,0,2315,0,0
23733,6,3,1047953,643,0
23734,2,0,906,0,0
23735,1,5,76,966175,0
23736,5,1,26630,6479,0
23737,0,1,0,776,0
23738,1,2,0,67136,0
23739,1,2,9309,18150,0
23740,2,0,827,0,0
23741,1,2,35,57225,0
23742,1,0,3608,0,0
23743,1,8,1534,140727,0
23744,4,1,42425,175639,0
23745,1,0,101562,0,0
23746,1,0,152,0,0
23747,1,0,4099,0,0
23748,1,0,27096,0,0
23749,1,1,3564,24,0
23750,2,0,1617,0,0
23751,0,4,0,13223,0
23752,6,3,367686,25859,0
23753,1,4,51,46245,0
23754,1,0,49,0,0
23755,1,1,6972,1712,0
23756,2,7,1706,17876,0
23757,1,0,41,0,0
23758,1,0,5857,0,0
23759,1,0,1567,0,0
23760,1,1,397,1157,0
23761,2,1,605,737,0
23762,1,4,373,168720,0
23763,1,1,253,277763,0
23764,2,0,1889,0,0
23765,1,0,168156,0,0
23766,0,2,0,2041370,0
23767,0,2,0,51924,0
23768,0,4,0,54069,0
23769,3,2,6804,775,0
23770,0,3,0,68619,0
23771,2,0,61135,0,0
23772,0,2,0,6535,0
23773,0,2,0,6797,0
23774,1,0,1902,0,0
23775,0,1,0,101142,0
23776,0,1,0,4741,0
23777,0,1,0,336,0
23778,3,1,6378,2163,0
23779,1,1,6802,2595,0
23780,1,1,116,255,0
23781,0,2,0,313,0
23782,6,2,22942,814,0
23783,7,6,276752,197883,1
23784,0,1,0,9017,0
23785,0,1,0,2003,0
23786,0,1,0,21490,0
23787,2,9,16860,60530,0
23788,3,0,14399,0,0
23789,1,0,3340,0,0
23790,1,0,236,0,0
23791,1,0,25697,0,0
23792,2,3,43810,8237,0
23793,0,5,0,36359,0
23794,2,0,34764,0,0
23795,0,1,0,979,0
23796,0,5,0,113933,0
23797,1,0,2547,0,0
23798,1,0,4935,0,0
23799,1,0,11253,0,0
23800,1,2,591,5582,0
23801,0,8,0,452396,0
23802,1,0,127,0,0
23803,1,0,144890,0,0
23804,1,0,38918,0,0
23805,1,0,252506,0,0
23806,1,3,436,80984,0
23807,1,0,571,0,0
23808,0,2,0,1171348,0
23809,1,5,21085,116611,0
23810,1,0,24252,0,0
23811,0,11,0,141003,0
23812,2,1,1258,19263,0
23813,1,0,364,0,0
23814,1,0,1945,0,0
23815,1,0,398,0,0
23816,2,1,124968,19,0
23817,1,14,51962,159963,0
23818,4,0,44447,0,0
23819,1,0,3311,0,0
23820,1,0,989,0,0
23821,1,0,831,0,0
23822,1,0,8874,0,0
23823,1,0,7324,0,0
23824,1,0,304,0,0
23825,2,0,10525,0,0
23826,1,0,1438,0,0
23827,2,0,3608,0,0
23828,3,1,199540,407,0
23829,2,0,1381,0,0
23830,2,0,152860,0,0
23831,1,4,29067,100552,0
23832,3,0,45951,0,0
23833,0,1,0,8,0
23834,1,4,11167,95418,0
23835,1,0,7155,0,0
23836,0,4,0,80626,0
23837,1,1,47819,659,0
23838,0,4,0,79453,0
23839,1,0,2628,0,0
23840,1,1,20248,322,0
23841,0,3,0,69584,0
23842,1,0,6527,0,0
23843,0,4,0,119643,0
23844,2,0,10705,0,0
23845,2,5,62069,72256,0
23846,1,0,39,0,0
23847,1,0,3000,0,0
23848,2,0,66077,0,0
23849,2,3,441,11140,0
23850,0,4,0,68082,0
23851,4,0,30667,0,0
23852,1,4,1379,6895,0
23853,1,0,543,0,0
23854,2,0,16537,0,0
23855,4,6,4101,3557,0
23856,1,3,24695,69276,0
23857,1,1,32,24695,0
23858,0,2,0,1885,0
23859,0,1,0,437,0
23860,0,2,0,2140,0
23861,0,1,0,411,0
23862,2,2,5251,494196,0
23863,1,2,55268,111994,0
23864,4,0,117893,0,0
23865,1,7,3266,17611,0
23866,2,0,1701,0,0
23867,1,0,4239,0,0
23868,1,0,3858,0,0
23869,1,1,630,535,0
23870,1,1,7178,34,0
23871,2,6,5445,138754,0
23872,1,0,571,0,0
23873,1,2,542,1341,0
23874,1,0,93470,0,0
23875,1,0,529,0,0
23876,1,0,40877,0,0
23877,0,4,0,8235,0
23878,1,0,648,0,0
23879,1,4,424,137062,0
23880,2,5,94340,125692,1
23881,1,0,217,0,0
23882,1,0,14084,0,0
23883,1,0,100243,0,0
23884,1,0,1644,0,0
23885,1,0,1081,0,0
23886,0,1,0,90,0
23887,0,5,0,9209,0
23888,1,0,12,0,0
23889,1,0,1227,0,0
23890,1,0,739,0,0
23891,0,3,0,98285,0
23892,2,0,104458,0,0
23893,1,1,68,652,0
23894,0,6,0,11332,0
23895,1,0,173,0,0
23896,2,10,10155,38775,0
23897,1,0,81,0,0
23898,1,0,51,0,0
23899,1,0,92,0,0
23900,1,0,629,0,0
23901,1,1,3886,58010,0
23902,2,0,620,0,0
23903,0,7,0,17858,0
23904,1,0,664,0,0
23905,2,0,9206,0,0
23906,2,0,632,0,0
23907,1,0,24035,0,0
23908,1,0,14742,0,0
23909,1,0,22,0,0
23910,1,0,1928,0,0
23911,1,0,4372,0,0
23912,1,0,4120,0,0
23913,1,0,2552,0,0
23914,1,0,1703,0,0
23915,1,0,29682,0,0
23916,1,0,958,0,0
23917,1,0,1388,0,0
23918,1,0,614,0,0
23919,1,0,31,0,0
23920,1,0,3994,0,0
23921,1,0,5,0,0
23922,1,0,2529,0,0
23923,1,0,1657,0,0
23924,1,0,6570,0,0
23925,0,2,0,22803,0
23926,1,1,354,2249,0
23927,2,1,415,9321,0
23928,0,2,0,8939,0
23929,1,2,10870,6168,0
23930,0,2,0,4,0
23931,0,3,0,7242,0
23932,1,0,6863,0,0
23933,0,4,0,2396,0
23934,1,0,519,0,0
23935,1,0,304,0,0
23936,0,4,0,2311,0
23937,1,0,169,0,0
23938,0,2,0,16558,0
23939,1,15,125,174597,0
23940,2,0,16843,0,0
23941,1,0,1795,0,0
23942,1,0,78766,0,0
23943,1,0,173,0,0
23944,1,0,3688,0,0
23945,1,1,16220,829,0
23946,1,0,22825,0,0
23947,1,0,10866,0,0
23948,0,2,0,2967,0
23949,0,1,0,39,0
23950,0,1,0,3498,0
23951,0,1,0,8,0
23952,1,1,1499,1679,0
23953,2,4,61823,56465,1
23954,1,0,109,0,0
23955,1,0,4783,0,0
23956,2,1,2507,39078,0
23957,1,0,904,0,0
23958,1,0,116991,0,0
23959,1,0,324114,0,0
23960,1,0,37641,0,0
23961,1,0,218,0,0
23962,1,0,14092,0,0
23963,1,0,10117,0,0
23964,1,0,33138,0,0
23965,1,0,129,0,0
23966,1,3,656,3929,0
23967,2,2,24556,2145,0
23968,1,0,2132,0,0
23969,0,4,0,212395,0
23970,0,2,0,9319,0
23971,0,2,0,83695,0
23972,0,2,0,18087,0
23973,0,2,0,10780,0
23974,0,7,0,28260,0
23975,1,0,4210,0,0
23976,1,0,410,0,0
23977,1,0,1463,0,0
23978,1,0,2741,0,0
23979,0,1,0,98,0
23980,1,3,1303,649266,0
23981,0,3,0,12113,0
23982,5,5,4644,208198,0
23983,1,0,65371,0,0
23984,2,0,3574,0,0
23985,0,1,0,93,0
23986,1,1,962661,86,0
23987,0,2,0,42101,0
23988,3,2,6118,2231,0
23989,2,2,19898391,522,0
23990,8,4,57843,342934,0
23991,4,6,155644,46775,0
23992,2,1,37,1071,0
23993,1,0,182,0,0
23994,1,0,1610,0,0
23995,1,0,16,0,0
23996,11,6,352937,11736,0
23997,1,0,725,0,0
23998,1,0,5071,0,0
23999,1,0,897,0,0
24000,1,0,793,0,0
24001,1,0,128,0,0
24002,1,0,46,0,0
24003,1,0,9364,0,0
24004,1,0,4415,0,0
24005,2,0,766,0,0
24006,4,3,10759,2076,0
24007,1,1,1719,13178,0
24008,1,0,40,0,0
24009,1,2,0,7533,0
24010,2,2,275,370969,0
24011,2,1,527,1575,0
24012,0,2,0,1907,0
24013,0,5,0,299900,0
24014,2,0,7990,0,0
24015,4,0,5848,0,0
24016,0,5,0,58176,0
24017,5,0,24111,0,0
24018,2,0,278,0,0
24019,0,2,0,6557,0
24020,1,1,2318,13234,0
24021,1,0,17061,0,0
24022,1,0,40341,0,0
24023,0,2,0,8497,0
24024,1,1,7058,2105,0
24025,0,1,0,11373,0
24026,0,2,0,35319,0
24027,0,2,0,43579,0
24028,1,1,1812,93,0
24029,1,0,4741,0,0
24030,1,0,1712,0,0
24031,1,0,194,0,0
24032,1,0,666,0,0
24033,1,0,61,0,0
24034,0,1,0,9144,0
24035,1,4,63858,731264,1
24036,2,0,618466,0,0
24037,1,0,308,0,0
24038,0,1,0,1139,0
24039,1,2,349,35788,0
24040,0,3,0,366936,0
24041,2,0,129704,0,0
24042,5,11,65599,112818,0
24043,2,1,6012,9226,0
24044,2,0,125,0,0
24045,1,2,318,108181,0
24046,4,0,157142,0,0
24047,1,0,1368,0,0
24048,0,4,0,42827,0
24049,2,0,133145,0,0
24050,2,3,27923,152746,0
24051,1,0,625,0,0
24052,2,3,29391,104215,0
24053,2,1,8461,240,0
24054,0,4,0,8450,0
24055,1,0,7780,0,0
24056,1,0,8008,0,0
24057,2,0,31284,0,0
24058,1,0,3730,0,0
24059,1,0,1147,0,0
24060,1,0,767,0,0
24061,1,0,17553,0,0
24062,1,0,11124,0,0
24063,1,0,21,0,0
24064,1,0,6943,0,0
24065,2,0,3410,0,0
24066,2,0,609,0,0
24067,1,5,18303,65913,0
24068,1,0,2341,0,0
24069,1,0,1140,0,0
24070,1,0,18334,0,0
24071,1,0,236,0,0
24072,0,1,0,1220,0
24073,0,2,0,116864,0
24074,0,1,0,6282,0
24075,0,1,0,7339,0
24076,0,1,0,34714,0
24077,0,1,0,20989,0
24078,0,2,0,50879,0
24079,0,1,0,8489,0
24080,0,1,0,567,0
24081,0,1,0,1608,0
24082,0,1,0,37580,0
24083,0,1,0,10121,0
24084,0,1,0,3229,0
24085,0,1,0,2073,0
24086,0,1,0,11479,0
24087,0,1,0,16013,0
24088,0,1,0,1176,0
24089,0,1,0,994,0
24090,0,1,0,896,0
24091,0,1,0,11,0
24092,0,1,0,1251,0
24093,0,1,0,369365,0
24094,0,1,0,1724,0
24095,0,3,0,119930,0
24096,1,1,7090,10295,0
24097,1,1,104805,135,0
24098,0,2,0,876,0
24099,0,1,0,17777,0
24100,0,1,0,445,0
24101,0,1,0,19246,0
24102,0,1,0,6703,0
24103,0,2,0,3334,0
24104,0,1,0,22871,0
24105,0,1,0,54695,0
24106,0,1,0,198995,0
24107,0,1,0,2762,0
24108,0,1,0,43,0
24109,0,1,0,325,0
24110,1,1,2268,3969,0
24111,16,16,124377,830926,0
24112,2,1,7098,8180,0
24113,0,2,0,6360,0
24114,0,1,0,151,0
24115,0,1,0,39651,0
24116,0,1,0,98698,0
24117,0,1,0,2106,0
24118,0,1,0,294,0
24119,0,1,0,1968,0
24120,0,1,0,2216,0
24121,0,2,0,1119,0
24122,0,1,0,18561,0
24123,0,1,0,14560,0
24124,0,4,0,160124,0
24125,0,2,0,97,0
24126,0,2,0,2340,0
24127,0,1,0,150346,0
24128,0,3,0,13023,0
24129,0,1,0,1339,0
24130,0,1,0,119,0
24131,0,2,0,3036,0
24132,0,1,0,60000,0
24133,0,2,0,116025,0
24134,0,4,0,13312,0
24135,0,1,0,34,0
24136,0,2,0,1923,0
24137,0,1,0,23120,0
24138,0,2,0,428989,0
24139,0,2,0,36078,0
24140,2,0,8821,0,0
24141,0,4,0,13155,0
24142,5,2,187474,151099,1
24143,0,1,0,1020,0
24144,1,0,3088,0,0
24145,1,0,8297,0,0
24146,1,0,101426,0,0
24147,1,0,9535,0,0
24148,1,0,16207,0,0
24149,1,0,5409,0,0
24150,1,0,6576,0,0
24151,1,0,46651,0,0
24152,1,0,133624,0,0
24153,1,0,871,0,0
24154,0,1,0,5064,0
24155,0,1,0,1921,0
24156,0,1,0,49672,0
24157,0,1,0,6551,0
24158,0,3,0,43223,0
24159,0,29,0,449485,0
24160,4,0,108146,0,0
24161,2,3,5034,4694,0
24162,2,0,27799,0,0
24163,1,0,35,0,0
24164,1,2,3679,20601,0
24165,1,0,705,0,0
24166,4,0,96155,0,0
24167,3,0,4754,0,0
24168,1,0,9212,0,0
24169,1,0,780,0,0
24170,1,0,4521,0,0
24171,1,0,7675,0,0
24172,1,0,38700,0,0
24173,1,0,146,0,0
24174,2,0,128731,0,0
24175,0,1,0,630,0
24176,0,1,0,510,0
24177,0,1,0,110,0
24178,0,1,0,317,0
24179,0,3,0,108491,0
24180,0,2,0,57885,0
24181,6,3,102575,15072,0
24182,1,0,442,0,0
24183,0,1,0,17344,0
24184,0,2,0,121809,0
24185,0,1,0,1078,0
24186,0,1,0,9923,0
24187,0,1,0,3352,0
24188,0,1,0,4608,0
24189,0,1,0,2168,0
24190,0,1,0,106,0
24191,1,1,8481,160,0
24192,0,1,0,3366,0
24193,0,1,0,242,0
24194,0,1,0,1113,0
24195,0,1,0,2491,0
24196,0,1,0,3319,0
24197,1,0,878,0,0
24198,1,0,6960,0,0
24199,1,0,1088,0,0
24200,1,1,79,73,0
24201,1,0,104,0,0
24202,1,0,419,0,0
24203,5,0,8611,0,0
24204,1,0,402,0,0
24205,5,1,385617,1026,0
24206,0,2,0,123,0
24207,1,2,22010,121544,0
24208,1,0,22,0,0
24209,1,1,178,241,0
24210,1,0,5221,0,0
24211,1,0,102549,0,0
24212,1,1,15,2622,0
24213,1,0,99,0,0
24214,1,0,11144,0,0
24215,1,4,194,35096,0
24216,1,1,788,87,0
24217,1,0,8420,0,0
24218,1,0,3746,0,0
24219,1,0,6949,0,0
24220,1,0,165,0,0
24221,1,0,413,0,0
24222,0,1,0,10407,0
24223,1,1,1302,414,0
24224,1,0,247,0,0
24225,1,0,55,0,0
24226,1,1,719,77078,0
24227,1,0,10888,0,0
24228,1,0,1045,0,0
24229,1,0,143,0,0
24230,1,0,481,0,0
24231,1,1,13833,1145,0
24232,1,0,7774,0,0
24233,1,0,29,0,0
24234,0,2,0,25301,0
24235,1,1,1440,532,0
24236,1,0,6288,0,0
24237,1,1,13161,14520,0
24238,1,1,239,3472,0
24239,1,0,179,0,0
24240,1,1,63,126884,0
24241,1,1,422,4788,0
24242,1,0,956,0,0
24243,2,0,21806,0,0
24244,1,0,14924,0,0
24245,1,1,6036,185,0
24246,0,7,0,30017,0
24247,1,1,3818,188203,0
24248,1,1,8056,46,0
24249,1,1,1678,9783,0
24250,2,1,1223,185,0
24251,1,1,1857,7058,0
24252,1,20,10133,574508,0
24253,2,0,184689,0,0
24254,1,0,2641,0,0
24255,1,0,348563,0,0
24256,1,0,72,0,0
24257,2,0,6160,0,0
24258,1,0,111245,0,0
24259,2,0,31888,0,0
24260,3,0,38925,0,0
24261,1,1,535,10133,0
24262,1,0,7034,0,0
24263,1,0,3443,0,0
24264,1,0,31820,0,0
24265,3,0,12583,0,0
24266,0,1,0,237,0
24267,0,1,0,102,0
24268,1,2,204953,45357,0
24269,0,1,0,135352,0
24270,0,4,0,139437,0
24271,2,2,415,20257,0
24272,2,0,36907,0,0
24273,1,0,1385,0,0
24274,1,0,88297,0,0
24275,1,0,4687,0,0
24276,1,0,177,0,0
24277,1,0,7347,0,0
24278,1,1,16000,6152,0
24279,1,0,269085,0,0
24280,2,3,7239,149400,0
24281,3,0,135370,0,0
24282,0,3,0,2276,0
24283,1,0,101,0,0
24284,2,1,194,53564,0
24285,1,0,2010,0,0
24286,1,1,46,260,0
24287,1,0,11623,0,0
24288,2,0,891,0,0
24289,3,2,12628,1210,0
24290,1,0,346,0,0
24291,2,0,64031,0,0
24292,1,0,2826,0,0
24293,1,0,140,0,0
24294,1,0,6593,0,0
24295,1,0,25114,0,0
24296,1,0,150,0,0
24297,1,0,833,0,0
24298,1,0,75,0,0
24299,1,0,515,0,0
24300,1,0,2642,0,0
24301,1,0,460,0,0
24302,1,4,1290,86940,0
24303,1,1,5694,1494250,0
24304,1,0,17879,0,0
24305,1,0,396,0,0
24306,1,0,982,0,0
24307,0,1,0,206,0
24308,0,1,0,2707,0
24309,0,2,0,1779,0
24310,0,1,0,171,0
24311,0,1,0,14807,0
24312,0,1,0,46,0
24313,0,1,0,5403,0
24314,0,2,0,8784,0
24315,0,3,0,10999,0
24316,0,3,0,196497,0
24317,1,0,2243,0,0
24318,0,1,0,64,0
24319,0,1,0,683,0
24320,0,1,0,105370,0
24321,0,1,0,2949,0
24322,0,1,0,7,0
24323,0,1,0,194,0
24324,0,1,0,50384,0
24325,0,1,0,26931,0
24326,0,1,0,1412,0
24327,0,1,0,1154,0
24328,2,3,1219,35451,0
24329,1,1,30337,4550,0
24330,0,1,0,2682,0
24331,0,2,0,251747,0
24332,0,3,0,102476,0
24333,0,1,0,803,0
24334,0,1,0,3505,0
24335,0,1,0,305,0
24336,0,1,0,270,0
24337,0,1,0,126,0
24338,0,1,0,177,0
24339,0,1,0,4400,0
24340,0,1,0,386460,0
24341,0,1,0,5508,0
24342,3,0,202363,0,0
24343,0,1,0,20860,0
24344,0,1,0,151886,0
24345,0,1,0,160,0
24346,0,1,0,1407,0
24347,2,1,6366,13791,0
24348,1,1,712,54,0
24349,1,0,11226,0,0
24350,1,0,2216,0,0
24351,0,2,0,29890,0
24352,1,2,29319,1926,0
24353,1,1,17717,2210,0
24354,0,2,0,178815,0
24355,1,0,3252,0,0
24356,1,5,108,164535,0
24357,2,2,128321,1397,0
24358,1,0,13692,0,0
24359,2,0,67642,0,0
24360,1,1,159,51494,0
24361,1,0,7922,0,0
24362,1,0,26,0,0
24363,1,0,1539,0,0
24364,1,0,85,0,0
24365,1,0,758,0,0
24366,1,2,68417,1769,0
24367,1,0,7951,0,0
24368,2,0,1584,0,0
24369,1,1,4347,75,0
24370,0,4,0,891585,0
24371,3,0,43033,0,0
24372,1,3,974318,3136,0
24373,2,3,379245,978792,0
24374,2,4,8595,6370,0
24375,1,0,3752,0,0
24376,2,0,573,0,0
24377,3,11,1121,101509,0
24378,1,1,556,1417,0
24379,1,0,3532,0,0
24380,1,1,3219,359,0
24381,1,0,16,0,0
24382,2,0,2071,0,0
24383,1,0,202,0,0
24384,1,0,177,0,0
24385,3,1,181348,813,0
24386,1,4,51494,52863,0
24387,7,3,49868,172040,0
24388,4,6,48329,191015,0
24389,4,1,4714,639,0
24390,1,0,7413,0,0
24391,2,0,687,0,0
24392,2,0,547,0,0
24393,1,0,260839,0,0
24394,1,0,2412,0,0
24395,0,3,0,22156,0
24396,2,0,1887,0,0
24397,1,0,21152,0,0
24398,1,1,149981,57065,0
24399,0,2,0,2241,0
24400,2,0,25807,0,0
24401,1,6,62,19402,0
24402,1,0,2646,0,0
24403,1,0,383,0,0
24404,1,1,27858,3946,0
24405,1,0,1634,0,0
24406,1,3,1,64496,0
24407,0,1,0,172,0
24408,1,5,2313,565579,0
24409,3,4,7586,42523,0
24410,2,0,872,0,0
24411,1,0,465799,0,0
24412,1,0,88450,0,0
24413,4,0,152199,0,0
24414,2,0,141351,0,0
24415,1,0,11684,0,0
24416,1,0,22,0,0
24417,0,9,0,28869,0
24418,2,0,24253,0,0
24419,1,0,174,0,0
24420,1,0,1660,0,0
24421,4,0,5692,0,0
24422,1,0,5907,0,0
24423,0,3,0,1983,0
24424,8,0,20859,0,0
24425,1,0,1041,0,0
24426,0,4,0,27781,0
24427,1,0,1180,0,0
24428,1,0,3222,0,0
24429,0,4,0,28365,0
24430,1,3,18653,20221,0
24431,2,6,53651,221253,0
24432,2,0,41222,0,0
24433,2,0,10084,0,0
24434,2,0,134566,0,0
24435,1,11,71162,293871,0
24436,1,1,2593,9745,0
24437,2,0,668,0,0
24438,1,0,124,0,0
24439,1,0,20425,0,0
24440,1,2,1107,72122,0
24441,2,0,173695,0,0
24442,0,4,0,12790,0
24443,1,1,10905,1188,0
24444,2,0,1146,0,0
24445,0,1,0,1762,0
24446,3,0,9636,0,0
24447,2,0,1030,0,0
24448,4,3,12131,22177,0
24449,2,0,33331,0,0
24450,1,0,90,0,0
24451,1,0,44,0,0
24452,1,0,990,0,0
24453,1,1,624,799,0
24454,1,0,976,0,0
24455,2,1,3278,445,0
24456,1,0,2,0,0
24457,1,0,49,0,0
24458,1,0,2483,0,0
24459,1,0,2524,0,0
24460,1,0,542289,0,0
24461,0,1,0,18,0
24462,0,1,0,299983,0
24463,2,2,1047,2122,0
24464,0,1,0,60,0
24465,0,1,0,107,0
24466,0,1,0,34005,0
24467,2,1,28169,1366,0
24468,0,1,0,798545,0
24469,0,1,0,890,0
24470,0,1,0,164,0
24471,0,1,0,13452,0
24472,0,1,0,1339,0
24473,1,1,144,41,0
24474,0,2,0,7967,0
24475,0,1,0,1370,0
24476,2,0,37166,0,0
24477,2,0,23923,0,0
24478,2,0,15556,0,0
24479,1,1,475,34,0
24480,1,0,15972,0,0
24481,2,1,5626,6816,0
24482,0,3,0,9580,0
24483,1,2,936,377,0
24484,1,0,8576,0,0
24485,0,1,0,27835,0
24486,2,1,188958,331,0
24487,0,1,0,37,0
24488,4,17,196712,310917,0
24489,1,0,89517,0,0
24490,1,0,686,0,0
24491,3,1,4846,552,0
24492,1,1,10544,35053,0
24493,2,0,19914,0,0
24494,3,2,9025,17439,0
24495,1,0,563,0,0
24496,3,0,2190,0,0
24497,2,3,738,2497,0
24498,3,0,23025,0,0
24499,2,0,178566,0,0
24500,0,3,0,163695,0
24501,2,2,17246,2583,0
24502,3,0,5987,0,0
24503,0,2,0,104321,0
24504,5,0,101495,0,0
24505,1,0,35053,0,0
24506,2,3,25154,8353,0
24507,2,1,1614,314,0
24508,1,0,1862,0,0
24509,2,1,16072,88,0
24510,1,1,14,261,0
24511,3,5,1378,149042,0
24512,1,1,24789,1029,0
24513,6,4,20442,51547,0
24514,1,0,114017,0,0
24515,1,0,677,0,0
24516,4,0,100713,0,0
24517,2,0,3307,0,0
24518,1,0,1729,0,0
24519,0,1,0,3576,0
24520,0,3,0,75739,0
24521,4,0,61771,0,0
24522,1,0,3033,0,0
24523,1,0,2877,0,0
24524,1,0,5409,0,0
24525,1,0,318510,0,0
24526,0,9,0,49561,0
24527,3,0,183118,0,0
24528,1,0,4130,0,0
24529,1,0,49,0,0
24530,2,1,165,371,0
24531,0,9,0,106117,0
24532,1,0,7,0,0
24533,1,0,256,0,0
24534,1,0,2872,0,0
24535,5,0,128172,0,0
24536,1,0,156,0,0
24537,1,0,154428,0,0
24538,1,0,85803,0,0
24539,1,2,14422,2026,0
24540,5,4,251179,263423,0
24541,2,1,2770,88,0
24542,1,0,5281,0,0
24543,1,0,1093,0,0
24544,1,0,2452,0,0
24545,2,0,3886,0,0
24546,1,0,2746,0,0
24547,1,0,25,0,0
24548,1,0,31401,0,0
24549,1,2,343,23904,0
24550,2,1,4447,3086,0
24551,1,0,33,0,0
24552,1,0,6659,0,0
24553,1,0,41,0,0
24554,0,7,0,2037518,0
24555,1,1,790,420,0
24556,3,1,8749,600,0
24557,1,1,77452,961176,0
24558,0,3,0,221807,0
24559,3,1,102160,186,0
24560,1,2,2533,7773,0
24561,3,0,3178,0,0
24562,0,12,0,297273,0
24563,3,0,149764,0,0
24564,2,0,1175,0,0
24565,1,0,3325,0,0
24566,1,0,153,0,0
24567,1,0,23007,0,0
24568,1,0,138677,0,0
24569,1,0,229,0,0
24570,1,4,341,1362,0
24571,1,0,186,0,0
24572,2,0,1429,0,0
24573,1,1,98,821,0
24574,4,1,108618,221,0
24575,0,2,0,17847,0
24576,0,1,0,6395,0
24577,0,1,0,1261,0
24578,0,1,0,20045,0
24579,0,1,0,1318,0
24580,0,1,0,1497,0
24581,0,1,0,7047,0
24582,0,1,0,110140,0
24583,0,3,0,6535,0
24584,0,1,0,78094,0
24585,1,1,1889,400,0
24586,0,1,0,206,0
24587,0,1,0,1899,0
24588,0,1,0,8399,0
24589,0,2,0,66966,0
24590,0,1,0,84,0
24591,0,2,0,14601,0
24592,0,3,0,20487,0
24593,1,0,12178,0,0
24594,1,0,3441,0,0
24595,0,2,0,155250,0
24596,0,1,0,770,0
24597,0,1,0,8616,0
24598,0,1,0,28,0
24599,0,1,0,37952,0
24600,0,1,0,1309,0
24601,0,1,0,90015,0
24602,0,1,0,1279,0
24603,0,2,0,3278,0
24604,0,1,0,17341,0
24605,0,2,0,3394,0
24606,0,2,0,18005,0
24607,0,1,0,11,0
24608,0,1,0,1,0
24609,0,2,0,5235,0
24610,0,1,0,1657,0
24611,1,1,562,3227,0
24612,0,1,0,278,0
24613,0,1,0,48,0
24614,0,1,0,2424,0
24615,0,1,0,796,0
24616,0,1,0,597876,0
24617,0,1,0,283,0
24618,0,1,0,221,0
24619,0,1,0,1576,0
24620,0,3,0,584544,0
24621,0,1,0,2025,0
24622,0,3,0,4366,0
24623,1,0,2180,0,0
24624,0,1,0,390,0
24625,0,2,0,69853,0
24626,0,2,0,185,0
24627,0,2,0,175566,0
24628,0,1,0,1481,0
24629,0,1,0,11080,0
24630,0,1,0,533,0
24631,1,1,623,177213,0
24632,0,2,0,21355,0
24633,0,2,0,1036,0
24634,0,2,0,33335,0
24635,0,1,0,3824,0
24636,0,4,0,161544,0
24637,0,4,0,79305,0
24638,0,2,0,7665,0
24639,0,2,0,48403,0
24640,1,6,19502,18671,0
24641,0,1,0,111,0
24642,0,1,0,173,0
24643,2,3,158791,107388,1
24644,0,1,0,2804,0
24645,0,1,0,270,0
24646,0,1,0,200,0
24647,0,3,0,23903,0
24648,0,2,0,8223,0
24649,0,1,0,7104,0
24650,0,2,0,10689,0
24651,0,1,0,278,0
24652,0,1,0,636,0
24653,0,2,0,6704,0
24654,0,3,0,13439,0
24655,0,1,0,2410,0
24656,0,3,0,32424,0
24657,0,2,0,19975,0
24658,0,3,0,28646,0
24659,1,3,2222,12662,0
24660,0,3,0,40522,0
24661,0,1,0,134002,0
24662,0,2,0,63084,0
24663,0,1,0,4117,0
24664,0,2,0,281429,0
24665,0,1,0,203517,0
24666,0,1,0,18955,0
24667,0,1,0,159,0
24668,0,1,0,53675,0
24669,0,1,0,972,0
24670,0,1,0,2492,0
24671,0,3,0,4760,0
24672,0,2,0,762,0
24673,0,1,0,777,0
24674,0,1,0,246,0
24675,0,3,0,108412,0
24676,0,2,0,2611,0
24677,0,1,0,16377,0
24678,4,4,5240,4405,0
24679,1,1,181,14695,0
24680,2,0,6918,0,0
24681,1,1,197124,985,0
24682,1,0,4583,0,0
24683,1,0,28,0,0
24684,1,0,786,0,0
24685,1,0,281,0,0
24686,1,0,159,0,0
24687,1,1,6428,5055,0
24688,0,1,0,14437,0
24689,0,1,0,1471,0
24690,2,1,10604,618,0
24691,0,1,0,72,0
24692,0,1,0,791,0
24693,0,1,0,8321,0
24694,1,1,3423,627,0
24695,0,4,0,51970,0
24696,0,11,0,333307,0
24697,4,4,35427,165151,0
24698,3,2,107122,243503,0
24699,1,0,740,0,0
24700,3,2,2547,378,0
24701,3,0,1925,0,0
24702,1,1,595,148,0
24703,1,0,190733,0,0
24704,0,2,0,844,0
24705,0,1,0,2209,0
24706,0,1,0,138229,0
24707,0,1,0,0,0
24708,1,0,376,0,0
24709,1,1,42058,32169,0
24710,0,1,0,1583,0
24711,1,1,4133,898,0
24712,0,1,0,25008,0
24713,0,1,0,118,0
24714,0,1,0,211,0
24715,0,1,0,139,0
24716,0,1,0,1129,0
24717,0,1,0,6237,0
24718,0,2,0,16707,0
24719,0,1,0,7308,0
24720,0,2,0,831,0
24721,0,2,0,338,0
24722,0,1,0,2008,0
24723,0,1,0,25012,0
24724,1,1,747,1136,0
24725,0,1,0,18387,0
24726,0,1,0,23038,0
24727,0,2,0,11578,0
24728,0,2,0,416,0
24729,1,4,197,86199,0
24730,0,2,0,271,0
24731,0,1,0,9166,0
24732,0,1,0,230,0
24733,0,1,0,22,0
24734,0,2,0,36324,0
24735,0,1,0,68,0
24736,0,1,0,12751,0
24737,0,1,0,1640,0
24738,0,1,0,932,0
24739,0,1,0,22046,0
24740,0,1,0,896,0
24741,0,1,0,477,0
24742,0,1,0,147604,0
24743,0,2,0,733,0
24744,0,1,0,858,0
24745,0,1,0,2182,0
24746,0,2,0,25454,0
24747,1,5,773,60085,0
24748,0,1,0,251,0
24749,0,1,0,366,0
24750,0,1,0,2042,0
24751,0,1,0,10986,0
24752,0,2,0,3795,0
24753,1,1,698,101,0
24754,0,1,0,868,0
24755,0,1,0,847814,0
24756,0,1,0,5199,0
24757,0,2,0,1579,0
24758,0,1,0,27,0
24759,0,2,0,9244,0
24760,1,3,10556,87759,0
24761,0,1,0,49266,0
24762,0,1,0,47229,0
24763,0,1,0,28036,0
24764,2,3,39241,508,0
24765,1,0,123,0,0
24766,1,0,338,0,0
24767,1,0,244,0,0
24768,1,0,184,0,0
24769,1,0,17253,0,0
24770,1,0,30602,0,0
24771,1,0,1255,0,0
24772,1,2,102,248112,0
24773,2,0,248597,0,0
24774,1,0,1168,0,0
24775,1,0,36,0,0
24776,1,0,91003,0,0
24777,2,1,21139,5050,0
24778,1,0,1020,0,0
24779,2,2,5435,1753,0
24780,1,0,1547,0,0
24781,0,1,0,641,0
24782,0,1,0,38600,0
24783,2,0,103231,0,0
24784,1,2,6467,83111,0
24785,1,1,181,1,0
24786,1,0,590,0,0
24787,1,1,47,49302,0
24788,3,3,77111,177611,1
24789,1,0,4250,0,0
24790,1,0,1392,0,0
24791,1,0,1666,0,0
24792,1,0,3291,0,0
24793,1,0,1411,0,0
24794,3,2,176191,2065,0
24795,2,0,2153,0,0
24796,1,0,948,0,0
24797,1,0,49,0,0
24798,1,0,95,0,0
24799,1,0,5946,0,0
24800,1,0,9870,0,0
24801,1,0,5901,0,0
24802,1,1,180,1875,0
24803,1,0,42123,0,0
24804,1,0,347,0,0
24805,1,0,4068,0,0
24806,1,1,199,29407,0
24807,1,1,2392,22836,0
24808,1,0,124,0,0
24809,1,0,577,0,0
24810,5,0,46641,0,0
24811,1,0,582,0,0
24812,1,0,5638,0,0
24813,1,0,1829,0,0
24814,1,1,3984,483,0
24815,1,0,410,0,0
24816,2,0,11510,0,0
24817,1,0,51452,0,0
24818,2,0,2304,0,0
24819,1,43,469,1809710,0
24820,1,1,1615,7394,0
24821,2,0,24556,0,0
24822,1,0,348346,0,0
24823,2,0,13115,0,0
24824,1,0,12727,0,0
24825,1,0,76355,0,0
24826,1,0,678,0,0
24827,2,0,290,0,0
24828,1,0,8739,0,0
24829,1,0,1591,0,0
24830,1,0,1155,0,0
24831,1,0,3961,0,0
24832,1,0,2850,0,0
24833,1,0,525,0,0
24834,1,0,3279,0,0
24835,2,0,459579,0,0
24836,1,0,6180,0,0
24837,1,0,29456,0,0
24838,1,0,3913,0,0
24839,1,0,2283,0,0
24840,1,0,5457,0,0
24841,2,0,13331,0,0
24842,1,1,7037,140,0
24843,0,1,0,450,0
24844,0,3,0,87756,0
24845,0,2,0,45999,0
24846,0,1,0,11606,0
24847,0,2,0,45817,0
24848,0,1,0,972,0
24849,1,2,6341,2005,0
24850,1,0,4,0,0
24851,2,0,10738,0,0
24852,3,2,80295,230,0
24853,1,0,189735,0,0
24854,2,0,2695,0,0
24855,2,0,5173,0,0
24856,1,0,16215,0,0
24857,0,1,0,209,0
24858,1,1,941,8765,0
24859,2,1,40599,585023,0
24860,0,1,0,1079,0
24861,0,2,0,22849,0
24862,0,1,0,6626,0
24863,0,1,0,6037,0
24864,0,1,0,15945,0
24865,0,1,0,26,0
24866,0,1,0,55956,0
24867,0,1,0,297,0
24868,0,2,0,99992,0
24869,0,1,0,527941,0
24870,0,1,0,7837184,0
24871,0,2,0,7211,0
24872,2,0,8793,0,0
24873,0,1,0,24045,0
24874,0,1,0,122,0
24875,0,1,0,9007,0
24876,0,2,0,19764,0
24877,0,2,0,41632,0
24878,3,1,48818,211,0
24879,0,1,0,3830,0
24880,0,3,0,7427,0
24881,1,0,5770,0,0
24882,0,2,0,4009,0
24883,0,3,0,67840,0
24884,1,1,600,788,0
24885,0,1,0,125,0
24886,1,0,6331,0,0
24887,1,1,49674,7988,0
24888,1,0,15047,0,0
24889,1,1,1825,5248,0
24890,1,0,6242,0,0
24891,1,1,22,30,0
24892,1,0,2269,0,0
24893,1,0,1819,0,0
24894,1,0,7074,0,0
24895,1,1,287,956,0
24896,2,0,11642,0,0
24897,2,0,121454,0,0
24898,1,0,335,0,0
24899,1,0,4076,0,0
24900,1,1,166,2589,0
24901,1,0,685,0,0
24902,1,0,535,0,0
24903,1,0,4583,0,0
24904,1,0,2411,0,0
24905,1,0,95,0,0
24906,1,1,2434,3318,0
24907,2,0,2982,0,0
24908,1,3,11997,26206,0
24909,1,1,34913,613,0
24910,1,2,446437,34877,0
24911,1,0,17830,0,0
24912,1,0,45,0,0
24913,1,0,1710,0,0
24914,1,0,9038,0,0
24915,2,2,2827,406,0
24916,1,0,27647,0,0
24917,1,0,13457,0,0
24918,1,0,56,0,0
24919,1,0,35,0,0
24920,1,0,40892,0,0
24921,1,1,14042,901,0
24922,3,2,13007,29938,0
24923,3,6,6089,448102,0
24924,0,3,0,88324,0
24925,0,1,0,2029,0
24926,0,1,0,81638,0
24927,0,2,0,587,0
24928,0,1,0,18079,0
24929,0,1,0,4868,0
24930,0,1,0,6686,0
24931,0,1,0,550,0
24932,0,1,0,898,0
24933,0,1,0,134,0
24934,0,1,0,123,0
24935,0,3,0,5822,0
24936,0,1,0,92,0
24937,0,1,0,3271,0
24938,0,1,0,5480,0
24939,3,2,46895,5512,0
24940,5,2,35996,2713,0
24941,0,2,0,318,0
24942,0,1,0,21,0
24943,0,1,0,588,0
24944,0,1,0,3034,0
24945,0,1,0,5676,0
24946,0,2,0,51816,0
24947,1,1,2642,4073,0
24948,0,2,0,1498,0
24949,0,1,0,75153,0
24950,0,3,0,9285,0
24951,0,1,0,1657,0
24952,0,1,0,4927,0
24953,0,1,0,11587,0
24954,0,3,0,20272,0
24955,0,1,0,1404,0
24956,0,1,0,6,0
24957,0,1,0,5658,0
24958,1,1,194,1202,0
24959,0,3,0,28002,0
24960,0,1,0,3429,0
24961,0,4,0,1579,0
24962,0,1,0,5950,0
24963,0,3,0,145870,0
24964,0,1,0,1404,0
24965,0,2,0,830,0
24966,0,1,0,14894,0
24967,0,1,0,218,0
24968,0,1,0,23604,0
24969,0,1,0,1152,0
24970,0,1,0,203,0
24971,0,1,0,5469,0
24972,0,1,0,19898,0
24973,0,1,0,79,0
24974,0,2,0,4668,0
24975,0,1,0,117022,0
24976,0,2,0,3421,0
24977,0,1,0,2198,0
24978,0,1,0,110,0
24979,0,1,0,20211,0
24980,0,1,0,23929,0
24981,0,2,0,13395,0
24982,0,1,0,7228,0
24983,0,2,0,7613,0
24984,0,1,0,6011,0
24985,0,2,0,2515,0
24986,4,19,13366,321438,0
24987,0,2,0,4465,0
24988,0,4,0,30561,0
24989,1,0,1715,0,0
24990,1,2,27455,232159,0
24991,4,5,662,5357,0
24992,3,0,3229,0,0
24993,0,9,0,2184986,0
24994,1,0,1731,0,0
24995,1,0,70803,0,0
24996,1,0,877,0,0
24997,2,0,449,0,0
24998,1,4,22052,15339,0
24999,1,1,1665,48,0
25000,1,0,1663,0,0
25001,1,0,23,0,0
25002,2,0,50913,0,0
25003,4,2,13036,25536,0
25004,3,1,2366,4769,0
25005,1,0,286,0,0
25006,1,1,564,4196,0
25007,1,1,84,8395,0
25008,1,0,6726,0,0
25009,1,0,64186,0,0
25010,1,0,1751,0,0
25011,1,0,1441,0,0
25012,1,0,214649,0,0
25013,1,0,2102,0,0
25014,1,2,28024,174,0
25015,1,0,107694,0,0
25016,1,0,5259,0,0
25017,1,0,266,0,0
25018,1,0,264,0,0
25019,1,0,3505,0,0
25020,1,0,11305,0,0
25021,1,1,43263,140,0
25022,1,0,791,0,0
25023,1,0,587,0,0
25024,1,0,1209,0,0
25025,1,0,55,0,0
25026,1,0,18687,0,0
25027,1,0,81,0,0
25028,1,0,417,0,0
25029,1,0,905,0,0
25030,1,0,55,0,0
25031,1,0,209,0,0
25032,1,0,21,0,0
25033,1,0,3,0,0
25034,1,0,2,0,0
25035,1,0,114560,0,0
25036,1,1,216748,78,0
25037,1,0,10555,0,0
25038,1,0,1155,0,0
25039,1,1,69,448520,0
25040,1,0,1985,0,0
25041,1,0,1469,0,0
25042,1,0,17,0,0
25043,1,0,3493,0,0
25044,1,0,276,0,0
25045,1,1,19,7309,0
25046,1,1,287,1145,0
25047,1,1,243,13539,0
25048,1,1,335,254181,0
25049,1,0,101,0,0
25050,1,0,1023,0,0
25051,1,1,22,14843,0
25052,0,9,0,331061,0
25053,1,0,5162,0,0
25054,2,0,328,0,0
25055,1,0,13519,0,0
25056,1,0,173,0,0
25057,1,0,1637,0,0
25058,1,0,155348,0,0
25059,1,0,308,0,0
25060,1,0,88815,0,0
25061,1,2,3226,3211,0
25062,1,0,302,0,0
25063,5,6,17999,127400,0
25064,1,0,56,0,0
25065,1,0,3546,0,0
25066,1,0,442,0,0
25067,1,1,113346,3439,0
25068,2,0,5754,0,0
25069,2,0,5065,0,0
25070,0,1,0,34,0
25071,1,3,18894,10031,0
25072,1,1,7417,18894,0
25073,0,3,0,4267,0
25074,1,0,3293,0,0
25075,0,3,0,14079,0
25076,1,0,1200,0,0
25077,2,0,209428,0,0
25078,3,0,23446,0,0
25079,2,1,18751,39729,0
25080,8,3,720335,62291,0
25081,1,1,6061,2287,0
25082,0,2,0,634,0
25083,0,3,0,6720,0
25084,0,1,0,17988,0
25085,0,3,0,62427,0
25086,0,2,0,763,0
25087,0,1,0,100,0
25088,0,1,0,13191,0
25089,0,1,0,922,0
25090,0,1,0,4220430,0
25091,0,1,0,142084,0
25092,0,2,0,3496,0
25093,0,1,0,6808,0
25094,0,1,0,5194,0
25095,0,1,0,1536,0
25096,0,2,0,1515,0
25097,0,1,0,31924,0
25098,0,1,0,259,0
25099,0,1,0,4376,0
25100,0,1,0,2868,0
25101,0,1,0,8608,0
25102,0,1,0,32443,0
25103,0,1,0,57,0
25104,0,1,0,117,0
25105,0,1,0,92,0
25106,0,1,0,397,0
25107,0,1,0,12612,0
25108,0,1,0,437654,0
25109,0,2,0,26661,0
25110,0,1,0,556,0
25111,0,1,0,620,0
25112,0,2,0,64816,0
25113,0,1,0,223,0
25114,0,1,0,1933,0
25115,0,1,0,4006,0
25116,0,1,0,4327,0
25117,0,1,0,251275,0
25118,0,1,0,13751,0
25119,0,1,0,5142,0
25120,0,4,0,49132,0
25121,0,1,0,22,0
25122,0,1,0,13356,0
25123,0,1,0,341,0
25124,0,1,0,16956,0
25125,0,1,0,55106,0
25126,0,1,0,317,0
25127,0,1,0,75044,0
25128,0,1,0,188665,0
25129,1,2,3572,218,0
25130,2,1,10334,5473,0
25131,0,1,0,33,0
25132,0,2,0,2981,0
25133,0,1,0,15,0
25134,0,1,0,1113,0
25135,0,1,0,28,0
25136,0,1,0,17582,0
25137,0,1,0,1613,0
25138,0,1,0,566,0
25139,0,1,0,2107,0
25140,0,1,0,2346,0
25141,0,1,0,33969,0
25142,0,1,0,978,0
25143,0,1,0,34845,0
25144,0,1,0,305,0
25145,0,1,0,250,0
25146,0,2,0,3550,0
25147,0,1,0,334,0
25148,0,1,0,3003,0
25149,0,1,0,199,0
25150,0,2,0,68292,0
25151,0,2,0,28548,0
25152,0,1,0,4340,0
25153,0,1,0,641,0
25154,0,1,0,186550,0
25155,0,2,0,10879,0
25156,0,1,0,129,0
25157,0,1,0,526,0
25158,0,1,0,2713,0
25159,0,2,0,2322,0
25160,0,1,0,27356,0
25161,0,1,0,4857,0
25162,0,1,0,2074,0
25163,0,1,0,271,0
25164,0,2,0,335761,0
25165,1,1,15449,267,0
25166,0,2,0,17058,0
25167,6,6,52197,560511,0
25168,0,2,0,25857,0
25169,1,0,3082,0,0
25170,0,1,0,823589,0
25171,0,1,0,1173751,0
25172,0,2,0,3271,0
25173,0,1,0,4217,0
25174,0,1,0,1944,0
25175,0,1,0,803,0
25176,0,1,0,4182,0
25177,0,3,0,87482,0
25178,0,1,0,466,0
25179,0,1,0,840,0
25180,0,1,0,21418,0
25181,0,1,0,3480,0
25182,0,1,0,4957,0
25183,0,2,0,29747,0
25184,0,3,0,508,0
25185,2,5,180,44979,0
25186,0,2,0,3104,0
25187,0,1,0,1052,0
25188,0,1,0,5380,0
25189,0,1,0,8443,0
25190,0,1,0,13963,0
25191,0,1,0,10,0
25192,0,1,0,4129,0
25193,0,3,0,9337,0
25194,0,2,0,2987,0
25195,0,1,0,33756,0
25196,0,1,0,5105,0
25197,0,2,0,3873,0
25198,0,1,0,77062,0
25199,0,2,0,445,0
25200,0,2,0,604,0
25201,0,1,0,2736,0
25202,0,1,0,40,0
25203,0,1,0,1442,0
25204,0,1,0,1329,0
25205,0,1,0,15964,0
25206,0,1,0,401,0
25207,0,1,0,7946,0
25208,0,1,0,7478,0
25209,0,3,0,10627,0
25210,0,1,0,4667,0
25211,0,1,0,408,0
25212,1,2,126884,61972,0
25213,2,3,63296,15591,0
25214,2,1,224091,21,0
25215,0,1,0,1720,0
25216,0,2,0,356,0
25217,0,1,0,11,0
25218,0,2,0,89831,0
25219,0,1,0,3048,0
25220,0,1,0,3492,0
25221,0,2,0,45798,0
25222,0,1,0,28304,0
25223,0,1,0,927,0
25224,0,1,0,3572,0
25225,0,1,0,8811,0
25226,1,2,835,2015,0
25227,2,0,185660,0,0
25228,1,0,708,0,0
25229,1,0,2385,0,0
25230,0,2,0,10568,0
25231,2,5,10334,36568,0
25232,1,1,10649,3349,0
25233,0,1,0,2391,0
25234,0,1,0,12,0
25235,2,0,4705,0,0
25236,1,0,1629,0,0
25237,0,1,0,2880,0
25238,0,1,0,54695,0
25239,0,1,0,355,0
25240,0,1,0,17859,0
25241,0,2,0,46449,0
25242,0,1,0,1012,0
25243,0,1,0,59,0
25244,0,1,0,1210,0
25245,0,1,0,1281,0
25246,0,2,0,30149,0
25247,0,1,0,32106,0
25248,0,1,0,838,0
25249,1,0,1315,0,0
25250,1,0,22864,0,0
25251,1,0,11189,0,0
25252,0,1,0,10649,0
25253,0,1,0,766,0
25254,0,3,0,9543,0
25255,0,1,0,848,0
25256,0,3,0,4490,0
25257,0,2,0,17352,0
25258,1,1,9,78032,0
25259,0,4,0,24009,0
25260,3,2,2721,22289,0
25261,1,2,23565,367,0
25262,0,1,0,61578,0
25263,0,5,0,258205,0
25264,0,1,0,4812,0
25265,0,2,0,894,0
25266,5,3,1976,31392,0
25267,0,4,0,39556,0
25268,1,5,42,17677,0
25269,0,2,0,33613,0
25270,1,1,33585,1742,0
25271,1,1,1641,20251,0
25272,0,2,0,44114,0
25273,2,2,29328,10786,0
25274,0,1,0,549,0
25275,0,1,0,347888,0
25276,0,1,0,231148,0
25277,0,1,0,4861,0
25278,0,3,0,761554,0
25279,6,5,50340,16022,0
25280,1,4,10857,4466,0
25281,0,2,0,102984,0
25282,0,2,0,2007,0
25283,1,0,118,0,0
25284,1,0,3567,0,0
25285,2,0,12902,0,0
25286,0,2,0,1476,0
25287,0,1,0,413,0
25288,0,1,0,242,0
25289,0,1,0,82,0
25290,2,5,71286,6509,0
25291,4,0,3130,0,0
25292,1,4,2820,12573,0
25293,3,1,2562,577,0
25294,1,0,506,0,0
25295,1,0,11779,0,0
25296,0,2,0,3357,0
25297,0,1,0,93185,0
25298,0,1,0,1286,0
25299,0,1,0,720,0
25300,0,4,0,77946,0
25301,2,1,34848,29203,0
25302,2,0,5951,0,0
25303,0,1,0,2284,0
25304,2,0,30089,0,0
25305,0,1,0,34718,0
25306,1,1,941,886,0
25307,0,2,0,8775,0
25308,3,0,43792,0,0
25309,0,1,0,10480,0
25310,2,9,481380,148306,0
25311,1,0,281,0,0
25312,1,0,103987,0,0
25313,1,0,108,0,0
25314,0,1,0,34918,0
25315,0,1,0,446462,0
25316,1,2,9761,5592,0
25317,1,6,2695,11644,0
25318,1,0,6947,0,0
25319,2,0,253343,0,0
25320,3,0,27712,0,0
25321,1,4,11043,5075,0
25322,0,4,0,4580,0
25323,1,0,1844,0,0
25324,1,1,308,1786,0
25325,2,2,150183,5202,0
25326,3,8,1392,6714,0
25327,3,0,5466,0,0
25328,1,0,241,0,0
25329,1,0,3080,0,0
25330,0,3,0,551003,0
25331,1,3,31,281738,0
25332,1,0,274514,0,0
25333,4,4,122162,16795,0
25334,2,1,3306,406,0
25335,1,1,226,7000,0
25336,1,0,1677,0,0
25337,1,0,23690,0,0
25338,1,0,1783,0,0
25339,1,0,1311,0,0
25340,1,0,20181,0,0
25341,1,1,75,11782,0
25342,1,0,34,0,0
25343,1,0,1772,0,0
25344,1,0,40308,0,0
25345,1,1,9272,226,0
25346,15,4,310174,21079,0
25347,1,0,1482,0,0
25348,1,1,7820,143025,0
25349,1,1,11763,83177,0
25350,0,3,0,89046,0
25351,1,1,205,726,0
25352,0,6,0,11596,0
25353,1,0,5973,0,0
25354,0,1,0,35,0
25355,2,1,2614,53,0
25356,1,0,1657,0,0
25357,0,2,0,43563,0
25358,1,1,5079,4673,0
25359,3,5,6970,160824,0
25360,2,0,4409,0,0
25361,1,0,719,0,0
25362,1,0,4123,0,0
25363,1,0,7446,0,0
25364,1,0,972,0,0
25365,1,5,44814,168227,0
25366,1,0,165,0,0
25367,0,2,0,19226,0
25368,0,2,0,49401,0
25369,0,1,0,106982,0
25370,1,0,54,0,0
25371,0,1,0,96,0
25372,0,4,0,36344,0
25373,1,0,1622,0,0
25374,0,5,0,125755,0
25375,6,3,34791,19095,0
25376,1,0,6614,0,0
25377,1,0,56500,0,0
25378,5,3,52680,14621,0
25379,1,0,10050,0,0
25380,1,0,1267,0,0
25381,1,2,10770,335,0
25382,1,0,13,0,0
25383,1,0,1198,0,0
25384,1,0,433,0,0
25385,1,0,3396,0,0
25386,1,0,235,0,0
25387,1,1,43,152,0
25388,1,0,784,0,0
25389,2,0,2839,0,0
25390,0,2,0,2058,0
25391,0,3,0,2346,0
25392,6,1,20019,2913,0
25393,0,1,0,44065,0
25394,0,1,0,24,0
25395,0,2,0,253186,0
25396,0,1,0,48707,0
25397,0,2,0,1021,0
25398,0,1,0,68434,0
25399,1,1,940,3257,0
25400,3,6,40500,27071,0
25401,2,0,23631,0,0
25402,2,1,1263,63,0
25403,0,1,0,55268,0
25404,0,1,0,242,0
25405,0,1,0,4534,0
25406,1,0,51208,0,0
25407,1,0,18145,0,0
25408,1,0,36945,0,0
25409,0,1,0,1014,0
25410,0,1,0,3044,0
25411,0,1,0,211,0
25412,0,1,0,1296,0
25413,0,1,0,130475,0
25414,0,1,0,59,0
25415,0,1,0,84942,0
25416,0,1,0,889,0
25417,0,1,0,1929,0
25418,0,1,0,3753,0
25419,0,1,0,61564,0
25420,0,4,0,15561,0
25421,1,4,27,88879,0
25422,0,2,0,48299,0
25423,0,1,0,375,0
25424,0,1,0,770,0
25425,0,2,0,17995,0
25426,0,2,0,610746,0
25427,0,1,0,876,0
25428,0,4,0,26702,0
25429,0,1,0,3690,0
25430,0,1,0,69,0
25431,0,1,0,2244,0
25432,0,3,0,8605,0
25433,9,2,334301,5069,0
25434,0,1,0,2804,0
25435,0,1,0,7,0
25436,0,3,0,12186,0
25437,0,2,0,907226,0
25438,0,2,0,1909,0
25439,0,1,0,502,0
25440,3,0,11427,0,0
25441,1,0,9490,0,0
25442,1,0,651,0,0
25443,1,0,3256,0,0
25444,1,0,705,0,0
25445,1,0,0,0,0
25446,1,0,5788,0,0
25447,1,0,8292,0,0
25448,1,0,246,0,0
25449,1,0,53637,0,0
25450,1,0,138940,0,0
25451,1,0,3162,0,0
25452,1,1,347,35,0
25453,1,0,1105,0,0
25454,1,0,18,0,0
25455,1,0,161072,0,0
25456,1,0,3911,0,0
25457,1,0,4348,0,0
25458,0,1,0,13358,0
25459,0,2,0,20124,0
25460,0,1,0,677,0
25461,0,1,0,12291,0
25462,0,2,0,4318,0
25463,0,1,0,221,0
25464,0,1,0,3545,0
25465,0,2,0,3374,0
25466,0,1,0,8503,0
25467,0,1,0,1132,0
25468,0,2,0,1695,0
25469,0,1,0,3205,0
25470,0,1,0,17311,0
25471,0,2,0,10084,0
25472,0,2,0,19809,0
25473,0,1,0,1,0
25474,0,1,0,7045,0
25475,0,1,0,972,0
25476,0,4,0,1686603,0
25477,3,0,254308,0,0
25478,5,2,131356,1296,0
25479,0,1,0,185,0
25480,0,1,0,3620,0
25481,0,2,0,139,0
25482,0,2,0,52048,0
25483,0,1,0,1190,0
25484,1,1,1639,73,0
25485,0,1,0,5183,0
25486,0,1,0,29,0
25487,0,1,0,2529,0
25488,0,1,0,221,0
25489,0,1,0,43078,0
25490,0,1,0,1778,0
25491,0,2,0,6614,0
25492,0,2,0,61374,0
25493,4,5,620496,31241,0
25494,1,1,7796,14134,0
25495,0,1,0,119,0
25496,0,1,0,13152,0
25497,0,1,0,718,0
25498,0,1,0,430,0
25499,0,4,0,3420,0
25500,0,1,0,596,0
25501,1,3,44174,25898,1
25502,0,1,0,39601,0
25503,0,2,0,1492,0
25504,1,1,10162,21346,0
25505,0,1,0,1434,0
25506,0,1,0,32651,0
25507,0,1,0,7663,0
25508,1,3,82898,8391,0
25509,0,4,0,380547,0
25510,0,1,0,222,0
25511,1,4,2347,32853,0
25512,2,2,36071,6796,0
25513,1,1,7320,53,0
25514,0,1,0,9,0
25515,0,1,0,275259,0
25516,0,2,0,17541,0
25517,0,1,0,110541,0
25518,0,2,0,29805,0
25519,0,3,0,62799,0
25520,3,0,15793,0,0
25521,0,1,0,2104,0
25522,0,1,0,644,0
25523,0,2,0,160,0
25524,0,2,0,2241,0
25525,0,3,0,5946,0
25526,4,22,5336,1057048,0
25527,2,4,11882,189803,0
25528,3,36,26660,1193076,0
25529,1,0,65,0,0
25530,1,0,8284,0,0
25531,1,0,589,0,0
25532,1,0,28145,0,0
25533,1,0,1162,0,0
25534,1,0,3224,0,0
25535,1,0,33080,0,0
25536,1,0,1065,0,0
25537,2,0,76652,0,0
25538,1,1,7004,2108,0
25539,2,0,2736,0,0
25540,1,0,245,0,0
25541,1,0,754,0,0
25542,1,1,2697,475,0
25543,1,0,1605,0,0
25544,2,1,17064,3,0
25545,1,0,63,0,0
25546,1,0,979,0,0
25547,1,0,39068,0,0
25548,0,1,0,157,0
25549,0,1,0,3,0
25550,0,4,0,265887,0
25551,0,1,0,1360,0
25552,0,1,0,110,0
25553,0,2,0,67485,0
25554,3,1,54868,38,0
25555,0,1,0,47,0
25556,0,2,0,2865,0
25557,0,2,0,5063,0
25558,0,1,0,41234,0
25559,2,0,4244,0,0
25560,1,0,2522,0,0
25561,1,3,8663,156614,0
25562,1,0,8913,0,0
25563,1,0,773,0,0
25564,2,0,595839,0,0
25565,1,0,2540,0,0
25566,1,0,18893,0,0
25567,0,2,0,17344,0
25568,0,2,0,114473,0
25569,0,2,0,9785,0
25570,10,0,127853,0,0
25571,0,1,0,740,0
25572,0,2,0,13701,0
25573,0,1,0,430,0
25574,0,2,0,101,0
25575,0,1,0,2231,0
25576,0,2,0,88485,0
25577,0,1,0,503,0
25578,0,1,0,12660,0
25579,0,1,0,18694,0
25580,0,1,0,1500,0
25581,0,1,0,996,0
25582,0,1,0,13000,0
25583,0,1,0,1931,0
25584,0,1,0,1534,0
25585,0,1,0,5020,0
25586,0,1,0,27053,0
25587,0,1,0,11035,0
25588,0,1,0,7619,0
25589,0,1,0,32,0
25590,1,1,35613,1364,0
25591,0,1,0,815,0
25592,0,1,0,147297,0
25593,0,1,0,395,0
25594,0,1,0,1761,0
25595,0,1,0,5302,0
25596,0,1,0,10018,0
25597,0,1,0,2404,0
25598,0,1,0,0,0
25599,0,2,0,14704,0
25600,0,1,0,139,0
25601,0,1,0,197,0
25602,0,2,0,98,0
25603,0,3,0,9204,0
25604,0,1,0,1662,0
25605,0,1,0,17,0
25606,0,1,0,744,0
25607,0,3,0,14057,0
25608,0,1,0,24826,0
25609,0,3,0,728,0
25610,0,6,0,120396,0
25611,0,2,0,51390,0
25612,1,2,113840,8644,0
25613,0,1,0,204,0
25614,0,2,0,156979,0
25615,0,2,0,13131,0
25616,0,2,0,1513,0
25617,0,2,0,8351,0
25618,1,2,8,33409,0
25619,0,1,0,194,0
25620,0,2,0,2057,0
25621,0,1,0,69936,0
25622,0,2,0,121215,0
25623,0,1,0,309,0
25624,0,1,0,353,0
25625,0,1,0,7841,0
25626,0,1,0,7751,0
25627,0,1,0,5006,0
25628,0,1,0,28955,0
25629,0,1,0,58876,0
25630,0,1,0,1117,0
25631,0,1,0,322,0
25632,0,2,0,19252,0
25633,0,1,0,149,0
25634,0,1,0,435,0
25635,0,2,0,27535,0
25636,0,1,0,1008,0
25637,0,1,0,7,0
25638,0,2,0,2542,0
25639,0,1,0,2933,0
25640,0,1,0,959,0
25641,0,1,0,24143,0
25642,0,1,0,199,0
25643,0,1,0,36987,0
25644,1,0,625,0,0
25645,1,0,684950,0,0
25646,1,0,44,0,0
25647,1,1,286,156,0
25648,2,1,13647,4261,0
25649,1,0,17,0,0
25650,1,0,11764,0,0
25651,1,0,4636,0,0
25652,1,0,2374,0,0
25653,1,0,7870,0,0
25654,2,0,327,0,0
25655,1,0,2229,0,0
25656,2,0,4572,0,0
25657,1,0,411,0,0
25658,1,1,4713,4700,0
25659,1,0,2245,0,0
25660,1,0,2991,0,0
25661,1,0,49442,0,0
25662,1,0,458,0,0
25663,2,0,51688,0,0
25664,1,1,177494,1116748,0
25665,1,0,45,0,0
25666,1,0,108208,0,0
25667,1,1,21922,1571,0
25668,1,0,26924,0,0
25669,1,0,30044,0,0
25670,1,0,133,0,0
25671,1,0,464,0,0
25672,1,0,5220,0,0
25673,1,0,9992,0,0
25674,1,0,8,0,0
25675,1,0,87,0,0
25676,1,0,1140,0,0
25677,1,0,225,0,0
25678,1,0,286,0,0
25679,0,2,0,36649,0
25680,3,4,115585,31366,0
25681,0,1,0,12258,0
25682,1,4,646,13300,0
25683,15,4,192003,58553,0
25684,1,1,63,40,0
25685,0,1,0,1007,0
25686,0,1,0,273,0
25687,1,0,1126,0,0
25688,1,0,98,0,0
25689,1,0,1168,0,0
25690,0,2,0,5360,0
25691,0,6,0,61233,0
25692,1,0,21777,0,0
25693,1,0,24230,0,0
25694,3,0,22914,0,0
25695,0,1,0,4318,0
25696,0,1,0,640,0
25697,0,1,0,812,0
25698,0,1,0,98,0
25699,0,1,0,79,0
25700,0,2,0,1162,0
25701,0,5,0,17320,0
25702,2,0,43465,0,0
25703,10,4,14734,52329,0
25704,0,2,0,455,0
25705,0,2,0,11805,0
25706,0,2,0,66,0
25707,2,5,38823,14373,0
25708,0,4,0,26626,0
25709,1,0,22405,0,0
25710,2,0,6286,0,0
25711,0,2,0,8092,0
25712,1,3,4694,21918,0
25713,0,3,0,24612,0
25714,0,2,0,6688,0
25715,0,7,0,31389,0
25716,1,1,3127,13457,0
25717,1,0,1677,0,0
25718,1,0,29,0,0
25719,1,0,5,0,0
25720,1,0,71,0,0
25721,2,0,14767,0,0
25722,0,2,0,32126,0
25723,2,0,1113,0,0
25724,1,2,4207,34633,0
25725,2,6,16800,270771,0
25726,1,0,12791,0,0
25727,2,0,1182,0,0
25728,2,0,2419,0,0
25729,2,3,14631,2481,0
25730,0,5,0,209950,0
25731,1,1,563,1249,0
25732,1,0,15760,0,0
25733,1,5,2093,278169,0
25734,1,0,1477,0,0
25735,2,0,20726,0,0
25736,0,1,0,7951,0
25737,1,1,366,587,0
25738,0,3,0,15153,0
25739,5,0,62151,0,0
25740,1,2,40,12339,0
25741,1,1,257,11745,0
25742,2,0,2031,0,0
25743,1,2,196,7681,0
25744,1,1,625,30971,0
25745,1,10,2178,3096664,0
25746,1,0,3049459,0,0
25747,1,0,375,0,0
25748,0,2,0,44667,0
25749,4,0,133653,0,0
25750,1,0,8058,0,0
25751,1,5,11907,9107,0
25752,1,0,548,0,0
25753,1,0,832,0,0
25754,1,0,610,0,0
25755,0,1,0,3,0
25756,2,1,395806,9214,0
25757,1,1,137,5122,0
25758,0,4,0,130459,0
25759,0,2,0,5405,0
25760,1,1,9727,3603,0
25761,3,4,71215,9413,0
25762,2,0,47116,0,0
25763,1,0,5403,0,0
25764,0,2,0,32865,0
25765,0,1,0,922,0
25766,0,3,0,3111,0
25767,1,3,142,179594,0
25768,0,1,0,1054,0
25769,4,12,15331,122840,0
25770,1,0,1759,0,0
25771,2,0,346648,0,0
25772,1,0,3935,0,0
25773,1,0,16581,0,0
25774,1,0,57928,0,0
25775,1,0,48,0,0
25776,1,0,2990,0,0
25777,1,0,2573,0,0
25778,1,0,329,0,0
25779,1,0,16693,0,0
25780,1,2,22327,2270,0
25781,4,0,176788,0,0
25782,5,4,29634,100922,0
25783,7,0,109815,0,0
25784,1,0,1547,0,0
25785,0,5,0,12934,0
25786,3,1,9341,1711,0
25787,0,1,0,1691,0
25788,1,3,1110,3314,0
25789,1,2,778,13114,0
25790,0,6,0,226918,0
25791,1,0,124,0,0
25792,1,2,5462,14112,0
25793,1,0,14092,0,0
25794,3,5,2449,110097,0
25795,1,0,1107,0,0
25796,0,1,0,709,0
25797,1,6,61,11484,0
25798,1,0,649,0,0
25799,2,2,1245,205,0
25800,1,1,20673,0,0
25801,0,1,0,5558,0
25802,0,1,0,204,0
25803,0,1,0,58301,0
25804,0,1,0,6910,0
25805,0,3,0,34647,0
25806,1,0,97,0,0
25807,1,3,51,73244,0
25808,1,0,3065,0,0
25809,0,1,0,140702,0
25810,1,2,7575,58182,0
25811,0,2,0,3379,0
25812,0,3,0,131446,0
25813,1,0,181,0,0
25814,0,2,0,1299,0
25815,1,0,187,0,0
25816,0,1,0,237,0
25817,2,3,2199,32802,0
25818,0,1,0,185,0
25819,2,4,7262,132562,0
25820,0,2,0,6480,0
25821,6,0,49091,0,0
25822,1,1,4196,4926,0
25823,2,2,1892,161,0
25824,0,2,0,817,0
25825,0,1,0,22,0
25826,0,1,0,303,0
25827,0,2,0,5528,0
25828,5,0,13059,0,0
25829,0,1,0,611,0
25830,2,1,53851,351,0
25831,1,1,26,7670,0
25832,0,1,0,3406,0
25833,0,1,0,1352,0
25834,0,1,0,145020,0
25835,0,1,0,8983,0
25836,2,0,17361,0,0
25837,0,4,0,71933,0
25838,4,0,1853,0,0
25839,2,1,28411,26844,0
25840,0,1,0,55050,0
25841,0,1,0,8673,0
25842,6,1,93039,3,0
25843,0,2,0,62663,0
25844,1,3,49,1748,0
25845,2,1,2413,45820,0
25846,1,0,555,0,0
25847,1,0,3544,0,0
25848,3,11,261727,19268,0
25849,1,0,34,0,0
25850,1,0,2120,0,0
25851,1,0,433,0,0
25852,1,0,1600,0,0
25853,2,0,627,0,0
25854,1,0,6913,0,0
25855,1,0,1994,0,0
25856,1,0,652,0,0
25857,1,0,1196,0,0
25858,1,0,40,0,0
25859,1,0,128305,0,0
25860,2,0,2146,0,0
25861,0,2,0,201762,0
25862,0,1,0,451,0
25863,0,1,0,60981,0
25864,0,1,0,90,0
25865,0,1,0,2126,0
25866,0,1,0,673,0
25867,0,5,0,231323,0
25868,2,0,7977,0,0
25869,1,0,514,0,0
25870,1,0,1333,0,0
25871,0,3,0,30647,0
25872,1,3,1223,5249,0
25873,4,2,27281,5090,0
25874,0,1,0,7752,0
25875,3,4,25859,18928,0
25876,1,1,12860,973,0
25877,5,10,148189,135603,0
25878,1,0,10,0,0
25879,1,0,2462,0,0
25880,4,0,87844,0,0
25881,5,0,77641,0,0
25882,2,10,19995,198429,0
25883,1,0,56024,0,0
25884,2,0,4941,0,0
25885,1,0,30190,0,0
25886,0,4,0,1617,0
25887,2,0,237,0,0
25888,0,1,0,12747,0
25889,3,2,2481,1592,0
25890,1,1,9634,2509,0
25891,1,0,381,0,0
25892,1,0,2698,0,0
25893,2,0,1681,0,0
25894,1,0,15355,0,0
25895,1,0,419712,0,0
25896,1,1,520251,7615,0
25897,1,1,418,42860,0
25898,1,0,217,0,0
25899,1,0,3809,0,0
25900,2,11,148407,119032,0
25901,2,0,279,0,0
25902,2,0,165528,0,0
25903,1,2,1607,305196,0
25904,1,0,2553,0,0
25905,1,0,23,0,0
25906,1,2,595985,11851,0
25907,0,17,0,704992,0
25908,1,0,635,0,0
25909,3,0,466,0,0
25910,1,0,18,0,0
25911,1,0,522,0,0
25912,1,0,157,0,0
25913,2,0,2670,0,0
25914,1,0,72,0,0
25915,2,0,4091,0,0
25916,2,0,4261,0,0
25917,1,1,172,6023,0
25918,2,0,2613,0,0
25919,1,0,44975,0,0
25920,3,0,14362,0,0
25921,1,0,758,0,0
25922,1,0,247,0,0
25923,1,0,1412,0,0
25924,1,0,36686,0,0
25925,4,0,27446,0,0
25926,2,1,5575,11528,0
25927,6,11,19898,124870,0
25928,1,0,1233,0,0
25929,1,0,2329,0,0
25930,1,1,4145,10,0
25931,1,0,2496,0,0
25932,1,0,1083,0,0
25933,1,1,155,1400,0
25934,1,0,450,0,0
25935,1,0,451,0,0
25936,2,0,3674,0,0
25937,1,0,42716,0,0
25938,1,0,124,0,0
25939,1,0,2349148,0,0
25940,1,1,16,355,0
25941,2,1,4508,5721752,0
25942,2,0,369,0,0
25943,0,3,0,20014,0
25944,2,0,11759,0,0
25945,1,0,42967,0,0
25946,3,1,10780,1022,0
25947,1,1,752,56593,0
25948,1,0,8464,0,0
25949,1,0,21,0,0
25950,2,0,9702,0,0
25951,1,0,35082,0,0
25952,0,3,0,62176,0
25953,2,0,27918,0,0
25954,1,0,903,0,0
25955,0,15,0,241031,0
25956,1,0,25,0,0
25957,2,0,7695,0,0
25958,1,0,1730,0,0
25959,2,0,19093,0,0
25960,1,0,182753,0,0
25961,1,0,3426,0,0
25962,1,0,237,0,0
25963,2,0,3644,0,0
25964,4,1,116521,6871,0
25965,1,23,4343,296768,0
25966,1,1,31,609,0
25967,1,0,1442,0,0
25968,1,0,559,0,0
25969,1,0,6423,0,0
25970,1,0,5391,0,0
25971,1,0,102,0,0
25972,2,0,1258,0,0
25973,2,0,808,0,0
25974,1,1,186,15775,0
25975,1,0,1280,0,0
25976,2,0,811,0,0
25977,1,0,35028,0,0
25978,1,0,597,0,0
25979,1,0,20,0,0
25980,1,0,26503,0,0
25981,2,1,116846,695,0
25982,6,12,35840,50702,0
25983,1,0,2714,0,0
25984,2,1,337,110,0
25985,2,0,45742,0,0
25986,1,0,232,0,0
25987,1,0,1304,0,0
25988,2,0,6852,0,0
25989,10,10,10769,43764,0
25990,1,0,11472,0,0
25991,1,0,244,0,0
25992,0,1,0,66,0
25993,1,1,13119,3219,0
25994,0,4,0,8535,0
25995,0,1,0,24237,0
25996,0,1,0,649,0
25997,3,0,22178,0,0
25998,7,4,165981,356825,0
25999,0,1,0,794,0
26000,1,0,2153,0,0
26001,1,0,121,0,0
26002,1,1,417920,177854,0
26003,0,1,0,685,0
26004,0,1,0,893,0
26005,0,7,0,255728,0
26006,2,0,56868,0,0
26007,2,0,6182,0,0
26008,2,0,10690,0,0
26009,1,0,35,0,0
26010,0,14,0,11546343,0
26011,1,0,522,0,0
26012,2,0,2580,0,0
26013,1,2,44003,6936,0
26014,1,1,32,104047,0
26015,2,10,1677,1719833,0
26016,4,0,1996947,0,0
26017,1,0,74728,0,0
26018,2,1,4897,1433,0
26019,1,0,33600,0,0
26020,1,1,1068,244,0
26021,1,0,395,0,0
26022,1,0,34,0,0
26023,1,0,1384,0,0
26024,1,0,2132,0,0
26025,1,0,2095,0,0
26026,1,0,685,0,0
26027,1,0,75614,0,0
26028,1,0,1267,0,0
26029,1,0,5574,0,0
26030,0,30,0,1059127,0
26031,1,0,368,0,0
26032,1,0,1088,0,0
26033,1,0,3881,0,0
26034,1,0,521,0,0
26035,1,0,1716,0,0
26036,1,0,23523,0,0
26037,1,1,3332,49,0
26038,5,0,7716,0,0
26039,3,1,15042,27286,0
26040,1,1,4589,480,0
26041,1,1,55,693,0
26042,1,0,4346,0,0
26043,1,0,3607,0,0
26044,4,0,614530,0,0
26045,1,0,584,0,0
26046,1,0,12448,0,0
26047,1,0,43968,0,0
26048,1,0,9397,0,0
26049,3,6,1228347,5944,0
26050,1,0,985,0,0
26051,1,0,387,0,0
26052,1,1,1304,34470,0
26053,0,1,0,806,0
26054,0,1,0,5702,0
26055,0,1,0,416,0
26056,0,1,0,5098,0
26057,0,2,0,68,0
26058,1,5,23028,447775,0
26059,2,1,68988,257,0
26060,0,1,0,16521,0
26061,1,5,12583,61235,0
26062,0,1,0,50,0
26063,0,1,0,206587,0
26064,0,1,0,907727,0
26065,0,1,0,336,0
26066,1,2,27286,42238,0
26067,2,6,8462,83906,0
26068,1,0,9122,0,0
26069,1,1,4917,44,0
26070,1,2,270,403341,0
26071,1,0,7925,0,0
26072,0,1,0,20645,0
26073,3,6,5340,52311,0
26074,20,3,137840,2091,0
26075,1,1,225,1840,0
26076,0,1,0,336,0
26077,0,2,0,6364,0
26078,2,1,92604,8,0
26079,1,0,98,0,0
26080,1,0,1731,0,0
26081,0,1,0,10074,0
26082,0,1,0,14611,0
26083,1,0,98,0,0
26084,2,0,47957,0,0
26085,1,0,4047,0,0
26086,1,0,11096,0,0
26087,1,1,10351,2201,0
26088,2,2,9716,4574,0
26089,1,1,31040,4147,0
26090,1,0,34023,0,0
26091,1,0,2970,0,0
26092,1,0,51,0,0
26093,2,0,307,0,0
26094,1,2,143,128163,0
26095,1,1,67218,18,0
26096,2,0,38833,0,0
26097,2,3,3034,13834,0
26098,2,0,9745,0,0
26099,1,2,91484,3051,0
26100,1,0,127451,0,0
26101,2,2,34940,34250,0
26102,1,1,111821,12,0
26103,1,0,446,0,0
26104,1,0,928,0,0
26105,1,0,17948,0,0
26106,1,1,11541,160,0
26107,1,0,555,0,0
26108,0,1,0,46,0
26109,0,1,0,237,0
26110,0,1,0,2661,0
26111,0,1,0,101,0
26112,0,1,0,763,0
26113,1,0,299,0,0
26114,0,1,0,1756,0
26115,0,2,0,21665,0
26116,2,2,21832,4066,0
26117,1,0,5115,0,0
26118,4,6,30696,6436,0
26119,5,19,42922,447938,0
26120,0,1,0,970,0
26121,0,1,0,1615,0
26122,0,1,0,2249,0
26123,0,1,0,3570,0
26124,0,1,0,4578,0
26125,0,1,0,1306,0
26126,0,2,0,1467,0
26127,0,1,0,1436,0
26128,0,1,0,10707,0
26129,1,1,2333,36878,0
26130,0,1,0,1620,0
26131,0,2,0,11645,0
26132,0,1,0,1257,0
26133,0,1,0,9368,0
26134,0,1,0,1848,0
26135,1,1,160,244,0
26136,0,1,0,916,0
26137,0,3,0,745831,0
26138,1,0,19,0,0
26139,0,2,0,33086,0
26140,1,2,885,905,0
26141,2,0,35444,0,0
26142,1,0,1944,0,0
26143,3,0,31117,0,0
26144,3,0,1504,0,0
26145,10,12,137282,3650893,0
26146,1,1,6321,16197,0
26147,2,0,501071,0,0
26148,2,0,289225,0,0
26149,1,1,2445,7955,0
26150,1,0,1138762,0,0
26151,1,0,2757,0,0
26152,3,0,2232,0,0
26153,4,9,977108,213665,0
26154,7,0,65171,0,0
26155,1,0,164421,0,0
26156,1,0,950,0,0
26157,1,0,3268,0,0
26158,2,0,1032,0,0
26159,1,3,3254,29249,0
26160,1,1,13779,677,0
26161,0,1,0,843,0
26162,0,1,0,3515,0
26163,4,1,9040,157,0
26164,1,0,250,0,0
26165,3,7,2768,135127,0
26166,2,0,301,0,0
26167,3,0,457572,0,0
26168,1,0,2478,0,0
26169,5,9,22452,50121,0
26170,2,0,703,0,0
26171,1,1,362,171,0
26172,9,18,223166,271943,0
26173,1,0,2190,0,0
26174,1,0,28629,0,0
26175,1,0,20,0,0
26176,7,0,269077,0,0
26177,1,0,12,0,0
26178,1,0,49,0,0
26179,7,9,69590,148369,0
26180,1,1,960,5478,0
26181,1,0,141729,0,0
26182,1,0,2021,0,0
26183,1,0,1999,0,0
26184,1,0,178,0,0
26185,1,0,782,0,0
26186,1,0,177,0,0
26187,1,1,16,57631,0
26188,1,0,35638,0,0
26189,1,0,4402,0,0
26190,1,1,1297,2208,0
26191,1,1,29,609,0
26192,3,4,9619,22915,0
26193,3,0,9685,0,0
26194,2,0,14023,0,0
26195,1,3,963,16398,0
26196,1,0,16036,0,0
26197,0,2,0,1803,0
26198,2,6,1849,729681,0
26199,1,1,834,1751,0
26200,1,0,579,0,0
26201,1,1,37,144,0
26202,1,1,22097,445,0
26203,0,4,0,2596,0
26204,1,0,937,0,0
26205,2,24,3027,425674,0
26206,1,0,21389,0,0
26207,1,0,268960,0,0
26208,1,0,560,0,0
26209,1,0,6195,0,0
26210,2,1,4084,26,0
26211,1,0,303,0,0
26212,2,0,2101,0,0
26213,1,0,156,0,0
26214,1,0,311,0,0
26215,1,0,631,0,0
26216,1,0,1064,0,0
26217,1,0,4,0,0
26218,1,3,51896,525,0
26219,1,0,14,0,0
26220,0,1,0,138,0
26221,8,0,2669403,0,0
26222,3,3,9444,1809,0
26223,1,0,1252,0,0
26224,1,2,56,13259,0
26225,0,1,0,98,0
26226,2,6,7209,48798,0
26227,0,2,0,1992,0
26228,0,4,0,3483,0
26229,0,1,0,182,0
26230,0,2,0,51,0
26231,0,1,0,155,0
26232,0,1,0,479,0
26233,0,1,0,11641997,0
26234,0,1,0,1002,0
26235,0,1,0,9499,0
26236,0,1,0,2353,0
26237,0,1,0,771,0
26238,0,1,0,17,0
26239,0,2,0,2840,0
26240,0,1,0,5856,0
26241,0,1,0,68793,0
26242,0,1,0,83,0
26243,0,1,0,14419,0
26244,0,2,0,6749,0
26245,0,1,0,72,0
26246,0,1,0,9350,0
26247,0,1,0,2262,0
26248,0,1,0,917,0
26249,0,1,0,5540,0
26250,0,1,0,1055,0
26251,0,1,0,14,0
26252,0,1,0,56052,0
26253,0,2,0,31690,0
26254,0,2,0,3255,0
26255,0,1,0,112,0
26256,0,2,0,57325,0
26257,0,6,0,310272,0
26258,5,2,556964,3444,0
26259,0,1,0,25229,0
26260,0,1,0,2694,0
26261,0,1,0,257068,0
26262,0,1,0,1097,0
26263,0,1,0,10264,0
26264,0,1,0,940,0
26265,0,1,0,470,0
26266,0,1,0,24540,0
26267,0,1,0,148985,0
26268,0,1,0,14585,0
26269,0,1,0,915,0
26270,0,1,0,25379,0
26271,0,1,0,54,0
26272,0,1,0,297,0
26273,0,1,0,3848,0
26274,0,1,0,16858,0
26275,0,1,0,7240,0
26276,0,1,0,38462,0
26277,0,1,0,699,0
26278,0,1,0,4736,0
26279,0,1,0,147004,0
26280,0,1,0,2839,0
26281,0,1,0,1860,0
26282,0,1,0,2790,0
26283,1,1,50,496,0
26284,0,1,0,364,0
26285,0,1,0,1068,0
26286,0,2,0,40671,0
26287,1,2,33575,1327,0
26288,0,1,0,529,0
26289,0,1,0,254,0
26290,0,1,0,109086,0
26291,0,2,0,2496,0
26292,0,1,0,220,0
26293,0,1,0,3214,0
26294,0,1,0,548,0
26295,0,2,0,9153,0
26296,0,1,0,2065,0
26297,0,1,0,59163,0
26298,0,1,0,9682,0
26299,0,2,0,12732,0
26300,0,1,0,156,0
26301,0,1,0,1552,0
26302,0,1,0,3629,0
26303,0,1,0,116,0
26304,0,2,0,21176,0
26305,0,1,0,244,0
26306,0,1,0,1052,0
26307,0,1,0,2209,0
26308,0,1,0,1760,0
26309,0,1,0,441,0
26310,0,1,0,7566,0
26311,1,4,81721,65078,0
26312,0,2,0,17333,0
26313,0,1,0,625,0
26314,0,1,0,463,0
26315,0,1,0,6364,0
26316,0,1,0,1290,0
26317,0,1,0,142,0
26318,0,1,0,567,0
26319,0,2,0,78130,0
26320,0,1,0,2710,0
26321,0,1,0,46,0
26322,0,2,0,643,0
26323,1,1,516,37667,0
26324,0,1,0,428,0
26325,0,1,0,85,0
26326,0,1,0,38894,0
26327,0,2,0,1072,0
26328,0,4,0,191608,0
26329,0,1,0,6853,0
26330,0,1,0,125,0
26331,0,1,0,108046,0
26332,0,1,0,12,0
26333,1,1,447,6020,0
26334,0,1,0,1129,0
26335,0,1,0,87,0
26336,1,1,1216,24913,0
26337,0,1,0,10048,0
26338,0,1,0,9690,0
26339,0,1,0,512,0
26340,0,1,0,23,0
26341,0,1,0,372,0
26342,0,1,0,15,0
26343,0,1,0,1556,0
26344,0,1,0,150,0
26345,0,1,0,686,0
26346,0,1,0,631,0
26347,0,1,0,185,0
26348,0,1,0,154,0
26349,0,1,0,158,0
26350,0,1,0,1675,0
26351,0,1,0,641,0
26352,0,3,0,5585,0
26353,0,2,0,10385,0
26354,0,3,0,2491,0
26355,0,1,0,1149,0
26356,2,7,140446,212939,1
26357,0,5,0,4462,0
26358,0,2,0,191,0
26359,0,2,0,4457,0
26360,0,2,0,39646,0
26361,0,2,0,3953,0
26362,0,1,0,19036,0
26363,0,1,0,862,0
26364,0,1,0,41452,0
26365,0,1,0,64,0
26366,0,1,0,2013,0
26367,0,1,0,59,0
26368,0,1,0,17868,0
26369,2,0,1856,0,0
26370,1,0,125332,0,0
26371,1,0,713,0,0
26372,6,0,14388,0,0
26373,0,2,0,716,0
26374,0,2,0,30173,0
26375,0,1,0,18750,0
26376,0,1,0,72,0
26377,0,1,0,42,0
26378,0,1,0,4649,0
26379,2,1,24569,1126,0
26380,0,2,0,3189,0
26381,1,2,27491,2603,0
26382,0,1,0,1009,0
26383,0,1,0,21682,0
26384,0,1,0,1210,0
26385,0,1,0,4044,0
26386,0,1,0,192,0
26387,0,1,0,78863,0
26388,0,1,0,6429,0
26389,0,1,0,28069,0
26390,0,1,0,165,0
26391,0,1,0,94,0
26392,0,2,0,858,0
26393,0,1,0,164,0
26394,0,1,0,118,0
26395,0,1,0,714,0
26396,0,1,0,13,0
26397,0,1,0,53393,0
26398,0,1,0,352,0
26399,0,1,0,227,0
26400,0,1,0,1770,0
26401,0,1,0,618930,0
26402,0,1,0,2941,0
26403,0,1,0,6571,0
26404,0,1,0,57963,0
26405,0,1,0,71,0
26406,0,1,0,14640,0
26407,1,0,22067,0,0
26408,1,0,41003,0,0
26409,2,0,60632,0,0
26410,1,0,3358,0,0
26411,1,0,43593,0,0
26412,1,0,17639,0,0
26413,1,0,23712,0,0
26414,0,5,0,120980,0
26415,0,3,0,2552,0
26416,0,2,0,14407,0
26417,1,1,5884,1555,0
26418,0,1,0,69,0
26419,0,1,0,1088,0
26420,0,1,0,423,0
26421,0,1,0,2661,0
26422,0,1,0,438,0
26423,0,1,0,5213,0
26424,0,1,0,337,0
26425,1,1,77674,70172,0
26426,0,2,0,38099,0
26427,0,3,0,8973,0
26428,0,1,0,873,0
26429,0,1,0,2884,0
26430,0,1,0,130616,0
26431,0,1,0,4797,0
26432,0,1,0,386,0
26433,1,4,40,243470,0
26434,0,2,0,7315,0
26435,0,2,0,21795,0
26436,0,1,0,242,0
26437,0,2,0,10540,0
26438,4,1,71775,0,0
26439,0,1,0,1262,0
26440,0,3,0,3404,0
26441,0,1,0,2186,0
26442,0,3,0,9128,0
26443,0,2,0,24563,0
26444,0,2,0,714627,0
26445,0,1,0,4819,0
26446,0,1,0,106,0
26447,0,1,0,827,0
26448,0,1,0,63,0
26449,0,2,0,11199,0
26450,0,1,0,40171,0
26451,0,1,0,6130,0
26452,0,1,0,5238,1
26453,0,1,0,462,0
26454,0,1,0,430,0
26455,0,1,0,27735,0
26456,0,1,0,40,0
26457,0,1,0,519,0
26458,0,1,0,18677,0
26459,0,1,0,549,0
26460,0,1,0,4805,0
26461,0,1,0,43,0
26462,0,1,0,12,0
26463,0,1,0,13,0
26464,0,1,0,12844,0
26465,0,1,0,44,0
26466,0,1,0,46704,0
26467,0,1,0,37136,0
26468,0,1,0,2162,0
26469,0,1,0,356,0
26470,0,2,0,16557,0
26471,0,1,0,943,0
26472,0,2,0,2276,0
26473,0,2,0,4773,0
26474,0,1,0,9399,0
26475,0,1,0,15433,0
26476,0,1,0,1619,0
26477,0,1,0,16095,0
26478,0,2,0,3235,0
26479,0,1,0,154,0
26480,0,1,0,960,0
26481,0,2,0,124,0
26482,1,1,21,108,0
26483,0,1,0,43,0
26484,0,2,0,1137,0
26485,0,1,0,5846,0
26486,0,1,0,3563,0
26487,0,1,0,2877,0
26488,0,1,0,1030,0
26489,0,2,0,797,0
26490,0,2,0,2731,0
26491,0,1,0,213,0
26492,0,1,0,122920,0
26493,0,1,0,4152,0
26494,0,1,0,54,0
26495,0,1,0,128044,0
26496,0,1,0,42873,0
26497,0,1,0,1049,0
26498,0,1,0,112,0
26499,0,1,0,1058,0
26500,0,1,0,3126,0
26501,0,1,0,205,0
26502,1,4,61750,47307,0
26503,5,3,110577,72354,0
26504,0,1,0,16158,0
26505,0,1,0,2289,0
26506,0,1,0,4598,0
26507,0,1,0,1640,0
26508,0,2,0,32397,0
26509,0,1,0,351,0
26510,0,1,0,1890,0
26511,0,1,0,697,0
26512,0,1,0,12183,0
26513,0,1,0,39903,0
26514,0,1,0,3251,0
26515,0,1,0,1683,0
26516,0,1,0,212,0
26517,0,1,0,78943,0
26518,0,1,0,23112,0
26519,0,1,0,205,0
26520,0,1,0,4610,0
26521,0,2,0,177509,0
26522,0,1,0,2183,0
26523,0,1,0,984,0
26524,0,1,0,2032,0
26525,0,1,0,5569,0
26526,0,1,0,1396,0
26527,0,1,0,102143,0
26528,0,1,0,28569,0
26529,0,1,0,46623,0
26530,0,1,0,16706,0
26531,0,1,0,2376,0
26532,0,1,0,4081,0
26533,0,1,0,7142,0
26534,0,1,0,34912,0
26535,0,1,0,999,0
26536,0,2,0,298,0
26537,0,1,0,16704,0
26538,0,1,0,52,0
26539,0,1,0,9124,0
26540,0,1,0,366,0
26541,0,1,0,111,0
26542,0,1,0,563,0
26543,0,2,0,126335,0
26544,0,2,0,5632,0
26545,0,1,0,5075,0
26546,0,1,0,1647,0
26547,0,1,0,2021,0
26548,0,1,0,2196,0
26549,0,1,0,810,0
26550,0,1,0,1021,0
26551,0,1,0,11396,0
26552,0,1,0,805,0
26553,0,1,0,52,0
26554,0,3,0,88391,0
26555,0,3,0,372,0
26556,0,1,0,6498,0
26557,0,1,0,1994,0
26558,0,2,0,5218,0
26559,0,1,0,745,0
26560,1,1,351,859,0
26561,0,1,0,9313,0
26562,0,1,0,64,0
26563,0,1,0,9381,0
26564,0,1,0,76,0
26565,0,2,0,247,0
26566,0,1,0,48555,0
26567,0,3,0,5387,0
26568,0,2,0,5051,0
26569,0,1,0,1001,0
26570,0,1,0,566,0
26571,0,1,0,3455,0
26572,0,1,0,338,0
26573,0,1,0,5053,0
26574,0,1,0,74,0
26575,1,1,237029,9190,0
26576,2,2,23447,4011,0
26577,0,1,0,9677,0
26578,0,1,0,4094,0
26579,0,2,0,421,0
26580,0,1,0,3470,0
26581,0,2,0,11378,0
26582,0,1,0,3953,0
26583,0,1,0,1218,0
26584,0,1,0,694,0
26585,0,1,0,443,0
26586,0,2,0,505,0
26587,0,1,0,29258,0
26588,0,3,0,919,0
26589,0,1,0,4764,0
26590,0,1,0,24510,0
26591,0,2,0,25908,0
26592,0,2,0,2952,0
26593,0,1,0,6237,0
26594,0,1,0,3223,0
26595,0,1,0,7,0
26596,0,2,0,25727,0
26597,0,1,0,276,0
26598,0,1,0,555,0
26599,0,1,0,553599,0
26600,0,1,0,505,0
26601,0,1,0,4903,0
26602,0,1,0,3774,0
26603,0,1,0,295,0
26604,0,1,0,4288,0
26605,0,1,0,70135,0
26606,0,2,0,3830,0
26607,0,1,0,473,0
26608,0,1,0,1512,0
26609,0,1,0,5885,0
26610,1,1,261,711714,0
26611,0,1,0,2718,0
26612,0,1,0,3811,0
26613,0,1,0,13,0
26614,0,1,0,194,0
26615,0,1,0,65,0
26616,0,1,0,42621,0
26617,0,1,0,36212,0
26618,0,1,0,16016,0
26619,0,2,0,17105,0
26620,0,1,0,154,0
26621,0,1,0,125,0
26622,0,1,0,470004,0
26623,0,1,0,1486,0
26624,0,2,0,35535,0
26625,0,1,0,384,0
26626,0,2,0,3934,0
26627,0,2,0,3448,0
26628,6,5,28373,10585,0
26629,0,1,0,1400,0
26630,0,1,0,938,0
26631,0,1,0,2238,0
26632,0,1,0,21951,0
26633,0,1,0,1712,0
26634,0,1,0,393,0
26635,0,2,0,5186,0
26636,2,0,11561,0,0
26637,0,1,0,4064,0
26638,0,1,0,26,0
26639,0,1,0,882,0
26640,0,2,0,1547379,0
26641,0,1,0,16,0
26642,0,1,0,137409,0
26643,0,1,0,245,0
26644,0,1,0,33083,0
26645,0,1,0,1344,0
26646,0,1,0,1263,0
26647,0,1,0,9959,0
26648,0,1,0,564,0
26649,0,1,0,2386,0
26650,0,1,0,5105,0
26651,0,1,0,136588,0
26652,0,1,0,5959,0
26653,0,1,0,1548,0
26654,0,1,0,6439,0
26655,0,2,0,5906,0
26656,2,1,2176,3283,0
26657,0,1,0,130,0
26658,0,2,0,401,0
26659,3,2,3818,24752,0
26660,0,1,0,809,0
26661,0,1,0,66140,0
26662,0,1,0,2101,0
26663,0,1,0,19345,0
26664,0,1,0,9895,0
26665,0,1,0,384939,0
26666,0,4,0,4207,0
26667,0,1,0,341,0
26668,0,1,0,62659,0
26669,0,1,0,5772,0
26670,0,1,0,131,0
26671,0,1,0,7947,0
26672,0,1,0,316,0
26673,0,1,0,1462,0
26674,0,3,0,527,0
26675,0,1,0,7563,0
26676,0,1,0,154,0
26677,0,1,0,84,0
26678,0,1,0,409,0
26679,0,2,0,2786,0
26680,0,1,0,8962,0
26681,0,2,0,158,0
26682,0,1,0,5042,0
26683,1,3,93189,12919,1
26684,0,1,0,19546,0
26685,1,1,445,1105,0
26686,0,1,0,19,0
26687,0,2,0,5201,0
26688,0,1,0,29,0
26689,0,1,0,300,0
26690,2,3,126648,93550,0
26691,1,0,68018,0,0
26692,0,2,0,2264,0
26693,0,1,0,2640,0
26694,0,1,0,1089,0
26695,0,1,0,5621,0
26696,0,1,0,701,0
26697,0,1,0,1848,0
26698,0,1,0,369,0
26699,0,1,0,644,0
26700,0,1,0,3133,0
26701,0,2,0,68496,0
26702,1,1,2532,24393,0
26703,0,1,0,5465,0
26704,0,1,0,257,0
26705,0,2,0,13096,0
26706,0,1,0,2916,0
26707,0,1,0,9938,0
26708,0,1,0,2063,0
26709,0,1,0,4451,0
26710,0,2,0,1367,0
26711,0,1,0,11126,0
26712,0,1,0,3876,0
26713,0,1,0,11027,0
26714,0,1,0,1048,0
26715,0,1,0,53769,0
26716,0,1,0,322,0
26717,0,1,0,1239,0
26718,0,1,0,2503,0
26719,0,2,0,14118,0
26720,0,1,0,6129,0
26721,0,1,0,29,0
26722,0,1,0,308,0
26723,0,2,0,3859,0
26724,0,1,0,106353,0
26725,0,1,0,5018,0
26726,0,1,0,314,0
26727,0,1,0,560,0
26728,0,1,0,12056,0
26729,0,1,0,157,0
26730,0,1,0,187,0
26731,0,1,0,1062,0
26732,0,1,0,1576,0
26733,0,2,0,122558,0
26734,0,1,0,3103,0
26735,1,1,901,9320,0
26736,0,2,0,1565672,0
26737,0,1,0,617,0
26738,0,1,0,546,0
26739,0,1,0,1801,0
26740,0,1,0,15888,0
26741,0,1,0,338,0
26742,0,1,0,165198,0
26743,0,1,0,7866,0
26744,0,2,0,11442,0
26745,0,2,0,7942,0
26746,0,1,0,39208,0
26747,0,1,0,2542,0
26748,0,1,0,2719,0
26749,0,2,0,6618,0
26750,1,2,10287,563,0
26751,0,1,0,78,0
26752,0,1,0,26670,0
26753,0,1,0,556,0
26754,0,1,0,4086,0
26755,0,2,0,496366,0
26756,0,1,0,19198,0
26757,0,1,0,1308,0
26758,0,1,0,3059,0
26759,0,1,0,147,0
26760,0,1,0,3430,0
26761,0,1,0,1891,0
26762,0,1,0,37044,0
26763,0,1,0,22064,0
26764,1,1,68,1505,0
26765,3,0,7237,0,0
26766,0,1,0,653,0
26767,0,1,0,890,0
26768,4,1,48069,413656,0
26769,0,1,0,1359,0
26770,0,1,0,3614,0
26771,0,1,0,7909,0
26772,0,1,0,78,0
26773,0,1,0,4603,0
26774,0,3,0,2381,0
26775,0,1,0,16498,0
26776,0,2,0,428027,0
26777,0,1,0,185,0
26778,1,1,130,535,0
26779,0,1,0,33347,0
26780,0,2,0,61768,0
26781,0,2,0,2901,0
26782,0,1,0,111581,0
26783,0,2,0,403,0
26784,0,5,0,100495,0
26785,1,1,76083,939,0
26786,1,0,16690,0,0
26787,1,0,890,0,0
26788,0,1,0,11578,0
26789,0,1,0,168,0
26790,0,3,0,3988,0
26791,0,1,0,4032,0
26792,0,1,0,25441,0
26793,0,1,0,51099,0
26794,0,1,0,42537,0
26795,0,1,0,9594,0
26796,0,1,0,43170,0
26797,0,1,0,3595,0
26798,0,1,0,14907,0
26799,0,2,0,2084885,0
26800,0,2,0,3912,0
26801,0,1,0,6540,0
26802,0,1,0,2226,0
26803,0,2,0,5549,0
26804,0,1,0,634,0
26805,0,1,0,4145,0
26806,0,1,0,1753,0
26807,0,2,0,876,0
26808,1,0,78866,0,0
26809,1,0,37581,0,0
26810,1,0,2762,0,0
26811,1,0,972,0,0
26812,1,0,1060,0,0
26813,1,0,129,0,0
26814,1,0,4673,0,0
26815,1,0,3243,0,0
26816,1,0,756,0,0
26817,1,0,36262,0,0
26818,1,0,17523,0,0
26819,1,0,68785,0,0
26820,1,0,2510,0,0
26821,1,0,3944,0,0
26822,1,0,996,0,0
26823,1,0,57,0,0
26824,1,0,1141,0,0
26825,1,0,16480,0,0
26826,1,1,68,2783,0
26827,2,0,15867,0,0
26828,1,4,924,3552,0
26829,0,1,0,174,0
26830,0,1,0,251,0
26831,0,1,0,15,0
26832,0,1,0,3350,0
26833,0,1,0,538,0
26834,0,1,0,12228,0
26835,0,2,0,78505,0
26836,0,2,0,743,0
26837,0,1,0,51,0
26838,0,1,0,868,0
26839,0,2,0,906,0
26840,0,1,0,13714,0
26841,0,1,0,4055,0
26842,0,1,0,24411,0
26843,0,1,0,16539,0
26844,0,1,0,4441,0
26845,0,1,0,222,0
26846,0,1,0,41,0
26847,0,1,0,2171,0
26848,0,1,0,100,0
26849,1,0,134,0,0
26850,0,1,0,289,0
26851,0,1,0,365,0
26852,0,1,0,1383,0
26853,1,1,167,203526,0
26854,0,1,0,109,0
26855,0,1,0,1778,0
26856,0,2,0,2361,0
26857,0,2,0,28632,0
26858,0,1,0,2838,0
26859,0,1,0,481,0
26860,0,1,0,1088,0
26861,0,1,0,145,0
26862,0,3,0,145543,0
26863,0,3,0,1997,0
26864,0,1,0,3940,0
26865,0,1,0,2288,0
26866,0,1,0,1555,0
26867,0,3,0,54507,0
26868,0,1,0,8449,0
26869,0,2,0,3408,0
26870,4,8,9216,211530,0
26871,0,5,0,64153,0
26872,0,1,0,152039,0
26873,0,1,0,1744,0
26874,0,3,0,60846,0
26875,1,0,582,0,0
26876,0,2,0,53435,0
26877,0,1,0,361,0
26878,0,1,0,1176,0
26879,0,2,0,6184,0
26880,1,0,202,0,0
26881,1,0,1613,0,0
26882,1,1,3319,9736,0
26883,1,0,74467,0,0
26884,1,0,5266,0,0
26885,2,0,97859,0,0
26886,1,0,10186,0,0
26887,1,0,606,0,0
26888,1,0,406,0,0
26889,1,0,194471,0,0
26890,1,0,2261,0,0
26891,1,1,7128,336,0
26892,1,0,1502,0,0
26893,3,1,105602,3256,0
26894,2,0,125059,0,0
26895,1,1,1842,3398,0
26896,1,0,763,0,0
26897,3,0,6085,0,0
26898,1,0,27126,0,0
26899,1,0,10,0,0
26900,1,0,203,0,0
26901,1,0,312,0,0
26902,1,0,210739,0,0
26903,1,0,1528,0,0
26904,1,1,3252,4181,0
26905,1,0,349,0,0
26906,0,1,0,168904,0
26907,1,0,32737,0,0
26908,2,1,16353,17691,0
26909,1,0,2024,0,0
26910,1,0,850,0,0
26911,0,5,0,3108,0
26912,2,0,11748,0,0
26913,1,2,477,98776,0
26914,2,0,66045,0,0
26915,1,2,543,1250,0
26916,1,1,1244,106082,0
26917,2,1,41733,103,0
26918,1,0,12611,0,0
26919,1,0,1912,0,0
26920,1,0,925,0,0
26921,1,1,149,1402,0
26922,1,0,1208,0,0
26923,1,0,3469,0,0
26924,1,0,7904,0,0
26925,0,2,0,72052,0
26926,0,2,0,42617,0
26927,0,1,0,221,0
26928,0,1,0,241,0
26929,0,1,0,2764,0
26930,0,1,0,14244,0
26931,0,4,0,470721,0
26932,1,0,379810,0,0
26933,1,1,105,79,0
26934,0,2,0,20106,0
26935,0,1,0,142597,0
26936,0,2,0,39704,0
26937,0,1,0,81284,0
26938,0,1,0,1678,0
26939,0,1,0,1046,0
26940,0,1,0,1275,0
26941,0,1,0,224,0
26942,0,2,0,13680,0
26943,0,1,0,1816,0
26944,0,1,0,1578682,0
26945,0,2,0,14927,0
26946,0,3,0,46303,0
26947,0,2,0,3504,0
26948,0,1,0,9372,0
26949,0,1,0,253,0
26950,0,1,0,158,0
26951,0,5,0,87672,0
26952,0,1,0,3913,0
26953,0,1,0,1375,0
26954,0,1,0,34317,0
26955,0,1,0,453,0
26956,0,2,0,477957,0
26957,0,1,0,16,0
26958,0,6,0,26348,0
26959,0,1,0,6223,0
26960,0,1,0,439,0
26961,2,1,700586,1520,0
26962,0,3,0,78191,0
26963,0,1,0,1294,0
26964,0,1,0,3684,0
26965,0,1,0,34026,0
26966,0,1,0,12,0
26967,0,6,0,27949,0
26968,0,1,0,2573,0
26969,0,3,0,69750,0
26970,0,1,0,198,0
26971,0,1,0,69995,0
26972,0,1,0,1687,0
26973,0,2,0,2148,0
26974,0,4,0,5876,0
26975,0,1,0,39485,0
26976,0,1,0,1406,0
26977,3,1,2738,4316,0
26978,0,2,0,723191,0
26979,0,1,0,47495,0
26980,0,2,0,31829,0
26981,0,1,0,6121,0
26982,0,2,0,590,0
26983,0,1,0,15,0
26984,0,1,0,1381,0
26985,0,1,0,7072,0
26986,0,1,0,1242,0
26987,0,1,0,52245,0
26988,0,1,0,40,0
26989,0,1,0,1461,0
26990,0,1,0,16,0
26991,0,1,0,7441,0
26992,0,2,0,6581,0
26993,0,1,0,30,0
26994,0,1,0,900,0
26995,0,3,0,181,0
26996,0,1,0,74553,0
26997,0,1,0,28,0
26998,0,1,0,801,0
26999,0,1,0,2540,0
27000,0,1,0,135,0
27001,0,1,0,1799,0
27002,0,1,0,73297,0
27003,0,1,0,470,0
27004,0,2,0,20632,0
27005,0,1,0,3431,0
27006,0,2,0,317467,0
27007,2,2,2106,24406,0
27008,0,1,0,152,0
27009,0,1,0,117,0
27010,0,1,0,52,0
27011,0,1,0,14603,0
27012,0,2,0,1749,0
27013,0,2,0,141786,0
27014,0,1,0,29150,0
27015,1,2,2674,1031,0
27016,1,0,30,0,0
27017,0,3,0,12774,0
27018,0,1,0,5433,0
27019,0,1,0,6533,0
27020,1,3,2460,82544,0
27021,6,3,77594,175228,0
27022,2,2,408,36220,0
27023,0,1,0,40191,0
27024,0,1,0,26448,0
27025,0,1,0,307,0
27026,0,2,0,893,0
27027,0,2,0,4407,0
27028,0,1,0,6051,0
27029,0,1,0,589,0
27030,1,0,270,0,0
27031,1,0,4357,0,0
27032,2,0,19412,0,0
27033,0,1,0,656,0
27034,0,6,0,281542,0
27035,1,0,3068,0,0
27036,1,1,1611,1007,0
27037,3,3,118227,24446,0
27038,0,1,0,2941,0
27039,0,1,0,2206,0
27040,0,1,0,214,0
27041,0,1,0,1204,0
27042,0,1,0,92,0
27043,0,1,0,447,0
27044,0,1,0,11306,0
27045,0,2,0,59421,0
27046,0,1,0,546,0
27047,0,1,0,327,0
27048,0,2,0,34204,0
27049,0,1,0,277,0
27050,0,1,0,1434,0
27051,0,1,0,1105,0
27052,4,2,3550,281,0
27053,0,1,0,3840,0
27054,0,1,0,33660,0
27055,0,1,0,1296,0
27056,0,1,0,75,0
27057,0,1,0,4741,0
27058,0,1,0,13,0
27059,0,1,0,5749,0
27060,0,1,0,3778,0
27061,0,1,0,1912,0
27062,0,1,0,9436,0
27063,0,1,0,112,0
27064,0,1,0,1408,0
27065,0,1,0,53,0
27066,0,1,0,58939,0
27067,0,1,0,599,0
27068,0,1,0,19,0
27069,0,1,0,935,0
27070,0,1,0,341,0
27071,0,1,0,6959,0
27072,0,3,0,4301,0
27073,0,2,0,2487,0
27074,0,1,0,11227,0
27075,0,1,0,2253,0
27076,0,1,0,3338,0
27077,0,1,0,136368,0
27078,0,3,0,88722,0
27079,0,1,0,3184,0
27080,0,1,0,248,0
27081,0,1,0,220329,0
27082,0,1,0,5440,0
27083,0,1,0,3234,0
27084,0,10,0,6785790,0
27085,1,0,971,0,0
27086,1,0,359,0,0
27087,1,0,161,0,0
27088,2,0,41543,0,0
27089,1,0,2489,0,0
27090,1,0,17817,0,0
27091,1,0,7857,0,0
27092,1,0,612,0,0
27093,1,0,16176,0,0
27094,1,0,32339,0,0
27095,1,0,291,0,0
27096,1,0,88858,0,0
27097,1,0,3606,0,0
27098,1,0,12,0,0
27099,1,0,43452,0,0
27100,1,0,401,0,0
27101,1,0,63005,0,0
27102,1,0,123,0,0
27103,1,0,1120,0,0
27104,2,0,6584,0,0
27105,1,0,560,0,0
27106,1,0,4009,0,0
27107,1,0,48,0,0
27108,1,0,11206,0,0
27109,2,0,408033,0,0
27110,0,2,0,16621,0
27111,2,0,92,0,0
27112,3,3,21268,3912,0
27113,4,3,136712,7799,0
27114,1,0,68,0,0
27115,1,0,2453,0,0
27116,2,0,184527,0,0
27117,1,0,837,0,0
27118,2,0,1327,0,0
27119,1,0,2117,0,0
27120,4,0,9432,0,0
27121,1,0,3,0,0
27122,1,0,1855,0,0
27123,3,21,11006,312627,0
27124,2,0,9966,0,0
27125,2,0,15492,0,0
27126,1,0,1968,0,0
27127,3,0,2034,0,0
27128,1,2,1643,10870,0
27129,1,1,1497,363,0
27130,1,0,2945,0,0
27131,1,1,29386,22127,0
27132,2,0,1036,0,0
27133,2,0,2228,0,0
27134,1,0,120,0,0
27135,3,0,7964,0,0
27136,1,2,9326,23534,0
27137,2,2,7205,9863,0
27138,2,25,5795,228281,0
27139,2,0,15303,0,0
27140,2,0,8601,0,0
27141,1,0,2844,0,0
27142,2,0,8554,0,0
27143,1,0,2344,0,0
27144,1,0,20970,0,0
27145,1,0,189,0,0
27146,2,0,31361,0,0
27147,1,0,44535,0,0
27148,1,0,76420,0,0
27149,1,0,811,0,0
27150,3,0,13400,0,0
27151,1,0,3386,0,0
27152,1,0,41,0,0
27153,1,0,96,0,0
27154,1,1,42174,11235,0
27155,1,0,1321,0,0
27156,11,16,173218,221936,0
27157,1,0,615,0,0
27158,1,0,385,0,0
27159,2,0,45308,0,0
27160,1,0,4526,0,0
27161,1,0,1997,0,0
27162,2,1,9890,79843,0
27163,0,1,0,2266,0
27164,0,2,0,16369,0
27165,0,3,0,8059,0
27166,0,1,0,6912,0
27167,0,1,0,4451,0
27168,0,1,0,63521,0
27169,0,1,0,1607,0
27170,0,14,0,239224,0
27171,1,1,73819,1471981,0
27172,4,0,152977,0,0
27173,2,2,12818,6394,0
27174,2,1,27668,1575,0
27175,2,0,4932,0,0
27176,2,8,21779,361580,0
27177,0,17,0,147959,0
27178,6,4,86341,13794,0
27179,1,1,4467,4,0
27180,1,2,4750,27125,0
27181,1,1,147,1791,0
27182,5,1,8724,378887,0
27183,7,7,85164,39121,0
27184,0,1,0,16653,0
27185,0,1,0,1267,0
27186,0,1,0,18773,0
27187,0,1,0,2472,0
27188,1,1,2694,30725,0
27189,0,1,0,71,0
27190,0,1,0,30,0
27191,0,1,0,135,0
27192,0,1,0,27193,0
27193,1,0,9975,0,0
27194,1,2,3100,32519,0
27195,0,5,0,244544,0
27196,1,0,475,0,0
27197,1,1,80143,1165,0
27198,1,0,50435,0,0
27199,2,4,7223,219296,0
27200,0,2,0,2124,0
27201,0,3,0,391589,0
27202,2,0,112794,0,0
27203,7,4,187347,49918,0
27204,1,0,86,0,0
27205,3,14,11507,43375,0
27206,1,0,112,0,0
27207,1,0,1381,0,0
27208,1,0,3629,0,0
27209,1,0,3167,0,0
27210,0,4,0,5575,0
27211,1,0,2971,0,0
27212,1,0,920,0,0
27213,2,7,1667,166559,0
27214,3,0,7640,0,0
27215,1,0,298,0,0
27216,4,0,37242,0,0
27217,1,0,18,0,0
27218,0,1,0,10539,0
27219,1,2,834,364,0
27220,32,0,259870,0,0
27221,1,1,21553,41,0
27222,1,1,33670,470,0
27223,0,2,0,47836,0
27224,0,1,0,332,0
27225,1,0,6062,0,0
27226,1,0,532,0,0
27227,0,1,0,146,0
27228,1,2,21983,3945,0
27229,4,4,261,32031,0
27230,1,0,30316,0,0
27231,1,1,41,6848,0
27232,1,1,1209,6229,0
27233,0,2,0,97,0
27234,3,1,354595,700,0
27235,0,1,0,500843,0
27236,0,4,0,462203,0
27237,1,0,1343,0,0
27238,1,0,155,0,0
27239,1,0,166,0,0
27240,1,0,14441,0,0
27241,1,0,1804,0,0
27242,1,1,2929,2824,0
27243,1,1,2577,54770,0
27244,1,0,105,0,0
27245,1,0,22748,0,0
27246,4,0,366227,0,0
27247,0,2,0,58897,0
27248,2,0,845,0,0
27249,0,1,0,151,0
27250,0,4,0,59420,0
27251,1,0,46368,0,0
27252,1,0,8329,0,0
27253,0,5,0,248485,0
27254,1,0,128283,0,0
27255,0,1,0,2178,0
27256,1,1,7564,635,0
27257,0,1,0,1119,0
27258,0,1,0,12257,0
27259,0,2,0,7139,0
27260,2,3,92797,9565,0
27261,1,0,365,0,0
27262,1,0,271,0,0
27263,1,0,122,0,0
27264,1,0,9,0,0
27265,1,0,108,0,0
27266,2,0,1346,0,0
27267,12,2,382330,538,0
27268,1,0,1205,0,0
27269,1,0,353,0,0
27270,1,0,2635,0,0
27271,1,0,30,0,0
27272,1,1,113,8741,0
27273,2,0,8036,0,0
27274,2,0,14385,0,0
27275,1,0,549,0,0
27276,1,1,534,1645,0
27277,1,0,438,0,0
27278,1,0,100,0,0
27279,2,6,83831,250736,0
27280,0,1,0,1980,0
27281,0,2,0,2496,0
27282,3,1,81509,2535,0
27283,1,11,483,133696,0
27284,1,0,47847,0,0
27285,2,0,24581,0,0
27286,1,0,80,0,0
27287,2,0,6557,0,0
27288,1,1,1504,3030,0
27289,1,0,246,0,0
27290,1,0,11,0,0
27291,1,0,14937,0,0
27292,1,15,1273,216586,0
27293,2,0,4721,0,0
27294,2,0,11593,0,0
27295,1,1,471,43,0
27296,1,0,232,0,0
27297,0,10,0,968165,0
27298,1,0,13,0,0
27299,1,0,2119,0,0
27300,2,0,872833,0,0
27301,1,0,6342,0,0
27302,1,0,7569,0,0
27303,1,0,1185,0,0
27304,1,1,67989,154661,0
27305,3,1,158551,148,0
27306,1,2,14124,123375,0
27307,3,2,68968,3014,0
27308,0,2,0,600335,0
27309,3,7,164891,69817,0
27310,1,1,16442,246,0
27311,1,1,1612,4875,0
27312,0,7,0,200020,0
27313,1,18,136,171377,0
27314,1,1,3950,29,0
27315,2,0,23850,0,0
27316,2,2,27700,331,0
27317,1,0,474,0,0
27318,1,0,4125,0,0
27319,1,1,9954,7717,0
27320,1,0,10675,0,0
27321,1,1,633,155435,0
27322,0,2,0,761173,0
27323,0,1,0,26,0
27324,2,4,28828,482387,0
27325,1,5,1033,43506,0
27326,2,0,1011,0,0
27327,3,14,81826,31916902,0
27328,1,0,31856980,0,0
27329,1,0,208,0,0
27330,1,0,25063,0,0
27331,1,0,1515,0,0
27332,1,0,1489,0,0
27333,1,0,12092,0,0
27334,1,0,1114,0,0
27335,1,1,126,76260,0
27336,1,0,1114,0,0
27337,1,0,14540,0,0
27338,4,17,14055,1564251,0
27339,2,3,108228,436,0
27340,2,0,647,0,0
27341,1,0,51,0,0
27342,1,0,113,0,0
27343,1,4,904,257044,0
27344,2,0,249137,0,0
27345,1,2,188,1823,0
27346,1,0,7777,0,0
27347,0,1,0,6386,0
27348,0,1,0,4,0
27349,0,3,0,6157,0
27350,2,0,5529,0,0
27351,2,0,3235,0,0
27352,0,6,0,30516,0
27353,1,0,1814,0,0
27354,1,0,690,0,0
27355,1,0,46,0,0
27356,1,0,23011,0,0
27357,9,3,276488,331990,0
27358,2,0,560,0,0
27359,0,2,0,8130,0
27360,1,1,6857,126497,0
27361,1,2,148,172156,0
27362,0,4,0,57626,0
27363,2,0,42417,0,0
27364,4,0,76173,0,0
27365,3,6,13823,446190,0
27366,1,0,4511,0,0
27367,1,0,186,0,0
27368,1,0,2081,0,0
27369,1,0,176,0,0
27370,2,0,433402,0,0
27371,0,1,0,41,0
27372,1,27,3,6523872,0
27373,1,4,1566,13762,0
27374,1,1,3192043,62,0
27375,1,5,12363,150466,0
27376,2,1,14898,12595,0
27377,1,2,127,196,0
27378,1,0,144,0,0
27379,1,3,3,479115,0
27380,4,1,31958,20075,0
27381,1,2,433,1271,0
27382,1,0,126,0,0
27383,1,0,1778,0,0
27384,2,3,82023,8110,0
27385,1,1,1513,43369,0
27386,1,0,4333,0,0
27387,1,0,2122,0,0
27388,2,7,3411,53730,0
27389,1,2,3728,29419,0
27390,1,2,3247,11536,0
27391,1,0,12960,0,0
27392,1,0,234,0,0
27393,1,0,124814,0,0
27394,3,0,18543,0,0
27395,2,1,15432,416559,0
27396,3,0,52321,0,0
27397,1,0,1564,0,0
27398,0,1,0,3,0
27399,3,0,155124,0,0
27400,1,0,13285,0,0
27401,1,0,12608,0,0
27402,1,0,13081,0,0
27403,1,0,30,0,0
27404,11,1,174010,55,0
27405,1,2,10042,2579,0
27406,2,0,1643,0,0
27407,0,3,0,43343,0
27408,1,0,9348,0,0
27409,0,3,0,8716,0
27410,0,1,0,1233,0
27411,0,1,0,732,0
27412,0,1,0,25271,0
27413,2,0,326,0,0
27414,1,0,1836,0,0
27415,1,0,1177,0,0
27416,1,0,2260927,0,0
27417,1,1,10112,121,0
27418,0,4,0,13886,0
27419,1,2,100,5084,0
27420,0,9,0,1848473,0
27421,2,0,1931,0,0
27422,2,0,2190,0,0
27423,2,0,262,0,0
27424,2,0,453,0,0
27425,1,0,27641,0,0
27426,0,4,0,17831,0
27427,1,0,1469,0,0
27428,1,0,15248,0,0
27429,0,5,0,21043,0
27430,2,0,4419,0,0
27431,1,0,19829,0,0
27432,1,1,599,9863,0
27433,0,1,0,203,0
27434,0,4,0,12106,0
27435,0,1,0,419,0
27436,0,4,0,58514,0
27437,3,0,11370,0,0
27438,3,0,442250,0,0
27439,2,0,3945,0,0
27440,1,5,2330,43862,0
27441,1,0,768,0,0
27442,1,0,192,0,0
27443,1,1,12020,570458,0
27444,2,1,20644,5225,0
27445,0,1,0,2425,0
27446,2,3,7738,2194,0
27447,1,6,574,6181,0
27448,1,0,938,0,0
27449,0,7,0,200844,0
27450,1,0,133140,0,0
27451,1,1,204,9789,0
27452,1,0,14836,0,0
27453,0,3,0,48616,0
27454,1,0,247,0,0
27455,1,1,280,171,0
27456,1,0,561,0,0
27457,1,0,3017,0,0
27458,1,0,76,0,0
27459,2,1,132305,8723,0
27460,3,2,5544,122373,0
27461,1,0,6441,0,0
27462,1,0,1175,0,0
27463,2,0,10771,0,0
27464,1,0,8214,0,0
27465,1,0,228,0,0
27466,1,0,1980,0,0
27467,0,2,0,272236,0
27468,1,3,270303,285904,0
27469,0,1,0,20,0
27470,0,2,0,81802,0
27471,0,1,0,661,0
27472,0,1,0,943,0
27473,0,1,0,1052,0
27474,0,1,0,25306,0
27475,0,1,0,761,0
27476,0,1,0,72,0
27477,0,1,0,763,0
27478,0,1,0,228,0
27479,1,1,7339,3280,0
27480,1,2,8640,239741,0
27481,0,1,0,7339,0
27482,0,13,0,353026,0
27483,1,1,166,35803,0
27484,1,0,10,0,0
27485,2,1,14707,183,0
27486,1,1,3079,773,0
27487,1,0,592,0,0
27488,1,0,46960,0,0
27489,1,1,2970,110,0
27490,1,0,65,0,0
27491,1,3,19350,656856,0
27492,1,0,228357,0,0
27493,3,0,30604,0,0
27494,1,0,6013,0,0
27495,1,0,3803,0,0
27496,1,0,478,0,0
27497,1,0,755,0,0
27498,1,0,456,0,0
27499,1,0,2650,0,0
27500,1,1,171,115,0
27501,2,5,3012,353614,0
27502,1,0,100984,0,0
27503,1,0,90,0,0
27504,1,0,1958,0,0
27505,0,5,0,38055,0
27506,1,0,643,0,0
27507,1,0,11094,0,0
27508,1,0,23559,0,0
27509,1,0,2433,0,0
27510,0,2,0,558,0
27511,0,2,0,6598,0
27512,7,0,145079,0,0
27513,1,0,81,0,0
27514,1,0,269352,0,0
27515,2,8,1981,447561,0
27516,1,0,72,0,0
27517,1,0,96,0,0
27518,1,0,110,0,0
27519,1,0,973,0,0
27520,0,2,0,77682,0
27521,3,1,40594,263,0
27522,0,1,0,91,0
27523,1,3,4108,876,0
27524,1,0,305,0,0
27525,1,0,508,0,0
27526,0,2,0,210675,0
27527,0,4,0,72289,0
27528,1,0,56087,0,0
27529,1,0,15587,0,0
27530,2,0,1558,0,0
27531,3,31,278770,1112619,0
27532,1,0,29430,0,0
27533,1,0,1309,0,0
27534,1,0,1589,0,0
27535,1,0,155379,0,0
27536,1,0,346744,0,0
27537,1,0,65715,0,0
27538,1,0,28920,0,0
27539,1,0,34,0,0
27540,1,0,37277,0,0
27541,1,0,3595,0,0
27542,1,0,17884,0,0
27543,1,0,9365,0,0
27544,1,0,8041,0,0
27545,1,0,2000,0,0
27546,2,0,543206,0,0
27547,1,2,160876,520659,0
27548,1,0,1151,0,0
27549,1,0,9673,0,0
27550,1,0,1977,0,0
27551,1,0,2,0,0
27552,1,0,19157,0,0
27553,1,0,154835,0,0
27554,1,1,390,270038,0
27555,1,0,366,0,0
27556,1,0,33,0,0
27557,1,0,277,0,0
27558,3,1,6874,35,0
27559,1,0,106501,0,0
27560,1,4,995,21353,0
27561,6,3,11233,8905,0
27562,1,1,893,3972,0
27563,1,0,90,0,0
27564,2,1,2151,131,0
27565,1,3,40,10580,0
27566,2,0,12567,0,0
27567,1,0,17314,0,0
27568,1,0,214282,0,0
27569,1,0,1399,0,0
27570,1,0,1260,0,0
27571,1,0,15720,0,0
27572,7,7,126211,149305,0
27573,3,2,847,1343,0
27574,1,0,141,0,0
27575,1,0,519,0,0
27576,1,0,1782,0,0
27577,1,0,71,0,0
27578,1,0,514,0,0
27579,1,0,2528,0,0
27580,1,0,2916,0,0
27581,1,0,7164,0,0
27582,1,1,1221741,7418,0
27583,2,0,49994,0,0
27584,7,0,34248,0,0
27585,1,0,1609,0,0
27586,1,0,1179,0,0
27587,1,0,264497,0,0
27588,1,0,1523,0,0
27589,1,0,326,0,0
27590,0,1,0,134,0
27591,2,0,20089,0,0
27592,1,0,1500,0,0
27593,1,0,63316,0,0
27594,1,0,59,0,0
27595,1,0,713,0,0
27596,1,0,13593,0,0
27597,1,0,322,0,0
27598,1,0,500,0,0
27599,1,0,10450,0,0
27600,1,0,3300,0,0
27601,2,11,898,57200,0
27602,1,1,4945,889,0
27603,1,1,297,9,0
27604,3,2,5205,473459,0
27605,1,1,5333,9,0
27606,1,0,1085,0,0
27607,1,0,538,0,0
27608,1,0,903,0,0
27609,1,0,533,0,0
27610,1,0,17554,0,0
27611,1,0,969,0,0
27612,1,0,29,0,0
27613,1,1,3612,47,0
27614,1,0,14478,0,0
27615,1,0,1664,0,0
27616,3,0,4627,0,0
27617,1,0,8005,0,0
27618,1,0,418,0,0
27619,1,0,10153,0,0
27620,1,1,4549,4836,0
27621,1,8,36,29010,0
27622,2,1,7788,402695,0
27623,1,0,11879,0,0
27624,1,0,1504,0,0
27625,3,0,117996,0,0
27626,1,0,1851,0,0
27627,1,0,44,0,0
27628,1,0,11961,0,0
27629,1,0,4848,0,0
27630,1,0,13941,0,0
27631,3,2,141748,8956,0
27632,1,1,563,355,0
27633,1,0,20986,0,0
27634,1,0,9304,0,0
27635,1,0,1112,0,0
27636,1,0,7753,0,0
27637,4,2,210642,51574,1
27638,1,0,2,0,0
27639,1,0,2149,0,0
27640,1,1,7922,1934,0
27641,1,0,194,0,0
27642,1,1,134,1260,0
27643,1,0,9954,0,0
27644,1,0,17203,0,0
27645,1,0,7270,0,0
27646,1,0,990,0,0
27647,1,0,9796,0,0
27648,1,1,98,1231,0
27649,1,1,983,842,0
27650,1,0,839434,0,0
27651,1,3,963,65887,0
27652,1,0,277,0,0
27653,1,0,75411,0,0
27654,1,1,1287,2348,0
27655,1,0,22675,0,0
27656,1,1,1174,1094,0
27657,1,0,1257,0,0
27658,1,0,63,0,0
27659,1,0,25786,0,0
27660,3,1,2095,8554,0
27661,1,1,867,21,0
27662,1,0,57765,0,0
27663,1,0,80430,0,0
27664,2,1,5560,1251,0
27665,1,1,8761,5997,0
27666,0,2,0,4485,0
27667,3,0,5647,0,0
27668,2,8,17657,102339,0
27669,1,0,40741,0,0
27670,1,0,42855,0,0
27671,0,2,0,2531,0
27672,0,2,0,53800,0
27673,8,17,94289,518160,0
27674,1,0,437038,0,0
27675,1,0,658,0,0
27676,2,0,3173,0,0
27677,1,2,592,6457,0
27678,1,0,152,0,0
27679,3,0,46276,0,0
27680,1,0,435,0,0
27681,1,0,33,0,0
27682,2,2,796,2604,0
27683,2,3,999,6420,0
27684,2,0,3267,0,0
27685,0,3,0,13349,0
27686,2,6,3083,13955,0
27687,1,0,4657,0,0
27688,1,0,211,0,0
27689,1,1,118,5,0
27690,2,0,31171,0,0
27691,0,4,0,1124,0
27692,1,0,282,0,0
27693,1,0,9870,0,0
27694,0,2,0,117542,0
27695,0,5,0,15808,0
27696,0,2,0,42513,0
27697,0,1,0,6469,0
27698,3,6,373937,994592,0
27699,4,1,1007085,205,0
27700,4,0,39919,0,0
27701,1,3,2,279988,0
27702,1,0,289,0,0
27703,1,0,5344,0,0
27704,2,0,3052,0,0
27705,3,0,1481809,0,0
27706,1,0,105373,0,0
27707,1,0,1155,0,0
27708,1,0,10347,0,0
27709,1,0,86,0,0
27710,0,1,0,15902,0
27711,0,2,0,57237,0
27712,2,4,5832,2977,0
27713,1,0,4721,0,0
27714,1,0,135,0,0
27715,1,0,7718,0,0
27716,1,0,164,0,0
27717,2,2,9398,7627,0
27718,0,1,0,1279333,0
27719,7,3,54933,15967,0
27720,1,0,583,0,0
27721,0,2,0,129,0
27722,1,2,2123,32391,0
27723,1,0,31049,0,0
27724,1,2,5147,2200,0
27725,1,0,2186,0,0
27726,1,12,1690,122223,0
27727,1,0,5267,0,0
27728,2,1,9176,1728,0
27729,2,1,8051,1690,0
27730,1,0,43901,0,0
27731,1,0,37622,0,0
27732,5,3,177766,96992,1
27733,1,0,61,0,0
27734,1,2,367,27591,0
27735,0,1,0,4007,0
27736,0,6,0,27838,0
27737,1,2,63,1050,0
27738,2,10,2373,144842,0
27739,1,1,76170,9350,0
27740,1,0,935,0,0
27741,1,1,10610,99,0
27742,0,2,0,579,0
27743,3,0,90690,0,0
27744,1,0,6375,0,0
27745,1,0,55452,0,0
27746,1,0,139,0,0
27747,1,0,935,0,0
27748,1,0,23225,0,0
27749,1,0,450,0,0
27750,1,0,3,0,0
27751,1,0,110248,0,0
27752,1,0,5348,0,0
27753,1,0,2501,0,0
27754,0,5,0,23386,0
27755,1,1,278,1652,0
27756,2,24,40592,345865,0
27757,3,0,30411,0,0
27758,2,0,17656,0,0
27759,1,0,953,0,0
27760,1,1,25380,39991,0
27761,1,0,17626,0,0
27762,1,0,65,0,0
27763,1,0,14194,0,0
27764,1,0,25,0,0
27765,1,0,13,0,0
27766,1,1,2157,1215,0
27767,2,2,24098,4616,0
27768,1,0,61018,0,0
27769,2,0,7944,0,0
27770,1,5,223,15711,0
27771,3,0,23487,0,0
27772,0,1,0,1862,0
27773,0,1,0,171,0
27774,3,2,17270,7215,0
27775,9,3,2207829,476,0
27776,0,2,0,66016,0
27777,2,1,67853,2,0
27778,1,2,51,11411,0
27779,5,2,77267,1279180,0
27780,1,0,1250252,0,0
27781,0,2,0,3779,0
27782,1,0,3278,0,0
27783,1,2,219,1632,0
27784,2,0,2085,0,0
27785,1,9,28661,191226,0
27786,1,0,24630,0,0
27787,1,0,2733,0,0
27788,1,0,2498,0,0
27789,3,0,63837,0,0
27790,2,1,32948,39636,0
27791,1,0,7218,0,0
27792,0,5,0,71072,0
27793,1,1,60915,167,0
27794,0,1,0,305,0
27795,0,1,0,1503,0
27796,0,1,0,2508,0
27797,0,1,0,44885,0
27798,0,1,0,44,0
27799,0,1,0,190,0
27800,0,1,0,374,0
27801,0,1,0,988,0
27802,0,1,0,26345,0
27803,0,2,0,5779,0
27804,0,2,0,28358,0
27805,0,1,0,1532,0
27806,1,1,369,156,0
27807,0,1,0,12600,0
27808,0,1,0,344,0
27809,0,7,0,20860,0
27810,3,0,26260,0,0
27811,2,0,2814,0,0
27812,1,0,1728,0,0
27813,0,1,0,310,0
27814,0,1,0,449,0
27815,0,1,0,16,0
27816,0,1,0,1072,0
27817,0,2,0,10445,0
27818,0,1,0,1877,0
27819,1,2,390,64095,0
27820,1,1,291,5446,0
27821,0,1,0,276,0
27822,0,1,0,538,0
27823,0,1,0,10258,0
27824,0,1,0,4677,0
27825,0,1,0,18251,0
27826,0,1,0,2551,0
27827,0,1,0,10725,0
27828,0,1,0,813,0
27829,0,1,0,8006,0
27830,0,1,0,2169,0
27831,1,1,121,97,0
27832,0,1,0,10371,0
27833,0,1,0,535,0
27834,0,2,0,9647,0
27835,0,1,0,1963,0
27836,0,2,0,2224,0
27837,0,2,0,194607,0
27838,0,1,0,1368,0
27839,0,1,0,11629,0
27840,0,1,0,1657,0
27841,0,1,0,179565,0
27842,0,1,0,2607,0
27843,0,1,0,15,0
27844,0,1,0,2615,0
27845,0,1,0,3507,0
27846,0,1,0,2115,0
27847,0,1,0,7144,0
27848,0,1,0,21,0
27849,0,1,0,2164,0
27850,0,3,0,5533,0
27851,0,2,0,295993,0
27852,0,2,0,1634,0
27853,0,1,0,635,0
27854,0,1,0,80,0
27855,0,1,0,129,0
27856,0,1,0,4002,0
27857,0,1,0,13539,0
27858,0,1,0,10986,0
27859,0,1,0,61,0
27860,0,2,0,67061,0
27861,0,1,0,614,0
27862,0,1,0,6712,0
27863,0,1,0,660,0
27864,0,2,0,4683,0
27865,0,1,0,1603,0
27866,0,3,0,6365,0
27867,0,2,0,8864,0
27868,3,1,1101,7569,0
27869,0,2,0,7083,0
27870,0,1,0,2427,0
27871,0,1,0,290,0
27872,0,2,0,4058,0
27873,0,1,0,36478,0
27874,0,1,0,98,0
27875,0,1,0,3902,0
27876,0,2,0,1555,0
27877,0,1,0,825,0
27878,0,1,0,273,0
27879,0,1,0,470,0
27880,0,1,0,87095,0
27881,0,1,0,92149,0
27882,0,1,0,3390,0
27883,0,1,0,5937,0
27884,0,1,0,76214,0
27885,0,1,0,10,0
27886,0,2,0,2970,0
27887,0,2,0,29731,0
27888,0,1,0,485,0
27889,0,1,0,32,0
27890,0,2,0,2492,0
27891,0,1,0,25126,0
27892,1,1,8675,772,0
27893,1,0,531359,0,0
27894,1,0,375,0,0
27895,1,0,23148,0,0
27896,1,0,11762,0,0
27897,1,0,42,0,0
27898,1,0,564,0,0
27899,1,0,57,0,0
27900,1,0,23,0,0
27901,1,0,1564,0,0
27902,1,0,77,0,0
27903,1,0,10728,0,0
27904,1,0,330,0,0
27905,1,1,42012,4318,0
27906,1,4,123,2736,0
27907,1,0,32267,0,0
27908,1,0,949,0,0
27909,1,0,136260,0,0
27910,1,0,213,0,0
27911,0,1,0,760,0
27912,0,1,0,11325,0
27913,1,1,105,243,0
27914,0,1,0,15296,0
27915,0,1,0,143,0
27916,0,2,0,12868,0
27917,8,2,65480,1658,0
27918,0,1,0,2,0
27919,0,1,0,802,0
27920,0,2,0,3019,0
27921,0,1,0,19,0
27922,0,7,0,15243,0
27923,1,1,3842,36986,0
27924,1,0,250,0,0
27925,1,0,7719,0,0
27926,2,0,120,0,0
27927,0,1,0,134674,0
27928,0,1,0,40823,0
27929,0,1,0,4693,0
27930,0,1,0,25742,0
27931,0,1,0,7208,0
27932,3,0,2610,0,0
27933,1,1,3,8837,0
27934,0,1,0,4001,0
27935,0,1,0,31,0
27936,0,3,0,59090,0
27937,1,0,1181,0,0
27938,0,2,0,652,0
27939,2,2,1447346,1713,0
27940,0,3,0,55807,0
27941,1,0,201,0,0
27942,0,1,0,1202,0
27943,0,4,0,11447,0
27944,1,1,573,117,0
27945,0,2,0,2076,0
27946,1,2,232,11377,0
27947,1,2,1,7679,0
27948,1,0,7632,0,0
27949,0,4,0,81575,0
27950,2,0,64158,0,0
27951,1,0,1259,0,0
27952,1,1,10461,419,0
27953,7,1,55505,4573,0
27954,2,5,8077,39679,0
27955,5,7,19344,80193,0
27956,1,0,2390,0,0
27957,1,1,124,374,0
27958,0,2,0,4125,0
27959,1,2,2285,202,0
27960,1,1,192,3441,0
27961,0,4,0,1140,0
27962,1,0,238,0,0
27963,1,0,589,0,0
27964,0,3,0,530,0
27965,4,16,54601,324718,0
27966,4,1,31093,3638,0
27967,1,0,9707,0,0
27968,2,1,7899,32558,0
27969,1,0,6456,0,0
27970,1,0,5,0,0
27971,1,0,8523,0,0
27972,4,2,129830,7840,0
27973,1,0,1041,0,0
27974,2,4,2448,32893,0
27975,2,3,5934,405089,0
27976,1,0,120,0,0
27977,0,2,0,3769,0
27978,0,2,0,159494,0
27979,1,0,1709,0,0
27980,0,6,0,1110094,0
27981,1,0,94506,0,0
27982,1,0,5634,0,0
27983,0,1,0,10194,0
27984,0,4,0,35116,0
27985,2,0,2604,0,0
27986,0,3,0,79190,0
27987,1,0,2192,0,0
27988,0,2,0,5629,0
27989,0,3,0,15123,0
27990,2,3,5911,73218,0
27991,1,2,56344,901,0
27992,1,0,2062,0,0
27993,2,2,9784,19005,0
27994,0,2,0,225,0
27995,1,1,14080,18483,0
27996,0,3,0,516,0
27997,1,0,314,0,0
27998,1,0,47,0,0
27999,1,1,3512,11,0
28000,0,12,0,69081,0
28001,3,14,3374,176533,0
28002,1,0,1458,0,0
28003,2,0,14365,0,0
28004,1,0,294,0,0
28005,1,0,1385,0,0
28006,1,0,766,0,0
28007,1,3,3714,9049,0
28008,2,3,19484,190261,0
28009,0,1,0,1446566,0
28010,1,0,916,0,0
28011,1,0,133,0,0
28012,1,1,13,4516,0
28013,2,0,11947,0,0
28014,2,0,826,0,0
28015,1,0,28119,0,0
28016,2,0,4417,0,0
28017,2,0,1379,0,0
28018,1,0,56,0,0
28019,1,0,6612,0,0
28020,1,4,11,212358,0
28021,0,1,0,1853,0
28022,1,1,1041,2117,0
28023,1,0,22143,0,0
28024,1,0,120526,0,0
28025,1,0,707,0,0
28026,1,0,1771,0,0
28027,1,0,160,0,0
28028,1,0,18412,0,0
28029,1,0,974,0,0
28030,1,0,1023,0,0
28031,0,1,0,1931,0
28032,1,0,226993,0,0
28033,0,1,0,1512,0
28034,0,2,0,136644,0
28035,1,0,603,0,0
28036,1,0,8986,0,0
28037,1,0,605,0,0
28038,2,0,1102,0,0
28039,1,0,6094,0,0
28040,1,0,357371,0,0
28041,2,0,10768,0,0
28042,1,1,101,91,0
28043,1,0,3331,0,0
28044,1,0,9496,0,0
28045,1,0,1375,0,0
28046,1,0,721,0,0
28047,1,0,4584,0,0
28048,1,0,5508,0,0
28049,0,1,0,8164,0
28050,0,1,0,21,0
28051,0,1,0,36153,0
28052,0,2,0,15501,0
28053,6,26,1141909,2075410,0
28054,0,1,0,4602,0
28055,0,2,0,3644,0
28056,0,1,0,32838,0
28057,0,1,0,201,0
28058,0,1,0,179,0
28059,0,3,0,9003,0
28060,2,13,2913,66094,0
28061,0,1,0,9159,0
28062,0,1,0,89019,0
28063,0,3,0,7323,0
28064,0,2,0,39960,0
28065,0,1,0,1086,0
28066,0,1,0,3134,0
28067,0,1,0,2846,0
28068,0,1,0,27192,0
28069,1,29,125,935924,0
28070,1,0,1499,0,0
28071,1,0,3504,0,0
28072,1,1,2168,125,0
28073,1,0,34886,0,0
28074,1,0,484,0,0
28075,1,0,1399,0,0
28076,1,0,27829,0,0
28077,1,0,148200,0,0
28078,2,0,1339,0,0
28079,1,0,740,0,0
28080,1,0,164,0,0
28081,1,0,30579,0,0
28082,1,0,33,0,0
28083,1,0,1334,0,0
28084,1,1,3285,24,0
28085,1,0,3465,0,0
28086,1,1,802,35,0
28087,1,0,3673,0,0
28088,1,0,500700,0,0
28089,1,1,875,4430,0
28090,1,0,7581,0,0
28091,2,0,6586,0,0
28092,1,0,4430,0,0
28093,1,0,175,0,0
28094,1,0,72,0,0
28095,1,0,2250,0,0
28096,1,0,15,0,0
28097,0,2,0,8064,0
28098,0,1,0,2010,0
28099,0,1,0,265,0
28100,0,1,0,371,0
28101,2,1,89012,971,0
28102,0,1,0,682,0
28103,2,0,7490,0,0
28104,1,0,1523,0,0
28105,1,0,541,0,0
28106,1,0,13675,0,0
28107,1,0,33710,0,0
28108,1,0,36,0,0
28109,1,0,214,0,0
28110,1,0,8,0,0
28111,2,1,64637,279,0
28112,1,0,1301,0,0
28113,1,2,573,1513,0
28114,1,0,58,0,0
28115,1,0,12659,0,0
28116,1,0,76400,0,0
28117,0,1,0,1384,0
28118,0,1,0,1785,0
28119,1,1,290,7,0
28120,0,1,0,19625,0
28121,0,1,0,252,0
28122,0,1,0,3157,0
28123,0,1,0,5037,0
28124,0,1,0,7053,0
28125,0,1,0,9042,0
28126,0,1,0,11,0
28127,0,1,0,330,0
28128,0,1,0,13067,0
28129,0,1,0,1033,0
28130,0,1,0,10299,0
28131,0,1,0,119,0
28132,0,3,0,73403,0
28133,1,0,71832,0,0
28134,0,2,0,9215,0
28135,0,1,0,5738,0
28136,0,1,0,587,0
28137,0,1,0,369,0
28138,0,1,0,6902,0
28139,0,1,0,2149,0
28140,0,1,0,2905,0
28141,0,1,0,437190,0
28142,0,1,0,669,0
28143,0,1,0,1176,0
28144,0,1,0,116,0
28145,0,1,0,89721,0
28146,0,1,0,933,0
28147,0,1,0,81244,0
28148,0,1,0,115,0
28149,0,2,0,7072,0
28150,0,1,0,8388,0
28151,0,1,0,2584,0
28152,0,1,0,11479,0
28153,0,1,0,326386,0
28154,0,1,0,1526,0
28155,0,1,0,5900,0
28156,0,1,0,12176,0
28157,0,2,0,356,0
28158,0,2,0,5648,0
28159,0,1,0,249128,0
28160,1,0,153145,0,0
28161,1,1,20284,27406,0
28162,1,0,32,0,0
28163,1,1,2177,2045,0
28164,1,0,511,0,0
28165,1,0,10455,0,0
28166,0,1,0,1130,0
28167,0,1,0,1449,0
28168,0,1,0,66600,0
28169,0,1,0,5434,0
28170,0,1,0,655,0
28171,0,1,0,52128,0
28172,0,2,0,537,0
28173,0,2,0,14110,0
28174,0,2,0,1459628,0
28175,0,1,0,89632,0
28176,0,1,0,62062,0
28177,0,1,0,8854,0
28178,0,1,0,30884,0
28179,0,1,0,2585,0
28180,0,1,0,3826,0
28181,0,1,0,30,0
28182,0,1,0,1532,0
28183,0,1,0,1128,0
28184,1,1,1890,960,0
28185,0,1,0,184,0
28186,0,2,0,30178,0
28187,0,1,0,19660,0
28188,0,1,0,9612,0
28189,0,2,0,19438,0
28190,0,1,0,14936,0
28191,1,1,59804,111,0
28192,0,2,0,30964,0
28193,0,1,0,3099,0
28194,0,3,0,165432,0
28195,0,1,0,1145,0
28196,0,1,0,3863,0
28197,0,1,0,825,0
28198,0,1,0,1708,0
28199,0,1,0,199,0
28200,0,1,0,7,0
28201,0,1,0,2594,0
28202,0,2,0,1395,0
28203,0,1,0,97119,0
28204,0,1,0,120,0
28205,0,1,0,822,0
28206,0,1,0,4388,0
28207,0,1,0,6937,0
28208,0,3,0,3579,0
28209,0,1,0,290,0
28210,0,2,0,7100,0
28211,0,1,0,26813,0
28212,0,1,0,142,0
28213,0,1,0,12059,0
28214,0,1,0,8851,0
28215,0,1,0,896,0
28216,0,1,0,2034,0
28217,0,1,0,2,0
28218,0,2,0,202642,0
28219,1,0,202596,0,0
28220,1,2,602,4730,0
28221,0,1,0,2418,0
28222,0,2,0,5001,0
28223,0,1,0,236,0
28224,0,2,0,6016,0
28225,0,1,0,5,0
28226,0,1,0,35055,0
28227,0,1,0,3430,0
28228,0,1,0,553,0
28229,0,2,0,316,0
28230,0,4,0,3697,0
28231,1,0,162,0,0
28232,0,1,0,23122,0
28233,1,1,3132,63014,0
28234,0,2,0,1130,0
28235,0,1,0,32,0
28236,0,1,0,384,0
28237,0,2,0,3139,0
28238,0,1,0,67471,0
28239,0,10,0,108003,0
28240,1,1,2501,1889,0
28241,3,8,23158,2202656,0
28242,4,1,2592,449,0
28243,1,0,67,0,0
28244,1,1,1732697,156,0
28245,10,0,124546,0,0
28246,1,0,9860,0,0
28247,1,0,533,0,0
28248,1,0,1,0,0
28249,1,1,259716,197,0
28250,1,1,1428,842,0
28251,1,0,144,0,0
28252,1,0,563,0,0
28253,2,1,391,23,0
28254,1,0,386,0,0
28255,1,1,19067,6159,0
28256,1,0,5888,0,0
28257,1,0,34185,0,0
28258,1,0,437,0,0
28259,1,0,317,0,0
28260,1,0,420,0,0
28261,1,0,538,0,0
28262,4,4,59928,366438,0
28263,0,1,0,1122221,0
28264,6,1,305580,7615,0
28265,0,1,0,36,0
28266,2,0,515,0,0
28267,0,2,0,2323,0
28268,0,2,0,29103,0
28269,0,1,0,659,0
28270,0,1,0,3061,0
28271,0,1,0,18250,0
28272,0,1,0,144,0
28273,0,1,0,8533,0
28274,10,4,26000,12530,0
28275,0,2,0,94192,0
28276,0,4,0,45954,0
28277,2,0,47813,0,0
28278,0,1,0,8,0
28279,0,1,0,86,0
28280,0,2,0,855,0
28281,0,1,0,92236,0
28282,1,1,162402,2864,0
28283,0,1,0,3603,0
28284,0,3,0,76761,0
28285,2,0,69143,0,0
28286,0,1,0,33678,0
28287,0,1,0,875,0
28288,0,2,0,41970,0
28289,0,2,0,1752,0
28290,0,1,0,2352,0
28291,1,0,4073,0,0
28292,1,1,79064,623,0
28293,9,1,9658970,55185,0
28294,1,0,65728,0,0
28295,1,1,2771,1718,0
28296,1,0,33843,0,0
28297,1,0,3238,0,0
28298,1,0,2656,0,0
28299,0,2,0,16655,0
28300,0,2,0,6074,0
28301,0,2,0,1483,0
28302,0,1,0,380,0
28303,0,1,0,12203,0
28304,0,2,0,1604,0
28305,0,2,0,6104,0
28306,5,0,641625,0,0
28307,0,1,0,11212,0
28308,0,1,0,40392,0
28309,0,1,0,22043,0
28310,0,1,0,27712,0
28311,0,1,0,11861,0
28312,19,8,387983,58929,0
28313,0,1,0,2185,0
28314,0,1,0,1803,0
28315,0,1,0,102,0
28316,0,1,0,181918,0
28317,0,1,0,1592,0
28318,0,1,0,374,0
28319,0,1,0,3919,0
28320,0,1,0,888,0
28321,0,1,0,17,0
28322,0,1,0,24761,0
28323,0,2,0,104599,0
28324,0,1,0,2455,0
28325,0,1,0,4,0
28326,0,1,0,93,0
28327,0,1,0,9889,0
28328,0,1,0,249041,0
28329,0,1,0,1324,0
28330,0,1,0,65586,0
28331,0,1,0,21856,0
28332,0,1,0,114,0
28333,0,1,0,27681,0
28334,0,1,0,42296,0
28335,0,2,0,507543,0
28336,0,1,0,17009,0
28337,0,1,0,670,0
28338,0,1,0,3164,0
28339,3,2,1307,4021,0
28340,0,1,0,6170,0
28341,1,2,6092,16005,0
28342,0,1,0,55,0
28343,0,1,0,535,0
28344,0,1,0,1036,0
28345,0,1,0,392199,0
28346,0,2,0,433,0
28347,0,1,0,509,0
28348,0,1,0,943,0
28349,0,1,0,3453,0
28350,0,2,0,717538,0
28351,0,1,0,284167,0
28352,0,1,0,1467,0
28353,0,1,0,197,0
28354,0,1,0,1452,0
28355,0,1,0,221002,0
28356,1,3,2842,60422,0
28357,0,2,0,971,0
28358,1,1,624,1089,0
28359,0,1,0,354,0
28360,0,1,0,1904,0
28361,0,1,0,4887,0
28362,0,1,0,233,0
28363,0,1,0,1043,0
28364,0,1,0,473,0
28365,0,2,0,14654,0
28366,0,1,0,292,0
28367,2,0,14238,0,0
28368,0,2,0,2452,0
28369,0,1,0,160215,0
28370,0,1,0,10191,0
28371,0,2,0,320,0
28372,0,2,0,4687,0
28373,1,7,954,356455,0
28374,0,1,0,34,0
28375,0,2,0,381108,0
28376,0,2,0,5526,0
28377,0,1,0,211779,0
28378,0,1,0,55964,0
28379,0,2,0,96332,0
28380,0,1,0,57293,0
28381,0,1,0,7260,0
28382,0,1,0,61,0
28383,5,0,75783,0,0
28384,2,0,22560,0,0
28385,1,0,1110,0,0
28386,2,0,18193,0,0
28387,2,0,765,0,0
28388,3,0,30192,0,0
28389,1,0,72140,0,0
28390,0,1,0,102,0
28391,0,1,0,36,0
28392,0,1,0,1146,0
28393,1,1,174,1305,0
28394,0,1,0,10053,0
28395,0,1,0,10,0
28396,0,1,0,845,0
28397,0,1,0,37947,0
28398,0,2,0,504,0
28399,0,2,0,8184,0
28400,0,2,0,7488,0
28401,0,1,0,1563,0
28402,0,1,0,18,0
28403,0,1,0,2333,0
28404,0,1,0,45966,0
28405,0,2,0,8133,0
28406,0,1,0,317,0
28407,2,1,27281,19287,0
28408,1,1,102,67505,0
28409,0,1,0,11389,0
28410,1,1,1709,173,0
28411,0,2,0,33638,0
28412,0,1,0,25548,0
28413,0,1,0,330,0
28414,0,1,0,10956,0
28415,0,1,0,6337,0
28416,0,2,0,93936,0
28417,0,2,0,679,0
28418,0,1,0,107,0
28419,0,2,0,5321,0
28420,1,1,733,22649,0
28421,0,1,0,5380,0
28422,0,2,0,741,0
28423,0,2,0,7239,0
28424,0,2,0,5866,0
28425,0,2,0,19436,0
28426,1,0,962,0,0
28427,0,2,0,272529,0
28428,4,1,288209,907,0
28429,0,1,0,86,0
28430,0,1,0,3096,0
28431,0,1,0,25753,0
28432,0,1,0,74695,0
28433,0,2,0,11694,0
28434,1,1,981,19165,0
28435,0,3,0,13798,0
28436,0,2,0,800,0
28437,0,1,0,1000,0
28438,1,0,1637,0,0
28439,2,4,52348,491005,0
28440,0,1,0,125,0
28441,0,1,0,18144,0
28442,0,1,0,2509,0
28443,0,1,0,186,0
28444,0,2,0,20258,0
28445,0,1,0,370,0
28446,0,1,0,586,0
28447,1,1,225,70014,0
28448,1,1,10720,21734,0
28449,0,2,0,47036,0
28450,0,2,0,2867,0
28451,0,2,0,842,0
28452,7,8,297776,247308,0
28453,0,1,0,6187,0
28454,0,1,0,224,0
28455,0,1,0,418,0
28456,1,1,5,9530,0
28457,0,2,0,12607,0
28458,0,1,0,297,0
28459,0,1,0,49536,0
28460,0,1,0,1698,0
28461,0,1,0,74,0
28462,0,1,0,5336,0
28463,0,1,0,47153,0
28464,0,1,0,96,0
28465,0,1,0,4029,0
28466,0,1,0,244,0
28467,0,1,0,3524,0
28468,0,2,0,5990,0
28469,0,2,0,4656,0
28470,0,1,0,2252,0
28471,0,1,0,443,0
28472,0,1,0,1271,0
28473,0,1,0,1191,0
28474,0,4,0,346325,0
28475,2,0,5150,0,0
28476,1,1,2587,710,0
28477,0,1,0,60,0
28478,0,1,0,295,0
28479,2,2,1485,273689,0
28480,0,1,0,72,0
28481,2,1,24337,19,0
28482,0,1,0,11951,0
28483,0,1,0,2424,0
28484,1,1,190,1849,0
28485,0,1,0,8,0
28486,0,1,0,480,0
28487,0,1,0,1097,0
28488,2,1,2631,6433,0
28489,1,0,3617,0,0
28490,0,1,0,2083,0
28491,1,0,14529,0,0
28492,1,0,2711,0,0
28493,0,1,0,682,0
28494,0,1,0,455,0
28495,1,0,181,0,0
28496,1,0,188,0,0
28497,1,0,184,0,0
28498,1,1,1627,4268,0
28499,0,1,0,1970,0
28500,0,1,0,102826,0
28501,0,1,0,64,0
28502,0,1,0,17302,0
28503,1,2,96,89951,0
28504,1,0,89845,0,0
28505,1,2,12190,8089,0
28506,0,2,0,612,0
28507,1,4,157,77092,0
28508,0,1,0,722,0
28509,1,3,434,3100,0
28510,7,1,5640,4996,0
28511,0,1,0,508,0
28512,2,9,31454,228132,0
28513,1,0,21059,0,0
28514,1,0,42002,0,0
28515,1,0,2826,0,0
28516,1,0,272,0,0
28517,1,0,643,0,0
28518,0,4,0,147978,0
28519,2,0,1817,0,0
28520,1,0,303,0,0
28521,1,0,143102,0,0
28522,0,7,0,120686,0
28523,2,0,48252,0,0
28524,1,0,52,0,0
28525,1,0,507,0,0
28526,0,2,0,6347,0
28527,0,3,0,263560,0
28528,0,2,0,856976,0
28529,0,4,0,37273,0
28530,1,0,148,0,0
28531,1,0,28463,0,0
28532,2,2,4935,1445,0
28533,0,2,0,2691,0
28534,2,6,1328,8881,0
28535,3,0,32752,0,0
28536,3,0,37507,0,0
28537,1,0,613,0,0
28538,0,2,0,170179,0
28539,1,0,5447,0,0
28540,0,4,0,2446,0
28541,1,0,889,0,0
28542,0,1,0,1122,0
28543,1,0,83755,0,0
28544,1,0,975,0,0
28545,1,0,4,0,0
28546,0,5,0,252300,0
28547,0,1,0,787,0
28548,4,11,17611,84832,0
28549,2,0,293,0,0
28550,3,0,975,0,0
28551,1,0,1130,0,0
28552,2,0,22803,0,0
28553,4,1,11623,1368,0
28554,1,0,3062,0,0
28555,0,4,0,15854,0
28556,1,0,2515,0,0
28557,5,4,227702,19040,0
28558,1,0,259,0,0
28559,0,6,0,25556,0
28560,1,1,1464,41516,0
28561,1,0,282,0,0
28562,0,3,0,924452,0
28563,1,0,918910,0,0
28564,0,2,0,1705,0
28565,0,1,0,1002,0
28566,0,1,0,7639,0
28567,0,1,0,34667,0
28568,0,1,0,98810,0
28569,0,1,0,6071,0
28570,0,18,0,809001,0
28571,1,0,154614,0,0
28572,1,0,1277,0,0
28573,1,0,51898,0,0
28574,1,0,1270,0,0
28575,1,1,815,588,0
28576,1,0,300,0,0
28577,2,0,261,0,0
28578,1,0,278,0,0
28579,1,0,438,0,0
28580,1,0,698,0,0
28581,1,0,524041,0,0
28582,1,0,627,0,0
28583,0,4,0,66192,0
28584,1,0,211,0,0
28585,1,0,201,0,0
28586,0,6,0,107831,0
28587,1,0,26479,0,0
28588,1,2,4753,12443,0
28589,3,21,12424,1555682,0
28590,1,0,20823,0,0
28591,1,0,95994,0,0
28592,1,0,1287,0,0
28593,1,0,14705,0,0
28594,1,0,5524,0,0
28595,2,0,9735,0,0
28596,1,1,539031,241,0
28597,1,0,5,0,0
28598,1,0,16678,0,0
28599,1,0,213,0,0
28600,1,0,133,0,0
28601,0,2,0,49322,0
28602,1,0,48926,0,0
28603,0,4,0,52184,0
28604,1,0,24122,0,0
28605,11,11,597151,1680203,0
28606,1,7,10199,336235,0
28607,1,1,6306,25411,0
28608,2,0,167780,0,0
28609,1,0,1173069,0,0
28610,3,0,486658,0,0
28611,1,0,442,0,0
28612,1,0,1160,0,0
28613,0,28,0,671615,0
28614,2,2,72880,3658,0
28615,1,0,225,0,0
28616,1,0,12347,0,0
28617,1,0,4598,0,0
28618,1,0,313,0,0
28619,1,0,12194,0,0
28620,1,0,170,0,0
28621,1,0,20434,0,0
28622,1,0,1890,0,0
28623,1,0,12740,0,0
28624,1,0,44321,0,0
28625,1,0,32312,0,0
28626,1,0,14605,0,0
28627,1,0,325,0,0
28628,1,0,3570,0,0
28629,1,0,550,0,0
28630,1,0,1780,0,0
28631,1,0,6624,0,0
28632,1,0,143,0,0
28633,1,0,246,0,0
28634,1,0,840,0,0
28635,1,0,81573,0,0
28636,1,0,2015,0,0
28637,1,0,356458,0,0
28638,1,0,55146,0,0
28639,1,0,689,0,0
28640,4,15,8066,1087153,0
28641,1,0,166,0,0
28642,1,0,212,0,0
28643,1,1,2,857,0
28644,1,0,607,0,0
28645,1,0,114,0,0
28646,1,1,17200,2966,0
28647,1,0,11603,0,0
28648,1,0,4,0,0
28649,2,0,28286,0,0
28650,1,0,276,0,0
28651,1,2,270133,12676,0
28652,1,0,8578,0,0
28653,2,0,6100,0,0
28654,2,0,1087,0,0
28655,2,7,103,66435,0
28656,1,0,51777,0,0
28657,1,0,109,0,0
28658,1,0,8518,0,0
28659,1,0,791,0,0
28660,3,15,245147,979181,0
28661,1,0,27636,0,0
28662,1,0,222,0,0
28663,1,0,9546,0,0
28664,1,0,18753,0,0
28665,1,0,791493,0,0
28666,1,0,405,0,0
28667,1,0,88154,0,0
28668,1,1,31,44,0
28669,0,3,0,5945,0
28670,2,1,54521,1198,0
28671,1,0,2757,0,0
28672,1,0,3750,0,0
28673,1,0,329,0,0
28674,0,1,0,1195,0
28675,0,3,0,42486,0
28676,1,1,611,318,0
28677,1,1,107,344,0
28678,0,1,0,2980,0
28679,1,0,10983,0,0
28680,1,0,69730,0,0
28681,1,0,2622,0,0
28682,1,0,2323,0,0
28683,1,0,818,0,0
28684,1,0,3140,0,0
28685,1,0,3682,0,0
28686,1,0,31,0,0
28687,1,0,1674,0,0
28688,1,0,54100,0,0
28689,1,0,7717,0,0
28690,1,0,172385,0,0
28691,1,0,631,0,0
28692,1,0,17066,0,0
28693,1,0,3494,0,0
28694,1,0,1828,0,0
28695,1,0,2492,0,0
28696,1,0,143,0,0
28697,1,0,6627,0,0
28698,1,0,8311,0,0
28699,1,0,100280,0,0
28700,1,0,243,0,0
28701,3,0,84933,0,0
28702,1,0,9456,0,0
28703,1,0,37752,0,0
28704,1,1,28,81108,0
28705,2,0,35275,0,0
28706,1,0,8215,0,0
28707,1,0,447,0,0
28708,0,8,0,375135,0
28709,6,5,83771,89810,0
28710,1,0,5485,0,0
28711,1,0,345173,0,0
28712,1,0,2803,0,0
28713,1,0,10401,0,0
28714,0,1,0,196,0
28715,0,1,0,12,0
28716,1,3,8771,28603,0
28717,15,7,358498,53694,0
28718,0,2,0,516249,0
28719,6,19,548306,186412,0
28720,0,2,0,15183,0
28721,0,1,0,9880,0
28722,2,2,6278,39640,0
28723,0,1,0,13124,0
28724,0,1,0,695,0
28725,0,1,0,165,0
28726,0,1,0,223740,0
28727,0,1,0,226,0
28728,0,1,0,340,0
28729,0,1,0,24317,0
28730,0,2,0,50166,0
28731,0,1,0,11198,0
28732,0,1,0,8326,0
28733,0,1,0,936,0
28734,0,2,0,3729,0
28735,2,2,15573,111025,0
28736,1,0,50252,0,0
28737,0,2,0,7721,0
28738,1,2,7687,38663,0
28739,0,4,0,4032530,0
28740,1,5,1452,105804,0
28741,0,1,0,5768,0
28742,0,1,0,182212,0
28743,0,1,0,2525,0
28744,0,1,0,69,0
28745,0,1,0,4,0
28746,0,1,0,3996,0
28747,0,3,0,13839,0
28748,1,0,669,0,0
28749,0,1,0,135,0
28750,2,1,215428,68,0
28751,0,1,0,139,0
28752,0,2,0,312996,0
28753,0,1,0,130251,0
28754,0,1,0,7207,0
28755,0,1,0,2190,0
28756,0,1,0,2331,0
28757,0,1,0,6135,0
28758,0,1,0,2323,0
28759,0,2,0,27576,0
28760,0,1,0,0,0
28761,0,1,0,360483,0
28762,0,1,0,203,0
28763,0,1,0,403,0
28764,0,2,0,102191,0
28765,0,1,0,2298,0
28766,0,2,0,1086,0
28767,0,1,0,1210,0
28768,0,1,0,65,0
28769,0,2,0,15842,0
28770,0,1,0,134213,0
28771,1,1,872,2917,0
28772,0,1,0,4806,0
28773,0,1,0,47438,0
28774,0,2,0,123453,0
28775,0,1,0,41,0
28776,0,1,0,17712,0
28777,0,1,0,1703,0
28778,0,2,0,12180,0
28779,0,3,0,32292,0
28780,0,1,0,443,0
28781,0,1,0,6402,0
28782,0,1,0,548,0
28783,0,1,0,6688,0
28784,0,1,0,495,0
28785,0,1,0,6412,0
28786,0,2,0,26364,0
28787,0,1,0,2319,0
28788,0,1,0,252,0
28789,0,2,0,15163,0
28790,1,1,15081,1454,0
28791,0,1,0,7997,0
28792,0,1,0,478,0
28793,0,1,0,292,0
28794,0,1,0,256,0
28795,4,3,193257,165549,1
28796,0,1,0,2957,0
28797,0,2,0,17138,0
28798,0,2,0,5597,0
28799,0,1,0,29783,0
28800,0,1,0,20475,0
28801,0,1,0,788,0
28802,0,1,0,1352,0
28803,0,1,0,245966,0
28804,0,1,0,455,0
28805,0,1,0,14079,0
28806,0,1,0,2414,0
28807,0,1,0,5,0
28808,0,4,0,232970,0
28809,1,1,223149,62,0
28810,0,7,0,29098,0
28811,1,1,22909,3687,0
28812,1,0,1626,0,0
28813,1,0,1989,0,0
28814,0,1,0,105297,0
28815,0,1,0,14804,0
28816,0,1,0,20149,0
28817,0,1,0,973,0
28818,0,1,0,77703,0
28819,0,1,0,2629,0
28820,0,1,0,16461,0
28821,0,1,0,2581,0
28822,0,1,0,4803,0
28823,0,1,0,14248,0
28824,0,1,0,235,0
28825,2,1,51154,2198,0
28826,0,1,0,2811,0
28827,1,0,20,0,0
28828,0,1,0,11056,0
28829,0,2,0,984,0
28830,0,2,0,8633,0
28831,0,2,0,31720,0
28832,1,1,4655,36,0
28833,0,2,0,15977,0
28834,0,2,0,895,0
28835,0,1,0,3080,0
28836,0,1,0,5183,0
28837,0,1,0,785094,0
28838,0,1,0,11707,0
28839,0,1,0,34518,0
28840,0,3,0,12044,0
28841,0,2,0,14944,0
28842,0,1,0,488,0
28843,0,1,0,132,0
28844,0,2,0,5220,0
28845,0,1,0,476068,0
28846,0,1,0,4650,0
28847,0,1,0,279,0
28848,0,1,0,29779,0
28849,0,1,0,3103,0
28850,0,1,0,234,0
28851,0,1,0,51,0
28852,0,1,0,512,0
28853,0,1,0,4,0
28854,0,1,0,4160,0
28855,0,1,0,191,0
28856,0,1,0,882355,0
28857,0,1,0,901,0
28858,0,1,0,9151,0
28859,2,0,19963,0,0
28860,1,0,422,0,0
28861,2,3,29359,6787,0
28862,1,0,1508,0,0
28863,1,0,285,0,0
28864,0,1,0,39503,0
28865,0,1,0,6611,0
28866,0,1,0,1416,0
28867,0,2,0,1840,0
28868,0,1,0,43,0
28869,0,1,0,21286,0
28870,0,1,0,9360,0
28871,0,1,0,1935,0
28872,0,1,0,248115,0
28873,0,1,0,8615,0
28874,2,0,5611,0,0
28875,1,0,54287,0,0
28876,1,1,1194,9032,0
28877,0,1,0,60,0
28878,0,1,0,73,0
28879,0,1,0,1039,0
28880,0,1,0,1740,0
28881,0,1,0,334,0
28882,0,1,0,739,0
28883,0,1,0,174,0
28884,0,1,0,66395,0
28885,0,1,0,1272,0
28886,0,3,0,1256,0
28887,0,1,0,361783,0
28888,0,1,0,16,0
28889,0,1,0,44383,0
28890,0,1,0,373,0
28891,0,1,0,16751,0
28892,0,1,0,236,0
28893,0,1,0,3334,0
28894,0,1,0,2337,0
28895,0,1,0,84,0
28896,0,1,0,1813,0
28897,0,1,0,1501,0
28898,0,1,0,428,0
28899,0,1,0,724,0
28900,0,1,0,4028,0
28901,0,2,0,315,0
28902,0,1,0,518,0
28903,0,1,0,93,0
28904,0,1,0,5111,0
28905,3,0,697593,0,0
28906,0,1,0,5,0
28907,0,1,0,406,0
28908,0,2,0,108248,0
28909,0,1,0,1090,0
28910,2,4,1591,8286,0
28911,1,0,96,0,0
28912,1,0,5141,0,0
28913,0,1,0,4791,0
28914,0,3,0,14054,0
28915,0,1,0,106,0
28916,0,1,0,3902,0
28917,0,1,0,1431,0
28918,0,1,0,366,0
28919,0,1,0,4065,0
28920,0,2,0,1196,0
28921,0,1,0,6337,0
28922,0,1,0,3622,0
28923,0,1,0,933,0
28924,0,2,0,59329,0
28925,0,1,0,22827,0
28926,0,1,0,105471,0
28927,0,1,0,1119,0
28928,0,3,0,4193,0
28929,0,1,0,1402,0
28930,0,1,0,170,0
28931,0,1,0,9308,0
28932,1,1,7276,977,0
28933,0,1,0,4913,0
28934,0,1,0,1206,0
28935,0,1,0,242,0
28936,0,1,0,196,0
28937,0,1,0,2615,0
28938,0,1,0,304,0
28939,0,1,0,6990,0
28940,0,1,0,2128,0
28941,0,1,0,152,0
28942,0,1,0,881,0
28943,0,1,0,3067,0
28944,0,1,0,720,0
28945,0,1,0,1176,0
28946,0,3,0,293015,0
28947,0,1,0,6729,0
28948,0,1,0,3803,0
28949,0,1,0,575,0
28950,0,2,0,16701,0
28951,0,3,0,10733,0
28952,0,1,0,225,0
28953,0,1,0,2800,0
28954,0,1,0,64,0
28955,0,2,0,17804,0
28956,13,13,187179,151446,0
28957,0,1,0,1609,0
28958,1,0,318,0,0
28959,1,0,8526,0,0
28960,2,0,455,0,0
28961,0,1,0,281,0
28962,0,1,0,4793,0
28963,0,1,0,9127,0
28964,0,1,0,61,0
28965,0,2,0,752,0
28966,0,1,0,383,0
28967,0,1,0,17978,0
28968,0,1,0,402403,0
28969,1,1,73,324,0
28970,0,1,0,2470,0
28971,0,2,0,154,0
28972,0,1,0,2143,0
28973,0,1,0,21235,0
28974,0,2,0,8908,0
28975,0,1,0,91047,0
28976,0,1,0,9089,0
28977,0,1,0,11004,0
28978,0,1,0,24563,0
28979,1,1,284,5971,0
28980,0,1,0,3214,0
28981,0,2,0,11819,0
28982,0,1,0,519,0
28983,0,1,0,89,0
28984,0,2,0,877,0
28985,0,1,0,10746,0
28986,0,1,0,760,0
28987,0,1,0,19368,0
28988,0,1,0,26,0
28989,0,1,0,3577,0
28990,0,1,0,8640,0
28991,0,1,0,34302,0
28992,0,1,0,5285,0
28993,0,1,0,132,0
28994,0,1,0,1637,0
28995,0,1,0,158,0
28996,0,1,0,19574,0
28997,0,1,0,629,0
28998,0,1,0,1727,0
28999,0,1,0,531,0
29000,0,1,0,455,0
29001,0,1,0,3338,0
29002,0,1,0,872,0
29003,0,1,0,487,0
29004,0,2,0,1017,0
29005,0,1,0,6878,0
29006,0,1,0,299,0
29007,0,1,0,2690,0
29008,0,1,0,567,0
29009,0,1,0,33673,0
29010,0,1,0,97046,0
29011,0,1,0,813,0
29012,0,1,0,143,0
29013,0,1,0,29570,0
29014,0,1,0,601,0
29015,0,1,0,21113,0
29016,0,1,0,1537,0
29017,0,1,0,21833517,0
29018,0,1,0,3260,0
29019,0,2,0,12009,0
29020,1,0,11886,0,0
29021,0,1,0,444,0
29022,0,1,0,2112,0
29023,0,2,0,475,0
29024,0,1,0,51,0
29025,0,1,0,5,0
29026,0,2,0,952,0
29027,0,1,0,9275,0
29028,0,2,0,3090,0
29029,0,1,0,8465,0
29030,0,1,0,10249,0
29031,0,1,0,26022,0
29032,0,3,0,19540,0
29033,0,2,0,2644,0
29034,0,1,0,1261,0
29035,0,1,0,237,0
29036,0,1,0,30277,0
29037,0,2,0,24600,0
29038,0,1,0,1589,0
29039,0,1,0,56190,0
29040,0,1,0,6391,0
29041,0,1,0,386,0
29042,0,1,0,171,0
29043,0,1,0,264,0
29044,2,0,21937,0,0
29045,1,3,52,14792,0
29046,1,2,180,68098,0
29047,1,4,20762,115636,0
29048,1,0,75,0,0
29049,1,0,228,0,0
29050,0,1,0,25184,0
29051,0,1,0,33365,0
29052,0,1,0,85827,0
29053,0,1,0,879,0
29054,0,1,0,2023,0
29055,0,1,0,1416,0
29056,0,1,0,913,0
29057,0,1,0,151,0
29058,0,1,0,9345,0
29059,0,2,0,232,0
29060,0,2,0,2024,0
29061,0,2,0,9323,0
29062,0,1,0,823,0
29063,0,1,0,112950,0
29064,0,1,0,8064,0
29065,0,1,0,5377,0
29066,0,2,0,746,0
29067,0,1,0,1674,0
29068,0,1,0,426,0
29069,0,1,0,32486,0
29070,0,1,0,16853,0
29071,0,1,0,38,0
29072,0,1,0,309,0
29073,0,1,0,9,0
29074,1,0,54008,0,0
29075,2,0,42381,0,0
29076,0,1,0,430,0
29077,0,1,0,10857,0
29078,0,1,0,904,0
29079,0,1,0,2117,0
29080,0,1,0,1352,0
29081,0,1,0,2114,0
29082,0,1,0,29274,0
29083,0,1,0,1137,0
29084,0,1,0,132,0
29085,0,1,0,1264,0
29086,0,1,0,234,0
29087,0,1,0,92137,0
29088,0,1,0,1607,0
29089,0,1,0,241,0
29090,2,0,689833,0,0
29091,9,0,40176,0,0
29092,2,0,18517,0,0
29093,1,0,27119,0,0
29094,1,0,413,0,0
29095,2,0,53915,0,0
29096,1,0,544,0,0
29097,2,0,63697,0,0
29098,0,1,0,177,0
29099,0,2,0,4435,0
29100,0,1,0,16650,0
29101,0,1,0,2380,0
29102,0,1,0,3056,0
29103,0,1,0,269,0
29104,0,1,0,68,0
29105,0,2,0,394,0
29106,0,1,0,1088,0
29107,0,1,0,1228,0
29108,0,2,0,6371,0
29109,3,9,42610,73501,0
29110,1,0,449,0,0
29111,1,0,423,0,0
29112,1,0,132,0,0
29113,1,0,20045,0,0
29114,1,0,42977,0,0
29115,1,0,2152,0,0
29116,1,0,2991,0,0
29117,1,0,3498,0,0
29118,2,0,2302,0,0
29119,1,0,414,0,0
29120,1,0,8840,0,0
29121,1,0,612,0,0
29122,1,0,11600,0,0
29123,0,1,0,1982,0
29124,0,2,0,3536,0
29125,2,0,3660,0,0
29126,0,1,0,856,0
29127,0,1,0,1624,0
29128,0,1,0,2346,0
29129,0,1,0,50,0
29130,0,1,0,7338,0
29131,0,1,0,90,0
29132,2,3,67278,1912,0
29133,1,0,1,0,0
29134,1,0,1381,0,0
29135,0,1,0,83076,0
29136,0,1,0,24,0
29137,0,1,0,4435,0
29138,0,1,0,64961,0
29139,1,5,3961,43720,0
29140,1,1,4567,2755,0
29141,1,0,1129,0,0
29142,1,1,24060,3961,0
29143,1,1,6,637,0
29144,3,0,41770,0,0
29145,1,0,47416,0,0
29146,0,1,0,619,0
29147,0,6,0,54285,0
29148,1,0,3844,0,0
29149,1,1,7395,14859,0
29150,9,26,37308,139931,0
29151,1,0,29,0,0
29152,1,1,173,2657,0
29153,2,0,431,0,0
29154,2,0,3381,0,0
29155,1,0,5026,0,0
29156,1,0,3174,0,0
29157,1,0,645,0,0
29158,2,0,18288,0,0
29159,1,0,1155,0,0
29160,1,0,164,0,0
29161,1,0,21588,0,0
29162,1,1,9830,375,0
29163,1,1,2351,5236,0
29164,2,0,15349,0,0
29165,1,0,706,0,0
29166,1,0,10812,0,0
29167,3,0,19566,0,0
29168,0,4,0,816995,0
29169,5,11,816768,131899,0
29170,0,1,0,209,0
29171,0,1,0,757,0
29172,0,2,0,677,0
29173,0,1,0,32693,0
29174,0,4,0,11920,0
29175,3,0,3531,0,0
29176,2,0,14464,0,0
29177,0,1,0,23230,0
29178,1,4,3631,17257,0
29179,1,0,411,0,0
29180,1,0,4334,0,0
29181,1,0,16765,0,0
29182,1,0,3198,0,0
29183,1,1,100,546,0
29184,1,0,2802,0,0
29185,0,1,0,9330,0
29186,1,0,136205,0,0
29187,1,0,9967,0,0
29188,1,0,13724,0,0
29189,1,0,1133,0,0
29190,1,0,152,0,0
29191,1,0,42219,0,0
29192,1,0,835,0,0
29193,1,0,1323,0,0
29194,1,1,14201,356,0
29195,2,0,10403,0,0
29196,2,0,2540,0,0
29197,1,1,215,303,0
29198,2,0,50457,0,0
29199,1,0,1208,0,0
29200,1,0,1012612,0,0
29201,1,0,1124,0,0
29202,1,0,1343,0,0
29203,1,0,58994,0,0
29204,1,0,22484,0,0
29205,1,0,6401,0,0
29206,1,0,4788,0,0
29207,1,0,361,0,0
29208,1,0,443,0,0
29209,1,0,34175,0,0
29210,1,0,4438,0,0
29211,1,0,547,0,0
29212,1,0,14042,0,0
29213,1,0,2342,0,0
29214,1,0,301194,0,0
29215,1,0,66623,0,0
29216,1,0,23309,0,0
29217,1,0,408,0,0
29218,1,0,722,0,0
29219,1,0,487,0,0
29220,1,0,73,0,0
29221,1,0,345875,0,0
29222,1,0,49464,0,0
29223,1,0,889,0,0
29224,1,0,6594,0,0
29225,1,0,374,0,0
29226,1,0,4689,0,0
29227,1,0,62,0,0
29228,1,0,30500,0,0
29229,1,0,196,0,0
29230,1,0,16090,0,0
29231,1,0,2369,0,0
29232,1,0,708,0,0
29233,1,0,20,0,0
29234,1,0,5054,0,0
29235,1,0,75507,0,0
29236,1,0,112,0,0
29237,1,0,170,0,0
29238,1,0,175594,0,0
29239,1,0,232,0,0
29240,1,0,3690,0,0
29241,1,0,42,0,0
29242,1,0,211,0,0
29243,1,0,3092,0,0
29244,1,0,54,0,0
29245,1,0,7267,0,0
29246,1,0,16,0,0
29247,1,0,31521,0,0
29248,1,0,5360,0,0
29249,1,0,394,0,0
29250,1,0,33469,0,0
29251,1,0,37224,0,0
29252,1,0,95,0,0
29253,1,0,79709,0,0
29254,1,0,2381,0,0
29255,1,0,428,0,0
29256,1,0,614,0,0
29257,1,0,1744,0,0
29258,1,0,276,0,0
29259,1,0,4950,0,0
29260,1,0,80027,0,0
29261,1,0,451,0,0
29262,1,0,50,0,0
29263,1,0,11894,0,0
29264,1,0,96,0,0
29265,1,0,3219,0,0
29266,1,0,1349,0,0
29267,1,0,10972,0,0
29268,1,0,9,0,0
29269,1,0,220,0,0
29270,1,0,4925,0,0
29271,1,0,29,0,0
29272,1,0,192,0,0
29273,1,0,52337,0,0
29274,1,0,338726,0,0
29275,1,0,99387,0,0
29276,1,0,15699,0,0
29277,1,0,30138,0,0
29278,1,0,2032,0,0
29279,1,0,2091,0,0
29280,1,0,684,0,0
29281,1,0,1226,0,0
29282,1,0,19146,0,0
29283,1,0,149,0,0
29284,1,0,13395,0,0
29285,1,0,4198,0,0
29286,1,0,1856,0,0
29287,1,0,362,0,0
29288,1,0,71447,0,0
29289,1,0,1317,0,0
29290,1,0,545,0,0
29291,1,0,1883,0,0
29292,1,0,18631,0,0
29293,1,0,297,0,0
29294,1,0,920,0,0
29295,1,1,733,31372,0
29296,1,0,2390,0,0
29297,3,0,6625,0,0
29298,1,1,1609,141428,0
29299,1,0,3269,0,0
29300,1,0,2268,0,0
29301,1,0,51528,0,0
29302,1,1,32268,135522,0
29303,1,1,6149,35509,0
29304,1,0,1091,0,0
29305,1,0,1550,0,0
29306,0,2,0,49198,0
29307,0,1,0,740,0
29308,0,2,0,9269,0
29309,0,1,0,794,0
29310,0,1,0,58,0
29311,0,4,0,30200,0
29312,0,1,0,132793,0
29313,0,5,0,132331,0
29314,0,1,0,386305,0
29315,0,1,0,6327,0
29316,0,1,0,469,0
29317,1,1,7958,4766,0
29318,0,1,0,35272,0
29319,0,2,0,2035,0
29320,0,2,0,302,0
29321,1,0,270,0,0
29322,0,1,0,195,0
29323,0,1,0,1053,0
29324,0,1,0,107804,0
29325,0,1,0,359,0
29326,0,1,0,10002,0
29327,0,1,0,7187,0
29328,0,1,0,95989,0
29329,0,1,0,17,0
29330,0,1,0,115,0
29331,0,1,0,137557,0
29332,0,1,0,5140,0
29333,0,1,0,192330,0
29334,0,1,0,5187,0
29335,0,1,0,9048,0
29336,0,1,0,19534,0
29337,0,1,0,2976,0
29338,0,1,0,7812,0
29339,0,1,0,217,0
29340,0,1,0,401,0
29341,0,1,0,147,0
29342,0,1,0,5799,0
29343,0,1,0,69114,0
29344,0,1,0,3568,0
29345,0,1,0,273,0
29346,0,1,0,111443,0
29347,0,2,0,1003,0
29348,3,3,59304,28074,0
29349,0,1,0,385,0
29350,0,1,0,1308,0
29351,0,1,0,28,0
29352,0,1,0,54,0
29353,0,2,0,17391,0
29354,0,2,0,12161,0
29355,0,1,0,512,0
29356,0,1,0,740,0
29357,0,1,0,3148,0
29358,0,2,0,9468,0
29359,3,4,32665,38656,0
29360,1,0,198,0,0
29361,0,1,0,2715,0
29362,0,1,0,288554,0
29363,0,2,0,14968,0
29364,1,2,4046,203,0
29365,0,2,0,1681,0
29366,0,1,0,1269,0
29367,0,1,0,24292,0
29368,0,1,0,3065,0
29369,0,1,0,877,0
29370,3,1,198010,0,0
29371,1,0,15131,0,0
29372,3,1,101773,15305,0
29373,0,1,0,13160,0
29374,0,3,0,21319,0
29375,2,4,23476,84477,0
29376,0,1,0,29926,0
29377,0,1,0,12,0
29378,0,1,0,36014,0
29379,0,1,0,1039,0
29380,0,1,0,4612,0
29381,0,2,0,630,0
29382,1,1,77,14057,0
29383,0,1,0,168199,0
29384,0,2,0,6205,0
29385,0,1,0,5952,0
29386,1,1,4025,5710,0
29387,0,2,0,113324,0
29388,0,3,0,27982,0
29389,0,1,0,284,0
29390,0,2,0,30816,0
29391,0,5,0,168582,0
29392,1,1,301,185929,0
29393,2,2,49641,8120,0
29394,1,0,21775,0,0
29395,1,1,104971,19258,0
29396,2,0,18429,0,0
29397,5,6,92628,34651,0
29398,2,2,11423,472,0
29399,2,0,406575,0,0
29400,1,0,21082,0,0
29401,1,0,82034,0,0
29402,1,0,167249,0,0
29403,1,2,304703,13621,0
29404,2,0,62538,0,0
29405,1,1,1117,11654,0
29406,1,1,3199,604,0
29407,1,0,21,0,0
29408,0,1,0,790,0
29409,0,1,0,1096,0
29410,0,1,0,587,0
29411,0,1,0,11121,0
29412,0,1,0,33018,0
29413,0,1,0,38315,0
29414,0,1,0,21759,0
29415,0,1,0,18817,0
29416,0,2,0,3284,0
29417,2,2,2224,279101,0
29418,0,1,0,5086,0
29419,0,1,0,3045,0
29420,0,2,0,9900,0
29421,0,2,0,46,0
29422,6,8,142527,68142,0
29423,2,2,345,7865,0
29424,0,1,0,86,0
29425,0,2,0,9400,0
29426,0,1,0,1333,0
29427,0,3,0,31739,0
29428,1,0,648,0,0
29429,0,1,0,9842,0
29430,1,0,7615,0,0
29431,0,1,0,8258,0
29432,0,1,0,1396,0
29433,0,1,0,130630,0
29434,1,1,11832,97,0
29435,1,0,2657,0,0
29436,1,0,2402,0,0
29437,1,2,24545,47949,0
29438,1,2,624,15522,0
29439,1,0,756,0,0
29440,1,0,4343,0,0
29441,1,0,27855,0,0
29442,1,2,310,1453,0
29443,0,1,0,3456,0
29444,0,2,0,2811,0
29445,2,0,14632,0,0
29446,1,0,1405,0,0
29447,0,22,0,546616,0
29448,6,18,40180,196844,0
29449,1,1,835,6828,0
29450,1,2,1544,622240,0
29451,1,0,1092,0,0
29452,5,2,1180578,19947,0
29453,1,2,281,3002,0
29454,10,0,537020,0,0
29455,5,5,18970,363111,0
29456,3,1,17948,1297,0
29457,0,1,0,702,0
29458,0,1,0,3439772,0
29459,0,1,0,230549,0
29460,0,1,0,287,0
29461,0,1,0,33693,0
29462,0,3,0,999,0
29463,5,0,3519,0,0
29464,0,1,0,6063,0
29465,0,1,0,7403,0
29466,0,1,0,23018,0
29467,0,1,0,3263,0
29468,0,1,0,2531572,0
29469,0,1,0,24919,0
29470,0,1,0,7059,0
29471,0,1,0,182454,0
29472,0,1,0,92,0
29473,1,0,5096,0,0
29474,1,0,348,0,0
29475,1,0,545,0,0
29476,1,0,784,0,0
29477,2,0,33263,0,0
29478,3,0,71560,0,0
29479,1,0,10687,0,0
29480,1,0,47,0,0
29481,1,0,188,0,0
29482,1,0,206,0,0
29483,1,0,17645,0,0
29484,1,0,831,0,0
29485,1,0,724,0,0
29486,1,0,450,0,0
29487,1,0,6,0,0
29488,2,1,17589,1365,0
29489,1,0,1215,0,0
29490,0,1,0,87,0
29491,1,1,41225,937,0
29492,0,1,0,856,0
29493,0,1,0,887,0
29494,0,1,0,2492,0
29495,0,1,0,15575,0
29496,0,1,0,20287,0
29497,0,1,0,10898,0
29498,1,1,3015,10864,0
29499,0,1,0,6,0
29500,1,1,15012,95359,0
29501,0,1,0,218,0
29502,2,1,27740,10689,0
29503,0,1,0,476,0
29504,0,1,0,2166,0
29505,0,1,0,1416,0
29506,0,2,0,74494,0
29507,0,1,0,1997,0
29508,0,2,0,22553,0
29509,0,7,0,210370,0
29510,39,3,722944,17260,0
29511,1,0,271,0,0
29512,1,0,5708,0,0
29513,1,0,128,0,0
29514,0,2,0,2366,0
29515,0,1,0,14,0
29516,0,1,0,7980,0
29517,0,2,0,23499,0
29518,0,1,0,2026,0
29519,0,1,0,130,0
29520,0,2,0,1349,0
29521,0,2,0,9020,0
29522,0,3,0,32299,0
29523,0,1,0,9861,0
29524,0,2,0,76837,0
29525,0,1,0,15078,0
29526,0,2,0,1627,0
29527,0,1,0,57,0
29528,0,1,0,23491,0
29529,0,1,0,311,0
29530,0,1,0,63306,0
29531,0,1,0,888,0
29532,0,2,0,11911,0
29533,0,1,0,9980,0
29534,0,1,0,2902,0
29535,0,1,0,145,0
29536,0,1,0,5438,0
29537,0,1,0,105,0
29538,0,1,0,208,0
29539,0,1,0,437,0
29540,0,2,0,263623,0
29541,0,1,0,244672,0
29542,1,2,14422,68838,0
29543,2,1,10297,5523,0
29544,1,2,2458,29248,0
29545,0,1,0,33135,0
29546,0,1,0,17,0
29547,0,2,0,150,0
29548,0,1,0,266,0
29549,0,1,0,89,0
29550,0,3,0,131410,0
29551,0,1,0,3378,0
29552,0,1,0,3061,0
29553,0,1,0,1470,0
29554,0,1,0,14992,0
29555,0,2,0,17364,0
29556,0,1,0,40351,0
29557,0,1,0,5479,0
29558,0,1,0,3079225,0
29559,0,1,0,17,0
29560,0,1,0,4028,0
29561,0,1,0,51,0
29562,0,1,0,21651,0
29563,0,1,0,1706,0
29564,0,1,0,72861,0
29565,0,1,0,4909,0
29566,0,1,0,748,0
29567,0,1,0,74069,0
29568,0,1,0,308,0
29569,0,1,0,2430,0
29570,0,1,0,345,0
29571,0,1,0,905,0
29572,0,1,0,244,0
29573,0,1,0,12583,0
29574,0,1,0,5450,0
29575,0,1,0,5131,0
29576,0,1,0,6349,0
29577,0,1,0,410,0
29578,0,1,0,506,0
29579,0,1,0,317,0
29580,0,1,0,1504,0
29581,0,1,0,201,0
29582,0,2,0,42732,0
29583,0,1,0,1376,0
29584,0,1,0,223,0
29585,0,1,0,4588,0
29586,0,1,0,2689,0
29587,0,1,0,72,0
29588,0,1,0,30883,0
29589,0,1,0,587,0
29590,0,1,0,3657,0
29591,0,1,0,48100,0
29592,0,1,0,194,0
29593,0,2,0,271900,0
29594,1,0,259472,0,0
29595,0,1,0,431,0
29596,0,1,0,1348,0
29597,3,2,69523,654716,0
29598,5,0,806089,0,0
29599,1,3,20,4350,0
29600,2,2,1262,286,0
29601,2,1,7692,464,0
29602,1,3,998,8663,0
29603,1,1,1630,998,0
29604,0,4,0,28502,0
29605,0,2,0,3042,0
29606,1,1,788,1326,0
29607,1,1,25966,14,0
29608,3,3,30132,26043,0
29609,1,2,62,9268,0
29610,0,2,0,6690,0
29611,0,1,0,69379,0
29612,0,2,0,8969,0
29613,0,2,0,15053,0
29614,1,0,8723,0,0
29615,1,0,185,0,0
29616,1,1,685,520,0
29617,0,1,0,12796,0
29618,0,1,0,2323,0
29619,1,0,519,0,0
29620,2,1,12472,3498,0
29621,1,0,291,0,0
29622,1,0,83,0,0
29623,1,0,130908,0,0
29624,1,0,3643,0,0
29625,2,1,12368,28711,0
29626,1,0,3498,0,0
29627,0,1,0,31,0
29628,0,1,0,308,0
29629,0,1,0,18899,0
29630,0,1,0,60935,0
29631,0,1,0,425,0
29632,0,6,0,9324,0
29633,1,0,35,0,0
29634,1,0,2826,0,0
29635,1,0,38,0,0
29636,1,0,5027,0,0
29637,1,1,713,10822,0
29638,0,1,0,167,0
29639,0,1,0,4850,0
29640,1,1,28397,90,0
29641,0,1,0,43228,0
29642,0,1,0,73,0
29643,0,2,0,18431,0
29644,0,1,0,3460,0
29645,0,1,0,167,0
29646,0,1,0,4354,0
29647,0,2,0,219,0
29648,0,1,0,2597586,0
29649,0,1,0,693,0
29650,0,2,0,3316,0
29651,0,1,0,4128,0
29652,0,1,0,27,0
29653,2,1,2134,10,0
29654,0,2,0,7525,0
29655,1,1,7384,77388,0
29656,0,1,0,190,0
29657,0,1,0,151,0
29658,1,1,284441,2231,0
29659,0,1,0,15734,0
29660,0,1,0,84,0
29661,0,1,0,34084,0
29662,0,1,0,541,0
29663,0,2,0,7947,0
29664,2,2,1996,133,0
29665,0,1,0,15451,0
29666,0,1,0,167,0
29667,0,1,0,1523,0
29668,0,2,0,78078,0
29669,1,0,1502,0,0
29670,1,0,761,0,0
29671,1,0,8611,0,0
29672,0,1,0,425,0
29673,0,2,0,6002,0
29674,0,1,0,787,0
29675,0,2,0,2881,0
29676,0,1,0,9029,0
29677,0,2,0,356,0
29678,0,1,0,24512,0
29679,0,1,0,266,0
29680,0,1,0,159,0
29681,0,1,0,652,0
29682,0,1,0,116034,0
29683,0,1,0,2367,0
29684,0,1,0,1947,0
29685,1,9,489,188958,0
29686,1,0,1635,0,0
29687,1,0,994,0,0
29688,1,1,10051,1609,0
29689,1,0,87365,0,0
29690,1,0,14277,0,0
29691,1,0,506,0,0
29692,0,1,0,489,0
29693,1,2,1609,8975,0
29694,1,0,5501,0,0
29695,1,0,3474,0,0
29696,5,1,4071,114,0
29697,0,1,0,180063,0
29698,0,2,0,7760,0
29699,0,8,0,20337,0
29700,2,0,2725,0,0
29701,2,0,25564,0,0
29702,2,0,2593,0,0
29703,1,0,78,0,0
29704,0,10,0,49254,0
29705,2,0,3620,0,0
29706,2,0,145205,0,0
29707,3,0,9105,0,0
29708,1,2,111,3932,0
29709,2,1,23596,164,0
29710,1,0,574,0,0
29711,2,2,1600,33456,0
29712,1,0,3883,0,0
29713,1,0,74681,0,0
29714,1,0,840,0,0
29715,1,0,3290,0,0
29716,2,0,191026,0,0
29717,1,0,59,0,0
29718,1,0,4495,0,0
29719,2,0,4929,0,0
29720,1,6,107475,160950,0
29721,1,0,328,0,0
29722,1,0,2213,0,0
29723,1,0,10177,0,0
29724,1,1,145707,18842,0
29725,1,4,297107,3064,0
29726,1,0,818,0,0
29727,1,0,238,0,0
29728,1,1,1952,5349,0
29729,0,2,0,39558,0
29730,1,2,6605,1345,0
29731,1,0,945,0,0
29732,0,5,0,12146,0
29733,1,0,537,0,0
29734,1,0,3375,0,0
29735,0,3,0,8850,0
29736,0,1,0,1795,0
29737,0,9,0,45553,0
29738,1,1,10920,53010,0
29739,1,7,17,134594,0
29740,1,3,24,48827,0
29741,1,2,412,936088,0
29742,3,4,73603,17062,0
29743,1,11,39,147200,0
29744,1,0,133,0,0
29745,1,0,21,0,0
29746,2,1,891,39,0
29747,2,0,618,0,0
29748,0,1,0,3775,0
29749,1,0,547,0,0
29750,1,0,53,0,0
29751,1,0,44576,0,0
29752,0,2,0,78608,0
29753,7,3,72676,17039,0
29754,1,0,98,0,0
29755,2,2,14347,6590,0
29756,1,0,1254,0,0
29757,1,0,647,0,0
29758,1,1,556570,102,0
29759,1,0,41,0,0
29760,0,1,0,126,0
29761,0,2,0,3206,0
29762,1,10,3994,428949,0
29763,2,0,4305,0,0
29764,2,0,14618,0,0
29765,2,0,806,0,0
29766,2,0,594,0,0
29767,1,0,323,0,0
29768,6,6,24709,1034763,0
29769,1,0,22,0,0
29770,1,0,3049,0,0
29771,0,2,0,40770,0
29772,0,5,0,156419,0
29773,3,0,500385,0,0
29774,1,4,2281,8479,0
29775,4,1,5410,3771,0
29776,1,0,6739,0,0
29777,1,10,3893,413136,0
29778,1,0,174750,0,0
29779,1,0,40375,0,0
29780,1,0,14,0,0
29781,1,0,76,0,0
29782,6,0,114309,0,0
29783,0,3,0,10696,0
29784,2,0,7487,0,0
29785,0,1,0,107,0
29786,0,2,0,1822,0
29787,0,2,0,46909,0
29788,1,12,1578,387181,0
29789,1,0,988,0,0
29790,1,0,4082,0,0
29791,1,0,164756,0,0
29792,1,0,1026,0,0
29793,1,0,1323,0,0
29794,1,0,58415,0,0
29795,1,0,146792,0,0
29796,1,2,149,86,0
29797,1,0,5529,0,0
29798,1,5,3766,14530,0
29799,0,1,0,2010,0
29800,1,2,18,2645,0
29801,0,2,0,2957,0
29802,0,5,0,6598,0
29803,1,0,381,0,0
29804,1,0,755,0,0
29805,0,2,0,14057,0
29806,0,2,0,11716,0
29807,0,5,0,18584,0
29808,2,3,3681,17308,0
29809,3,0,1735,0,0
29810,1,0,15751,0,0
29811,0,2,0,1168774,0
29812,1,1,837,44,0
29813,0,2,0,2435,0
29814,0,1,0,57940,0
29815,0,1,0,8961,0
29816,0,1,0,465,0
29817,0,2,0,7761,0
29818,0,7,0,176162,0
29819,3,0,490032,0,0
29820,1,0,1062,0,0
29821,1,0,2630,0,0
29822,1,0,12930,0,0
29823,1,1,29463,1236,0
29824,0,2,0,476,0
29825,0,2,0,9760,0
29826,1,2,55544,10399,0
29827,7,7,34061,35758,0
29828,1,0,662,0,0
29829,2,0,35160,0,0
29830,0,2,0,23414,0
29831,2,0,4009,0,0
29832,2,1,6985,12373,0
29833,1,8,930,485703,0
29834,1,0,131077,0,0
29835,1,2,292047,11905,0
29836,1,0,39295,0,0
29837,2,0,466,0,0
29838,4,1,156017,1677,0
29839,0,2,0,204,0
29840,1,2,435,4572,0
29841,0,6,0,70962,0
29842,1,0,1547,0,0
29843,1,0,530,0,0
29844,1,0,190,0,0
29845,1,2,1042336,1922,0
29846,1,1,217136,322,0
29847,1,8,31556,86688,0
29848,1,2,2666,2296,0
29849,2,0,114714,0,0
29850,1,0,47857,0,0
29851,0,4,0,8430,0
29852,1,0,25,0,0
29853,1,0,5919,0,0
29854,1,2,314025,2248,0
29855,1,3,73100,1199,0
29856,1,3,631,8224,0
29857,1,1,1129,631,0
29858,1,1,577,16589,0
29859,1,1,3727,608645,0
29860,0,2,0,32150,0
29861,0,3,0,4206,0
29862,1,1,4463,176081,0
29863,0,3,0,35775,0
29864,1,0,3614,0,0
29865,1,2,54384,9901,0
29866,1,0,701,0,0
29867,1,1,4251,26296,0
29868,1,0,1778,0,0
29869,0,2,0,2098,0
29870,0,1,0,20342,0
29871,0,1,0,292,0
29872,0,1,0,2440,0
29873,0,1,0,579,0
29874,0,1,0,2381,0
29875,1,0,3476,0,0
29876,3,4,24255,83677,0
29877,1,1,74167,6920,0
29878,1,1,4827,1627,0
29879,0,2,0,1016,0
29880,1,1,40287,0,0
29881,0,2,0,42261,0
29882,0,1,0,5193,0
29883,0,5,0,4017,0
29884,1,0,212,0,0
29885,4,0,6648,0,0
29886,0,3,0,58185,0
29887,1,0,39422,0,0
29888,2,1,1230,625,0
29889,1,0,120,0,0
29890,2,0,5985,0,0
29891,2,3,12361,21487,0
29892,1,1,982,15519,0
29893,1,0,20472,0,0
29894,1,0,195,0,0
29895,0,2,0,247469,0
29896,0,2,0,76544,0
29897,0,1,0,22968,0
29898,0,4,0,7562,0
29899,1,0,499,0,0
29900,2,0,10552,0,0
29901,0,4,0,2093099,0
29902,2,0,1968115,0,0
29903,2,1,70,4579,0
29904,0,1,0,2016,0
29905,0,2,0,460282,0
29906,0,2,0,20313,0
29907,2,1,30151,1559262,0
29908,0,2,0,3749,0
29909,1,1,3599,303,0
29910,1,2,5970,2194,0
29911,4,6,69519,17364,0
29912,1,0,2431,0,0
29913,1,0,4422,0,0
29914,1,0,1095,0,0
29915,2,16,958,288398,0
29916,1,0,22760,0,0
29917,2,0,40419,0,0
29918,1,0,1638,0,0
29919,2,0,14405,0,0
29920,2,0,6331,0,0
29921,0,1,0,1520,0
29922,4,9,4426,311483,0
29923,1,0,341,0,0
29924,1,0,5733,0,0
29925,1,0,27,0,0
29926,2,0,392,0,0
29927,1,0,300690,0,0
29928,1,0,176,0,0
29929,1,1,966,443,0
29930,1,5,496,41332,0
29931,2,0,111617,0,0
29932,1,9,3827,93760,0
29933,1,0,244,0,0
29934,1,0,52565,0,0
29935,1,0,1031,0,0
29936,1,0,541,0,0
29937,1,1,35599,2402,0
29938,0,1,0,496,0
29939,1,4,591,38329,0
29940,1,1,32589,8816,0
29941,1,0,72,0,0
29942,1,0,3573,0,0
29943,0,4,0,50484,0
29944,1,1,2985,58,0
29945,2,1,5131,6,0
29946,1,1,5007,17956,0
29947,0,2,0,1243,0
29948,1,0,8816,0,0
29949,0,4,0,474,0
29950,1,0,413,0,0
29951,0,4,0,13135,0
29952,1,0,24,0,0
29953,2,2,21047,1012,0
29954,0,19,0,993954,0
29955,1,0,923,0,0
29956,2,0,663691,0,0
29957,1,1,569,93,0
29958,1,0,17723,0,0
29959,1,0,77,0,0
29960,3,0,2353,0,0
29961,1,0,4107,0,0
29962,1,0,3135,0,0
29963,1,0,102,0,0
29964,2,0,4181,0,0
29965,1,12,2482,81215,0
29966,0,2,0,289846,0
29967,1,0,289298,0,0
29968,1,1,611,4938,0
29969,1,0,10006,0,0
29970,4,1,103730,3168,0
29971,1,0,2968,0,0
29972,2,0,272,0,0
29973,2,1,377,95,0
29974,1,0,12,0,0
29975,2,1,14610,7298,0
29976,1,3,7068,286940,0
29977,0,1,0,282,0
29978,2,23,94293,299401,0
29979,2,0,9830,0,0
29980,2,0,65673,0,0
29981,1,0,1420,0,0
29982,1,0,379,0,0
29983,1,0,3552,0,0
29984,1,1,7415,776,0
29985,1,0,13563,0,0
29986,1,0,22774,0,0
29987,1,0,1664,0,0
29988,1,0,28,0,0
29989,1,0,55031,0,0
29990,1,0,1091,0,0
29991,0,1,0,2014,0
29992,0,8,0,157573,0
29993,3,1,38338,27,0
29994,2,0,7931,0,0
29995,1,0,39636,0,0
29996,2,0,6341,0,0
29997,1,0,56743,0,0
29998,6,3,33278,7538,0
29999,1,0,5456,0,0
30000,1,3,4053,2276,0
30001,0,2,0,4934,0
30002,0,8,0,51635,0
30003,1,0,16905,0,0
30004,1,0,27,0,0
30005,4,1,29365,83,0
30006,2,0,5146,0,0
30007,1,0,29,0,0
30008,1,0,2,0,0
30009,1,0,2049,0,0
30010,0,7,0,309966,0
30011,1,0,2102,0,0
30012,2,0,2650,0,0
30013,1,0,63,0,0
30014,1,0,2999,0,0
30015,1,0,3659,0,0
30016,1,4,264,1222,0
30017,3,1,27057,3756,0
30018,0,7,0,39684,0
30019,0,1,0,112,0
30020,0,3,0,2063177,0
30021,2,0,4196,0,0
30022,2,3,14377,2680,0
30023,1,0,205,0,0
30024,2,4,94761,176295,0
30025,1,0,134833,0,0
30026,1,0,3013,0,0
30027,0,3,0,5290,0
30028,1,0,3558,0,0
30029,5,3,9437,3773,0
30030,1,2,3422,9786,0
30031,1,49,16113,652714,0
30032,1,0,5,0,0
30033,1,0,1315,0,0
30034,1,0,7749,0,0
30035,1,0,198,0,0
30036,1,0,223,0,0
30037,1,0,371,0,0
30038,1,0,13626,0,0
30039,1,0,1424,0,0
30040,1,0,1370,0,0
30041,1,0,128,0,0
30042,1,0,123385,0,0
30043,1,0,992,0,0
30044,1,0,175,0,0
30045,1,0,6652,0,0
30046,1,0,5832,0,0
30047,1,0,19510,0,0
30048,1,0,839,0,0
30049,1,0,4669,0,0
30050,1,0,1766,0,0
30051,1,0,13980,0,0
30052,1,1,942,16113,0
30053,1,0,2,0,0
30054,1,0,172,0,0
30055,2,1,3049,1341,0
30056,1,0,7,0,0
30057,1,0,14960,0,0
30058,1,0,349,0,0
30059,1,0,50,0,0
30060,1,0,142598,0,0
30061,1,0,9257,0,0
30062,1,0,56,0,0
30063,1,0,6620,0,0
30064,1,0,11802,0,0
30065,1,0,1498,0,0
30066,1,0,159,0,0
30067,1,0,606,0,0
30068,1,0,19,0,0
30069,1,0,45411,0,0
30070,1,0,158768,0,0
30071,1,0,84,0,0
30072,1,0,13501,0,0
30073,2,0,8281,0,0
30074,1,0,28,0,0
30075,1,0,22414,0,0
30076,1,0,5562,0,0
30077,0,2,0,12095,0
30078,3,8,165831,70870,0
30079,3,0,59891,0,0
30080,5,1,101864,3,0
30081,1,5,3665,3277,0
30082,1,0,598,0,0
30083,1,0,1291,0,0
30084,1,0,235,0,0
30085,0,1,0,2868,0
30086,0,1,0,1437,0
30087,0,1,0,8,0
30088,0,1,0,113,0
30089,0,1,0,204,0
30090,0,1,0,5944,0
30091,0,1,0,747,0
30092,0,1,0,38577,0
30093,0,1,0,848,0
30094,0,1,0,16,0
30095,0,1,0,476,0
30096,0,1,0,664,0
30097,0,1,0,19402,0
30098,0,2,0,6882,0
30099,0,1,0,5501,0
30100,5,2,254646,4004,0
30101,0,1,0,53671,0
30102,0,1,0,113,0
30103,0,1,0,424,0
30104,4,7,12639,15051,0
30105,3,7,75671,4078,0
30106,2,0,1387,0,0
30107,1,1,1392,1229,0
30108,2,0,3302,0,0
30109,0,6,0,273831,0
30110,2,0,42137,0,0
30111,1,0,583,0,0
30112,1,0,58,0,0
30113,1,0,1258,0,0
30114,1,0,1739,0,0
30115,1,0,29,0,0
30116,1,0,220,0,0
30117,0,2,0,10670,0
30118,0,1,0,128,0
30119,0,1,0,35,0
30120,1,0,38834,0,0
30121,0,1,0,16856,0
30122,0,1,0,17381,0
30123,0,1,0,154,0
30124,1,0,44,0,0
30125,0,1,0,3444,0
30126,0,1,0,32031,0
30127,0,1,0,2770,0
30128,0,1,0,5425,0
30129,0,1,0,178156,0
30130,0,1,0,31002,0
30131,0,1,0,3271,0
30132,0,1,0,1059,0
30133,0,1,0,7441,0
30134,0,1,0,2957,0
30135,1,1,5834,1553,0
30136,0,1,0,93995,0
30137,0,2,0,3022,0
30138,0,1,0,145,0
30139,0,1,0,3255,0
30140,0,1,0,21042,0
30141,0,1,0,21353,0
30142,0,1,0,514,0
30143,1,2,71,18621,0
30144,3,0,9033,0,0
30145,0,2,0,40,0
30146,0,1,0,11,0
30147,0,1,0,383,0
30148,0,1,0,28757,0
30149,0,1,0,12492,0
30150,0,1,0,123191,0
30151,0,1,0,1714,0
30152,2,2,702,1817,0
30153,0,1,0,513,0
30154,1,3,5218,46210,0
30155,1,1,16905,105,0
30156,1,2,5,1154,0
30157,1,1,3678,916,0
30158,5,9,8577,13170,0
30159,1,0,214,0,0
30160,1,0,392,0,0
30161,1,0,1877,0,0
30162,0,1,0,86,0
30163,0,2,0,900,0
30164,0,2,0,186507,0
30165,0,3,0,2045,0
30166,2,0,1985,0,0
30167,1,2,1242,6731,0
30168,2,7,433,383569,0
30169,2,0,6757,0,0
30170,1,1,2016,188165,0
30171,1,0,51,0,0
30172,1,1,100812,691,0
30173,1,1,176711,1078,0
30174,1,0,69194,0,0
30175,1,0,5400,0,0
30176,1,1,7217,5210,0
30177,0,6,0,97495,0
30178,2,0,83940,0,0
30179,1,0,696,0,0
30180,2,5,3366,55687,0
30181,1,0,530,0,0
30182,2,0,804,0,0
30183,1,0,50839,0,0
30184,1,0,1795,0,0
30185,1,0,879,0,0
30186,1,0,308,0,0
30187,1,0,2534,0,0
30188,1,0,61,0,0
30189,1,0,1051,0,0
30190,1,0,1066624,0,0
30191,1,0,17343,0,0
30192,1,0,8916,0,0
30193,1,0,12946,0,0
30194,2,0,10620,0,0
30195,0,1,0,551,0
30196,0,1,0,110748,0
30197,0,2,0,1070,0
30198,1,0,355,0,0
30199,0,1,0,46,0
30200,0,1,0,1202,0
30201,0,1,0,299,0
30202,0,1,0,169,0
30203,0,2,0,264,0
30204,1,1,60,638,0
30205,0,2,0,6070,0
30206,1,1,2601,110,0
30207,0,1,0,14752,0
30208,0,1,0,697,0
30209,0,1,0,7437,0
30210,0,1,0,672012,0
30211,0,1,0,31,0
30212,0,1,0,19551,0
30213,0,1,0,112,0
30214,0,6,0,29752,0
30215,0,1,0,122716,0
30216,0,4,0,6154,0
30217,2,0,65145,0,0
30218,1,0,17,0,0
30219,1,0,1037,0,0
30220,2,2,5203,983,0
30221,1,0,293,0,0
30222,1,0,2248,0,0
30223,2,0,10535,0,0
30224,1,0,18622,0,0
30225,1,0,239,0,0
30226,1,0,80555,0,0
30227,2,5,5064,85219,0
30228,1,0,56620,0,0
30229,0,2,0,2647777,0
30230,0,2,0,25692,0
30231,9,0,390339,0,0
30232,0,2,0,237,0
30233,0,2,0,6298,0
30234,0,2,0,508,0
30235,0,1,0,4299,0
30236,0,3,0,44186,0
30237,1,0,305,0,0
30238,0,3,0,65627,0
30239,1,0,4210,0,0
30240,0,4,0,7087,0
30241,1,4,1160,158962,0
30242,0,1,0,190757,0
30243,0,1,0,18740,0
30244,1,2,3012,66512,0
30245,0,1,0,51050,0
30246,0,1,0,30422,0
30247,0,1,0,2205,0
30248,0,1,0,2259,0
30249,0,1,0,7760,0
30250,0,1,0,484,0
30251,0,1,0,533,0
30252,0,1,0,3184,0
30253,1,1,17227,45,0
30254,0,3,0,12360,0
30255,1,3,2877,913599,0
30256,0,1,0,8242,0
30257,0,1,0,23020,0
30258,0,1,0,3852,0
30259,0,1,0,653,0
30260,0,1,0,159193,0
30261,0,1,0,453,0
30262,0,2,0,21308,0
30263,0,1,0,4356,0
30264,0,1,0,714,0
30265,0,1,0,696,0
30266,0,1,0,7546,0
30267,0,1,0,2617,0
30268,0,2,0,82291,0
30269,0,1,0,9784,0
30270,0,1,0,24788,0
30271,0,1,0,4239,0
30272,0,1,0,1506,0
30273,0,2,0,532,0
30274,0,1,0,7784,0
30275,0,1,0,4349,0
30276,0,2,0,50430,0
30277,0,1,0,8,0
30278,0,1,0,4792,0
30279,0,4,0,52469,0
30280,10,3,335618,1047,0
30281,6,0,57432,0,0
30282,0,1,0,3037,0
30283,1,4,966,12918,0
30284,5,8,13676,20650,0
30285,0,1,0,1287,0
30286,0,2,0,51457,0
30287,0,1,0,42430,0
30288,1,1,1138,65,0
30289,0,3,0,16556,0
30290,0,1,0,15532,0
30291,0,1,0,1441,0
30292,0,1,0,34,0
30293,0,2,0,3443,0
30294,0,1,0,76812,0
30295,0,2,0,2677,0
30296,0,1,0,4227,0
30297,2,1,20395,110,0
30298,0,1,0,1912,0
30299,0,2,0,2151,0
30300,1,0,1266,0,0
30301,0,1,0,194,0
30302,0,1,0,7355,0
30303,0,1,0,616,0
30304,0,1,0,24645,0
30305,0,1,0,102500,0
30306,0,1,0,14101,0
30307,0,2,0,11338,0
30308,0,1,0,1783,0
30309,2,6,443,43928,0
30310,1,1,10972,120,0
30311,0,2,0,895218,0
30312,0,1,0,1470,0
30313,0,2,0,871531,0
30314,2,0,876753,0,0
30315,0,1,0,192702,0
30316,0,1,0,1282,0
30317,0,1,0,24429,0
30318,0,1,0,349,0
30319,0,1,0,13894,0
30320,1,1,48276,3589,0
30321,0,1,0,25596,0
30322,0,2,0,125,0
30323,0,2,0,196,0
30324,0,1,0,286,0
30325,0,2,0,26408,0
30326,2,0,15195,0,0
30327,0,1,0,605,0
30328,0,1,0,25,0
30329,0,3,0,13986,0
30330,0,1,0,719,0
30331,0,1,0,2149,0
30332,0,1,0,9319,0
30333,0,1,0,161,0
30334,0,1,0,1753,0
30335,0,1,0,73,0
30336,0,2,0,37247,0
30337,1,1,139,3653,0
30338,0,1,0,563,0
30339,0,1,0,96302,0
30340,0,1,0,518394,0
30341,1,1,12650,5308,0
30342,0,2,0,12605,0
30343,0,3,0,2123,0
30344,0,1,0,3703,0
30345,0,2,0,2828,0
30346,0,1,0,139114,0
30347,0,1,0,25746,0
30348,0,1,0,2491,0
30349,0,1,0,7103,0
30350,0,1,0,129,0
30351,0,1,0,2949,0
30352,0,1,0,1718,0
30353,0,1,0,2306,0
30354,0,1,0,18676,0
30355,0,1,0,2354,0
30356,0,1,0,10809,0
30357,0,1,0,492,0
30358,0,1,0,2020,0
30359,0,1,0,300865,0
30360,0,1,0,58,0
30361,1,0,1009,0,0
30362,0,7,0,28194,0
30363,1,0,262,0,0
30364,1,0,2481,0,0
30365,1,0,1116,0,0
30366,1,0,18690,0,0
30367,1,2,2166,3669,0
30368,0,4,0,366317,0
30369,1,0,361213,0,0
30370,1,0,1347,0,0
30371,0,2,0,39914,0
30372,0,1,0,24153,0
30373,0,2,0,8021,0
30374,1,1,3945,4201,0
30375,1,0,15257,0,0
30376,2,0,46060,0,0
30377,4,2,5804,308170,0
30378,1,1,297711,9980,0
30379,1,0,213,0,0
30380,1,0,115,0,0
30381,1,0,674348,0,0
30382,1,0,14385748,0,0
30383,1,0,60,0,0
30384,2,0,8706,0,0
30385,1,0,26431,0,0
30386,2,0,11794,0,0
30387,1,0,4133,0,0
30388,1,0,30,0,0
30389,1,0,27745,0,0
30390,1,1,1563,722,0
30391,1,0,320,0,0
30392,1,0,234,0,0
30393,0,3,0,595,0
30394,0,1,0,470,0
30395,0,2,0,171424,0
30396,0,3,0,310165,0
30397,1,0,303,0,0
30398,0,2,0,6372,0
30399,10,14,294156,102050,0
30400,0,1,0,3400,0
30401,0,1,0,532,0
30402,0,1,0,2425,0
30403,0,1,0,16778,0
30404,0,7,0,13378,0
30405,1,0,198,0,0
30406,1,1,2537,70,0
30407,1,0,162,0,0
30408,1,0,8519,0,0
30409,1,1,1677,14625,0
30410,4,4,122152,180882,0
30411,1,0,219,0,0
30412,1,0,294,0,0
30413,3,0,4002,0,0
30414,1,5,1105941,5577,0
30415,2,0,12241,0,0
30416,1,0,1177,0,0
30417,1,0,1125,0,0
30418,0,2,0,4670,0
30419,5,0,89321,0,0
30420,0,2,0,3451,0
30421,2,0,2826,0,0
30422,2,6,1130,12256,0
30423,3,0,3937,0,0
30424,1,0,33,0,0
30425,2,8,28720,19704,0
30426,2,0,1001,0,0
30427,1,0,2485,0,0
30428,2,0,4317,0,0
30429,2,6,283,470589,0
30430,0,6,0,62820,0
30431,1,2,50546,6168,0
30432,1,0,24549,0,0
30433,1,0,64236,0,0
30434,0,2,0,123927,0
30435,1,1,20673,591,0
30436,0,2,0,14471,0
30437,0,1,0,1183,0
30438,0,2,0,4971,0
30439,2,6,25417,22226,0
30440,14,4,105623,14264,0
30441,2,1,2245,140,0
30442,1,0,10557,0,0
30443,1,1,1019,19321,0
30444,1,0,990,0,0
30445,1,6,255,9179,0
30446,1,0,409,0,0
30447,1,0,1839,0,0
30448,1,0,4507,0,0
30449,1,0,4,0,0
30450,1,1,11832,65,0
30451,0,2,0,5546,0
30452,0,2,0,29418,0
30453,1,0,49045,0,0
30454,1,0,5569,0,0
30455,1,0,2722,0,0
30456,1,0,1481,0,0
30457,1,0,751,0,0
30458,1,0,604,0,0
30459,1,0,2098,0,0
30460,1,0,6482,0,0
30461,1,0,5711,0,0
30462,1,0,23573,0,0
30463,1,0,55272,0,0
30464,1,0,96136,0,0
30465,1,0,6469,0,0
30466,1,0,41250,0,0
30467,1,0,10088,0,0
30468,1,0,13249,0,0
30469,0,2,0,19747,0
30470,0,1,0,50,0
30471,1,1,124,4204,0
30472,2,3,2564,11947,0
30473,1,3,411,123214,0
30474,0,3,0,1800,0
30475,0,2,0,21450,0
30476,0,1,0,20401,0
30477,1,4,6341,148826,0
30478,4,0,4155189,0,0
30479,0,3,0,1007521,0
30480,1,0,850350,0,0
30481,1,0,80508,0,0
30482,1,0,2708,0,0
30483,1,0,85464,0,0
30484,2,6,17832,173883,0
30485,2,0,23815,0,0
30486,1,0,170680,0,0
30487,1,0,116,0,0
30488,2,4,3736,60971,0
30489,1,0,2504,0,0
30490,0,3,0,17523,0
30491,2,1,11175,1458,0
30492,0,4,0,89083,0
30493,1,0,13469,0,0
30494,1,0,172,0,0
30495,0,3,0,66963,0
30496,2,4,60062,47030,0
30497,1,0,5639,0,0
30498,0,23,0,115797,0
30499,1,0,1783,0,0
30500,1,0,384,0,0
30501,1,0,1738,0,0
30502,2,0,310035,0,0
30503,1,0,32585,0,0
30504,1,0,1804,0,0
30505,2,0,10127,0,0
30506,1,0,311,0,0
30507,1,0,13776,0,0
30508,1,0,2205,0,0
30509,2,0,3691,0,0
30510,0,1,0,4,0
30511,0,1,0,1819,0
30512,0,7,0,13073,0
30513,1,0,2151,0,0
30514,1,0,4843,0,0
30515,2,0,21113,0,0
30516,0,10,0,347601,0
30517,2,2,251142,410744,0
30518,1,0,2356,0,0
30519,2,0,48897,0,0
30520,2,0,4191,0,0
30521,1,0,2117,0,0
30522,1,0,237,0,0
30523,2,1,33731,586,0
30524,1,2,5023,9671,0
30525,1,0,9050,0,0
30526,0,4,0,37705,0
30527,2,0,271,0,0
30528,6,4,11291,7989,0
30529,3,1,195468,18,0
30530,1,0,43,0,0
30531,0,5,0,249187,0
30532,1,0,3199,0,0
30533,2,0,2429,0,0
30534,1,1,3429,25,0
30535,4,4,55417,7943,0
30536,4,4,13850,15159,0
30537,3,0,49793,0,0
30538,1,0,25333,0,0
30539,1,1,118,5004,0
30540,1,0,56,0,0
30541,0,3,0,47680,0
30542,4,8,58933,52497,0
30543,1,1,16562,8048,0
30544,1,0,21,0,0
30545,1,0,32762,0,0
30546,1,0,539,0,0
30547,1,0,334,0,0
30548,0,3,0,322,0
30549,1,0,19,0,0
30550,9,5,10970,236808,0
30551,1,0,1372,0,0
30552,1,0,3962,0,0
30553,2,21,2001,882799,0
30554,1,0,1322,0,0
30555,1,0,3537,0,0
30556,2,0,46357,0,0
30557,1,0,299,0,0
30558,1,0,458858,0,0
30559,1,0,27325,0,0
30560,1,0,12027,0,0
30561,1,0,24397,0,0
30562,1,0,548,0,0
30563,1,0,952,0,0
30564,1,0,26639,0,0
30565,1,0,4525,0,0
30566,2,0,23143,0,0
30567,1,2,4693,2165,0
30568,1,0,196,0,0
30569,2,0,152848,0,0
30570,1,0,470604,0,0
30571,1,0,2833,0,0
30572,0,2,0,2938,0
30573,1,1,1666,2623,0
30574,2,3,586,737724,0
30575,1,0,6705,0,0
30576,1,7,813,145068,0
30577,1,0,42600,0,0
30578,1,0,60,0,0
30579,1,0,34283,0,0
30580,1,0,16049,0,0
30581,3,0,80622,0,0
30582,0,2,0,4382,0
30583,2,1,1603,9776,0
30584,0,3,0,1767,0
30585,3,1,7610,3329,0
30586,0,1,0,127,0
30587,1,1,5087,5,0
30588,0,4,0,16123,0
30589,1,0,35,0,0
30590,2,0,423,0,0
30591,0,3,0,167866,0
30592,1,0,51858,0,0
30593,0,2,0,1644,0
30594,0,1,0,273,0
30595,3,0,61820,0,0
30596,3,5,3734259,188952,0
30597,1,1,3565,27716,0
30598,1,0,919,0,0
30599,1,0,183580,0,0
30600,1,1,79,218,0
30601,1,4,10,32590,0
30602,2,15,596,246685,0
30603,1,0,62,0,0
30604,1,0,6115,0,0
30605,1,0,157987,0,0
30606,1,0,6171,0,0
30607,2,0,51107,0,0
30608,1,0,8523,0,0
30609,1,1,269,8091,0
30610,0,1,0,27,0
30611,0,4,0,43311,0
30612,1,0,884,0,0
30613,0,4,0,158915,0
30614,3,0,471485,0,0
30615,1,0,16384,0,0
30616,1,0,176,0,0
30617,2,0,27952,0,0
30618,2,0,298424,0,0
30619,1,1,84,4826,0
30620,2,1,19685,27861,0
30621,1,1,68674,458827,0
30622,2,0,794,0,0
30623,1,1,2552,455,0
30624,1,0,12179,0,0
30625,2,0,4286,0,0
30626,1,0,390,0,0
30627,1,0,37490,0,0
30628,1,0,15,0,0
30629,3,0,11480,0,0
30630,0,2,0,72131,0
30631,0,2,0,19135,0
30632,0,3,0,292333,0
30633,0,3,0,113822,0
30634,2,3,110515,789407,0
30635,10,5,157506,911675,0
30636,1,0,1361,0,0
30637,1,0,76698,0,0
30638,0,3,0,9311,0
30639,1,0,349,0,0
30640,2,0,164167,0,0
30641,0,2,0,165937,0
30642,1,1,165805,164046,0
30643,0,3,0,2837,0
30644,3,0,638,0,0
30645,1,0,1746,0,0
30646,0,1,0,52703,0
30647,0,4,0,107695,0
30648,1,0,758,0,0
30649,1,0,14191,0,0
30650,1,0,79847,0,0
30651,1,2,238,5122,0
30652,1,0,4244,0,0
30653,1,0,1468,0,0
30654,1,0,4771,0,0
30655,0,6,0,24253,0
30656,1,0,3917,0,0
30657,1,1,4382,1586,0
30658,0,5,0,95085,0
30659,3,1,51599,426531,0
30660,1,1,165,7577,0
30661,1,0,40303,0,0
30662,1,0,451,0,0
30663,0,3,0,20204,0
30664,1,0,40,0,0
30665,1,1,20902,10118,0
30666,1,8,137264,96498,0
30667,1,0,6284,0,0
30668,1,0,32075,0,0
30669,1,1,60,16,0
30670,1,1,233,137264,0
30671,2,4,4262,56028,0
30672,2,2,9539,47985,0
30673,1,5,46388,10522,0
30674,0,1,0,42908,0
30675,0,1,0,1077,0
30676,0,1,0,77865,0
30677,0,4,0,36233,0
30678,1,0,33193,0,0
30679,1,0,194,0,0
30680,2,0,15391,0,0
30681,1,0,534,0,0
30682,2,1,924,23,0
30683,1,0,811,0,0
30684,1,0,839706,0,0
30685,0,1,0,391,0
30686,0,1,0,529,0
30687,1,0,1112,0,0
30688,2,0,283,0,0
30689,1,1,226,229,0
30690,0,2,0,2748,0
30691,0,2,0,3485,0
30692,0,2,0,1733,0
30693,0,2,0,12119,0
30694,0,2,0,446,0
30695,0,1,0,1366,0
30696,0,2,0,744786,0
30697,0,4,0,140308,0
30698,5,3,170595,4417,0
30699,0,2,0,645,0
30700,7,1,509126,1170,0
30701,0,2,0,6164,0
30702,0,2,0,84553,0
30703,0,1,0,10255,0
30704,0,2,0,12533,0
30705,3,0,26782,0,0
30706,0,2,0,412,0
30707,0,4,0,388683,0
30708,1,0,600,0,0
30709,1,0,378867,0,0
30710,0,2,0,28272,0
30711,0,5,0,73841,0
30712,1,0,18355,0,0
30713,1,0,101,0,0
30714,1,0,16743,0,0
30715,0,5,0,65271,0
30716,2,1,3317,72042,0
30717,1,0,4335,0,0
30718,1,0,551,0,0
30719,0,2,0,19956,0
30720,1,1,565,10819,0
30721,1,3,28,52983,0
30722,1,1,11,45,0
30723,2,2,5264,47214,0
30724,0,1,0,1323,0
30725,0,2,0,6392,0
30726,0,2,0,8326,0
30727,0,1,0,1750,0
30728,0,1,0,9,0
30729,0,2,0,4827,0
30730,0,4,0,52248,0
30731,2,0,320,0,0
30732,2,1,4281,255,0
30733,0,1,0,69,0
30734,0,1,0,570,0
30735,0,1,0,244,0
30736,0,2,0,1519,0
30737,1,0,500,0,0
30738,0,1,0,166476,0
30739,0,1,0,1450,0
30740,0,1,0,31797,0
30741,0,3,0,29054,0
30742,1,1,3893,64683,0
30743,2,2,35510,1422,0
30744,0,1,0,24691,0
30745,0,3,0,43340,0
30746,0,7,0,510317,0
30747,1,0,465711,0,0
30748,1,0,5125,0,0
30749,1,0,742,0,0
30750,1,0,58,0,0
30751,1,4,51,4142,0
30752,2,0,1681,0,0
30753,3,9,9498,41119,0
30754,2,5,41042,5834,0
30755,3,1,2540,99931,0
30756,1,0,375,0,0
30757,1,0,1630,0,0
30758,4,4,2257,2589,0
30759,1,1,115,7861,0
30760,1,1,1329,158925,0
30761,0,4,0,39957,0
30762,0,4,0,169214,0
30763,1,0,4919,0,0
30764,3,7,5628,49728,0
30765,3,1,41444,11329,0
30766,0,4,0,58889,0
30767,1,1,5060,72012,0
30768,2,0,45640,0,0
30769,1,10,5,148927,0
30770,2,8,5833,36978,0
30771,1,0,263,0,0
30772,1,0,5309,0,0
30773,1,2,3341,15972,0
30774,0,1,0,1627,0
30775,3,3,404331,300920,0
30776,2,0,299364,0,0
30777,1,1,122,752,0
30778,0,13,0,485217,0
30779,2,1,134470,11531,0
30780,2,0,402604,0,0
30781,1,1,46,1414,0
30782,1,0,1563,0,0
30783,1,0,3584,0,0
30784,1,0,119,0,0
30785,3,0,94067,0,0
30786,0,1,0,170,0
30787,0,3,0,2408,0
30788,1,1,5,8475,0
30789,1,1,336,839,0
30790,1,0,73,0,0
30791,3,2,22629,6231,0
30792,2,0,28403,0,0
30793,0,2,0,178174,0
30794,0,2,0,1569,0
30795,0,1,0,6010,0
30796,1,0,1976,0,0
30797,0,6,0,28316,0
30798,0,2,0,6287,0
30799,3,2,638395,97650,0
30800,3,2,163901,117269,0
30801,3,0,1096,0,0
30802,1,0,3954,0,0
30803,1,0,2228,0,0
30804,2,0,78287,0,0
30805,1,0,866,0,0
30806,1,4,37889,25621,0
30807,1,5,9,32584,0
30808,1,0,713,0,0
30809,1,0,7568,0,0
30810,1,1,23832,17,0
30811,0,4,0,18626,0
30812,1,0,940,0,0
30813,0,2,0,1365,0
30814,0,6,0,31539,0
30815,1,3,20819,10373,0
30816,0,7,0,9682,0
30817,1,0,3488,0,0
30818,1,0,354,0,0
30819,1,0,3047,0,0
30820,1,0,7,0,0
30821,1,0,35,0,0
30822,1,0,748,0,0
30823,2,0,4312,0,0
30824,1,2,185,2347,0
30825,1,0,39,0,0
30826,1,0,72,0,0
30827,0,2,0,602,0
30828,3,0,1536,0,0
30829,1,0,8739,0,0
30830,1,0,2239,0,0
30831,1,0,2294,0,0
30832,1,0,16384,0,0
30833,1,4,42860,613372,0
30834,1,0,649,0,0
30835,0,1,0,216,0
30836,1,0,26,0,0
30837,0,3,0,78377,0
30838,1,14,1454,203783,0
30839,2,0,76937,0,0
30840,0,6,0,47753,0
30841,0,1,0,1753,0
30842,0,2,0,737,0
30843,0,1,0,157343,0
30844,0,1,0,1293,0
30845,0,2,0,86229,0
30846,5,1,33022,147,0
30847,6,14,11427,71553,0
30848,1,0,626,0,0
30849,1,0,712,0,0
30850,1,0,85,0,0
30851,1,0,45,0,0
30852,1,0,150,0,0
30853,1,0,80,0,0
30854,1,0,402,0,0
30855,1,0,110,0,0
30856,2,0,1514,0,0
30857,2,0,4343,0,0
30858,1,10,6703,23992,0
30859,1,0,2931,0,0
30860,1,0,348,0,0
30861,1,0,295,0,0
30862,1,0,15051,0,0
30863,1,0,32,0,0
30864,1,0,326,0,0
30865,1,0,1969,0,0
30866,0,5,0,34784,0
30867,4,2,26124,143460,0
30868,1,0,275,0,0
30869,1,2,329,12273,0
30870,0,1,0,293,0
30871,5,7,364650,256175,0
30872,1,0,1684,0,0
30873,0,4,0,190662,0
30874,1,0,1104,0,0
30875,1,0,55,0,0
30876,1,0,443,0,0
30877,4,2,285615,77292,1
30878,1,1,2113,99,0
30879,2,0,1287,0,0
30880,1,0,3585,0,0
30881,1,0,1589,0,0
30882,1,0,137,0,0
30883,1,4,147,1533,0
30884,0,1,0,263,0
30885,0,1,0,4488,0
30886,0,1,0,362,0
30887,0,1,0,775,0
30888,0,1,0,1078,0
30889,1,0,1694,0,0
30890,1,0,9292,0,0
30891,1,0,368,0,0
30892,1,0,42869,0,0
30893,2,0,47126,0,0
30894,1,0,661,0,0
30895,1,1,1612,25,0
30896,1,0,295,0,0
30897,1,0,1842,0,0
30898,1,0,49157,0,0
30899,1,0,10049,0,0
30900,1,0,3508,0,0
30901,1,1,8465,3218,0
30902,1,1,39503,342,0
30903,1,0,1195,0,0
30904,1,0,658,0,0
30905,1,1,19302,299,0
30906,1,0,3543,0,0
30907,2,0,730573,0,0
30908,1,2,1753,2764,0
30909,1,0,127827,0,0
30910,1,0,535,0,0
30911,1,0,4,0,0
30912,1,1,76,1984,0
30913,1,0,2944,0,0
30914,1,0,1762,0,0
30915,1,0,1352,0,0
30916,2,0,14566,0,0
30917,1,0,1155,0,0
30918,1,0,3553,0,0
30919,5,0,86157,0,0
30920,1,0,12207,0,0
30921,1,0,16247,0,0
30922,3,4,438521,195627,0
30923,1,0,6836,0,0
30924,1,0,289,0,0
30925,2,0,55029,0,0
30926,2,0,237836,0,0
30927,1,0,2104,0,0
30928,1,0,348,0,0
30929,1,1,239,47411,0
30930,4,0,12515,0,0
30931,1,0,485,0,0
30932,3,0,3914,0,0
30933,6,1,43743,100,0
30934,1,1,231480,96,0
30935,2,4,29138,106108,0
30936,2,0,2773,0,0
30937,1,1,75369,7444,0
30938,1,0,1558,0,0
30939,1,0,26174,0,0
30940,1,0,474584,0,0
30941,1,0,2936,0,0
30942,1,0,13685,0,0
30943,1,0,1122,0,0
30944,1,0,29979,0,0
30945,1,1,43,1757,0
30946,2,0,2150,0,0
30947,1,0,333,0,0
30948,1,0,19024,0,0
30949,2,0,1492546,0,0
30950,1,0,13106,0,0
30951,1,0,62907,0,0
30952,2,1,700,1736,0
30953,1,0,19594,0,0
30954,1,0,9576,0,0
30955,1,0,10026,0,0
30956,1,0,2520,0,0
30957,1,0,3382,0,0
30958,1,0,681,0,0
30959,1,0,186,0,0
30960,1,0,36358,0,0
30961,1,0,471,0,0
30962,1,0,6,0,0
30963,1,0,441,0,0
30964,1,0,1116,0,0
30965,1,0,2504,0,0
30966,1,0,22290,0,0
30967,1,0,97731,0,0
30968,1,0,496,0,0
30969,1,0,64254,0,0
30970,1,0,43910,0,0
30971,1,0,1566,0,0
30972,4,0,18224,0,0
30973,2,0,174,0,0
30974,3,0,35808,0,0
30975,2,0,95546,0,0
30976,2,0,280,0,0
30977,2,0,6547,0,0
30978,1,0,108592,0,0
30979,1,1,7791,385,0
30980,1,0,242,0,0
30981,1,0,61,0,0
30982,0,1,0,17364,0
30983,0,1,0,2945,0
30984,0,1,0,42,0
30985,0,2,0,1323,0
30986,1,2,859,8839,0
30987,0,1,0,9375,0
30988,0,1,0,14315,0
30989,1,1,8330,157284,0
30990,0,1,0,1089,0
30991,0,2,0,83495,0
30992,0,1,0,3807,0
30993,1,5,26967,20890,0
30994,2,1,19785,6583,0
30995,1,1,372,26967,0
30996,1,0,78,0,0
30997,4,1,232222,65,0
30998,1,0,2826,0,0
30999,1,3,2144,9798,0
31000,0,9,0,60206,0
31001,1,0,9033,0,0
31002,1,1,443,96,0
31003,1,0,823,0,0
31004,0,7,0,15515,0
31005,1,0,261,0,0
31006,1,0,11295,0,0
31007,1,0,830,0,0
31008,1,0,811,0,0
31009,1,0,1888,0,0
31010,2,13,152,57139,0
31011,1,0,961,0,0
31012,1,0,658,0,0
31013,1,0,91,0,0
31014,1,0,69,0,0
31015,2,0,2825,0,0
31016,1,19,109927,417791,0
31017,2,1,10140,523305,0
31018,1,0,940,0,0
31019,1,0,290,0,0
31020,1,0,87013,0,0
31021,1,0,956,0,0
31022,2,0,7524,0,0
31023,1,0,9229,0,0
31024,1,1,419,6114,0
31025,1,1,1901,109927,0
31026,1,1,119638,46,0
31027,2,0,29863,0,0
31028,0,2,0,824,0
31029,1,0,547,0,0
31030,1,1,2762,288,0
31031,1,0,5039,0,0
31032,1,0,8129,0,0
31033,1,0,1800,0,0
31034,1,0,66,0,0
31035,3,9,3528,38188,0
31036,1,0,5524,0,0
31037,1,0,7527,0,0
31038,1,1,4378,3334,0
31039,1,0,254,0,0
31040,0,4,0,3812,0
31041,0,2,0,114,0
31042,2,0,1584,0,0
31043,0,1,0,708,0
31044,1,2,1262,23585,0
31045,1,0,28090,0,0
31046,1,4,32558,18093,0
31047,1,0,11308,0,0
31048,1,4,4438,47859,0
31049,1,0,1766,0,0
31050,1,0,5485,0,0
31051,1,0,1686,0,0
31052,1,1,233,14399,0
31053,0,5,0,68901,0
31054,1,0,1347,0,0
31055,1,0,34536,0,0
31056,1,7,11618,28364,0
31057,1,0,71,0,0
31058,1,0,7460,0,0
31059,1,0,111,0,0
31060,3,5,10005,10631,0
31061,0,2,0,88754,0
31062,0,2,0,203,0
31063,1,5,2938,16279,0
31064,1,0,886,0,0
31065,2,0,2489,0,0
31066,3,0,15130,0,0
31067,1,1,350,10,0
31068,1,2,9274,15322,0
31069,1,0,163,0,0
31070,0,2,0,800,0
31071,2,7,6249,231521,0
31072,1,0,585,0,0
31073,1,1,26606,391,0
31074,0,4,0,6432,0
31075,1,0,388,0,0
31076,0,3,0,1088,0
31077,0,4,0,20327,0
31078,1,0,13983,0,0
31079,0,4,0,286580,0
31080,1,2,833,4163,0
31081,0,3,0,8317,0
31082,2,0,6466,0,0
31083,0,5,0,3469,0
31084,1,0,139,0,0
31085,0,2,0,2978,0
31086,3,0,3104,0,0
31087,0,14,0,219311,0
31088,2,0,198224,0,0
31089,1,0,1062,0,0
31090,1,0,1366,0,0
31091,1,0,1099,0,0
31092,1,0,380,0,0
31093,1,0,581,0,0
31094,1,1,9005,5466,0
31095,2,0,547773,0,0
31096,1,0,4679,0,0
31097,1,1,186,315459,0
31098,2,1,315494,19981,0
31099,0,3,0,55366,0
31100,1,0,2114,0,0
31101,0,1,0,2938,0
31102,1,2,5710,17347,0
31103,1,0,14925,0,0
31104,0,2,0,12144,0
31105,3,0,26470,0,0
31106,0,4,0,18577,0
31107,1,0,15186,0,0
31108,1,0,253,0,0
31109,1,0,2731,0,0
31110,0,2,0,20012,0
31111,3,24,18526,219515,0
31112,1,0,455,0,0
31113,1,0,173,0,0
31114,1,0,1402,0,0
31115,1,0,8227,0,0
31116,1,0,6684,0,0
31117,1,0,78,0,0
31118,1,0,88451,0,0
31119,1,0,9094,0,0
31120,1,0,18640,0,0
31121,1,0,4111,0,0
31122,1,0,158,0,0
31123,1,0,1621,0,0
31124,2,0,10603,0,0
31125,1,0,146,0,0
31126,1,0,17,0,0
31127,1,0,2514,0,0
31128,1,0,1938,0,0
31129,3,0,4555,0,0
31130,0,5,0,136121,0
31131,1,0,86624,0,0
31132,0,2,0,4147,0
31133,1,2,1501,27891,0
31134,0,9,0,364550,0
31135,1,0,78465,0,0
31136,1,0,18440,0,0
31137,1,0,74,0,0
31138,2,0,83717,0,0
31139,1,0,10,0,0
31140,2,0,188488,0,0
31141,2,0,4525,0,0
31142,1,0,760,0,0
31143,1,0,632,0,0
31144,0,6,0,579266,0
31145,1,0,1140,0,0
31146,1,0,3454,0,0
31147,1,0,83,0,0
31148,2,7,1609,40807,0
31149,1,0,2433,0,0
31150,1,0,30,0,0
31151,2,0,3179,0,0
31152,1,0,13835,0,0
31153,1,0,16744,0,0
31154,2,12,9417,90391,0
31155,4,0,71080,0,0
31156,1,0,6,0,0
31157,1,0,17885,0,0
31158,1,1,736,397,0
31159,2,0,44,0,0
31160,0,2,0,62856,0
31161,0,2,0,1535702,0
31162,2,0,1578,0,0
31163,1,1,356,595,0
31164,1,0,16,0,0
31165,1,0,34,0,0
31166,0,5,0,28326,0
31167,2,0,18498,0,0
31168,4,0,27454,0,1
31169,2,1,193477,5191,0
31170,1,0,14955,0,0
31171,2,4,18970,38652,0
31172,1,1,218,37,0
31173,1,7,95,54806,0
31174,1,0,2378,0,0
31175,2,0,3800,0,0
31176,2,1,33608,27147,0
31177,0,3,0,190753,0
31178,1,0,7297,0,0
31179,1,0,10014,0,0
31180,1,0,306,0,0
31181,1,1,611,41350,0
31182,1,1,10013,7,0
31183,1,1,615,6846,0
31184,2,4,35229,40500,0
31185,1,2,18228,58267,0
31186,1,1,7334,4748,0
31187,0,5,0,249613,0
31188,1,1,7055,177,0
31189,0,10,0,90842,0
31190,1,0,8,0,0
31191,1,0,6500,0,0
31192,0,2,0,357,0
31193,1,1,373,763,0
31194,2,0,9649,0,0
31195,0,2,0,4131,0
31196,5,0,7690,0,0
31197,0,3,0,19963,0
31198,1,0,5812,0,0
31199,0,1,0,707,0
31200,0,18,0,233223,0
31201,1,0,246,0,0
31202,1,0,4143,0,0
31203,1,0,4787,0,0
31204,1,0,9787,0,0
31205,1,0,1518,0,0
31206,1,0,548,0,0
31207,1,0,3804,0,0
31208,1,0,267,0,0
31209,1,0,83999,0,0
31210,1,0,83125,0,0
31211,1,0,28066,0,0
31212,2,0,17970,0,0
31213,1,0,3008,0,0
31214,1,0,4602,0,0
31215,2,0,1064,0,0
31216,5,4,20212,4934,0
31217,2,0,19754,0,0
31218,1,0,1550,0,0
31219,4,6,58452,44975,0
31220,1,0,5,0,0
31221,1,9,1876,19155,0
31222,1,1,111,193,0
31223,1,0,2189,0,0
31224,2,0,589511,0,0
31225,1,0,743,0,0
31226,1,0,955,0,0
31227,2,2,908,1427,0
31228,1,0,1095,0,0
31229,2,0,5215,0,0
31230,1,3,1695,5134,0
31231,2,0,14852,0,0
31232,1,0,355,0,0
31233,1,0,8181,0,0
31234,2,1,40832,9236,0
31235,1,1,134,184,0
31236,2,4,36581,3177,0
31237,2,0,158350,0,0
31238,0,1,0,41,0
31239,1,3,1405,48897,0
31240,0,1,0,145743,0
31241,0,4,0,67613,0
31242,1,0,333,0,0
31243,1,0,45260,0,0
31244,0,2,0,16407,0
31245,2,0,117,0,0
31246,0,2,0,2377,0
31247,0,9,0,95203,0
31248,2,1,60247,35005,0
31249,1,0,9390,0,0
31250,1,0,2835,0,0
31251,1,0,4772,0,0
31252,1,0,5182,0,0
31253,2,0,8166,0,0
31254,1,0,542,0,0
31255,0,2,0,6072,0
31256,1,2,760,4568,0
31257,1,1,1477,8910,0
31258,0,6,0,18493,0
31259,2,3,562,42727,0
31260,1,0,59,0,0
31261,2,5,31760,24850,0
31262,2,2,423,10730,0
31263,0,3,0,15330,0
31264,0,1,0,128,0
31265,1,1,1754,4301,0
31266,2,1,119509,133505,0
31267,0,2,0,1824,0
31268,0,1,0,4666,0
31269,0,1,0,1098,0
31270,0,1,0,15008,0
31271,0,1,0,106,0
31272,3,0,4259,0,0
31273,1,0,1517,0,0
31274,1,0,642,0,0
31275,1,1,1003,173,0
31276,0,1,0,20900,0
31277,2,5,136151,23896,0
31278,9,4,158336,23880,0
31279,1,0,1578,0,0
31280,1,1,768,5,0
31281,0,2,0,8746,0
31282,0,1,0,457,0
31283,0,1,0,760,0
31284,0,1,0,93974,0
31285,0,1,0,126,0
31286,0,1,0,51369,0
31287,0,1,0,20,0
31288,0,1,0,2903,0
31289,0,1,0,8705,0
31290,3,37,5774,2205382,0
31291,1,0,5736,0,0
31292,2,0,106025,0,0
31293,1,0,417,0,0
31294,1,0,8247,0,0
31295,1,0,3689,0,0
31296,1,0,10050,0,0
31297,1,0,1589,0,0
31298,1,0,713,0,0
31299,2,0,10207,0,0
31300,1,0,961,0,0
31301,1,0,524,0,0
31302,1,0,13010,0,0
31303,1,0,1759,0,0
31304,1,0,152,0,0
31305,1,0,2655,0,0
31306,1,0,170,0,0
31307,1,0,23968,0,0
31308,1,0,121,0,0
31309,1,1,181,1194,0
31310,1,0,56,0,0
31311,1,0,7367,0,0
31312,1,0,583,0,0
31313,1,0,225,0,0
31314,1,1,39270,1126,0
31315,1,0,1680,0,0
31316,1,0,9333,0,0
31317,1,0,711,0,0
31318,2,9,757,129260,0
31319,1,1,34,127,0
31320,1,1,220,4600,0
31321,1,0,6537,0,0
31322,1,0,290934,0,0
31323,1,2,7385,2491,0
31324,1,4,939,2136,0
31325,1,0,521,0,0
31326,2,0,2019,0,0
31327,2,0,17023,0,0
31328,0,4,0,56208,0
31329,3,0,1347,0,0
31330,0,3,0,3667,0
31331,1,0,763,0,0
31332,6,3,524883,8961,0
31333,0,1,0,8320,0
31334,2,3,497,1186978,0
31335,1,0,3682,0,0
31336,3,9,45130,45876,0
31337,1,0,1467,0,0
31338,1,0,22515,0,0
31339,1,0,5846,0,0
31340,1,0,924,0,0
31341,2,5,8340,17870,0
31342,2,0,3431,0,0
31343,1,0,67,0,0
31344,1,0,4680,0,0
31345,1,0,8479,0,0
31346,0,1,0,868,0
31347,0,2,0,2659,0
31348,0,3,0,1177623,0
31349,1,0,113217,0,0
31350,1,2,6033,10253,0
31351,0,2,0,4269,0
31352,0,3,0,27935,0
31353,1,0,6327,0,0
31354,1,7,476,20013,0
31355,1,0,1160,0,0
31356,3,0,92069,0,0
31357,3,12,1204,75537,0
31358,1,0,140,0,0
31359,1,0,913,0,0
31360,1,0,327,0,0
31361,1,0,5722,0,0
31362,1,0,5654,0,0
31363,1,0,22303,0,0
31364,1,0,140,0,0
31365,1,0,422,0,0
31366,1,0,152,0,0
31367,0,9,0,590949,0
31368,1,0,964,0,0
31369,2,0,70412,0,0
31370,1,0,243,0,0
31371,0,5,0,90329,0
31372,1,0,33721,0,0
31373,0,2,0,1370595,0
31374,2,0,1290995,0,0
31375,0,3,0,287507,0
31376,2,1,10989,16,0
31377,1,0,159,0,0
31378,0,2,0,3121,0
31379,3,2,14613,706,0
31380,0,3,0,6453,0
31381,1,1,7256,49,0
31382,0,4,0,6969,0
31383,2,0,14098,0,0
31384,1,0,1987,0,0
31385,0,2,0,58909,0
31386,2,2,142062,1697,0
31387,2,2,3435,149,0
31388,1,0,1,0,0
31389,0,2,0,396,0
31390,2,0,585,0,0
31391,2,4,34626,14781,0
31392,1,0,87,0,0
31393,1,0,668,0,0
31394,2,0,9091,0,0
31395,1,3,101447,9826,0
31396,1,0,33,0,0
31397,1,0,3649,0,0
31398,1,0,2701,0,0
31399,0,5,0,63633,0
31400,1,0,17325,0,0
31401,1,0,30034,0,0
31402,1,0,189,0,0
31403,2,0,49054,0,0
31404,1,0,1193,0,0
31405,0,2,0,92232,0
31406,2,3,19947,135340,0
31407,0,7,0,379263,0
31408,4,0,58749,0,0
31409,1,2,1295,6975,0
31410,1,0,905,0,0
31411,3,0,3612,0,0
31412,2,1,112523,16,0
31413,3,2,30612,358,0
31414,0,3,0,8724,0
31415,3,2,23030,25378,0
31416,0,2,0,12233,0
31417,0,3,0,174916,0
31418,0,1,0,338,0
31419,0,2,0,26438,0
31420,1,0,2728,0,0
31421,3,0,48110,0,0
31422,1,0,28400,0,0
31423,0,5,0,38807,0
31424,0,7,0,48911,0
31425,4,0,6042,0,0
31426,1,0,9203,0,0
31427,1,0,4450,0,0
31428,1,4,280,530,0
31429,1,0,110,0,0
31430,0,3,0,65340,0
31431,1,0,63614,0,0
31432,0,1,0,46547,0
31433,0,5,0,25313,0
31434,1,0,1022,0,0
31435,0,2,0,80711,0
31436,2,6,1398,169913,0
31437,1,0,11167,0,0
31438,0,2,0,4247,0
31439,1,1,2367,6,0
31440,0,1,0,2246,0
31441,1,3,1526,1633,0
31442,1,0,75,0,0
31443,1,0,107395,0,0
31444,1,0,47274,0,0
31445,1,0,34115,0,0
31446,1,0,160,0,0
31447,2,4,5187,3074,0
31448,0,2,0,30305,0
31449,0,1,0,220,0
31450,0,2,0,4259,0
31451,10,3,107285,8887,0
31452,0,2,0,7333,0
31453,3,0,48459,0,0
31454,2,5,2691,158799,0
31455,2,10,496,249652,0
31456,4,0,47484,0,0
31457,3,0,44944,0,0
31458,3,2,4740,6042,0
31459,1,0,3838,0,0
31460,1,1,2760,337,0
31461,0,1,0,665832,0
31462,0,2,0,6453,0
31463,3,0,6988,0,0
31464,0,1,0,4642,0
31465,0,1,0,359,0
31466,0,2,0,67240,0
31467,1,1,55,96,0
31468,0,1,0,4130,0
31469,0,1,0,5721,0
31470,0,1,0,8903,0
31471,0,1,0,7403,0
31472,0,1,0,92548,0
31473,0,1,0,815,0
31474,0,1,0,5182,0
31475,0,2,0,23596,0
31476,0,1,0,226616,0
31477,1,1,14572,776302,0
31478,0,1,0,19117,0
31479,0,1,0,32,0
31480,0,1,0,5375,0
31481,0,1,0,5385,0
31482,0,2,0,25572,0
31483,0,1,0,2477,0
31484,0,1,0,3252,0
31485,0,1,0,662,0
31486,0,1,0,145,0
31487,0,1,0,371,0
31488,0,1,0,13610,0
31489,0,1,0,4705,0
31490,0,2,0,8424,0
31491,0,2,0,189339,0
31492,0,1,0,13863,0
31493,0,1,0,107884,0
31494,0,1,0,24463,0
31495,0,2,0,8580,0
31496,0,1,0,7567,0
31497,0,2,0,51117,0
31498,3,6,5536,7717,0
31499,0,1,0,145,0
31500,0,1,0,17086,0
31501,0,3,0,16317,0
31502,0,1,0,695,0
31503,0,2,0,4170,0
31504,0,1,0,40,0
31505,0,1,0,57986,0
31506,0,2,0,42153,0
31507,2,0,18043,0,0
31508,0,1,0,10681,0
31509,0,1,0,344,0
31510,0,1,0,119,0
31511,0,1,0,374,0
31512,0,1,0,10107,0
31513,0,1,0,852956,0
31514,0,1,0,647,0
31515,0,1,0,26707,0
31516,0,1,0,8110,0
31517,0,1,0,190,0
31518,0,1,0,177,0
31519,0,1,0,33,0
31520,1,10,2163,82252,0
31521,1,0,180,0,0
31522,1,0,14391,0,0
31523,2,0,2688,0,0
31524,0,1,0,853,0
31525,1,0,21,0,0
31526,0,1,0,7566,0
31527,0,1,0,7,0
31528,0,2,0,10309,0
31529,0,1,0,228,0
31530,0,1,0,80,0
31531,0,1,0,3317,0
31532,0,1,0,846,0
31533,1,1,1939064,56,0
31534,0,1,0,1502,0
31535,0,18,0,335680,0
31536,1,1,189591,101,0
31537,1,0,2862,0,0
31538,2,0,4032,0,0
31539,1,0,776,0,0
31540,1,1,2958,2963,0
31541,1,0,849,0,0
31542,1,0,2984,0,0
31543,1,0,3588,0,0
31544,1,0,1067,0,0
31545,2,0,821,0,0
31546,1,1,7948,76,0
31547,2,0,248806,0,0
31548,2,0,138825,0,0
31549,1,1,20169,4984,0
31550,2,6,3640,135797,0
31551,1,3,31368,3356,0
31552,1,0,65684,0,0
31553,1,0,3745,0,0
31554,0,1,0,7859,0
31555,0,1,0,795,0
31556,1,2,189,27241,0
31557,0,1,0,176,0
31558,0,2,0,8973,0
31559,0,2,0,12430,0
31560,0,2,0,6965,0
31561,0,1,0,11956,0
31562,0,1,0,1923,0
31563,0,1,0,2581030,0
31564,0,1,0,32432,0
31565,0,1,0,17553,0
31566,0,1,0,1,0
31567,0,1,0,6336,0
31568,0,1,0,2118,0
31569,0,1,0,29035,0
31570,0,2,0,1137,0
31571,0,2,0,6848,0
31572,0,2,0,7315,0
31573,0,1,0,1686,0
31574,0,1,0,4265,0
31575,0,1,0,3758,0
31576,0,1,0,22739,0
31577,0,1,0,55,0
31578,0,1,0,15429,0
31579,0,1,0,443,0
31580,0,1,0,34504,0
31581,0,1,0,113,0
31582,0,1,0,50,0
31583,0,1,0,2329,0
31584,0,1,0,15,0
31585,0,1,0,6610,0
31586,0,1,0,400,0
31587,0,1,0,6914,0
31588,0,1,0,406,0
31589,0,1,0,20,0
31590,0,1,0,7607,0
31591,0,1,0,4412,0
31592,0,1,0,39307,0
31593,0,3,0,3525,0
31594,0,1,0,84,0
31595,0,1,0,10389,0
31596,0,1,0,37,0
31597,0,2,0,6520,0
31598,0,1,0,18396,0
31599,0,1,0,11245,0
31600,0,1,0,10252,0
31601,0,1,0,5761,0
31602,0,3,0,8694,0
31603,1,1,334,101,0
31604,0,2,0,46460,1
31605,0,1,0,1984,0
31606,0,1,0,355,0
31607,0,1,0,522784,0
31608,0,1,0,31214,0
31609,0,1,0,68308,0
31610,0,1,0,698,0
31611,0,1,0,6174,0
31612,0,1,0,170,0
31613,0,2,0,17869,0
31614,0,1,0,3926,0
31615,0,1,0,3483,0
31616,0,1,0,40,0
31617,0,2,0,205,0
31618,7,8,19502,81080,0
31619,0,1,0,5044,0
31620,0,17,0,243776,0
31621,1,0,1485,0,0
31622,1,0,428,0,0
31623,1,0,26,0,0
31624,1,0,927,0,0
31625,1,0,78,0,0
31626,1,0,2673,0,0
31627,1,0,103,0,0
31628,1,0,6063,0,0
31629,1,0,202,0,0
31630,1,0,226605,0,0
31631,1,0,3828,0,0
31632,1,0,577,0,0
31633,2,0,498,0,0
31634,2,4,14402,35164,0
31635,1,1,244,1321,0
31636,1,0,30,0,0
31637,5,4,110152,15623,0
31638,2,0,112,0,0
31639,0,4,0,21449,0
31640,1,0,19570,0,0
31641,0,2,0,3667,0
31642,2,2,4425,4527,0
31643,2,0,488,0,0
31644,1,0,915,0,0
31645,1,1,26,36783,0
31646,1,0,1968,0,0
31647,1,0,1157,0,0
31648,1,0,2363,0,0
31649,1,0,16181,0,0
31650,1,0,427,0,0
31651,3,6,66788,62939,0
31652,1,0,20958,0,0
31653,1,0,4163,0,0
31654,1,0,774,0,0
31655,1,1,52,957,0
31656,1,1,62,752,0
31657,0,1,0,214,0
31658,5,4,24886,32711,0
31659,2,0,2538,0,0
31660,2,1,91304,1070,0
31661,0,1,0,97160,0
31662,1,2,47,91078,0
31663,0,2,0,15794,0
31664,0,1,0,47,0
31665,0,1,0,212,0
31666,3,2,16103,50899,0
31667,0,1,0,329010,0
31668,0,3,0,18843,0
31669,0,5,0,42252,0
31670,3,1,22295,245,0
31671,2,0,11838,0,0
31672,0,5,0,15958,0
31673,0,1,0,81207,0
31674,0,6,0,34398,0
31675,2,0,19871,0,0
31676,1,0,6062,0,0
31677,0,1,0,68437,0
31678,0,1,0,193,0
31679,0,1,0,650,0
31680,0,1,0,6250,0
31681,1,4,2022,7355,0
31682,1,0,5943,0,0
31683,1,0,58,0,0
31684,0,2,0,2003,0
31685,0,2,0,217307,0
31686,0,1,0,102744,0
31687,0,1,0,97998,0
31688,0,1,0,1454,0
31689,0,1,0,350,0
31690,0,1,0,5532,0
31691,0,1,0,4005,0
31692,2,7,79487,84024,0
31693,0,1,0,3151,0
31694,1,2,13,18948,0
31695,1,0,11170,0,0
31696,0,9,0,175574,0
31697,1,4,5169,16704,0
31698,3,4,13410,63931,0
31699,1,1,70774,9,0
31700,1,0,15655,0,0
31701,1,0,462,0,0
31702,1,0,138,0,0
31703,2,0,1916,0,0
31704,2,0,11315,0,0
31705,1,0,45092,0,0
31706,1,0,2452,0,0
31707,2,1,86880,511,0
31708,1,1,8959,24201,0
31709,0,15,0,2626987,0
31710,1,0,3112,0,0
31711,1,0,5357,0,0
31712,1,0,9892,0,0
31713,1,0,141,0,0
31714,1,0,5290,0,0
31715,1,0,130,0,0
31716,1,0,959960,0,0
31717,1,0,4665,0,0
31718,1,0,25699,0,0
31719,2,0,3250,0,0
31720,1,0,2606,0,0
31721,14,4,73656,224360,0
31722,1,0,43995,0,0
31723,0,2,0,2988,0
31724,1,1,1174,5635,0
31725,0,2,0,13767,0
31726,0,2,0,40162,0
31727,0,4,0,65034,0
31728,1,0,11214,0,0
31729,1,0,15214,0,0
31730,0,6,0,103857,0
31731,12,10,45016,122791,0
31732,1,3,30957,26981,0
31733,4,3,76057,6415,0
31734,2,0,40131,0,0
31735,3,3,88699,636,0
31736,1,1,178,29424,0
31737,7,2,71048,3447,0
31738,2,0,8233,0,0
31739,0,4,0,193199,0
31740,2,0,8277,0,0
31741,0,1,0,29894,0
31742,0,3,0,88524,0
31743,1,0,9250,0,0
31744,0,2,0,3252,0
31745,2,0,5951,0,0
31746,2,0,161,0,0
31747,1,0,284959,0,0
31748,1,0,340,0,0
31749,8,5,120946,158850,0
31750,8,8,339428,115339,0
31751,2,0,10003,0,0
31752,1,0,140,0,0
31753,1,0,33240,0,0
31754,1,0,161,0,0
31755,1,0,3697,0,0
31756,0,1,0,261793,0
31757,0,2,0,27916,0
31758,2,7,16084,6628,0
31759,0,2,0,81106,0
31760,0,1,0,45,0
31761,0,1,0,2996,0
31762,0,2,0,1647,0
31763,0,1,0,6897,0
31764,0,1,0,553,0
31765,0,2,0,25148,0
31766,0,2,0,61544,0
31767,0,1,0,3095,0
31768,0,1,0,148,0
31769,3,3,78250,22962,0
31770,0,1,0,1854,0
31771,0,1,0,3889,0
31772,1,0,47358,0,0
31773,2,0,3765,0,0
31774,2,0,84230,0,0
31775,2,1,35170,576,0
31776,0,1,0,6665,0
31777,1,25,18363,964636,0
31778,1,0,124,0,0
31779,1,1,1050,2022,0
31780,1,0,2085,0,0
31781,1,0,189993,0,0
31782,1,0,1966,0,0
31783,1,0,2116,0,0
31784,2,0,14366,0,0
31785,1,0,32133,0,0
31786,1,0,6923,0,0
31787,1,6,202584,622210,0
31788,4,0,314487,0,0
31789,0,2,0,21405,0
31790,2,0,783,0,0
31791,0,5,0,23435,0
31792,1,0,1331,0,0
31793,0,1,0,306220,0
31794,0,1,0,5723,0
31795,0,1,0,2278,0
31796,1,4,1542,160911,0
31797,1,0,159728,0,0
31798,1,1,25,1359,0
31799,0,1,0,2241,0
31800,1,0,2047,0,0
31801,1,0,10806,0,0
31802,1,0,2621,0,0
31803,1,0,9624,0,0
31804,1,3,92,242142,0
31805,2,1,718,92,0
31806,0,2,0,726,0
31807,0,1,0,279,0
31808,1,2,284124,36191,0
31809,2,0,15558,0,0
31810,0,2,0,5250,0
31811,0,2,0,774,0
31812,1,4,14003,5572,0
31813,2,1,1826,50,0
31814,1,2,291,14028,0
31815,0,1,0,40998,0
31816,1,0,637,0,0
31817,0,4,0,255442,0
31818,1,1,51941,12721,0
31819,2,0,76465,0,0
31820,2,0,2922,0,0
31821,0,1,0,11426,0
31822,1,1,57907,432471,0
31823,0,1,0,1092726,0
31824,0,8,0,15451,0
31825,1,1,102,1817,0
31826,0,2,0,53638,0
31827,2,0,59348,0,0
31828,0,1,0,209958,0
31829,1,1,162,109,0
31830,0,1,0,2046,0
31831,0,1,0,3647,0
31832,0,1,0,22690,0
31833,0,3,0,5388,0
31834,1,0,3263,0,0
31835,0,7,0,31739,0
31836,2,0,739,0,0
31837,1,0,4265,0,0
31838,1,0,8707,0,0
31839,1,0,3225,0,0
31840,1,0,74735,0,0
31841,2,0,27122,0,0
31842,2,0,2399,0,0
31843,1,0,3005,0,0
31844,2,0,21581,0,0
31845,2,4,1267,48902,0
31846,1,0,3222,0,0
31847,2,0,2174,0,0
31848,0,2,0,14024,0
31849,1,1,12151,20305,0
31850,1,0,1537,0,0
31851,2,0,58224,0,0
31852,1,0,88,0,0
31853,1,0,902,0,0
31854,1,0,1120,0,0
31855,1,0,79,0,0
31856,1,0,22675,0,0
31857,1,0,7871,0,0
31858,1,0,6840,0,0
31859,1,1,30798,1555,0
31860,1,0,37,0,0
31861,1,2,815,5747,0
31862,1,0,946,0,0
31863,1,1,11611,29182,0
31864,4,17,3308,203265,0
31865,1,1,1572,18194,0
31866,1,0,19366,0,0
31867,1,0,13066,0,0
31868,1,1,547,110,0
31869,1,1,4548,5,0
31870,1,0,9676,0,0
31871,1,0,1550,0,0
31872,1,0,9800,0,0
31873,1,1,300,1099,0
31874,1,1,5991,79,0
31875,1,2,643,30514,0
31876,1,0,5466,0,0
31877,1,0,158,0,0
31878,1,0,27612,0,0
31879,1,0,61,0,0
31880,1,0,14579,0,0
31881,1,0,221,0,0
31882,1,0,378,0,0
31883,1,2,300,1112,0
31884,1,0,3291,0,0
31885,1,0,2478,0,0
31886,1,0,8714,0,0
31887,1,1,856,2158,0
31888,1,0,134,0,0
31889,1,0,52,0,0
31890,1,0,849,0,0
31891,1,0,110088,0,0
31892,1,0,198,0,0
31893,1,0,2816,0,0
31894,1,0,240,0,0
31895,2,4,859,23876,0
31896,0,1,0,13062,0
31897,0,3,0,122973,0
31898,0,4,0,188595,0
31899,1,1,175335,26935,0
31900,1,0,481,0,0
31901,1,0,12538,0,0
31902,2,1,30370,1014,0
31903,1,0,4712,0,0
31904,1,0,1937,0,0
31905,1,0,16787,0,0
31906,1,0,14245,0,0
31907,1,0,836,0,0
31908,1,0,12117,0,0
31909,1,0,930,0,0
31910,1,0,2163,0,0
31911,2,0,12451,0,0
31912,1,0,19200,0,0
31913,1,0,246,0,0
31914,0,8,0,24132,0
31915,2,0,2751,0,0
31916,1,0,53,0,0
31917,1,0,16499,0,0
31918,1,0,4678,0,0
31919,0,4,0,5386,0
31920,1,0,75,0,0
31921,2,0,13901,0,0
31922,1,0,502,0,0
31923,0,1,0,6455,0
31924,0,17,0,5771315,0
31925,1,0,1337,0,0
31926,1,0,6,0,0
31927,1,0,119,0,0
31928,1,0,12686,0,0
31929,1,0,1083,0,0
31930,1,0,621,0,0
31931,1,0,83,0,0
31932,1,0,283737,0,0
31933,1,0,5432803,0,0
31934,1,0,14,0,0
31935,1,0,2218,0,0
31936,0,2,0,3277,0
31937,4,0,21558,0,0
31938,0,1,0,2211,0
31939,0,1,0,16440,0
31940,1,1,4001,29,0
31941,1,3,590,201876,0
31942,1,0,187669,0,0
31943,2,1,10238,590,0
31944,0,2,0,284,0
31945,0,4,0,43071,0
31946,0,2,0,48110,0
31947,0,2,0,5538,0
31948,5,2,269413,110598,0
31949,1,4,2903,12398,0
31950,1,1,89,2903,0
31951,1,0,1093,0,0
31952,0,2,0,54775,0
31953,0,5,0,82382,0
31954,3,0,2238,0,0
31955,1,0,361,0,0
31956,1,0,10783,0,0
31957,2,0,54067,0,0
31958,1,0,5367,0,0
31959,1,0,9638,0,0
31960,1,0,150,0,0
31961,1,0,26718,0,0
31962,1,0,31,0,0
31963,1,0,38474,0,0
31964,6,2,83671,10338,0
31965,1,0,12564,0,0
31966,2,0,3803,0,0
31967,0,2,0,10348,0
31968,0,2,0,536,0
31969,2,4,1893,745082,0
31970,1,0,352,0,0
31971,1,1,1196,456,0
31972,0,3,0,19162,0
31973,2,7,2338,26705,0
31974,2,0,23437,0,0
31975,1,2,1058,5690,0
31976,0,2,0,93231,0
31977,5,1,28864,41026,0
31978,0,1,0,14,0
31979,0,1,0,11389,0
31980,0,1,0,102,0
31981,0,1,0,93,0
31982,0,1,0,17266,0
31983,0,1,0,350,0
31984,0,1,0,2146,0
31985,0,1,0,5826,0
31986,0,1,0,12,0
31987,0,1,0,30,0
31988,1,2,9789,21310,0
31989,0,1,0,665,0
31990,0,1,0,258,0
31991,0,1,0,5999,0
31992,0,3,0,46809,0
31993,0,2,0,27803,0
31994,0,3,0,3824,0
31995,0,4,0,7795,0
31996,2,0,14486,0,0
31997,1,0,166,0,0
31998,1,1,19439,120,0
31999,0,1,0,856,0
32000,0,2,0,6494,0
32001,2,0,2815,0,0
32002,0,2,0,13479,0
32003,1,0,1226,0,0
32004,3,0,2227,0,0
32005,1,2,62297,4348,0
32006,1,0,404,0,0
32007,0,1,0,26717,0
32008,1,0,3662,0,0
32009,1,0,182,0,0
32010,0,18,0,2064654,0
32011,1,0,402038,0,0
32012,1,0,393,0,0
32013,1,0,932,0,0
32014,1,0,38,0,0
32015,0,3,0,159631,0
32016,1,1,11792,23,0
32017,3,23,11795,349381,0
32018,1,0,29,0,0
32019,1,0,26,0,0
32020,1,0,976,0,0
32021,1,0,843,0,0
32022,1,0,512,0,0
32023,1,0,1361,0,0
32024,1,0,1815,0,0
32025,1,0,1525,0,0
32026,1,0,17761,0,0
32027,1,0,7960,0,0
32028,1,0,944,0,0
32029,1,0,235005,0,0
32030,1,0,1318,0,0
32031,1,0,13549,0,0
32032,1,0,14511,0,0
32033,1,0,53,0,0
32034,1,0,16846,0,0
32035,1,0,14061,0,0
32036,1,0,7291,0,0
32037,2,0,8910,0,0
32038,1,0,229,0,0
32039,0,2,0,1214,0
32040,0,4,0,64587,0
32041,2,7,975,63309,0
32042,0,3,0,144842,0
32043,1,0,123888,0,0
32044,7,3,43755,9062,0
32045,1,0,1640,0,0
32046,1,1,50,19,0
32047,1,2,4021,509,0
32048,1,0,10478,0,0
32049,2,0,712,0,0
32050,1,0,3929,0,0
32051,8,5,91940,11270,0
32052,0,1,0,4391,0
32053,0,1,0,404,0
32054,1,4,212,11681,0
32055,1,0,3041,0,0
32056,1,0,8084,0,0
32057,1,2,17695,14750,0
32058,1,0,75372,0,0
32059,1,0,1774,0,0
32060,1,1,63365,16592,0
32061,2,0,1894,0,0
32062,1,0,354,0,0
32063,1,0,49830,0,0
32064,1,2,1267,158591,0
32065,1,0,13164,0,0
32066,1,0,22610,0,0
32067,1,1,576,7335,0
32068,1,1,2194,3775,0
32069,1,0,192,0,0
32070,1,0,670,0,0
32071,7,7,191904,130615,0
32072,1,1,2515,123,0
32073,2,0,3761,0,0
32074,1,0,501,0,0
32075,1,1,159,263,0
32076,1,3,5366,2728,0
32077,1,0,103,0,0
32078,1,0,230,0,0
32079,0,1,0,1206,0
32080,0,1,0,3296,0
32081,0,3,0,13074,0
32082,1,8,23,2211422,0
32083,2,0,17750,0,0
32084,1,1,3248,1635,0
32085,1,0,157,0,0
32086,1,0,16867,0,0
32087,1,0,47945,0,0
32088,0,24,0,1704514,0
32089,1,0,41088,0,0
32090,1,0,56,0,0
32091,1,0,715,0,0
32092,1,2,9,22555,0
32093,1,0,600,0,0
32094,1,0,880,0,0
32095,1,0,8876,0,0
32096,1,0,1943,0,0
32097,1,0,40113,0,0
32098,1,0,1119229,0,0
32099,2,0,3259,0,0
32100,2,1,7172,11718,0
32101,1,0,252,0,0
32102,1,0,529,0,0
32103,1,0,1925,0,0
32104,1,0,1402,0,0
32105,1,0,10129,0,0
32106,0,1,0,219,0
32107,1,1,246,1,0
32108,0,1,0,2214,0
32109,3,3,28109,21199,0
32110,0,1,0,9120,0
32111,0,2,0,3071,0
32112,0,6,0,9300,0
32113,4,16,5990,1464200,0
32114,1,1,285,20583,0
32115,0,1,0,11124,0
32116,0,1,0,1388,0
32117,0,2,0,1771004,0
32118,0,1,0,891,0
32119,0,1,0,93,0
32120,0,1,0,11177,0
32121,0,1,0,90,0
32122,3,5,8300,13112,0
32123,2,1,19172,123,0
32124,1,0,1227,0,0
32125,1,0,5743,0,0
32126,1,7,464,197463,0
32127,1,0,4022,0,0
32128,1,3,3920335,5417,0
32129,1,1,13146,24,0
32130,0,3,0,48163,0
32131,1,0,79,0,0
32132,1,0,2596,0,0
32133,1,0,15584,0,0
32134,2,6,782,55207,0
32135,0,5,0,12861,0
32136,2,0,10917,0,0
32137,2,2,3112,8959,0
32138,0,4,0,9934,0
32139,1,0,3045,0,0
32140,1,0,4218,0,0
32141,0,10,0,491857,0
32142,1,0,35,0,0
32143,1,1,9684,920870,0
32144,1,0,147361,0,0
32145,0,2,0,4784,0
32146,1,0,2187,0,0
32147,2,0,444216,0,0
32148,1,0,136,0,0
32149,1,0,2307,0,0
32150,1,0,104,0,0
32151,1,2,327,2155,0
32152,1,0,613,0,0
32153,1,1,138499,6430,0
32154,1,3,416559,28313,0
32155,1,0,44,0,0
32156,5,2,61447,8927,0
32157,2,1,2957,3053,0
32158,0,3,0,13087,0
32159,1,0,503,0,0
32160,1,1,288,451,0
32161,2,0,1390,0,0
32162,1,0,36,0,0
32163,1,0,1948,0,0
32164,1,0,253805,0,0
32165,1,0,781,0,0
32166,1,0,412,0,0
32167,1,0,1414,0,0
32168,1,0,2408296,0,0
32169,1,0,40,0,0
32170,1,0,13853,0,0
32171,1,0,3214,0,0
32172,1,54,41574,3016373,0
32173,1,0,1015,0,0
32174,1,1,73570,117,0
32175,1,0,134008,0,0
32176,1,0,1768,0,0
32177,1,0,39,0,0
32178,1,1,1186,14205,0
32179,1,0,11086,0,0
32180,1,0,1731,0,0
32181,1,0,19997,0,0
32182,1,0,711,0,0
32183,1,0,35,0,0
32184,1,0,31381,0,0
32185,1,0,88368,0,0
32186,1,0,15024,0,0
32187,2,0,817,0,0
32188,1,0,14,0,0
32189,2,0,25594,0,0
32190,1,0,1340,0,0
32191,1,0,240,0,0
32192,1,0,106,0,0
32193,1,0,3830,0,0
32194,1,0,3041,0,0
32195,1,1,15341,0,0
32196,1,0,1183,0,0
32197,1,0,945,0,0
32198,1,0,26831,0,0
32199,1,0,2041825,0,0
32200,1,0,341,0,0
32201,2,0,100209,0,0
32202,1,0,47,0,0
32203,2,0,1238585,0,0
32204,1,2,9856,43068,0
32205,1,0,46,0,0
32206,0,5,0,2413,0
32207,1,0,309,0,0
32208,0,2,0,94978,0
32209,1,0,242,0,0
32210,1,0,2749,0,0
32211,1,1,1413,701,0
32212,1,2,18927,3147,0
32213,4,0,113354,0,0
32214,0,1,0,600,0
32215,5,3,15509,12798,0
32216,1,0,813,0,0
32217,0,2,0,81810,0
32218,0,2,0,6209,0
32219,0,1,0,1079,0
32220,0,2,0,7384,0
32221,0,1,0,764,0
32222,1,1,833,1183,0
32223,2,1,895306,523,0
32224,0,1,0,300,0
32225,0,1,0,228,0
32226,0,2,0,2657,0
32227,1,1,114,61061,0
32228,0,6,0,44827,0
32229,1,0,1938,0,0
32230,2,0,915,0,0
32231,2,0,46848,0,0
32232,4,11,770519,514624,0
32233,2,0,3340,0,0
32234,1,1,4059,426,0
32235,1,2,182,6675,0
32236,3,0,133325,0,0
32237,2,0,390,0,0
32238,2,0,38,0,0
32239,2,0,331424,0,0
32240,2,4,80040,771332,0
32241,3,6,38451,77279,0
32242,1,1,13,35201,0
32243,1,0,1284,0,0
32244,0,5,0,7019,0
32245,1,0,1037,0,0
32246,0,11,0,1367264,0
32247,3,1,62927,2,0
32248,2,1,1354,5910,0
32249,2,2,1255839,64286,0
32250,0,4,0,2157,0
32251,1,1,593,119,0
32252,1,0,8120,0,0
32253,2,1,29608948,42,0
32254,0,1,0,2478,0
32255,2,1,5653,501,0
32256,1,5,1021,31595,0
32257,0,1,0,5199,0
32258,1,0,10169,0,0
32259,1,0,237,0,0
32260,0,1,0,24,0
32261,0,1,0,7851,0
32262,1,1,10558,1888,0
32263,1,1,3280,10558,0
32264,1,5,32742,117425,0
32265,2,3,6441,22763,0
32266,2,0,16326,0,0
32267,1,0,94780,0,0
32268,1,0,10154,0,0
32269,0,1,0,32742,0
32270,4,13,10649,204248,0
32271,1,0,17,0,0
32272,1,0,9762,0,0
32273,2,0,118535,0,0
32274,2,0,2781,0,0
32275,1,0,60463,0,0
32276,1,0,888,0,0
32277,1,1,3928,1176,0
32278,1,0,2132,0,0
32279,2,0,1317,0,0
32280,1,0,1508,0,0
32281,2,0,1812,0,0
32282,0,1,0,283,0
32283,0,1,0,6069,0
32284,0,1,0,3445,0
32285,0,1,0,852,0
32286,1,0,50881,0,0
32287,0,2,0,127440,0
32288,0,1,0,48336,0
32289,0,2,0,7203,0
32290,0,1,0,125734,0
32291,0,1,0,38,0
32292,0,1,0,5097,0
32293,0,1,0,652,0
32294,0,1,0,23717,0
32295,0,1,0,106746,0
32296,0,1,0,257,0
32297,0,1,0,850,0
32298,0,2,0,9564,0
32299,0,1,0,29,0
32300,1,1,27902,20307,0
32301,0,1,0,31141,0
32302,0,1,0,2092,0
32303,0,2,0,1187,0
32304,0,1,0,22605,0
32305,1,3,325,26548,0
32306,0,1,0,11,0
32307,0,2,0,13757,0
32308,0,1,0,186,0
32309,0,1,0,4672,0
32310,0,1,0,2414,0
32311,0,1,0,9,0
32312,0,1,0,82934,0
32313,0,1,0,10008,0
32314,0,1,0,5994,0
32315,0,1,0,11,0
32316,0,2,0,717,0
32317,0,1,0,788,0
32318,0,1,0,34306,0
32319,0,2,0,3337,0
32320,0,1,0,1193,0
32321,0,1,0,2953,0
32322,1,2,11565,2879,0
32323,0,1,0,4447,0
32324,0,1,0,32639,0
32325,0,1,0,1788,0
32326,0,1,0,2031,0
32327,0,1,0,1220,0
32328,0,1,0,624,0
32329,0,1,0,684,0
32330,0,1,0,9736,0
32331,0,1,0,1861412,0
32332,0,1,0,24714,0
32333,0,1,0,2002,0
32334,0,3,0,183206,0
32335,0,2,0,421,0
32336,0,1,0,23013,0
32337,0,3,0,47734,0
32338,2,1,892,145,0
32339,0,1,0,10691,0
32340,0,1,0,1388,0
32341,0,1,0,398,0
32342,0,2,0,10128,0
32343,4,6,15050,26657,0
32344,0,1,0,203,0
32345,0,1,0,49,0
32346,1,1,561,20564,0
32347,0,1,0,551,0
32348,0,1,0,835,0
32349,0,1,0,93,0
32350,0,1,0,551,0
32351,0,1,0,419,0
32352,0,1,0,15,0
32353,0,3,0,2623,0
32354,1,2,288,3892,0
32355,0,2,0,19302,0
32356,0,3,0,8551,0
32357,0,1,0,124,0
32358,0,1,0,349,0
32359,0,1,0,7928,0
32360,0,1,0,142,0
32361,0,1,0,9,0
32362,0,1,0,17464,0
32363,0,1,0,174,0
32364,0,1,0,83,0
32365,0,1,0,720,0
32366,0,1,0,1887,0
32367,0,1,0,19874,0
32368,0,1,0,333,0
32369,0,1,0,4346,0
32370,0,1,0,141,0
32371,0,1,0,3127,0
32372,0,1,0,97,0
32373,0,1,0,30475,0
32374,0,2,0,11941,0
32375,0,1,0,3307,0
32376,0,1,0,57501,0
32377,0,1,0,407,0
32378,0,1,0,105304,0
32379,0,1,0,22003,0
32380,0,1,0,214,0
32381,0,1,0,307,0
32382,0,1,0,1861,0
32383,0,1,0,23182,0
32384,0,1,0,2613,0
32385,0,1,0,9,0
32386,0,1,0,986,0
32387,1,1,1415,3861,0
32388,1,0,2571,0,0
32389,1,3,100375,7497,0
32390,1,0,8153,0,0
32391,2,0,115128,0,0
32392,1,0,2143,0,0
32393,1,0,46,0,0
32394,1,0,14217,0,0
32395,2,0,27547,0,0
32396,2,0,69,0,0
32397,1,0,314,0,0
32398,0,1,0,141,0
32399,0,1,0,1182,0
32400,0,1,0,25645,0
32401,0,2,0,1240,0
32402,0,3,0,1264,0
32403,0,1,0,386,0
32404,0,1,0,326,0
32405,0,2,0,1865,0
32406,0,1,0,6111,0
32407,0,1,0,81661,0
32408,0,1,0,675,0
32409,9,1,56273,410,0
32410,0,1,0,27182,0
32411,0,2,0,3474,0
32412,5,3,32351,42447,0
32413,0,2,0,27295,0
32414,0,1,0,32884,0
32415,0,1,0,41,0
32416,0,1,0,45,0
32417,0,1,0,5145,0
32418,0,1,0,8448,0
32419,0,1,0,605,0
32420,1,1,33,3658,0
32421,0,1,0,5280,0
32422,0,1,0,14796,0
32423,1,1,230,8989,0
32424,0,1,0,324,0
32425,0,1,0,913,0
32426,0,1,0,570513,0
32427,0,1,0,684,0
32428,0,1,0,26485,0
32429,0,1,0,6572,0
32430,0,1,0,371,0
32431,0,1,0,6151,0
32432,0,1,0,9453,0
32433,0,2,0,4983,0
32434,0,1,0,743,0
32435,0,1,0,117216,0
32436,0,2,0,37525,0
32437,0,1,0,5568,0
32438,0,1,0,2778,0
32439,2,1,11158,36361,0
32440,0,1,0,5484,0
32441,0,1,0,15043,0
32442,0,1,0,18602,0
32443,0,1,0,3377,0
32444,0,1,0,306,0
32445,0,1,0,752,0
32446,0,20,0,1321806,0
32447,3,0,10144,0,0
32448,1,1,633,240,0
32449,1,0,169,0,0
32450,1,0,335,0,0
32451,1,0,243,0,0
32452,1,0,5907,0,0
32453,2,0,4405,0,0
32454,1,0,793,0,0
32455,1,0,368,0,0
32456,1,0,117,0,0
32457,0,1,0,5606,0
32458,0,1,0,12631,0
32459,0,1,0,1205,0
32460,0,1,0,4887,0
32461,0,1,0,15341,0
32462,0,1,0,42333,0
32463,2,2,424,160911,0
32464,0,1,0,778,0
32465,1,3,20042,14631,0
32466,4,2,9650,20052,0
32467,1,0,2083,0,0
32468,0,2,0,8958,0
32469,0,2,0,35129,0
32470,1,0,56622,0,0
32471,1,1,5350,649,0
32472,0,1,0,69885,0
32473,0,1,0,1572,0
32474,0,1,0,286,0
32475,0,1,0,10254,0
32476,0,1,0,12314,0
32477,0,3,0,2172,0
32478,1,1,6208,1451,0
32479,0,2,0,1507,0
32480,2,1,24843,285,0
32481,0,2,0,788,0
32482,0,1,0,38379,0
32483,0,1,0,12098,0
32484,0,1,0,173,0
32485,0,2,0,836,0
32486,0,1,0,146,0
32487,1,2,1352,801,0
32488,0,2,0,6828,0
32489,0,2,0,9028,0
32490,0,1,0,605,0
32491,0,1,0,3359,0
32492,0,1,0,15193,0
32493,0,1,0,7051,0
32494,0,1,0,876,0
32495,1,1,7634,1065,0
32496,1,1,4500,39,0
32497,0,1,0,36,0
32498,0,1,0,2435,0
32499,0,1,0,349,0
32500,0,1,0,12080,0
32501,1,1,2358,1008,0
32502,0,2,0,140178,0
32503,0,2,0,8426,0
32504,2,2,60186,14930,0
32505,0,1,0,28237,0
32506,0,1,0,11430,0
32507,0,1,0,1691,0
32508,0,1,0,3594,0
32509,0,2,0,1229,0
32510,0,2,0,642,0
32511,1,2,4255,278,0
32512,1,0,71,0,0
32513,0,1,0,267,0
32514,0,1,0,211681,0
32515,0,1,0,321,0
32516,1,1,14625,89837,0
32517,0,1,0,6855,0
32518,0,1,0,1061,0
32519,0,1,0,4233,0
32520,0,1,0,537,0
32521,0,2,0,16473,0
32522,2,5,10041,22425,0
32523,1,1,530,9641,0
32524,0,1,0,31554,0
32525,0,1,0,7351,0
32526,0,1,0,202,0
32527,0,1,0,367,0
32528,0,1,0,1,0
32529,0,2,0,7246,0
32530,0,2,0,124303,0
32531,1,1,27241,1072,0
32532,0,1,0,17428,0
32533,0,1,0,6183,0
32534,0,1,0,1424,0
32535,0,1,0,20858,0
32536,0,1,0,8430,0
32537,0,1,0,10531,0
32538,1,1,5502,729,0
32539,0,1,0,3611,0
32540,1,2,1231,4218,0
32541,1,2,390,2475,0
32542,0,1,0,29,0
32543,0,1,0,1566,0
32544,0,2,0,1748,0
32545,5,1,1653214,81493,0
32546,0,1,0,16,0
32547,0,1,0,824,0
32548,0,1,0,4705,0
32549,0,2,0,1755075,0
32550,9,0,681181,0,0
32551,0,1,0,80,0
32552,0,1,0,4565,0
32553,0,1,0,72474,0
32554,0,1,0,4611,0
32555,1,2,266,34460,0
32556,1,2,110,7166,0
32557,1,4,8,15168,0
32558,0,1,0,776,0
32559,0,1,0,1826,0
32560,0,1,0,614,0
32561,0,1,0,701,0
32562,0,1,0,381,0
32563,0,2,0,2226,0
32564,0,1,0,598,0
32565,0,1,0,4867,0
32566,0,1,0,1724,0
32567,0,1,0,97750,0
32568,0,2,0,38477,0
32569,0,2,0,24048,0
32570,4,3,182508,34605,0
32571,0,2,0,22871,0
32572,1,1,387,29773,0
32573,0,1,0,57,0
32574,0,1,0,46397,0
32575,0,1,0,1811,0
32576,0,3,0,15272,0
32577,1,0,14090,0,0
32578,1,1,29,61621,0
32579,1,1,322,17501,0
32580,0,1,0,4307,0
32581,0,1,0,49,0
32582,0,1,0,163,0
32583,0,1,0,70,0
32584,0,1,0,93443,0
32585,0,1,0,67,0
32586,0,1,0,193,0
32587,0,2,0,82576,0
32588,1,1,82469,7367,0
32589,0,2,0,4072,0
32590,0,1,0,3944,0
32591,0,1,0,769,0
32592,0,1,0,112720,0
32593,0,1,0,4883,0
32594,0,1,0,87322,0
32595,0,1,0,619,0
32596,0,2,0,46294,0
32597,0,1,0,1769549,0
32598,0,2,0,5913,0
32599,0,2,0,3269,0
32600,4,5,2264,172906,0
32601,0,1,0,1509,0
32602,0,2,0,7998,0
32603,0,2,0,3939,0
32604,0,1,0,455,0
32605,0,1,0,150,0
32606,0,1,0,184,0
32607,0,1,0,4562,0
32608,0,1,0,1615,0
32609,0,1,0,2467,0
32610,0,1,0,3637,0
32611,0,1,0,99326,0
32612,0,1,0,2146,0
32613,0,2,0,14958,0
32614,0,2,0,215,0
32615,0,1,0,1803,0
32616,0,2,0,14341,0
32617,0,1,0,38,0
32618,0,1,0,1507,0
32619,0,1,0,1852,0
32620,0,1,0,374,0
32621,0,1,0,167135,0
32622,0,24,0,274459,0
32623,1,0,163,0,0
32624,1,0,21,0,0
32625,1,0,51953,0,0
32626,1,0,125,0,0
32627,3,0,12688,0,0
32628,1,0,87527,0,0
32629,2,0,5454,0,0
32630,3,0,58381,0,0
32631,1,0,16758,0,0
32632,1,0,6,0,0
32633,1,0,5157,0,0
32634,4,0,120871,0,0
32635,1,0,8277,0,0
32636,1,0,2332,0,0
32637,2,0,2959,0,0
32638,2,0,13884,0,0
32639,2,0,500,0,0
32640,2,2,2256,38205,0
32641,1,1,591,946,0
32642,1,0,1740,0,0
32643,0,1,0,4,0
32644,1,1,746,248,0
32645,0,2,0,780,0
32646,0,2,0,21060,0
32647,1,1,18194,806,0
32648,1,1,110,8308,0
32649,0,1,0,773,0
32650,0,4,0,13436,0
32651,1,1,129,10173,0
32652,1,1,49,35836,0
32653,0,5,0,30004,0
32654,2,0,21437,0,0
32655,1,0,614,0,0
32656,1,1,8308,314,0
32657,0,1,0,604,0
32658,1,0,639,0,0
32659,0,1,0,373,0
32660,0,1,0,277,0
32661,0,1,0,5473,0
32662,0,1,0,1059,0
32663,0,1,0,510,0
32664,0,1,0,2029,0
32665,0,1,0,1550,0
32666,0,1,0,1301,0
32667,0,2,0,392210,0
32668,2,1,367683,5123,0
32669,0,4,0,61685,0
32670,1,0,40303,0,0
32671,1,0,4085,0,0
32672,0,3,0,17505,0
32673,0,1,0,1339,0
32674,0,2,0,633169,0
32675,0,1,0,1615,0
32676,0,1,0,2517,0
32677,0,1,0,1615,0
32678,0,2,0,1833,0
32679,2,0,3586,0,0
32680,1,1,940,1489,0
32681,1,0,8871,0,0
32682,1,0,2,0,0
32683,1,0,1190,0,0
32684,0,1,0,351366,0
32685,0,1,0,18586,0
32686,0,1,0,2847,0
32687,0,1,0,8542,0
32688,0,1,0,2452,0
32689,0,2,0,73688,0
32690,0,1,0,19409,0
32691,0,1,0,174,0
32692,0,1,0,1087,0
32693,0,1,0,39676,0
32694,0,1,0,6570,0
32695,0,1,0,1945,0
32696,0,1,0,222,0
32697,0,1,0,1751,0
32698,0,1,0,23,0
32699,0,1,0,137275,0
32700,0,2,0,568,0
32701,0,1,0,90,0
32702,0,1,0,84,0
32703,0,1,0,1270,0
32704,0,1,0,860,0
32705,0,1,0,2911,0
32706,0,1,0,27534,0
32707,0,1,0,2187,0
32708,0,1,0,30610,0
32709,0,1,0,4345,0
32710,0,1,0,817367,0
32711,0,2,0,2035,0
32712,0,2,0,884,0
32713,0,1,0,641,0
32714,0,1,0,26045,0
32715,0,1,0,4763,0
32716,0,1,0,20786,0
32717,2,1,10695,3156,0
32718,0,1,0,2560,0
32719,0,1,0,3281,0
32720,0,2,0,26924,0
32721,1,1,2,51,0
32722,0,1,0,22,0
32723,0,2,0,493,0
32724,0,1,0,48,0
32725,0,2,0,65795,0
32726,0,1,0,1096,0
32727,0,1,0,3434,0
32728,0,1,0,5583,0
32729,0,1,0,6700,0
32730,0,2,0,38839,0
32731,0,1,0,2390,0
32732,0,1,0,30,0
32733,0,1,0,315,0
32734,0,1,0,28562,0
32735,0,1,0,366,0
32736,0,2,0,2540,0
32737,0,1,0,1315,0
32738,1,0,28699,0,0
32739,0,1,0,16615,0
32740,0,1,0,1527,0
32741,1,1,1207,1837,0
32742,0,1,0,5097149,0
32743,0,1,0,44764,0
32744,0,1,0,322807,0
32745,0,1,0,698,0
32746,0,1,0,10496,0
32747,0,3,0,14407,0
32748,1,0,1308,0,0
32749,0,1,0,6984,0
32750,0,2,0,2790,0
32751,1,11,2782,131767,0
32752,0,1,0,10459,0
32753,0,1,0,1141,0
32754,0,1,0,7441,0
32755,0,1,0,13081,0
32756,0,1,0,28467,0
32757,0,1,0,19030,0
32758,0,1,0,1022,0
32759,0,1,0,1808,0
32760,0,1,0,364,0
32761,0,1,0,3478,0
32762,0,1,0,504,0
32763,0,1,0,832,0
32764,0,1,0,8382,0
32765,0,1,0,30718,0
32766,0,1,0,3930,0
32767,0,1,0,12485,0
32768,0,1,0,811,0
32769,0,2,0,3023,0
32770,0,1,0,1125,0
32771,0,1,0,18806,0
32772,0,2,0,528,0
32773,0,2,0,52121,0
32774,0,3,0,37490,0
32775,0,2,0,1540,0
32776,0,1,0,597,0
32777,0,2,0,5783,0
32778,1,2,93897,15401,0
32779,1,0,69948,0,0
32780,1,0,1259,0,0
32781,1,0,258,0,0
32782,1,0,1125,0,0
32783,0,3,0,3622,0
32784,0,3,0,880,0
32785,1,3,259,17630,0
32786,0,9,0,76214,0
32787,2,0,1588,0,0
32788,1,0,621,0,0
32789,2,0,19964,0,0
32790,2,0,15265,0,0
32791,1,0,31966,0,0
32792,1,0,868,0,0
32793,1,0,185,0,0
32794,2,0,148151,0,0
32795,2,5,3678,9634,0
32796,1,0,6320,0,0
32797,1,2,277,21291,0
32798,1,3,21097,11305,0
32799,1,2,109,3309,0
32800,5,3,5839,161234,0
32801,1,0,2825,0,0
32802,1,1,113558,812,0
32803,5,4,50302,56440,0
32804,1,0,1246,0,0
32805,0,6,0,122783,0
32806,1,1,1880,162,0
32807,1,0,43677,0,0
32808,3,0,14850,0,0
32809,1,2,112173,18108,0
32810,1,2,250,15759,0
32811,0,4,0,860139,0
32812,1,2,275,922,0
32813,1,2,1645,728,0
32814,0,2,0,248765,0
32815,0,2,0,2374,0
32816,0,1,0,1597,0
32817,1,4,833,112635,0
32818,0,3,0,29977,0
32819,1,0,19437,0,0
32820,0,2,0,629,0
32821,0,1,0,4007,0
32822,0,2,0,1923,0
32823,0,7,0,230783,0
32824,1,0,24272,0,0
32825,0,2,0,832,0
32826,0,2,0,504,0
32827,3,0,479,0,0
32828,1,0,494,0,0
32829,0,4,0,39152,0
32830,2,0,348706,0,0
32831,0,1,0,11009,0
32832,1,1,273316,238,0
32833,1,0,562,0,0
32834,0,1,0,246,0
32835,2,2,112146,21604,0
32836,1,0,2199,0,0
32837,0,2,0,119,0
32838,2,0,449,0,0
32839,0,2,0,40974,0
32840,1,0,3803,0,0
32841,1,3,10267,15171,0
32842,1,0,5652,0,0
32843,1,4,785,383,0
32844,2,1,724,1,0
32845,1,0,70,0,0
32846,3,1,2945991,9242,0
32847,0,2,0,770,0
32848,1,0,5362,0,0
32849,2,0,420,0,0
32850,1,2,4368,20084,0
32851,1,9,17,435361,0
32852,1,0,606,0,0
32853,2,0,472,0,0
32854,0,2,0,75927,0
32855,0,1,0,869,0
32856,0,1,0,111277,0
32857,0,1,0,5585,0
32858,0,1,0,58729,0
32859,0,3,0,57236,0
32860,0,3,0,89051,0
32861,0,3,0,32598,0
32862,0,1,0,67,0
32863,0,2,0,1883,0
32864,1,0,1714,0,0
32865,0,1,0,87570,0
32866,0,2,0,355282,0
32867,0,2,0,13829,0
32868,2,0,15302,0,0
32869,2,2,18735,11674,0
32870,3,5,49105,213898,0
32871,1,0,6510,0,0
32872,0,1,0,691,0
32873,0,1,0,7884,0
32874,0,1,0,5729,0
32875,0,1,0,10784,0
32876,0,1,0,3916,0
32877,1,2,13745,63074,0
32878,0,1,0,42,0
32879,0,1,0,894,0
32880,0,1,0,2480,0
32881,0,1,0,1024,0
32882,1,2,2159,9595,0
32883,2,1,25764,2159,0
32884,0,3,0,533739,0
32885,1,0,5792,0,0
32886,6,1,69994,3,0
32887,2,5,805,70912,0
32888,2,0,4308,0,0
32889,1,0,1883,0,0
32890,1,8,834,164918,0
32891,1,0,1268,0,0
32892,1,0,14830,0,0
32893,1,0,113922,0,0
32894,1,0,230,0,0
32895,1,5,122,63262,0
32896,1,0,47265,0,0
32897,1,0,9439,0,0
32898,1,0,1582,0,0
32899,0,1,0,332,0
32900,1,2,36,23806,0
32901,1,0,78,0,0
32902,1,0,350,0,0
32903,1,0,453,0,0
32904,1,0,8455,0,0
32905,1,0,98,0,0
32906,1,0,1,0,0
32907,1,0,37,0,0
32908,1,3,2671,5183,0
32909,1,0,1857,0,0
32910,2,0,2985,0,0
32911,0,2,0,493,0
32912,2,0,285138,0,0
32913,0,1,0,910,0
32914,0,4,0,12138,0
32915,2,0,11808,0,0
32916,2,0,50213,0,0
32917,7,4,609651,5699,0
32918,1,0,921,0,0
32919,1,0,725,0,0
32920,0,7,0,25100,0
32921,0,1,0,190,0
32922,1,0,1282,0,0
32923,1,3,359,13749,0
32924,3,2,8008,313840,0
32925,1,0,277212,0,0
32926,2,5,1542,10971,0
32927,1,0,329,0,0
32928,1,1,4525,212,0
32929,0,1,0,91,0
32930,1,1,1700,2546727,0
32931,0,1,0,7373,0
32932,0,2,0,44007,0
32933,1,1,252,89669,0
32934,7,0,73215,0,0
32935,2,0,12238,0,0
32936,1,1,16791,324,0
32937,1,0,7046,0,0
32938,1,0,7,0,0
32939,0,1,0,13704,0
32940,0,1,0,8498,0
32941,0,1,0,1788,0
32942,0,1,0,1428,0
32943,0,1,0,262,0
32944,0,2,0,44652,0
32945,2,0,1457,0,0
32946,1,2,5224,1198,0
32947,3,3,36532,5309,0
32948,1,0,13,0,0
32949,0,4,0,50060,0
32950,1,0,13770,0,0
32951,1,0,800,0,0
32952,1,7,0,343454,0
32953,1,0,1514,0,0
32954,1,0,335962,0,0
32955,2,0,3044,0,0
32956,1,0,507,0,0
32957,1,0,3104,0,0
32958,1,0,232,0,0
32959,0,1,0,3792,0
32960,1,2,1626,10937,0
32961,1,0,10393,0,0
32962,0,1,0,878,0
32963,0,2,0,16027,0
32964,1,0,15368,0,0
32965,6,4,127262,21893,0
32966,1,0,21278,0,0
32967,2,0,864,0,0
32968,3,12,3690,42277,0
32969,2,0,2104,0,0
32970,1,0,3103,0,0
32971,1,0,2301,0,0
32972,1,1,10155,4869,0
32973,1,0,237,0,0
32974,1,0,48,0,0
32975,1,0,161,0,0
32976,1,0,46,0,0
32977,0,1,0,46279,0
32978,0,1,0,6237,0
32979,0,4,0,40761,0
32980,2,0,11488,0,0
32981,0,2,0,22310,0
32982,1,0,14802,0,0
32983,1,0,14842,0,0
32984,0,1,0,7353,0
32985,0,1,0,20919,0
32986,1,4,2129,3696,0
32987,1,0,686,0,0
32988,1,0,582,0,0
32989,1,0,56,0,0
32990,0,7,0,200827,0
32991,1,1,703,20,0
32992,2,0,5491,0,0
32993,1,1,149,3957,0
32994,1,1,154126,788,0
32995,0,2,0,1103,0
32996,0,2,0,13996,0
32997,1,0,1409,0,0
32998,1,0,2340,0,0
32999,1,0,14908,0,0
33000,1,1,306,8030,0
33001,2,0,5329,0,0
33002,1,0,15836,0,0
33003,1,0,31187,0,0
33004,1,0,865,0,0
33005,1,1,178,523,0
33006,0,2,0,303265,0
33007,0,1,0,1222,0
33008,0,1,0,3442,0
33009,0,1,0,1935,0
33010,0,2,0,36733,0
33011,0,1,0,14,0
33012,0,1,0,536,0
33013,0,1,0,9,0
33014,0,1,0,1241,0
33015,0,1,0,3,0
33016,0,1,0,21477,0
33017,0,1,0,5953,0
33018,1,0,8851,0,0
33019,0,1,0,64,0
33020,0,3,0,78643,0
33021,1,0,25,0,0
33022,1,1,17101,553,0
33023,0,3,0,25240,0
33024,1,6,2039,25379,0
33025,0,1,0,56109,0
33026,0,1,0,2185,0
33027,0,1,0,52289,0
33028,0,1,0,1543,0
33029,0,2,0,10484,0
33030,0,4,0,105811,0
33031,1,1,45006,20772,0
33032,0,6,0,3464356,0
33033,2,0,30554,0,0
33034,0,3,0,45834,0
33035,0,2,0,755,0
33036,0,9,0,346616,0
33037,2,0,30403,0,0
33038,2,0,14287,0,0
33039,1,0,446,0,0
33040,2,0,231539,0,0
33041,0,1,0,12,0
33042,0,1,0,50,0
33043,0,1,0,563,0
33044,0,2,0,1599,0
33045,1,6,1337,3193096,0
33046,1,0,111,0,0
33047,0,3,0,6103,0
33048,1,0,782,0,0
33049,1,3,78,179617,0
33050,2,6,670,11415,0
33051,2,0,166129,0,0
33052,0,2,0,12075,0
33053,1,0,11914,0,0
33054,1,0,1101,0,0
33055,1,0,38,0,0
33056,0,1,0,9088,0
33057,0,1,0,97560,0
33058,0,1,0,1414,0
33059,0,1,0,3068,0
33060,0,1,0,11587,0
33061,0,1,0,36,0
33062,0,1,0,32,0
33063,0,1,0,2899,0
33064,1,5,49689,32016,0
33065,1,0,134,0,0
33066,0,1,0,3906,0
33067,0,2,0,25924,0
33068,0,1,0,637,0
33069,0,1,0,9990,0
33070,0,1,0,1720,0
33071,0,1,0,1318,0
33072,0,1,0,1326,0
33073,0,1,0,3352,0
33074,0,1,0,29773,0
33075,0,1,0,677,0
33076,0,1,0,372,0
33077,0,1,0,951,0
33078,0,1,0,2736,0
33079,0,1,0,229090,0
33080,0,2,0,1383,0
33081,0,2,0,4826,0
33082,0,1,0,217864,0
33083,0,1,0,2679,0
33084,0,1,0,12101,0
33085,0,1,0,17562,0
33086,0,1,0,9356,0
33087,0,1,0,121,0
33088,0,1,0,145,0
33089,0,1,0,2127,0
33090,0,2,0,81327,0
33091,0,1,0,24146,0
33092,1,4,1069,662163,0
33093,1,1,660799,3754,0
33094,2,2,85,4552,0
33095,0,3,0,583023,0
33096,1,0,573771,0,0
33097,1,0,45,0,0
33098,0,4,0,18320,0
33099,1,0,10425,0,0
33100,1,0,7242,0,0
33101,0,3,0,9658,0
33102,1,0,702,0,0
33103,0,1,0,120317,0
33104,5,14,23853,139853,0
33105,1,0,7882,0,0
33106,1,2,201,5527,0
33107,2,0,734,0,0
33108,1,0,50078,0,0
33109,1,0,41,0,0
33110,1,0,2645,0,0
33111,1,0,213,0,0
33112,1,0,1685,0,0
33113,2,3,7916,9402,0
33114,3,0,4535,0,0
33115,2,6,5906,121320,0
33116,1,1,827,360,0
33117,2,0,5973,0,0
33118,1,8,3619,29581,0
33119,1,0,4077,0,0
33120,2,0,45794,0,0
33121,2,0,4353,0,0
33122,1,0,7,0,0
33123,1,0,295,0,0
33124,2,0,7931,0,0
33125,1,7,3495,29717,0
33126,1,0,109,0,0
33127,2,0,21700,0,0
33128,2,0,2777,0,0
33129,1,0,45,0,0
33130,2,0,18332,0,0
33131,1,0,21405,0,0
33132,1,0,27,0,0
33133,1,0,332,0,0
33134,1,0,543,0,0
33135,2,0,204586,0,0
33136,1,4,29506,9990,0
33137,2,0,2948,0,0
33138,2,0,2782,0,0
33139,2,2,73808,1311,0
33140,1,0,2090,0,0
33141,2,0,708038,0,0
33142,1,0,8762,0,0
33143,1,0,700,0,0
33144,1,0,13128,0,0
33145,1,0,419,0,0
33146,1,0,877,0,0
33147,1,0,1529,0,0
33148,2,0,98934,0,0
33149,1,2,24329,45015,0
33150,0,2,0,25068,0
33151,0,3,0,229483,0
33152,0,2,0,30013,0
33153,1,0,165290,0,0
33154,2,0,110267,0,0
33155,1,0,90364,0,0
33156,1,0,4,0,0
33157,1,0,4603,0,0
33158,1,0,2701,0,0
33159,1,0,907,0,0
33160,2,0,25985,0,0
33161,2,0,1486,0,0
33162,1,0,125,0,0
33163,1,0,14680,0,0
33164,1,0,692,0,0
33165,1,7,208,231048,0
33166,1,0,3591,0,0
33167,3,1,39130,182,0
33168,0,2,0,14678,0
33169,1,3,14585,1035,0
33170,1,0,95,0,0
33171,1,0,54401,0,0
33172,0,1,0,14294,0
33173,0,2,0,39075,0
33174,0,7,0,83932,0
33175,2,0,6772,0,0
33176,1,0,48,0,0
33177,3,0,45866,0,0
33178,1,0,4930,0,0
33179,0,17,0,236608,0
33180,1,3,32,41691,0
33181,1,0,52440,0,0
33182,1,0,40732,0,0
33183,1,0,171,0,0
33184,1,1,846,329,0
33185,2,5,6089,131215,0
33186,1,0,5695,0,0
33187,2,5,91473,206787,0
33188,1,2,685,5937,0
33189,1,1,929,287,0
33190,0,1,0,7739,0
33191,0,1,0,2819,0
33192,0,1,0,187,0
33193,0,1,0,134,0
33194,0,1,0,2443,0
33195,0,1,0,1333,0
33196,0,1,0,18856,0
33197,0,6,0,511553,0
33198,2,0,27263,0,0
33199,1,0,2231,0,0
33200,1,0,4549,0,0
33201,1,0,482535,0,0
33202,1,0,737,0,0
33203,9,1,124489,1801,0
33204,3,5,2011,19589,0
33205,0,1,0,2158,0
33206,0,1,0,15434,0
33207,0,1,0,715,0
33208,0,1,0,4108,0
33209,1,1,4421,141986,0
33210,0,1,0,677,0
33211,0,1,0,9238,0
33212,1,1,39205,51263,0
33213,0,2,0,4101,0
33214,1,0,9102,0,0
33215,1,0,2500,0,0
33216,0,1,0,47072,0
33217,0,2,0,4216,0
33218,2,0,24741,0,0
33219,0,2,0,2466,0
33220,0,2,0,58,0
33221,2,1,1295,21598,0
33222,0,2,0,12031,0
33223,0,1,0,7198,0
33224,0,1,0,20470,0
33225,0,1,0,1456,0
33226,1,1,406,147,0
33227,0,1,0,7195,0
33228,0,1,0,4797,0
33229,0,1,0,117,0
33230,0,1,0,163760,0
33231,0,1,0,2367,0
33232,0,1,0,50429,0
33233,0,1,0,8505,0
33234,0,1,0,1142,0
33235,0,2,0,9042,0
33236,0,1,0,1500,0
33237,0,1,0,577,0
33238,0,1,0,1095,0
33239,0,1,0,63900,0
33240,0,1,0,9103,0
33241,0,1,0,7225,0
33242,0,1,0,24627,0
33243,0,1,0,454,0
33244,0,1,0,2532,0
33245,0,1,0,9,0
33246,0,2,0,544,0
33247,0,2,0,111221,0
33248,0,1,0,7948,0
33249,0,1,0,9384,0
33250,0,2,0,887,0
33251,0,2,0,600358,0
33252,0,2,0,453,0
33253,0,1,0,265,0
33254,1,2,60846,90297,1
33255,0,1,0,4489,0
33256,0,1,0,483,0
33257,0,2,0,5961,0
33258,0,1,0,2074,0
33259,0,1,0,1394,0
33260,0,1,0,7495,0
33261,0,1,0,15243,0
33262,0,1,0,352,0
33263,0,1,0,129,0
33264,0,1,0,7766,0
33265,7,5,19358,19742,0
33266,0,1,0,1563,0
33267,1,1,15267,381,0
33268,0,1,0,233,0
33269,0,2,0,16466,0
33270,1,1,280,1982,0
33271,0,1,0,1197,0
33272,0,1,0,777,0
33273,0,1,0,32160,0
33274,0,1,0,4764,0
33275,0,1,0,1865,0
33276,0,1,0,206,0
33277,0,1,0,261397,0
33278,0,1,0,15,0
33279,0,2,0,6768,0
33280,1,1,1596,409,0
33281,0,1,0,759,0
33282,0,1,0,8750,0
33283,0,1,0,89133,0
33284,0,1,0,2939,0
33285,0,1,0,1137,0
33286,0,1,0,64,0
33287,0,1,0,1112,0
33288,0,1,0,1267,0
33289,0,1,0,20203,0
33290,0,1,0,75187,0
33291,0,1,0,20,0
33292,0,2,0,4354,0
33293,0,1,0,7,0
33294,0,2,0,3520,0
33295,1,1,642,27,0
33296,0,1,0,5499,0
33297,0,1,0,100,0
33298,0,1,0,447,0
33299,0,2,0,194291,0
33300,0,1,0,263,0
33301,0,1,0,16740,0
33302,0,1,0,64676,0
33303,0,1,0,148,0
33304,0,1,0,4,0
33305,0,2,0,385,0
33306,1,1,3,2292,0
33307,0,2,0,1437,0
33308,1,2,1403,3774,0
33309,0,1,0,500,0
33310,0,1,0,36271,0
33311,0,1,0,5,0
33312,0,1,0,805095,0
33313,0,1,0,22417,0
33314,0,2,0,513,0
33315,0,1,0,2675,0
33316,0,1,0,435,0
33317,0,1,0,43910,0
33318,0,3,0,49921,0
33319,0,1,0,170,0
33320,0,1,0,1033,0
33321,0,1,0,98600,0
33322,0,1,0,88,0
33323,0,1,0,14,0
33324,0,1,0,957,0
33325,0,2,0,1684,0
33326,0,1,0,94,0
33327,1,4,1387,2438,0
33328,1,0,1482,0,0
33329,1,0,69,0,0
33330,0,1,0,3024,0
33331,0,1,0,9,0
33332,0,3,0,15018,0
33333,3,7,6323,478199,0
33334,0,1,0,2937,0
33335,0,1,0,116,0
33336,0,2,0,191630,0
33337,0,1,0,1737,0
33338,0,1,0,176189,0
33339,0,1,0,9913,0
33340,0,1,0,325,0
33341,0,1,0,5211,0
33342,0,2,0,5445,0
33343,0,3,0,1979,0
33344,0,1,0,829,0
33345,0,1,0,2909,0
33346,1,1,1135,48,0
33347,0,1,0,1314,0
33348,0,2,0,15305098,0
33349,0,2,0,1184,0
33350,0,1,0,23257,0
33351,0,1,0,1790,0
33352,0,1,0,2015,0
33353,0,1,0,270,0
33354,0,1,0,159,0
33355,0,1,0,603,0
33356,0,1,0,4479,0
33357,0,1,0,111887,0
33358,0,3,0,1370,0
33359,1,1,17,427,0
33360,0,1,0,7238,0
33361,0,1,0,1460,0
33362,0,1,0,556,0
33363,0,2,0,332892,0
33364,0,1,0,30721,0
33365,1,2,33923,189840,0
33366,2,0,80373,0,0
33367,1,0,2908,0,0
33368,1,0,872,0,0
33369,1,0,3034,0,0
33370,1,0,4849,0,0
33371,0,6,0,313031,0
33372,1,0,2380,0,0
33373,1,0,4262,0,0
33374,1,0,1258,0,0
33375,1,0,252464,0,0
33376,0,11,0,90110,0
33377,1,0,20445,0,0
33378,1,0,545,0,0
33379,2,0,24873,0,0
33380,1,1,10642,323,0
33381,2,0,497,0,0
33382,0,3,0,27950,0
33383,1,3,18070,45992,0
33384,1,0,258,0,0
33385,1,0,1311,0,0
33386,1,5,353,38465,0
33387,0,6,0,191004,0
33388,1,0,542,0,0
33389,1,2,10,2307,0
33390,0,2,0,73851,0
33391,0,8,0,86036,0
33392,2,0,66957,0,0
33393,1,0,60,0,0
33394,1,0,1407,0,0
33395,1,0,203,0,0
33396,1,0,15084,0,0
33397,1,6,32911,16597,0
33398,1,0,2261,0,0
33399,1,0,559,0,0
33400,1,0,309,0,0
33401,1,0,21,0,0
33402,1,1,24126,692,0
33403,0,1,0,7224,0
33404,1,1,8538,2331,0
33405,0,2,0,27151,0
33406,1,15,328,402455,0
33407,1,1,6545,111,0
33408,1,0,2705,0,0
33409,1,0,91,0,0
33410,1,0,5450,0,0
33411,1,0,87560,0,0
33412,1,0,8920,0,0
33413,1,0,843,0,0
33414,1,0,3,0,0
33415,1,0,157106,0,0
33416,1,0,2206,0,0
33417,1,0,721,0,0
33418,1,0,127037,0,0
33419,1,0,114,0,0
33420,1,0,39,0,0
33421,2,10,57374,32007,0
33422,1,0,163,0,0
33423,1,0,2633,0,0
33424,1,0,3616,0,0
33425,1,0,39,0,0
33426,1,0,658,0,0
33427,1,0,3229,0,0
33428,1,0,4,0,0
33429,1,0,12858,0,0
33430,0,1,0,42210,0
33431,0,4,0,243849,0
33432,2,0,2520,0,0
33433,0,5,0,40082,0
33434,1,0,1194,0,0
33435,1,1,665,84,0
33436,0,9,0,149255,0
33437,3,1,8271,727,0
33438,1,0,82,0,0
33439,1,0,44870,0,0
33440,1,0,5003,0,0
33441,1,1,1177,26,0
33442,1,0,1241,0,0
33443,1,9,599,194960,0
33444,1,1,27242,2390,0
33445,1,0,19707,0,0
33446,2,0,35165,0,0
33447,0,3,0,128239,0
33448,0,6,0,226274,0
33449,1,0,1751,0,0
33450,1,0,177441,0,0
33451,1,0,253,0,0
33452,0,2,0,46392,0
33453,0,1,0,49,0
33454,0,4,0,3895,0
33455,1,1,9,6861,0
33456,1,0,3863,0,0
33457,1,0,17,0,0
33458,1,0,940577,0,0
33459,1,3,556,13780,0
33460,0,3,0,3139,0
33461,1,0,3002,0,0
33462,1,2,123,59450,0
33463,1,3,279,71024,0
33464,1,0,5177,0,0
33465,0,1,0,170,0
33466,1,7,166,41415,0
33467,2,0,5180,0,0
33468,1,2,106,5009,0
33469,1,0,1590,0,0
33470,0,1,0,349,0
33471,0,2,0,75,0
33472,3,4,33189,16646,0
33473,2,0,2360,0,0
33474,2,0,14218,0,0
33475,0,3,0,2757,0
33476,1,0,2584,0,0
33477,0,1,0,7029,0
33478,0,1,0,27336,0
33479,1,6,35314,83806,0
33480,1,0,24553,0,0
33481,1,0,1667,0,0
33482,1,0,9060,0,0
33483,1,0,231,0,0
33484,0,2,0,3334,0
33485,1,1,1864,26527,0
33486,0,2,0,67992,0
33487,3,3,553886,333022,0
33488,1,0,213,0,0
33489,1,1,36148,4267,0
33490,1,0,45,0,0
33491,1,0,1025,0,0
33492,1,0,629,0,0
33493,0,2,0,4263,0
33494,0,5,0,23726,0
33495,1,0,890,0,0
33496,2,0,17070,0,0
33497,1,0,25,0,0
33498,1,0,1521,0,0
33499,0,1,0,3825,0
33500,0,1,0,46,0
33501,0,1,0,15988,0
33502,0,1,0,2204,0
33503,0,1,0,20,0
33504,0,3,0,2654,0
33505,1,1,2147,398,0
33506,0,1,0,139,0
33507,0,1,0,26,0
33508,0,1,0,805,0
33509,0,2,0,554,0
33510,1,0,426,0,0
33511,0,1,0,151,0
33512,0,1,0,6041,0
33513,0,1,0,7862,0
33514,0,1,0,5,0
33515,0,1,0,31564,0
33516,0,1,0,36041,0
33517,0,1,0,6131,0
33518,0,1,0,5315,0
33519,0,1,0,3727,0
33520,0,1,0,1287,0
33521,0,1,0,70883,0
33522,0,1,0,3930,0
33523,0,1,0,793978,0
33524,0,1,0,9873,0
33525,0,1,0,626,0
33526,0,1,0,265,0
33527,1,2,57,1711,0
33528,0,3,0,3205,0
33529,0,1,0,80,0
33530,0,1,0,17607,0
33531,0,1,0,8240,0
33532,0,1,0,174,0
33533,0,1,0,7322,0
33534,0,2,0,22695,0
33535,0,1,0,5149,0
33536,0,1,0,9184,0
33537,0,1,0,6,0
33538,0,1,0,3192,0
33539,5,10,122948,110904,0
33540,1,0,4120,0,0
33541,1,0,487,0,0
33542,0,1,0,133,0
33543,0,1,0,107642,0
33544,0,2,0,4402,0
33545,0,2,0,75239,0
33546,1,1,84521,2,0
33547,1,1,195,784,0
33548,2,1,4328,285,0
33549,1,1,489,35326,0
33550,1,2,5706,30283,0
33551,0,2,0,8830,0
33552,1,1,731,2395523,0
33553,0,1,0,11584,0
33554,0,2,0,7031,0
33555,0,2,0,18487,0
33556,0,1,0,218,0
33557,1,2,182,101457,0
33558,0,1,0,158,0
33559,1,0,1060,0,0
33560,2,0,26226,0,0
33561,1,0,21497,0,0
33562,6,5,22021,57786,0
33563,1,1,7263,155,0
33564,0,5,0,57878,0
33565,1,0,2131,0,0
33566,1,0,830,0,0
33567,1,0,3419,0,0
33568,0,1,0,3411,0
33569,2,1,30281,1,0
33570,3,1,11791,411493,0
33571,0,1,0,182,0
33572,0,1,0,54704,0
33573,0,2,0,4064,0
33574,0,1,0,20761,0
33575,0,1,0,42195,0
33576,0,1,0,12,0
33577,0,1,0,717,0
33578,0,1,0,106607,0
33579,0,1,0,1323,0
33580,0,2,0,54278,0
33581,4,4,58581,65526,0
33582,1,0,3386,0,0
33583,1,0,45229,0,0
33584,0,1,0,3717,0
33585,0,2,0,600,0
33586,0,1,0,511,0
33587,1,1,2509,128,0
33588,0,1,0,3430,0
33589,0,1,0,826,0
33590,0,2,0,457,0
33591,0,1,0,8560,0
33592,0,1,0,2323,0
33593,0,1,0,58,0
33594,0,1,0,4383,0
33595,0,1,0,2035,0
33596,0,2,0,4477,0
33597,0,1,0,600,0
33598,0,1,0,68273,0
33599,0,2,0,2736,0
33600,2,0,2765,0,0
33601,0,1,0,35080,0
33602,0,1,0,8,0
33603,0,1,0,15125,0
33604,0,1,0,16993,0
33605,0,1,0,4896,0
33606,0,1,0,539,0
33607,0,1,0,31,0
33608,0,1,0,1898,0
33609,0,1,0,4628,0
33610,0,1,0,145,0
33611,0,1,0,4904,0
33612,0,3,0,121736,0
33613,1,1,104800,5576,0
33614,0,4,0,11666,0
33615,0,1,0,603,0
33616,0,1,0,9474,0
33617,0,3,0,33849,0
33618,0,1,0,45394,0
33619,0,1,0,9194,0
33620,0,1,0,33,0
33621,0,1,0,54222,0
33622,0,2,0,14250,0
33623,0,1,0,943,0
33624,0,1,0,73,0
33625,0,1,0,875,0
33626,0,1,0,596,0
33627,0,1,0,355,0
33628,0,1,0,25956,0
33629,1,1,723,50,0
33630,0,1,0,17,0
33631,0,2,0,286,0
33632,0,1,0,4,0
33633,0,1,0,7237,0
33634,0,1,0,111,0
33635,0,1,0,7475,0
33636,0,1,0,68747,0
33637,0,1,0,755,0
33638,0,1,0,557,0
33639,0,1,0,55,0
33640,0,1,0,23551,0
33641,0,1,0,4509,0
33642,0,1,0,148,0
33643,0,2,0,1035,0
33644,0,2,0,3920369,0
33645,0,1,0,5681,0
33646,0,1,0,5058,0
33647,0,1,0,13772,0
33648,0,2,0,702912,0
33649,2,2,5279,83579,0
33650,0,1,0,565,0
33651,0,1,0,4674,0
33652,0,1,0,2930,0
33653,0,1,0,665,0
33654,0,1,0,441,0
33655,0,1,0,14492,0
33656,0,1,0,866,0
33657,0,1,0,68,0
33658,0,1,0,652,0
33659,0,1,0,1286,0
33660,0,1,0,561,0
33661,6,0,210859,0,0
33662,1,0,486,0,0
33663,2,0,2128,0,0
33664,2,7,29102,19920,0
33665,0,1,0,219,0
33666,0,1,0,6859,0
33667,0,1,0,256,0
33668,0,1,0,3224,0
33669,0,2,0,150545,0
33670,0,1,0,2195,0
33671,0,2,0,2344,0
33672,0,1,0,151,0
33673,0,2,0,3606,0
33674,0,1,0,499,0
33675,3,1,43894,2256,0
33676,0,2,0,675,0
33677,0,1,0,2423,0
33678,0,1,0,731,0
33679,0,1,0,35806,0
33680,1,1,35378,11437,0
33681,1,2,6017,12397,0
33682,4,3,33653,35441,0
33683,0,1,0,754,0
33684,0,1,0,283,0
33685,0,1,0,43,0
33686,0,1,0,5442,0
33687,0,1,0,29,0
33688,0,1,0,695,0
33689,0,1,0,200,0
33690,0,2,0,1223,0
33691,4,3,3631,183490,0
33692,0,1,0,379,0
33693,0,1,0,10785673,0
33694,0,1,0,164,0
33695,0,1,0,16483,0
33696,0,1,0,2009,0
33697,0,1,0,433,0
33698,0,1,0,22682,0
33699,0,1,0,1399,0
33700,0,1,0,61465,0
33701,0,1,0,1043,0
33702,0,3,0,6629,0
33703,6,1,5594,56090,0
33704,2,2,62554,45258,1
33705,0,1,0,16414,0
33706,0,1,0,478,0
33707,0,1,0,97482,0
33708,0,1,0,539,0
33709,0,2,0,4333,0
33710,1,0,46,0,0
33711,1,0,175,0,0
33712,1,0,952,0,0
33713,2,0,3058,0,0
33714,0,1,0,1978,0
33715,0,2,0,16289,0
33716,0,3,0,4324,0
33717,0,3,0,17461,0
33718,0,1,0,76,0
33719,0,1,0,7214,0
33720,0,1,0,71,0
33721,1,1,8814,24674,0
33722,0,1,0,1452,0
33723,0,1,0,9295,0
33724,0,1,0,5936,0
33725,0,3,0,56664,0
33726,0,2,0,1687,0
33727,0,1,0,2540,0
33728,0,1,0,523,0
33729,0,1,0,99,0
33730,0,1,0,15450,0
33731,0,2,0,28488,0
33732,0,1,0,80,0
33733,0,1,0,51,0
33734,0,1,0,12114,0
33735,0,1,0,3138,0
33736,0,2,0,468,0
33737,0,1,0,125166,0
33738,0,1,0,75904,0
33739,0,1,0,6172,0
33740,0,1,0,11812,0
33741,0,1,0,92,0
33742,0,1,0,550,0
33743,1,1,4,3,0
33744,1,0,74612,0,0
33745,1,0,9732,0,0
33746,2,0,6324,0,0
33747,1,1,18580,682,0
33748,1,1,267355,2650,0
33749,1,1,5993,470,0
33750,1,0,6499,0,0
33751,1,0,191,0,0
33752,1,0,8181,0,0
33753,1,0,3721,0,0
33754,2,2,819,499,0
33755,1,0,7511,0,0
33756,4,13,12080,455147,0
33757,1,1,915,17335,0
33758,2,2,115443,810,0
33759,1,0,106300,0,0
33760,3,1,98004,18099,0
33761,1,0,4311,0,0
33762,1,0,20775,0,0
33763,1,0,17880,0,0
33764,1,0,92001,0,0
33765,3,0,1249,0,0
33766,1,5,838,189558,0
33767,1,0,9,0,0
33768,0,4,0,43930,0
33769,1,4,22470,35145,0
33770,1,0,1012,0,0
33771,0,2,0,213797,0
33772,0,1,0,6587,0
33773,0,1,0,14900,0
33774,0,1,0,16,0
33775,0,1,0,23,0
33776,0,1,0,23011,0
33777,0,4,0,11823,0
33778,1,0,225,0,0
33779,0,3,0,22729,0
33780,1,1,20400,2063,0
33781,1,0,1291,0,0
33782,0,1,0,438,0
33783,2,0,3579,0,0
33784,0,1,0,5,0
33785,0,4,0,509682,0
33786,1,2,119,153077,0
33787,1,1,122991,25,0
33788,0,2,0,284999,0
33789,0,4,0,7640,0
33790,3,1,5185,223,0
33791,0,4,0,4881,0
33792,0,1,0,5241,0
33793,1,0,2204,0,0
33794,1,0,13624,0,0
33795,1,0,18317,0,0
33796,1,4,233,228200,1
33797,1,0,1782,0,0
33798,1,0,58,0,0
33799,0,1,0,88530,0
33800,0,2,0,5717,0
33801,0,1,0,476,0
33802,0,1,0,1349,0
33803,0,1,0,2197,0
33804,0,1,0,79,0
33805,1,1,241,3487,0
33806,0,1,0,190,0
33807,0,1,0,475,0
33808,1,1,112,245,0
33809,0,1,0,764,0
33810,0,1,0,85285,0
33811,0,1,0,4319,0
33812,0,1,0,58,0
33813,0,1,0,8703,0
33814,0,1,0,156851,0
33815,0,1,0,419,0
33816,0,1,0,16709,0
33817,0,1,0,1207,0
33818,0,1,0,23357,0
33819,0,1,0,17,0
33820,0,2,0,6060,0
33821,0,1,0,141,0
33822,0,1,0,25713,0
33823,0,1,0,12688,0
33824,0,1,0,3253,0
33825,0,3,0,216839,0
33826,3,1,7705,201,0
33827,0,1,0,1328,0
33828,0,1,0,8630,0
33829,0,1,0,168,0
33830,0,1,0,1897,0
33831,0,1,0,1860,0
33832,0,1,0,58,0
33833,0,1,0,178,0
33834,0,1,0,3232,0
33835,0,2,0,2064,0
33836,1,8,7885,85624,0
33837,1,0,58078,0,0
33838,1,1,21,105,0
33839,1,0,68,0,0
33840,1,0,1810,0,0
33841,0,1,0,2,0
33842,0,1,0,29709,0
33843,0,1,0,298644,0
33844,0,1,0,47,0
33845,0,1,0,6009,0
33846,0,1,0,2516,0
33847,0,2,0,9686,0
33848,0,1,0,168,0
33849,0,1,0,98,0
33850,0,1,0,2544,0
33851,0,1,0,79,0
33852,0,1,0,2489,0
33853,0,2,0,478457,0
33854,0,1,0,562,0
33855,0,2,0,14101,0
33856,0,2,0,483063,0
33857,0,2,0,5851,0
33858,0,1,0,11216,0
33859,0,1,0,10702,0
33860,0,1,0,5355,0
33861,0,1,0,8669,0
33862,0,2,0,1131,0
33863,0,1,0,1741,0
33864,0,1,0,749,0
33865,0,1,0,42284,0
33866,0,1,0,34,0
33867,0,1,0,700,0
33868,0,1,0,142,0
33869,0,1,0,4430,0
33870,0,1,0,18,0
33871,0,1,0,40282,0
33872,0,1,0,213,0
33873,0,1,0,23461,0
33874,0,1,0,29810,0
33875,0,1,0,698,0
33876,0,1,0,124,0
33877,0,3,0,168440,0
33878,1,0,2157,0,0
33879,0,2,0,13223,0
33880,1,1,779,3349,0
33881,0,1,0,4364,0
33882,0,1,0,1903,0
33883,0,1,0,1882,0
33884,0,1,0,206,0
33885,0,2,0,17995,0
33886,0,1,0,220,0
33887,0,1,0,3233,0
33888,0,2,0,37720,0
33889,1,0,387486,0,0
33890,1,0,1039,0,0
33891,0,1,0,10,0
33892,6,3,152420,82801,0
33893,2,0,3176,0,0
33894,1,0,1488,0,0
33895,1,0,3167,0,0
33896,2,0,351,0,0
33897,2,0,63423,0,0
33898,2,0,3064,0,0
33899,1,0,1515,0,0
33900,2,0,30840,0,0
33901,1,0,2381,0,0
33902,1,0,6961,0,0
33903,1,0,88,0,0
33904,1,0,402,0,0
33905,1,0,544,0,0
33906,1,1,80,689,0
33907,0,1,0,21,0
33908,0,1,0,87,0
33909,0,1,0,2397,0
33910,0,1,0,1449,0
33911,0,1,0,5327,0
33912,0,1,0,1402,0
33913,0,1,0,362,0
33914,0,1,0,153,0
33915,0,2,0,1496,0
33916,0,1,0,24167,0
33917,0,1,0,20472,0
33918,0,1,0,566,0
33919,1,0,178,0,0
33920,2,3,3711,53080,0
33921,3,0,9142,0,0
33922,1,1,308986,353,0
33923,2,0,2160,0,0
33924,1,0,22577,0,0
33925,2,0,122942,0,0
33926,1,0,99,0,0
33927,1,0,161,0,0
33928,2,4,1160,6723,0
33929,1,0,120,0,0
33930,2,0,7722,0,0
33931,1,0,177,0,0
33932,0,1,0,1108,0
33933,3,12,2448,53863,0
33934,1,1,356,136,0
33935,1,1,919,171,0
33936,1,0,4833,0,0
33937,1,1,6179,192,0
33938,1,1,423,399,0
33939,1,0,800,0,0
33940,1,0,6256,0,0
33941,0,1,0,74,0
33942,1,0,310,0,0
33943,2,6,474,83234,0
33944,3,5,33778,15486,0
33945,2,3,71549,25566,0
33946,9,8,299281,89336,0
33947,2,2,45486,8102,0
33948,2,0,4373,0,0
33949,1,1,28453,623,0
33950,3,1,49735,28,0
33951,1,0,28,0,0
33952,1,0,58546,0,0
33953,1,0,1472,0,0
33954,1,0,438,0,0
33955,2,0,36384,0,0
33956,3,0,74119,0,0
33957,2,1,31624,13073,0
33958,1,0,3000,0,0
33959,1,0,10742,0,0
33960,3,0,3952,0,0
33961,2,0,180,0,0
33962,1,2,4096,26319,0
33963,1,2,9407,1417,0
33964,2,0,24820,0,0
33965,2,0,7535,0,0
33966,1,0,4719,0,0
33967,1,0,1834,0,0
33968,1,0,2949,0,0
33969,1,0,877,0,0
33970,0,1,0,24142,0
33971,0,1,0,10410,0
33972,1,0,187735,0,0
33973,2,1,1280,1642,0
33974,0,1,0,491,0
33975,0,1,0,8215,0
33976,0,1,0,1693,0
33977,0,2,0,5375,0
33978,0,1,0,10975,0
33979,0,2,0,18226,0
33980,0,3,0,6790201,0
33981,0,2,0,57381,0
33982,0,1,0,357,0
33983,0,1,0,194,0
33984,0,1,0,3861,0
33985,0,1,0,537,0
33986,0,1,0,1585,0
33987,0,2,0,1272,0
33988,6,1,52138,3609,0
33989,0,2,0,1570,0
33990,1,3,305,5352,0
33991,1,2,125593,18068,0
33992,1,2,14272,975,0
33993,0,1,0,359,0
33994,1,0,20234,0,0
33995,1,1,7796,417,0
33996,1,0,30465,0,0
33997,1,0,21024,0,0
33998,1,1,394,1198,0
33999,1,0,192097,0,0
34000,1,0,10690,0,0
34001,1,0,5042,0,0
34002,1,0,40,0,0
34003,2,1,24965,1320,0
34004,2,0,3518,0,0
34005,1,0,13783,0,0
34006,2,0,5091,0,0
34007,1,0,5466,0,0
34008,1,0,12029,0,0
34009,1,0,1476,0,0
34010,1,0,167,0,0
34011,0,23,0,155139,0
34012,2,0,6354,0,0
34013,1,0,3012,0,0
34014,1,0,194,0,0
34015,1,1,41608,2924,0
34016,1,1,667,1645,0
34017,2,0,1475,0,0
34018,1,0,425,0,0
34019,1,0,12,0,0
34020,1,1,261,751,0
34021,2,1,14771,1635,0
34022,1,0,2915,0,0
34023,4,0,10881,0,0
34024,2,0,106166,0,0
34025,2,1,326,2903,0
34026,1,0,908,0,0
34027,0,1,0,14134,0
34028,0,1,0,396802,0
34029,0,1,0,0,0
34030,0,2,0,351838,0
34031,0,1,0,20,0
34032,0,1,0,281718,0
34033,0,2,0,5083,0
34034,0,2,0,4279,0
34035,0,3,0,6901,0
34036,0,2,0,63203,0
34037,0,2,0,6296,0
34038,0,2,0,85973,0
34039,0,1,0,1,0
34040,0,2,0,24883,0
34041,0,2,0,111662,0
34042,0,1,0,9053,0
34043,0,2,0,525,0
34044,0,2,0,3097,0
34045,0,2,0,10808,0
34046,1,0,56857,0,0
34047,1,0,2123,0,0
34048,0,3,0,56103,0
34049,1,0,4684,0,0
34050,1,0,18602,0,0
34051,0,2,0,655,0
34052,4,2,17491,1384,0
34053,1,0,69902,0,0
34054,1,0,87,0,0
34055,1,0,369,0,0
34056,1,0,708,0,0
34057,1,0,100444,0,0
34058,0,1,0,48,0
34059,0,1,0,1280,0
34060,0,1,0,28781,0
34061,1,3,7981,16779,0
34062,0,1,0,852,0
34063,0,2,0,8276,0
34064,0,4,0,40464,0
34065,1,0,763,0,0
34066,1,0,35798,0,0
34067,1,2,2679,145585,0
34068,0,4,0,9823,0
34069,2,3,8056,4561,0
34070,1,2,2478,5431,0
34071,1,2,2203,11862,0
34072,1,0,8884,0,0
34073,0,1,0,41,0
34074,1,6,10473,53866,0
34075,1,0,19947,0,0
34076,2,0,7980,0,0
34077,1,0,19066,0,0
34078,0,2,0,51537,0
34079,1,2,14151,12335,0
34080,1,0,12269,0,0
34081,1,1,935898,7477,0
34082,0,1,0,53904,0
34083,0,2,0,6871,0
34084,4,25,159548,1903613,0
34085,2,0,331,0,0
34086,2,1,35834,3474,0
34087,1,0,73359,0,0
34088,1,1,149,496,0
34089,1,0,5323,0,0
34090,1,1,1281,22,0
34091,1,0,6263,0,0
34092,1,0,426772,0,0
34093,1,0,239434,0,0
34094,2,0,34577,0,0
34095,1,0,129804,0,0
34096,1,0,234212,0,0
34097,1,1,415,122258,0
34098,1,2,352,100136,0
34099,1,0,827,0,0
34100,1,0,835,0,0
34101,1,0,698566,0,0
34102,1,0,557,0,0
34103,1,0,3594,0,0
34104,3,1,4599,2252,0
34105,1,0,170,0,0
34106,1,0,123,0,0
34107,0,2,0,51332,0
34108,0,3,0,112880,0
34109,1,0,50841,0,0
34110,1,1,22229,3074,0
34111,0,2,0,279,0
34112,1,0,5450,0,0
34113,1,0,2197,0,0
34114,1,0,66,0,0
34115,0,1,0,60,0
34116,0,1,0,947,0
34117,0,1,0,10913,0
34118,0,1,0,255,0
34119,0,1,0,86909,0
34120,0,1,0,9953,0
34121,0,1,0,4949,0
34122,0,1,0,5630,0
34123,0,2,0,766,0
34124,5,9,121490,254547,0
34125,0,2,0,2138,0
34126,2,11,979,14340,0
34127,0,1,0,19341,0
34128,0,3,0,148639,0
34129,2,0,7416,0,0
34130,0,3,0,21717,0
34131,0,1,0,19,0
34132,0,1,0,7312,0
34133,0,1,0,9942,0
34134,0,2,0,13481,0
34135,0,4,0,157993,0
34136,1,1,9688,158,0
34137,1,0,975,0,0
34138,1,0,31028,0,0
34139,1,0,329,0,0
34140,2,0,30240,0,0
34141,1,0,2162,0,0
34142,1,0,2612,0,0
34143,1,0,201224,0,0
34144,1,0,1895,0,0
34145,2,0,4794,0,0
34146,2,2,4292,532,0
34147,2,0,398,0,0
34148,1,0,1779,0,0
34149,1,0,104466,0,0
34150,3,4,13609,2692,0
34151,5,0,9185,0,0
34152,1,1,113,19,0
34153,2,3,315328,4516,0
34154,1,0,130208,0,0
34155,1,0,739,0,0
34156,1,0,40087,0,0
34157,0,1,0,168,0
34158,0,1,0,2059,0
34159,1,3,5478,15923,0
34160,1,1,10340,385,0
34161,1,0,3436,0,0
34162,0,1,0,243,0
34163,0,1,0,164,0
34164,0,1,0,169303,0
34165,0,1,0,162,0
34166,0,1,0,3643,0
34167,0,1,0,13084,0
34168,0,1,0,45,0
34169,8,4,611288,569,0
34170,0,2,0,2612,0
34171,0,1,0,200,0
34172,0,2,0,7418,0
34173,0,2,0,12025,0
34174,0,1,0,5949,0
34175,0,1,0,10314,0
34176,2,5,440,286610,0
34177,1,1,148,64,0
34178,1,0,280685,0,0
34179,0,2,0,689,0
34180,3,0,93447,0,0
34181,0,1,0,311,0
34182,0,1,0,88982,0
34183,0,1,0,13931,0
34184,0,1,0,564,0
34185,0,2,0,267232,0
34186,0,4,0,165117,0
34187,0,1,0,1570568,0
34188,0,1,0,14654,0
34189,1,1,1560,577285,0
34190,0,1,0,7226,0
34191,0,1,0,1994,0
34192,0,1,0,3101,0
34193,0,1,0,26,0
34194,0,2,0,2711,0
34195,0,1,0,33709,0
34196,0,1,0,10040,0
34197,0,1,0,12965,0
34198,0,5,0,23464,0
34199,1,1,132,4,0
34200,1,1,372,413,0
34201,0,1,0,699,0
34202,0,1,0,70091,0
34203,0,1,0,5253,0
34204,0,1,0,230,0
34205,0,1,0,675,0
34206,0,1,0,1309,0
34207,0,2,0,615288,0
34208,0,1,0,9784,0
34209,0,1,0,117,0
34210,0,1,0,7412,0
34211,0,1,0,518,0
34212,0,1,0,124271,0
34213,0,1,0,428,0
34214,0,1,0,361,0
34215,0,1,0,192,0
34216,0,1,0,212052,0
34217,0,1,0,73,0
34218,0,1,0,629,0
34219,0,1,0,5872,0
34220,0,1,0,2238,0
34221,0,1,0,603,0
34222,0,1,0,729,0
34223,0,1,0,22711,0
34224,0,1,0,680,0
34225,0,3,0,264978,0
34226,5,1,45420,57,0
34227,0,1,0,736,0
34228,0,2,0,720,0
34229,0,2,0,1027,0
34230,1,5,276,25109,0
34231,0,1,0,9950,0
34232,0,1,0,2873,0
34233,0,1,0,39529,0
34234,0,2,0,25732,0
34235,0,1,0,12635,0
34236,0,1,0,168,0
34237,2,7,27188,192292,0
34238,1,1,118,112,0
34239,1,0,7543,0,0
34240,1,0,17410,0,0
34241,1,0,2624,0,0
34242,1,0,134995,0,0
34243,1,0,26132,0,0
34244,0,1,0,5,0
34245,0,1,0,1124,0
34246,0,1,0,44,0
34247,0,1,0,751633,0
34248,0,1,0,210,0
34249,0,1,0,9965,0
34250,0,1,0,1167,0
34251,0,1,0,678,0
34252,0,1,0,11609,0
34253,0,1,0,117,0
34254,0,1,0,162,0
34255,0,1,0,392,0
34256,0,1,0,255,0
34257,1,3,81944,56705,0
34258,0,1,0,2312,0
34259,0,1,0,94,0
34260,0,1,0,599,0
34261,0,1,0,35,0
34262,0,1,0,279,0
34263,0,1,0,6931,0
34264,0,1,0,2864,0
34265,0,1,0,520,0
34266,0,1,0,2117864,0
34267,0,1,0,309,0
34268,0,1,0,15383,0
34269,0,1,0,51888,0
34270,0,1,0,80209,0
34271,0,1,0,144629,0
34272,0,2,0,27101,0
34273,0,1,0,65,0
34274,0,2,0,2748,0
34275,59,0,3381146,0,0
34276,0,2,0,992,0
34277,3,1,3903,678,0
34278,0,1,0,80,0
34279,0,1,0,279,0
34280,0,1,0,1895,0
34281,0,1,0,59211,0
34282,0,1,0,13520,0
34283,0,1,0,16386,0
34284,0,1,0,4497,0
34285,0,1,0,1353,0
34286,0,1,0,113,0
34287,0,1,0,20924,0
34288,0,1,0,15403,0
34289,0,1,0,243,0
34290,0,1,0,11498,0
34291,0,1,0,4173,0
34292,0,1,0,1199,0
34293,0,1,0,512,0
34294,0,1,0,3912,0
34295,0,1,0,907,0
34296,0,1,0,6092,0
34297,0,1,0,566,0
34298,0,1,0,596,0
34299,0,1,0,535,0
34300,0,1,0,4550,0
34301,0,1,0,129,0
34302,0,1,0,80,0
34303,0,1,0,2479,0
34304,0,1,0,130178,0
34305,0,1,0,426,0
34306,0,1,0,504,0
34307,0,2,0,557,0
34308,0,1,0,77032,0
34309,0,1,0,194,0
34310,0,1,0,93,0
34311,0,1,0,32,0
34312,0,1,0,32955,0
34313,0,1,0,2372,0
34314,0,1,0,323,0
34315,0,2,0,4742,0
34316,0,1,0,2422,0
34317,1,0,7283,0,0
34318,0,1,0,216,0
34319,0,1,0,19905,0
34320,0,1,0,201896,0
34321,0,1,0,9021,0
34322,0,2,0,12041,0
34323,1,1,7649,209,0
34324,0,3,0,201293,0
34325,1,1,71,83781,0
34326,1,0,189463,0,0
34327,0,1,0,3679,0
34328,1,0,1078,0,0
34329,1,0,49,0,0
34330,1,0,3198,0,0
34331,1,0,173,0,0
34332,1,0,119,0,0
34333,1,0,179481,0,0
34334,1,0,1186,0,0
34335,0,2,0,2253,0
34336,0,2,0,783,0
34337,1,2,313,12327,0
34338,2,0,11826,0,0
34339,1,1,31181,456,0
34340,0,2,0,2091,0
34341,2,0,191680,0,0
34342,0,4,0,29234,0
34343,1,0,1142,0,0
34344,1,0,190,0,0
34345,3,3,17243,37025,0
34346,1,1,56005,97,0
34347,0,3,0,11359,0
34348,1,0,390,0,0
34349,1,7,2503,50280,0
34350,1,1,33946,49046,0
34351,1,0,5310,0,0
34352,2,0,1577,0,0
34353,0,2,0,22514,0
34354,2,1,431,146,0
34355,0,6,0,124440,0
34356,1,0,37400,0,0
34357,1,0,469,0,0
34358,1,0,503,0,0
34359,1,0,658,0,0
34360,0,1,0,179,0
34361,0,1,0,1166,0
34362,2,1,34215,25,0
34363,0,2,0,1775,0
34364,0,2,0,7237,0
34365,2,0,2195,0,0
34366,1,1,355,8,0
34367,1,3,1896,5175,0
34368,1,1,106,1896,0
34369,4,4,1245,786,0
34370,2,3,159,173419,0
34371,5,3,250171,2753,0
34372,1,1,17821,1484295,0
34373,3,3,1648,119756,0
34374,1,0,341,0,0
34375,0,4,0,37532,0
34376,1,0,196,0,0
34377,1,0,35018,0,0
34378,1,0,2247,0,0
34379,1,2,18,14531,0
34380,2,1,3597,18,0
34381,0,1,0,13551,0
34382,1,1,440,127,0
34383,1,0,682937,0,0
34384,1,2,38444,5896,0
34385,2,0,673,0,0
34386,0,1,0,94719,0
34387,0,2,0,16331,0
34388,1,0,26,0,0
34389,1,0,1697,0,0
34390,1,0,11528,0,0
34391,0,2,0,5171,0
34392,0,1,0,1212,0
34393,2,0,136,0,0
34394,0,1,0,7326,0
34395,0,1,0,602,0
34396,0,1,0,277,0
34397,0,1,0,1023,0
34398,0,1,0,1178,0
34399,1,1,874,23642,0
34400,0,1,0,124,0
34401,0,1,0,13155,0
34402,0,2,0,9965,0
34403,0,1,0,36520,0
34404,0,2,0,2698,0
34405,0,2,0,678,0
34406,0,1,0,16924,0
34407,1,1,4641,397,0
34408,0,1,0,9996,0
34409,0,1,0,959,0
34410,0,1,0,567,0
34411,0,1,0,24661,0
34412,0,1,0,185,0
34413,0,1,0,1173,0
34414,0,1,0,28817,0
34415,0,1,0,1650,0
34416,0,1,0,7978,0
34417,0,2,0,394,0
34418,0,1,0,8351,0
34419,0,2,0,217112,0
34420,0,1,0,3671,0
34421,7,11,248091,711657,0
34422,2,5,65193,27111,0
34423,0,1,0,1900,0
34424,0,1,0,63976,0
34425,1,1,88,2772,0
34426,0,1,0,208,0
34427,0,1,0,10965,0
34428,0,1,0,1346,0
34429,0,1,0,1208,0
34430,0,1,0,2685,0
34431,0,2,0,39517,0
34432,0,1,0,2418,0
34433,0,1,0,187,0
34434,0,1,0,21786,0
34435,0,2,0,6782,0
34436,3,0,124151,0,0
34437,0,1,0,13184,0
34438,0,1,0,2165,0
34439,0,1,0,118,0
34440,0,1,0,68,0
34441,0,1,0,4217,0
34442,0,1,0,244,0
34443,0,2,0,2217,0
34444,0,1,0,2070,0
34445,0,1,0,439,0
34446,1,1,189309,1334,0
34447,0,1,0,8198,0
34448,0,1,0,39120,0
34449,0,1,0,935,0
34450,0,1,0,786,0
34451,0,1,0,3,0
34452,0,1,0,99808,0
34453,0,1,0,20114,0
34454,0,1,0,1631,0
34455,0,1,0,1529,0
34456,0,1,0,194154,0
34457,0,1,0,127,0
34458,0,1,0,7866,0
34459,0,1,0,2695,0
34460,0,2,0,33252,0
34461,0,1,0,435,0
34462,0,1,0,5088,0
34463,0,1,0,13122,0
34464,0,1,0,52165,0
34465,0,1,0,2053,0
34466,0,1,0,61356,0
34467,0,1,0,1086,0
34468,0,1,0,39,0
34469,0,1,0,94546,0
34470,0,1,0,5541,0
34471,0,1,0,36,0
34472,1,0,1102,0,0
34473,1,0,579,0,0
34474,0,1,0,3107,0
34475,0,1,0,29,0
34476,0,2,0,1706,0
34477,1,2,1639,653,0
34478,0,1,0,1434,0
34479,0,1,0,34320,0
34480,0,1,0,139,0
34481,0,1,0,1124,0
34482,0,1,0,589,0
34483,0,1,0,676,0
34484,0,1,0,466,0
34485,0,1,0,225799,0
34486,0,1,0,616,0
34487,0,2,0,39744,0
34488,0,1,0,3318,0
34489,0,2,0,4369,0
34490,0,1,0,6268,0
34491,0,1,0,13,0
34492,0,1,0,13482,0
34493,0,1,0,124,0
34494,0,2,0,50583,0
34495,0,2,0,3114,0
34496,0,2,0,4872,0
34497,0,2,0,962,0
34498,1,0,1041,0,0
34499,0,1,0,30242,0
34500,0,2,0,2085,0
34501,2,2,5059,12899,0
34502,0,1,0,243,0
34503,1,0,5443,0,0
34504,0,1,0,873,0
34505,0,1,0,45,0
34506,0,1,0,696,0
34507,0,1,0,1662,0
34508,0,1,0,5792,0
34509,0,1,0,78,0
34510,2,0,12842,0,0
34511,1,1,39,559,0
34512,2,0,21605,0,0
34513,1,1,3187,52703,0
34514,1,1,26,55,0
34515,2,1,2645,94966,0
34516,1,0,3725,0,0
34517,2,0,984,0,0
34518,2,0,90376,0,0
34519,1,1,13652,502,0
34520,1,0,524,0,0
34521,2,0,40772,0,0
34522,1,0,1976,0,0
34523,2,0,5524,0,0
34524,1,0,2258,0,0
34525,3,0,12924,0,0
34526,1,0,1853967,0,0
34527,2,0,40026,0,0
34528,1,0,36,0,0
34529,1,0,4366,0,0
34530,1,1,67870,2318,0
34531,1,0,163,0,0
34532,1,1,158,16018,0
34533,1,3,24900,516140,0
34534,1,1,514474,24900,0
34535,2,0,2191,0,0
34536,0,3,0,91541,0
34537,0,2,0,14817,0
34538,2,0,49845,0,0
34539,1,1,3327,595,0
34540,0,2,0,38710,0
34541,0,1,0,107,0
34542,0,1,0,182287,0
34543,0,1,0,1385,0
34544,0,1,0,2118,0
34545,0,3,0,6890,0
34546,0,1,0,9702,0
34547,0,2,0,52382,0
34548,1,1,49319,6556,0
34549,0,1,0,697,0
34550,0,1,0,1013,0
34551,0,1,0,145,0
34552,0,1,0,632,0
34553,0,1,0,6155,0
34554,0,1,0,797,0
34555,1,1,7891,341,0
34556,0,2,0,1001,0
34557,0,1,0,1300,0
34558,0,1,0,2898,0
34559,0,1,0,286,0
34560,0,1,0,140402,0
34561,0,1,0,1088,0
34562,0,1,0,660,0
34563,0,1,0,572,0
34564,0,1,0,14138,0
34565,0,1,0,167,0
34566,0,1,0,14,0
34567,0,1,0,251,0
34568,0,2,0,4530,0
34569,0,1,0,15309,0
34570,0,1,0,4294,0
34571,0,1,0,114,0
34572,0,1,0,374,0
34573,1,1,590,633,0
34574,0,1,0,45,0
34575,0,4,0,2458859,0
34576,10,5,48385,38622,0
34577,2,0,27006,0,0
34578,1,1,11033,2896,0
34579,1,0,3581,0,0
34580,2,1,5207,1219,0
34581,0,1,0,4309,0
34582,0,1,0,1428,0
34583,0,2,0,70413,0
34584,0,1,0,11250,0
34585,0,1,0,4994,0
34586,0,1,0,209,0
34587,0,1,0,88,0
34588,0,1,0,18493,0
34589,0,2,0,577,0
34590,0,2,0,1269,0
34591,0,1,0,882,0
34592,0,1,0,4330,0
34593,0,1,0,7,0
34594,0,2,0,151426,0
34595,0,1,0,12918,0
34596,0,1,0,170,0
34597,0,1,0,421,0
34598,0,1,0,473701,0
34599,0,1,0,93637,0
34600,0,1,0,2453,0
34601,0,1,0,1381,0
34602,0,1,0,3656,0
34603,0,1,0,381,0
34604,0,1,0,0,0
34605,0,1,0,4506,0
34606,0,1,0,1727,0
34607,0,1,0,579,0
34608,0,1,0,176,0
34609,0,2,0,353309,0
34610,0,1,0,1674,0
34611,0,1,0,410,0
34612,0,1,0,55138,0
34613,1,1,15,17502,0
34614,0,1,0,616,0
34615,0,1,0,1199,0
34616,0,1,0,473,0
34617,0,1,0,3193,0
34618,0,1,0,6473,0
34619,0,1,0,21038,0
34620,0,2,0,9229,0
34621,1,6,906,7229,0
34622,4,8,43941,76631,0
34623,3,1,81649,22830,0
34624,1,0,13,0,0
34625,2,0,3418,0,0
34626,1,0,311,0,0
34627,0,1,0,37215,0
34628,2,1,5303,1739,0
34629,0,1,0,345,0
34630,0,3,0,5884,0
34631,1,0,3712,0,0
34632,1,1,9736,1026,0
34633,0,1,0,336291,0
34634,0,1,0,110478,0
34635,0,1,0,191,0
34636,0,1,0,780,0
34637,0,1,0,33074,0
34638,0,1,0,6717,0
34639,0,1,0,123,0
34640,0,2,0,23706,0
34641,0,1,0,14983,0
34642,0,1,0,83101,0
34643,0,1,0,1558,0
34644,1,0,4907,0,0
34645,0,2,0,2352,0
34646,1,0,31850,0,0
34647,1,0,102705,0,0
34648,2,3,6162,63409,0
34649,1,1,454,8120,0
34650,1,0,817,0,0
34651,1,1,5446,50322,0
34652,1,2,105538,677334,0
34653,0,5,0,25201,0
34654,1,0,48,0,0
34655,2,0,42025,0,0
34656,0,3,0,1488,0
34657,1,0,812,0,0
34658,1,4,4464,979,0
34659,0,1,0,4770,0
34660,0,2,0,4179,0
34661,0,2,0,157455,0
34662,0,2,0,50553,0
34663,3,0,88469,0,0
34664,0,2,0,83,0
34665,1,0,14,0,0
34666,0,1,0,213,0
34667,1,5,1576,1080159,0
34668,4,0,28149,0,0
34669,1,0,2594,0,0
34670,2,0,657405,0,0
34671,0,3,0,4922,0
34672,1,2,264,5973,0
34673,1,0,10903,0,0
34674,2,0,89358,0,0
34675,0,1,0,1530,0
34676,0,1,0,418,0
34677,4,1,85038,67327,0
34678,0,2,0,22009,0
34679,0,4,0,2806,0
34680,1,0,526,0,0
34681,1,0,19,0,0
34682,0,6,0,83660,0
34683,1,0,48366,0,0
34684,1,0,344050,0,0
34685,1,0,9049,0,0
34686,3,3,8323,6884,0
34687,7,1,103892,700,0
34688,2,0,34140,0,0
34689,1,0,1026603,0,0
34690,1,0,17913,0,0
34691,1,0,3438,0,0
34692,1,0,873,0,0
34693,1,0,96712,0,0
34694,0,2,0,66453,0
34695,1,2,376,1446,0
34696,1,7,729,39163,0
34697,0,1,0,15,0
34698,0,1,0,51585,0
34699,2,0,3369,0,0
34700,0,1,0,13231,0
34701,2,0,93,0,0
34702,0,3,0,130551,0
34703,0,2,0,49996,0
34704,12,4,1093321,152567,0
34705,1,0,150709,0,0
34706,1,0,1583,0,0
34707,1,0,56,0,0
34708,1,2,1588,41008,0
34709,0,1,0,79,0
34710,0,1,0,1285,0
34711,0,3,0,30757,0
34712,0,1,0,1255,0
34713,0,2,0,12688,0
34714,2,0,6288,0,0
34715,2,1,26273,5597,0
34716,0,1,0,524,0
34717,0,2,0,432,0
34718,0,1,0,896,0
34719,0,1,0,44690,0
34720,0,1,0,18606,0
34721,0,2,0,739,0
34722,0,2,0,4761,0
34723,1,1,1661,68,0
34724,0,1,0,6959,0
34725,0,2,0,10998,0
34726,0,1,0,315,0
34727,0,1,0,448,0
34728,0,2,0,16245,0
34729,2,0,468,0,0
34730,0,1,0,673,0
34731,0,2,0,7280,0
34732,0,1,0,26,0
34733,1,1,354,266,0
34734,8,1,1824296,2208,0
34735,4,2,83153,51592,0
34736,2,0,226,0,0
34737,0,2,0,10588,0
34738,0,2,0,21232,0
34739,0,1,0,165185,0
34740,0,2,0,249,0
34741,0,1,0,607,0
34742,0,3,0,410,0
34743,0,2,0,26963,0
34744,0,2,0,5764,0
34745,0,2,0,30647,0
34746,0,2,0,20485,0
34747,0,2,0,48175,0
34748,0,1,0,5541,0
34749,0,2,0,7718,0
34750,4,7,15290,1439401,0
34751,2,0,326,0,0
34752,1,0,5353,0,0
34753,1,1,25414,79468,1
34754,1,0,18139,0,0
34755,1,0,7861,0,0
34756,1,0,150,0,0
34757,1,0,39610,0,0
34758,1,1,2775,14614,0
34759,0,2,0,45712,0
34760,0,1,0,6703,0
34761,0,1,0,3321,0
34762,0,1,0,6566,0
34763,0,1,0,37352,0
34764,0,1,0,2450,0
34765,0,1,0,12643,0
34766,0,1,0,948,0
34767,0,1,0,53,0
34768,0,1,0,40624,0
34769,0,1,0,322009,0
34770,0,1,0,27455,0
34771,0,1,0,121,0
34772,0,1,0,452,0
34773,0,1,0,259,0
34774,0,1,0,263,0
34775,0,1,0,312,0
34776,0,1,0,1471,0
34777,0,2,0,378220,0
34778,0,1,0,3241,0
34779,0,1,0,2131,0
34780,0,1,0,775,0
34781,0,3,0,5888,0
34782,1,0,5765,0,0
34783,1,0,114,0,0
34784,0,1,0,99,0
34785,1,0,963,0,0
34786,1,0,22640,0,0
34787,3,0,2320,0,0
34788,0,1,0,51796,0
34789,0,1,0,24,0
34790,0,1,0,1808,0
34791,0,2,0,5975,0
34792,0,2,0,358087,0
34793,2,24,76827,674017,0
34794,1,0,145372,0,0
34795,1,0,4587,0,0
34796,1,0,12575,0,0
34797,1,0,13073,0,0
34798,1,1,12486,42763,0
34799,1,1,72241,7569,0
34800,1,0,89,0,0
34801,1,0,9616,0,0
34802,1,0,499,0,0
34803,1,0,1193,0,0
34804,1,0,122,0,0
34805,1,0,371,0,0
34806,1,0,8211,0,0
34807,1,0,4586,0,0
34808,1,0,43692,0,0
34809,1,0,75961,0,0
34810,1,0,12,0,0
34811,1,0,5,0,0
34812,1,0,674,0,0
34813,0,3,0,103974,0
34814,2,3,13129,9565,0
34815,1,1,94093,599,0
34816,0,4,0,439945,0
34817,1,0,4740,0,0
34818,1,0,434539,0,0
34819,0,1,0,34064,0
34820,0,3,0,43405,0
34821,1,0,1816,0,0
34822,0,1,0,10,0
34823,1,11,831,136822,0
34824,0,4,0,122510,0
34825,0,1,0,1519,0
34826,5,0,7624,0,0
34827,0,1,0,851,0
34828,0,1,0,5,0
34829,0,1,0,6366,0
34830,0,1,0,230,0
34831,0,2,0,1081,0
34832,0,2,0,12308,0
34833,1,1,1543,2024,0
34834,1,5,717,58609,0
34835,1,0,54869,0,0
34836,1,1,12698,717,0
34837,1,1,1729,1635,0
34838,1,0,273,0,0
34839,1,0,14368,0,0
34840,1,0,12,0,0
34841,1,0,1454,0,0
34842,1,0,803,0,0
34843,1,1,680,3545,0
34844,1,0,148135,0,0
34845,4,12,24588,219420,0
34846,1,4,398,38695,0
34847,1,1,308,54555,0
34848,0,3,0,1658,0
34849,0,5,0,30613,0
34850,1,0,8152,0,0
34851,2,0,15278,0,0
34852,1,0,25393,0,0
34853,4,70,21376,2608432,0
34854,2,0,7687,0,0
34855,1,0,279,0,0
34856,1,0,312707,0,0
34857,1,0,16302,0,0
34858,1,0,57,0,0
34859,1,0,15018,0,0
34860,1,0,10882,0,0
34861,1,0,6012,0,0
34862,1,0,292,0,0
34863,1,0,3017,0,0
34864,1,0,11123,0,0
34865,1,0,149,0,0
34866,1,0,587,0,0
34867,1,0,1149,0,0
34868,1,0,22556,0,0
34869,1,0,442833,0,0
34870,1,0,57,0,0
34871,1,0,49,0,0
34872,1,0,2167,0,0
34873,1,0,1184,0,0
34874,1,0,1903,0,0
34875,2,0,12108,0,0
34876,1,0,8503,0,0
34877,1,0,6799,0,0
34878,1,1,401472,50101,0
34879,1,0,5391,0,0
34880,1,0,25229,0,0
34881,1,0,12434,0,0
34882,1,0,146241,0,0
34883,1,0,36177,0,0
34884,1,0,2422,0,0
34885,1,0,10653,0,0
34886,2,0,297,0,0
34887,1,0,707383,0,0
34888,1,0,88731,0,0
34889,1,0,91,0,0
34890,1,0,2488,0,0
34891,1,0,592,0,0
34892,1,0,25,0,0
34893,1,0,23259,0,0
34894,1,0,504,0,0
34895,1,0,85,0,0
34896,1,0,7301,0,0
34897,1,0,4872,0,0
34898,1,0,32653,0,0
34899,1,0,469,0,0
34900,1,0,478,0,0
34901,1,0,8756,0,0
34902,1,0,116292,0,0
34903,1,0,15606,0,0
34904,1,0,319,0,0
34905,1,0,390,0,0
34906,1,0,17379,0,0
34907,1,0,6176,0,0
34908,1,0,2171,0,0
34909,1,0,2,0,0
34910,1,0,83,0,0
34911,1,0,575,0,0
34912,1,0,14,0,0
34913,1,0,9726,0,0
34914,1,0,6756,0,0
34915,1,0,263,0,0
34916,1,0,19543,0,0
34917,1,0,728,0,0
34918,1,1,1059,91198,0
34919,1,3,1627,9839153,0
34920,1,0,257,0,0
34921,1,1,9838841,1057,0
34922,0,9,0,46352,0
34923,5,8,12852,57093,0
34924,1,0,1607,0,0
34925,1,1,51,283,0
34926,0,1,0,858,0
34927,0,1,0,8509,0
34928,1,1,13116,98,0
34929,1,0,141,0,0
34930,1,0,6766,0,0
34931,1,0,27902,0,0
34932,1,0,334,0,0
34933,0,4,0,18509,0
34934,0,2,0,36,0
34935,4,2,1599304,346819,0
34936,1,0,4409,0,0
34937,1,0,7637,0,0
34938,1,0,26909,0,0
34939,0,2,0,161714,0
34940,4,11,1157,48541,0
34941,1,0,14488,0,0
34942,1,1,1733,33286,0
34943,1,1,1022,111,0
34944,1,3,8383,119910,0
34945,1,0,1938,0,0
34946,1,1,2251,269,0
34947,1,0,2618,0,0
34948,1,0,2658,0,0
34949,4,8,31130,267964,0
34950,2,4,8392,43168,0
34951,2,2,526,7226,0
34952,1,0,7277,0,0
34953,2,3,200206,14272,0
34954,2,1,241,543719,0
34955,0,1,0,13,0
34956,2,0,175630,0,0
34957,1,0,28865,0,0
34958,1,0,60,0,0
34959,1,0,394,0,0
34960,0,2,0,39500,0
34961,7,0,139079,0,0
34962,2,8,7549,38451,0
34963,2,0,1362,0,0
34964,1,0,1,0,0
34965,1,0,10244,0,0
34966,0,2,0,1393,0
34967,1,0,1095,0,0
34968,0,4,0,144200,0
34969,1,1,127541,112823,0
34970,1,1,3491,3892,0
34971,0,7,0,1119492,0
34972,1,0,1022667,0,0
34973,1,0,95935,0,0
34974,1,1,114158,361,0
34975,3,3,88137,61385,0
34976,1,0,44,0,0
34977,0,5,0,23389,0
34978,2,0,2281,0,0
34979,1,0,30307,0,0
34980,4,1,53908,8886,0
34981,0,3,0,999,0
34982,1,0,189,0,0
34983,0,4,0,248762,0
34984,1,0,1778,0,0
34985,2,0,352243,0,0
34986,1,0,2139375,0,0
34987,0,2,0,10339,0
34988,0,1,0,656,0
34989,0,1,0,40,0
34990,0,1,0,10392,0
34991,0,1,0,338,0
34992,0,1,0,4,0
34993,0,1,0,712,0
34994,0,1,0,10849,0
34995,0,4,0,19199,0
34996,1,1,511,3933,0
34997,0,1,0,188,0
34998,0,1,0,34052,0
34999,0,1,0,3742,0
35000,0,1,0,103481,0
35001,0,1,0,466,0
35002,0,1,0,3680,0
35003,0,1,0,309906,0
35004,0,1,0,119,0
35005,0,6,0,8945,0
35006,1,2,234,11132,0
35007,2,0,1699,0,0
35008,3,14,263,86467,0
35009,0,1,0,3,0
35010,0,2,0,10000,0
35011,2,0,834,0,0
35012,0,1,0,38099,0
35013,0,1,0,9,0
35014,0,1,0,23169,0
35015,0,1,0,1202,0
35016,0,1,0,11776,0
35017,0,1,0,45,0
35018,1,2,12913,100330,0
35019,0,1,0,97132,0
35020,0,1,0,34,0
35021,0,1,0,305,0
35022,0,1,0,4824,0
35023,0,1,0,1432,0
35024,0,1,0,1298,0
35025,1,1,60574,89835,0
35026,0,1,0,28132,0
35027,0,1,0,5549,0
35028,0,1,0,4198,0
35029,0,1,0,2123565,0
35030,0,1,0,367,0
35031,0,1,0,915,0
35032,0,1,0,4462,0
35033,0,1,0,33141,0
35034,0,1,0,1073,0
35035,0,1,0,434,0
35036,0,1,0,1608,0
35037,0,1,0,2631,0
35038,0,1,0,79,0
35039,0,1,0,2751,0
35040,0,1,0,736,0
35041,0,2,0,127550,0
35042,2,10,35967,316714,0
35043,0,1,0,387,0
35044,0,1,0,20417,0
35045,0,1,0,78444,0
35046,0,2,0,49088,0
35047,0,2,0,96058,0
35048,0,1,0,257127,0
35049,0,2,0,298772,0
35050,1,1,34916,3534,0
35051,0,1,0,5,0
35052,0,1,0,613,0
35053,5,6,5498,379385,0
35054,1,1,1240,6882,0
35055,0,1,0,599,0
35056,1,0,294,0,0
35057,0,1,0,331,0
35058,3,4,2177,406253,0
35059,1,0,110627,0,0
35060,2,0,821,0,0
35061,1,0,1462,0,0
35062,1,0,255,0,0
35063,1,0,690,0,0
35064,0,1,0,1533,0
35065,0,1,0,65,0
35066,0,1,0,579,0
35067,0,5,0,24298,0
35068,2,0,150776,0,0
35069,1,0,385,0,0
35070,0,2,0,30431,0
35071,1,0,3470,0,0
35072,1,0,78101,0,0
35073,1,0,46,0,0
35074,1,0,24491,0,0
35075,0,1,0,1324,0
35076,0,1,0,494,0
35077,0,1,0,27,0
35078,0,1,0,951,0
35079,2,0,387,0,0
35080,2,0,7885,0,0
35081,0,2,0,47794,0
35082,2,1,332,908,0
35083,0,2,0,5643,0
35084,1,1,140,443083,0
35085,0,1,0,849,0
35086,0,1,0,4577,0
35087,0,1,0,122410,0
35088,0,1,0,66907,0
35089,0,1,0,1334,0
35090,0,2,0,5345,0
35091,0,1,0,2845,0
35092,0,1,0,108,0
35093,0,1,0,12343,0
35094,0,1,0,251,0
35095,0,1,0,87476,0
35096,0,1,0,7224,0
35097,0,1,0,10196,0
35098,0,1,0,46974,0
35099,0,1,0,61215,0
35100,1,2,3093,3678,0
35101,0,2,0,1201,0
35102,0,2,0,1067,0
35103,1,0,4218,0,0
35104,0,2,0,193550,0
35105,3,2,193346,16515,0
35106,1,1,5031,172,0
35107,2,3,876,13630,0
35108,1,0,8302,0,0
35109,0,1,0,630,0
35110,0,1,0,191079,0
35111,0,1,0,1865,0
35112,0,1,0,271,0
35113,1,1,190,932,0
35114,0,1,0,89,0
35115,0,1,0,300,0
35116,1,0,1231,0,0
35117,0,1,0,6599,0
35118,1,0,2502,0,0
35119,0,1,0,71191,0
35120,0,1,0,93,0
35121,0,1,0,10653,0
35122,0,1,0,1055,0
35123,0,1,0,5187,0
35124,0,1,0,5021,0
35125,0,1,0,3084,0
35126,0,1,0,20256,0
35127,0,2,0,86474,0
35128,0,1,0,1343,0
35129,0,1,0,50609,0
35130,0,1,0,11408,0
35131,1,1,6198,1044,0
35132,0,1,0,10209,0
35133,1,0,21,0,0
35134,0,1,0,31,0
35135,1,0,5997,0,0
35136,0,1,0,543215,0
35137,0,1,0,22830,0
35138,0,8,0,577858,0
35139,2,0,1502,0,0
35140,1,0,6681,0,0
35141,1,0,556,0,0
35142,1,0,449342,0,0
35143,3,0,13125,0,0
35144,1,1,97103,15711,0
35145,0,3,0,2418,0
35146,1,0,67,0,0
35147,1,17,4364,554642,0
35148,1,0,16231,0,0
35149,1,0,24,0,0
35150,2,0,2764,0,0
35151,1,0,14,0,0
35152,1,0,14372,0,0
35153,1,0,3479,0,0
35154,1,0,304,0,0
35155,1,0,102,0,0
35156,1,0,9529,0,0
35157,3,0,10412,0,0
35158,0,1,0,223,0
35159,0,1,0,114,0
35160,0,3,0,6240,0
35161,1,0,4361,0,0
35162,0,1,0,21307,0
35163,0,2,0,18351,0
35164,0,1,0,1387,0
35165,0,1,0,1346042,0
35166,0,1,0,2945,0
35167,0,1,0,1401,0
35168,0,2,0,22379,0
35169,0,2,0,9600,0
35170,0,1,0,86377,0
35171,0,1,0,9722,0
35172,0,2,0,10785,0
35173,0,2,0,4330,0
35174,0,2,0,53274,0
35175,0,1,0,312,0
35176,0,1,0,12502,0
35177,0,1,0,588,0
35178,0,1,0,0,0
35179,0,1,0,230,0
35180,0,1,0,2631,0
35181,0,1,0,239,0
35182,0,1,0,439,0
35183,0,1,0,0,0
35184,0,1,0,1009,0
35185,0,1,0,6066,0
35186,0,1,0,5737,0
35187,0,1,0,8293,0
35188,0,1,0,20488,0
35189,0,2,0,8265,0
35190,0,2,0,111,0
35191,0,1,0,4283,0
35192,0,1,0,489943,0
35193,0,1,0,51941,0
35194,1,1,580,13695,0
35195,0,2,0,86051,0
35196,0,2,0,39743,0
35197,13,2,1429537,1490,0
35198,5,3,50827,54783,0
35199,0,1,0,2559,0
35200,0,1,0,1083,0
35201,0,2,0,8937,0
35202,0,1,0,1298,0
35203,0,1,0,473,0
35204,0,1,0,16191,0
35205,0,1,0,3426,0
35206,0,1,0,1604,0
35207,0,1,0,85438,0
35208,0,1,0,480,0
35209,0,1,0,1081,0
35210,0,2,0,126767,0
35211,0,1,0,5648,0
35212,0,1,0,29,0
35213,0,1,0,274,0
35214,0,1,0,1487,0
35215,0,1,0,5011,0
35216,0,1,0,2473,0
35217,0,1,0,72,0
35218,0,2,0,39562,0
35219,0,2,0,4765,0
35220,0,1,0,19883,0
35221,0,1,0,8626,0
35222,0,1,0,1907,0
35223,0,1,0,26946,0
35224,0,1,0,40,0
35225,0,1,0,6867,0
35226,0,1,0,40,0
35227,0,3,0,11648,0
35228,0,1,0,1344,0
35229,0,2,0,4924,0
35230,0,1,0,12857,0
35231,0,1,0,10353,0
35232,0,2,0,7458,0
35233,0,1,0,1756,0
35234,0,1,0,225,0
35235,0,2,0,25624,0
35236,0,2,0,65802,0
35237,0,1,0,617,0
35238,0,1,0,449,0
35239,0,1,0,4116,0
35240,0,1,0,176,0
35241,0,1,0,435,0
35242,0,2,0,22324,0
35243,2,1,28686,4321,0
35244,0,1,0,2319,0
35245,0,1,0,3074,0
35246,0,1,0,400,0
35247,0,1,0,36245,0
35248,0,1,0,1132,0
35249,0,1,0,1645,0
35250,0,1,0,20796,0
35251,0,2,0,207703,0
35252,0,1,0,3587,0
35253,1,1,348,2528,0
35254,0,1,0,13541,0
35255,0,1,0,985,0
35256,0,1,0,366758,0
35257,0,1,0,246,0
35258,0,1,0,444,0
35259,0,1,0,52159,0
35260,0,1,0,12053,0
35261,0,1,0,18,0
35262,0,1,0,25065,0
35263,0,1,0,4994,0
35264,0,1,0,10356,0
35265,0,1,0,2361,0
35266,0,1,0,401,0
35267,0,1,0,4116,0
35268,0,1,0,8562,0
35269,0,1,0,174,0
35270,0,1,0,28,0
35271,0,1,0,1637,0
35272,0,1,0,1213,0
35273,0,1,0,5379,0
35274,0,1,0,949,0
35275,0,1,0,124368,0
35276,0,1,0,1926,0
35277,0,2,0,46937,0
35278,0,1,0,61019,0
35279,0,1,0,9588,0
35280,0,1,0,987,0
35281,0,1,0,1361,0
35282,0,1,0,1592,0
35283,0,1,0,383,0
35284,0,1,0,11234,0
35285,0,1,0,650,0
35286,0,1,0,805,0
35287,0,1,0,14407,0
35288,0,1,0,115932,0
35289,0,1,0,6851,0
35290,0,1,0,1727,0
35291,0,1,0,7095,0
35292,0,3,0,51653,0
35293,0,2,0,12423,0
35294,0,1,0,3668,0
35295,0,1,0,8395,0
35296,0,1,0,253,0
35297,0,1,0,157,0
35298,0,1,0,2518,0
35299,0,1,0,13732,0
35300,0,1,0,42609,0
35301,0,2,0,904,0
35302,0,1,0,3115,0
35303,0,2,0,1960,0
35304,0,1,0,3938,0
35305,0,1,0,15724,0
35306,0,1,0,812,0
35307,1,1,1744,1854,0
35308,0,1,0,9155,0
35309,0,1,0,101,0
35310,0,1,0,389,0
35311,0,2,0,14194,0
35312,1,0,40,0,0
35313,1,0,12642,0,0
35314,2,0,92,0,0
35315,1,0,186,0,0
35316,1,1,55,378,0
35317,2,4,5488,25330,0
35318,0,1,0,274,0
35319,0,2,0,3114,0
35320,1,0,110,0,0
35321,1,3,1898,17812,0
35322,1,0,4451,0,0
35323,0,4,0,7309,0
35324,2,0,6539,0,0
35325,3,0,5648,0,0
35326,0,1,0,4513,0
35327,0,1,0,2753,0
35328,0,1,0,59,0
35329,1,1,74263,3557,0
35330,0,2,0,4453,0
35331,2,6,45607,112688,0
35332,0,2,0,11535,0
35333,0,1,0,3626,0
35334,0,3,0,1123,0
35335,2,6,2304,223042,0
35336,1,1,334,280,0
35337,0,2,0,53340,0
35338,0,1,0,35,0
35339,0,1,0,3618,0
35340,0,2,0,23153,0
35341,0,1,0,134,0
35342,0,1,0,6,0
35343,1,4,255,54440,0
35344,2,0,63466,0,0
35345,1,0,375,0,0
35346,0,1,0,389,0
35347,0,4,0,2392,0
35348,1,3,199,128911,0
35349,1,0,4043,0,0
35350,1,6,1148,27366,0
35351,3,3,179111,16416,0
35352,3,3,16380,6802,0
35353,1,0,23,0,0
35354,1,0,13612,0,0
35355,0,4,0,76763,0
35356,1,0,29554,0,0
35357,1,0,11876,0,0
35358,7,7,28638,28979,0
35359,1,0,5356,0,0
35360,1,0,200,0,0
35361,0,7,0,209673,0
35362,1,0,27,0,0
35363,2,0,5862,0,0
35364,1,0,198078,0,0
35365,1,4,50055,15348,0
35366,2,1,4700,40654,0
35367,1,0,64,0,0
35368,1,0,4085,0,0
35369,2,7,59171,90759,0
35370,1,0,238,0,0
35371,2,0,1364,0,0
35372,1,0,1656,0,0
35373,1,1,15367,103,0
35374,1,4,497,62019,0
35375,0,1,0,59068,0
35376,0,2,0,35365,0
35377,2,0,123558,0,0
35378,0,2,0,24803,0
35379,0,1,0,77416,0
35380,0,1,0,9949,0
35381,0,1,0,4582,0
35382,0,1,0,5626,0
35383,0,1,0,244,0
35384,0,1,0,1378,0
35385,0,1,0,3924,0
35386,0,1,0,144370,0
35387,0,1,0,5133,0
35388,0,1,0,8964,0
35389,0,1,0,769,0
35390,0,1,0,33607,0
35391,0,1,0,101,0
35392,0,1,0,31702,0
35393,0,1,0,11699,0
35394,0,1,0,78526,0
35395,0,1,0,88104,0
35396,0,1,0,162237,0
35397,0,1,0,8606,0
35398,0,1,0,1776,0
35399,0,1,0,8182,0
35400,0,1,0,317,0
35401,0,1,0,16197,0
35402,0,1,0,102860,0
35403,2,3,1257,168060,0
35404,1,0,429,0,0
35405,1,0,12463,0,0
35406,1,0,2997,0,0
35407,1,0,28083,0,0
35408,0,1,0,67,0
35409,0,1,0,19725,0
35410,1,2,2065,2126,0
35411,0,2,0,193667,0
35412,0,2,0,11665842,0
35413,0,1,0,61356,0
35414,0,1,0,249,0
35415,0,1,0,450,0
35416,0,2,0,945,0
35417,0,1,0,2562,0
35418,0,1,0,918,0
35419,0,1,0,85,0
35420,0,1,0,4326,0
35421,0,1,0,4920,0
35422,0,1,0,10562,0
35423,0,1,0,444,0
35424,0,3,0,14424,0
35425,0,1,0,3099,0
35426,0,1,0,1514,0
35427,0,1,0,82,0
35428,0,1,0,1242,0
35429,0,1,0,8467,0
35430,0,1,0,9072,0
35431,1,1,39181,741,0
35432,0,2,0,92643,0
35433,2,0,18542,0,0
35434,0,2,0,80739,0
35435,5,5,379489,84184,0
35436,0,2,0,3552,0
35437,4,1,3452,1598,0
35438,0,1,0,19379,0
35439,0,1,0,219555,0
35440,2,0,6765,0,0
35441,1,5,4154,134535,0
35442,2,0,2529,0,0
35443,1,0,390,0,0
35444,1,0,820,0,0
35445,1,1,2934,1147,0
35446,1,0,7713,0,0
35447,0,12,0,276537,0
35448,1,0,34502,0,0
35449,1,0,1606,0,0
35450,2,0,103147,0,0
35451,1,0,110,0,0
35452,1,0,12220,0,0
35453,1,0,4483,0,0
35454,0,2,0,7617,0
35455,3,1,19731,53630,0
35456,0,3,0,3217,0
35457,2,2,55475,1223,0
35458,0,1,0,11065,0
35459,2,0,2294,0,0
35460,0,1,0,8,0
35461,0,1,0,8424,0
35462,0,1,0,1333,0
35463,0,1,0,12406,0
35464,2,0,45832,0,0
35465,14,16,51008,963288,0
35466,1,0,43498,0,0
35467,1,0,5734,0,0
35468,1,0,16419,0,0
35469,1,0,10844,0,0
35470,1,0,46,0,0
35471,1,0,6547,0,0
35472,1,0,1627,0,0
35473,1,0,360,0,0
35474,2,2,3958,6172,0
35475,1,0,1266,0,0
35476,1,3,15933,4335,0
35477,1,3,870,3924,0
35478,1,0,64680,0,0
35479,1,0,25,0,0
35480,0,1,0,24640,0
35481,1,0,29,0,0
35482,1,0,93813,0,0
35483,1,0,1433,0,0
35484,0,3,0,28608,0
35485,2,0,293975,0,0
35486,1,1,61,12598,0
35487,0,5,0,11115,0
35488,1,0,6923,0,0
35489,1,0,1042,0,0
35490,1,0,99,0,0
35491,0,2,0,3483,0
35492,0,1,0,125,0
35493,5,3,39719,47617,0
35494,1,0,2289,0,0
35495,1,2,2210,4884,0
35496,1,2,2122,9400,0
35497,1,1,11988,1158,0
35498,0,1,0,11988,0
35499,0,1,0,3532,0
35500,0,1,0,21219,0
35501,0,1,0,21980,0
35502,0,1,0,175234,0
35503,0,1,0,23008,0
35504,0,1,0,102214,0
35505,0,2,0,4790,0
35506,0,2,0,6661,0
35507,0,1,0,22879,0
35508,0,1,0,123858,0
35509,0,1,0,154,0
35510,0,1,0,64448,0
35511,0,1,0,287353,0
35512,0,1,0,415,0
35513,0,1,0,15293,0
35514,0,1,0,313,0
35515,0,1,0,11325,0
35516,0,1,0,172,0
35517,0,2,0,45780,0
35518,2,2,38033,19993,0
35519,0,1,0,12200,0
35520,0,2,0,79681,0
35521,0,1,0,885,0
35522,0,1,0,6937,0
35523,0,1,0,3787,0
35524,0,1,0,59,0
35525,0,1,0,502,0
35526,0,1,0,1383,0
35527,0,1,0,2416,0
35528,0,1,0,489,0
35529,0,2,0,5894,0
35530,2,0,987,0,0
35531,2,0,47512,0,0
35532,0,1,0,164,0
35533,0,1,0,9560,0
35534,0,1,0,4794,0
35535,0,1,0,5471,0
35536,0,2,0,4525,0
35537,0,1,0,3477,0
35538,0,1,0,288,0
35539,0,1,0,1075,0
35540,0,1,0,1547,0
35541,0,2,0,5129,0
35542,0,1,0,3356857,0
35543,0,1,0,162,0
35544,0,1,0,17795,0
35545,0,1,0,3078,0
35546,0,1,0,93,0
35547,0,2,0,10682,0
35548,0,1,0,153,0
35549,0,1,0,6410,0
35550,1,1,1732,211,0
35551,0,1,0,735,0
35552,0,1,0,54058,0
35553,0,1,0,63,0
35554,0,1,0,3059,0
35555,0,1,0,8867,0
35556,0,1,0,97,0
35557,0,1,0,8127,0
35558,0,2,0,12738,0
35559,0,1,0,17303,0
35560,0,1,0,2535,0
35561,0,1,0,5761,0
35562,0,1,0,1739,0
35563,0,1,0,2,0
35564,0,1,0,33552,0
35565,0,1,0,511,0
35566,0,1,0,1375,0
35567,0,1,0,5149,0
35568,0,1,0,657,0
35569,0,1,0,3291,0
35570,0,1,0,1079,0
35571,0,1,0,2447,0
35572,0,1,0,5707,0
35573,0,1,0,317,0
35574,0,1,0,1654,0
35575,0,1,0,125,0
35576,0,1,0,3719,0
35577,1,1,1059,23620,0
35578,0,1,0,9666,0
35579,0,1,0,7608,0
35580,0,2,0,37477,0
35581,0,3,0,1161,0
35582,2,0,2006,0,0
35583,0,1,0,1521,0
35584,0,1,0,333,0
35585,0,1,0,206,0
35586,0,1,0,61,0
35587,0,2,0,2966,0
35588,4,0,16128,0,0
35589,0,1,0,34,0
35590,0,1,0,4,0
35591,0,1,0,2516,0
35592,0,1,0,3696,0
35593,0,1,0,956,0
35594,0,1,0,16290,0
35595,0,1,0,7305,0
35596,0,2,0,72333,0
35597,0,1,0,306,0
35598,0,1,0,405,0
35599,0,1,0,2135,0
35600,0,1,0,2411,0
35601,0,1,0,3632,0
35602,0,2,0,53183,0
35603,0,1,0,8240,0
35604,0,1,0,16,0
35605,0,1,0,40875,0
35606,0,1,0,411,0
35607,0,1,0,950,0
35608,0,1,0,38625,0
35609,0,1,0,505,0
35610,0,1,0,4108,0
35611,0,1,0,214,0
35612,0,1,0,5565,0
35613,0,1,0,4916,0
35614,0,1,0,30929,0
35615,0,1,0,2270,0
35616,0,1,0,2951,0
35617,0,1,0,3202,0
35618,0,1,0,311,0
35619,0,1,0,668781,0
35620,0,2,0,114134,0
35621,0,2,0,29016,0
35622,0,1,0,317515,0
35623,0,1,0,56591,0
35624,0,8,0,360002,0
35625,1,0,599,0,0
35626,0,3,0,906,0
35627,9,6,326325,166311,0
35628,1,0,209434,0,0
35629,0,2,0,3311,0
35630,1,0,1572,0,0
35631,0,4,0,1454083,0
35632,1,0,77,0,0
35633,1,0,31762,0,0
35634,4,4,36103,10174,0
35635,0,3,0,7487,0
35636,1,0,763,0,0
35637,0,3,0,11445,0
35638,2,1,1136,1536,0
35639,1,0,10604,0,0
35640,3,2,11075,22812,0
35641,0,5,0,77109,0
35642,2,0,5627,0,0
35643,2,0,379712,0,0
35644,1,0,63,0,0
35645,0,2,0,425,0
35646,2,0,154,0,0
35647,0,8,0,52324,0
35648,1,0,2505,0,0
35649,1,0,276,0,0
35650,1,0,53,0,0
35651,1,0,621,0,0
35652,0,1,0,50389,0
35653,0,1,0,2069,0
35654,0,1,0,2106,0
35655,0,1,0,37,0
35656,0,2,0,16316,0
35657,0,1,0,49,0
35658,0,1,0,547,0
35659,1,1,101197,1090,0
35660,0,1,0,101197,0
35661,0,3,0,15300,0
35662,1,0,214,0,0
35663,2,0,13463,0,0
35664,0,4,0,63556,0
35665,1,0,25228,0,0
35666,1,0,1091,0,0
35667,1,0,2608,0,0
35668,1,0,109,0,0
35669,1,1,3784,479,0
35670,0,6,0,67864,0
35671,1,2,5334,461,0
35672,1,6,1543,146575,0
35673,1,0,12824,0,0
35674,1,0,58322,0,0
35675,1,1,4,5121,0
35676,8,1,144529,14,0
35677,1,0,347,0,0
35678,0,1,0,150,0
35679,0,1,0,17674,0
35680,0,1,0,1617,0
35681,0,1,0,193,0
35682,0,1,0,44,0
35683,3,2,8378,6551,0
35684,0,1,0,197693,0
35685,0,1,0,3983,0
35686,0,1,0,36821,0
35687,0,1,0,2146,0
35688,0,1,0,17196,0
35689,0,1,0,2087,0
35690,0,1,0,103,0
35691,0,1,0,495,0
35692,0,2,0,13706,0
35693,0,1,0,44,0
35694,0,1,0,102,0
35695,0,1,0,43,0
35696,1,1,1601,339578,0
35697,0,1,0,222,0
35698,0,1,0,1668,0
35699,0,2,0,62897,0
35700,0,1,0,22522,0
35701,0,1,0,23924,0
35702,1,2,1740,8007,0
35703,2,0,1696,0,0
35704,2,0,50411,0,0
35705,1,0,6039,0,0
35706,0,1,0,169,0
35707,0,1,0,1085,0
35708,0,1,0,467,0
35709,0,1,0,1190,0
35710,0,4,0,4289,0
35711,0,2,0,25539,0
35712,0,1,0,5012,0
35713,0,1,0,4860,0
35714,0,1,0,27921,0
35715,0,2,0,52065,0
35716,0,2,0,115713,0
35717,0,1,0,14,0
35718,0,1,0,54,0
35719,1,2,20977,10716,0
35720,0,2,0,41043,0
35721,1,1,2780,165,0
35722,0,1,0,192,0
35723,0,2,0,1141,0
35724,0,1,0,178,0
35725,0,1,0,82,0
35726,1,1,5248,4644,0
35727,0,1,0,108,0
35728,0,1,0,2004,0
35729,0,1,0,4023,0
35730,0,2,0,562,0
35731,0,1,0,16,0
35732,0,1,0,36912,0
35733,0,1,0,211,0
35734,0,2,0,463,0
35735,0,1,0,22807,0
35736,0,2,0,6635,0
35737,0,1,0,235,0
35738,0,1,0,337396,0
35739,0,1,0,395,0
35740,0,1,0,33115,0
35741,0,1,0,4681,0
35742,0,1,0,1522,0
35743,0,1,0,409,0
35744,0,1,0,464,0
35745,0,1,0,62712,0
35746,0,1,0,277,0
35747,0,1,0,616,0
35748,2,0,9826,0,0
35749,0,1,0,42264,0
35750,0,2,0,24858,0
35751,0,1,0,45,0
35752,0,2,0,197,0
35753,0,1,0,51,0
35754,0,1,0,464,0
35755,0,1,0,182,0
35756,0,1,0,12396,0
35757,0,1,0,59260,0
35758,0,1,0,4353,0
35759,1,0,31935,0,0
35760,1,0,743,0,0
35761,0,1,0,11108,0
35762,0,1,0,7960,0
35763,0,1,0,27403,0
35764,1,0,1947,0,0
35765,0,1,0,589,0
35766,0,1,0,912,0
35767,1,1,2608,1017,0
35768,0,1,0,35731,0
35769,0,1,0,47240,0
35770,0,1,0,10493,0
35771,0,1,0,19821,0
35772,0,1,0,628,0
35773,0,1,0,14535,0
35774,0,1,0,1418,0
35775,0,1,0,1971,0
35776,0,1,0,73636,0
35777,0,1,0,160,0
35778,0,1,0,159737,0
35779,0,3,0,1557,0
35780,1,1,111,22823,0
35781,0,1,0,75335,0
35782,0,1,0,1460,0
35783,0,1,0,91678,0
35784,1,2,19924,1102,0
35785,2,1,13985,19924,0
35786,0,1,0,11657,0
35787,0,1,0,48370,0
35788,0,1,0,30,0
35789,0,1,0,431,0
35790,0,1,0,7271,0
35791,0,2,0,2528,0
35792,0,1,0,2425,0
35793,0,1,0,2110,0
35794,0,1,0,9879,0
35795,1,1,414,4980,0
35796,0,1,0,2621,0
35797,0,1,0,14,0
35798,0,2,0,26,0
35799,0,1,0,4338,0
35800,0,1,0,1030,0
35801,0,1,0,283174,0
35802,0,1,0,127,0
35803,0,1,0,99,0
35804,0,1,0,10,0
35805,0,1,0,1629,0
35806,0,1,0,17729,0
35807,0,1,0,214724,0
35808,0,1,0,45111,0
35809,0,1,0,3202,0
35810,0,1,0,1663,0
35811,0,1,0,112845,0
35812,0,1,0,43,0
35813,0,1,0,618239,0
35814,0,1,0,242,0
35815,0,1,0,3066,0
35816,0,1,0,9123,0
35817,0,1,0,329,0
35818,0,1,0,5364,0
35819,1,0,2732,0,0
35820,0,1,0,481,0
35821,0,1,0,130,0
35822,0,1,0,4468,0
35823,0,1,0,83825,0
35824,0,1,0,9525,0
35825,0,1,0,966,0
35826,1,1,53214,28638,0
35827,0,2,0,547,0
35828,0,2,0,55936,0
35829,0,1,0,1728,0
35830,0,1,0,2892,0
35831,0,2,0,2067,0
35832,0,1,0,7962,0
35833,0,1,0,637,0
35834,0,1,0,9,0
35835,0,1,0,5,0
35836,0,1,0,387,0
35837,0,2,0,19649,0
35838,0,1,0,9,0
35839,0,1,0,42753,0
35840,0,1,0,10001,0
35841,0,1,0,2417,0
35842,2,9,9007,81782,0
35843,1,2,741,1037,0
35844,1,0,3032,0,0
35845,1,1,916,8879,0
35846,1,0,318,0,0
35847,1,0,91,0,0
35848,0,1,0,6206,0
35849,0,1,0,115886,0
35850,0,1,0,146,0
35851,0,1,0,1620,0
35852,0,1,0,1982,0
35853,0,2,0,8944,0
35854,0,1,0,10174,0
35855,0,1,0,894,0
35856,0,2,0,27049,0
35857,10,1,137100,3137,0
35858,0,4,0,146690,0
35859,4,3,25595,405182,0
35860,0,1,0,53,0
35861,0,2,0,5372,0
35862,0,1,0,25074,0
35863,0,1,0,70,0
35864,0,2,0,24860,0
35865,1,3,443,48802,0
35866,0,1,0,39399,0
35867,7,0,79005,0,0
35868,1,0,4081,0,0
35869,1,0,44,0,0
35870,1,0,190,0,0
35871,2,3,21654,19540,0
35872,1,0,36361,0,0
35873,1,0,624927,0,0
35874,1,0,4043,0,0
35875,1,0,17171,0,0
35876,2,0,11130,0,0
35877,1,0,1009,0,0
35878,1,0,14167,0,0
35879,1,0,13756,0,0
35880,1,0,8208,0,0
35881,2,0,7457,0,0
35882,1,0,4551,0,0
35883,1,1,463,312,0
35884,1,0,5356,0,0
35885,1,0,15259,0,0
35886,1,0,5093,0,0
35887,2,7,3832,15412,0
35888,2,0,4420,0,0
35889,1,0,99123,0,0
35890,1,1,2728,14110,0
35891,1,0,17894,0,0
35892,1,0,259,0,0
35893,2,0,1293,0,0
35894,1,0,3760,0,0
35895,3,0,19531,0,0
35896,1,0,1030,0,0
35897,1,0,4382,0,0
35898,1,0,82,0,0
35899,2,6,6274,187579,0
35900,1,0,30,0,0
35901,1,0,35268,0,0
35902,0,3,0,146624,0
35903,1,0,1144,0,0
35904,1,0,1493,0,0
35905,2,0,39357,0,0
35906,1,2,1512,9719,0
35907,1,2,8363,1425,0
35908,2,0,442843,0,0
35909,4,3,24122,1954,0
35910,1,0,9,0,0
35911,0,2,0,707973,0
35912,3,2,8649,90929,0
35913,2,7,5123,69382,0
35914,1,1,1082,5016,0
35915,1,1,19983,107,0
35916,1,0,21443,0,0
35917,1,0,15,0,0
35918,1,0,1388,0,0
35919,3,1,6821,354,0
35920,1,0,1596,0,0
35921,1,0,10030,0,0
35922,1,0,1462,0,0
35923,3,3,12745,27150,0
35924,0,4,0,62912,0
35925,1,0,7203,0,0
35926,1,0,4039,0,0
35927,2,0,54987,0,0
35928,1,3,17635,32739,0
35929,2,1,12046,1717,0
35930,5,11,196305,183969,0
35931,1,0,1773,0,0
35932,1,0,1629,0,0
35933,1,0,2467,0,0
35934,1,0,18610,0,0
35935,1,0,9391,0,0
35936,0,2,0,235,0
35937,0,3,0,18204,0
35938,1,0,7904,0,0
35939,1,2,708,13317,0
35940,0,1,0,4959,0
35941,0,1,0,658,0
35942,0,1,0,13606,0
35943,0,1,0,467,0
35944,0,1,0,21499,0
35945,0,1,0,12902,0
35946,0,2,0,12040,0
35947,0,1,0,5379,0
35948,0,1,0,4216,0
35949,0,1,0,1702,0
35950,0,1,0,113,0
35951,0,1,0,1583,0
35952,0,1,0,17937,0
35953,0,1,0,53,0
35954,0,1,0,13388,0
35955,0,1,0,11133,0
35956,0,1,0,904,0
35957,1,0,827,0,0
35958,2,1,1370,751,0
35959,2,0,3502,0,0
35960,0,2,0,1578,0
35961,1,1,24679,293,0
35962,0,2,0,304985,0
35963,0,2,0,19023,0
35964,0,1,0,14549,0
35965,0,1,0,98145,0
35966,0,1,0,159,0
35967,1,0,20579,0,0
35968,1,2,2145,11372,0
35969,0,5,0,347487,0
35970,1,0,11215,0,0
35971,2,4,585,401073,0
35972,3,1,16187,36,0
35973,1,8,247,54623,0
35974,1,4,98,29342,0
35975,1,0,849,0,0
35976,1,0,6520,0,0
35977,1,0,43866,0,0
35978,0,6,0,186754,0
35979,1,0,5326,0,0
35980,1,0,307,0,0
35981,1,0,223,0,0
35982,0,2,0,16759,0
35983,1,2,865,23463,0
35984,1,0,60235,0,0
35985,1,0,0,0,0
35986,1,0,778,0,0
35987,0,3,0,721669,0
35988,0,8,0,56024,0
35989,1,0,691,0,0
35990,1,1,37441,5961,0
35991,2,0,16520,0,0
35992,1,0,567,0,0
35993,2,9,1807,217401,0
35994,1,1,195,21,0
35995,3,0,21311,0,0
35996,1,0,10870,0,0
35997,1,0,170594,0,0
35998,0,1,0,24072,0
35999,0,1,0,368,0
36000,1,0,645,0,0
36001,1,0,796,0,0
36002,1,0,835,0,0
36003,1,0,32161,0,0
36004,1,0,51741,0,0
36005,1,0,1052,0,0
36006,1,0,1941,0,0
36007,1,0,1353,0,0
36008,1,1,2667,1351,0
36009,1,0,193,0,0
36010,1,0,24785,0,0
36011,1,0,6923,0,0
36012,1,0,131,0,0
36013,1,0,4092,0,0
36014,1,0,13860,0,0
36015,1,0,4550,0,0
36016,1,0,4770,0,0
36017,1,0,128584,0,0
36018,0,1,0,656,0
36019,0,1,0,2980,0
36020,0,3,0,11920,0
36021,1,1,591,328,0
36022,1,2,39,1005,0
36023,2,1,4011,17,0
36024,2,1,28413,139,0
36025,0,2,0,32483,0
36026,0,3,0,2670,0
36027,0,4,0,69881,0
36028,0,3,0,2203,0
36029,1,0,202,0,0
36030,0,1,0,1105941,0
36031,0,1,0,2166,0
36032,1,0,135522,0,0
36033,1,0,35509,0,0
36034,2,0,1991,0,0
36035,0,1,0,140,0
36036,0,1,0,71,0
36037,0,2,0,58654,0
36038,0,1,0,501,0
36039,0,1,0,810,0
36040,0,1,0,115,0
36041,0,1,0,48221,0
36042,0,1,0,9983,0
36043,0,1,0,1044,0
36044,0,1,0,52,0
36045,0,1,0,4833,0
36046,0,1,0,30721,0
36047,0,1,0,45,0
36048,0,1,0,167,0
36049,0,1,0,1048,0
36050,0,1,0,30241,0
36051,0,1,0,972,0
36052,0,1,0,100,0
36053,0,2,0,2946,0
36054,0,2,0,12211,0
36055,0,1,0,908,0
36056,0,1,0,105,0
36057,0,1,0,7600,0
36058,0,1,0,31,0
36059,0,2,0,21676,0
36060,0,1,0,515,0
36061,0,1,0,7061,0
36062,0,2,0,324147,0
36063,0,1,0,7277,0
36064,0,1,0,81089,0
36065,0,1,0,22685,0
36066,0,1,0,212,0
36067,0,1,0,132,0
36068,0,3,0,53232,0
36069,0,1,0,346,0
36070,0,1,0,83000,0
36071,0,1,0,12214,0
36072,0,1,0,45,0
36073,0,1,0,248,0
36074,0,1,0,909,0
36075,1,1,423,1064,0
36076,0,1,0,1444,0
36077,0,1,0,5139,0
36078,0,2,0,66357,0
36079,0,1,0,658,0
36080,0,1,0,1154,0
36081,0,1,0,14805,0
36082,0,1,0,266,0
36083,0,1,0,4899,0
36084,0,1,0,5678,0
36085,0,1,0,18660,0
36086,0,3,0,5797,0
36087,9,4,38882,199576,0
36088,0,3,0,6933,0
36089,0,2,0,20048,0
36090,0,1,0,362222,0
36091,1,0,2231,0,0
36092,1,0,2711,0,0
36093,1,0,224,0,0
36094,0,2,0,80514,0
36095,0,1,0,41679,0
36096,0,1,0,2,0
36097,0,1,0,119863,0
36098,0,1,0,1263,0
36099,0,1,0,25143,0
36100,0,1,0,1470,0
36101,0,2,0,6816,0
36102,0,1,0,415,0
36103,0,1,0,21269,0
36104,0,1,0,26523,0
36105,0,1,0,903,0
36106,0,1,0,1611,0
36107,1,1,46,7088,0
36108,2,1,7189,2,0
36109,3,1,244434,523,0
36110,1,2,14665,1023,0
36111,1,0,2619,0,0
36112,1,0,29032,0,0
36113,1,1,1763,18778,0
36114,1,0,542,0,0
36115,1,0,127261,0,0
36116,1,1,5485,5833,0
36117,1,0,10503,0,0
36118,1,0,8486,0,0
36119,1,0,13113,0,0
36120,1,0,3480,0,0
36121,1,0,149,0,0
36122,3,4,6721,405,0
36123,2,0,7157,0,0
36124,1,0,2792,0,0
36125,1,0,1415,0,0
36126,2,0,290,0,0
36127,1,0,6799,0,0
36128,1,0,170,0,0
36129,1,0,2246,0,0
36130,1,0,7946,0,0
36131,1,0,1511,0,0
36132,0,1,0,506,0
36133,0,1,0,1054,0
36134,10,2,69206,34572,0
36135,5,0,5537,0,0
36136,3,2,5101,2409,0
36137,1,0,481,0,0
36138,1,0,187749,0,0
36139,0,1,0,7820,0
36140,0,2,0,9111,0
36141,0,1,0,1925,0
36142,0,1,0,19374,0
36143,0,1,0,4820,0
36144,0,1,0,243,0
36145,0,1,0,67,0
36146,0,1,0,20,0
36147,0,1,0,22121,0
36148,0,1,0,13466,0
36149,0,1,0,53,0
36150,0,1,0,643,0
36151,0,1,0,5060,0
36152,0,1,0,17561,0
36153,0,2,0,2382,0
36154,0,1,0,7073,0
36155,0,1,0,422,0
36156,0,1,0,8537,0
36157,0,1,0,127,0
36158,0,1,0,7910,0
36159,0,2,0,27397,0
36160,0,1,0,356,0
36161,0,1,0,1291,0
36162,0,1,0,7285,0
36163,1,0,1862,0,0
36164,1,0,572,0,0
36165,1,0,356,0,0
36166,1,0,48,0,0
36167,1,0,637,0,0
36168,1,0,21362,0,0
36169,2,0,8819,0,0
36170,0,1,0,938,0
36171,0,1,0,91,0
36172,0,1,0,230,0
36173,0,1,0,839,0
36174,0,3,0,38141,0
36175,1,1,1319,1261,0
36176,0,1,0,1371,0
36177,0,1,0,9193,0
36178,1,0,1362,0,0
36179,1,0,2184,0,0
36180,0,1,0,10633,0
36181,0,1,0,9403,0
36182,0,1,0,51,0
36183,0,1,0,16776,0
36184,0,1,0,2763,0
36185,0,1,0,2391,0
36186,0,1,0,3864,0
36187,0,1,0,9389,0
36188,0,1,0,2326,0
36189,0,1,0,650,0
36190,0,1,0,4132,0
36191,0,2,0,16833,0
36192,0,1,0,2762,0
36193,0,2,0,6332,0
36194,0,1,0,45870,0
36195,0,1,0,10,0
36196,0,1,0,1338,0
36197,0,1,0,72,0
36198,0,1,0,11774,0
36199,0,1,0,1141,0
36200,0,1,0,258129,0
36201,0,1,0,477313,0
36202,0,1,0,11056,0
36203,0,2,0,1581,0
36204,0,1,0,147104,0
36205,0,3,0,4369,0
36206,0,1,0,211,0
36207,0,1,0,37,0
36208,0,1,0,5625,0
36209,0,1,0,15438,0
36210,0,1,0,2028,0
36211,0,1,0,102290,0
36212,0,1,0,17013,0
36213,0,1,0,682,0
36214,0,1,0,66758,0
36215,0,1,0,119317,0
36216,0,1,0,120,0
36217,0,1,0,4200,0
36218,0,1,0,2,0
36219,0,4,0,165642,0
36220,0,1,0,118,0
36221,0,1,0,14322,0
36222,0,1,0,243,0
36223,0,1,0,10258,0
36224,0,1,0,1487,0
36225,0,1,0,51129,0
36226,1,0,833,0,0
36227,1,0,4021,0,0
36228,0,1,0,1063,0
36229,0,1,0,68143,0
36230,0,1,0,9677,0
36231,0,1,0,3269,0
36232,0,3,0,6825,0
36233,1,0,291,0,0
36234,2,0,2085,0,0
36235,0,2,0,1267,0
36236,0,1,0,30284,0
36237,0,2,0,258393,0
36238,0,1,0,43696,0
36239,6,4,39796,15329,0
36240,11,8,312116,333655,0
36241,1,0,115,0,0
36242,1,0,623,0,0
36243,0,1,0,1184,0
36244,0,1,0,23125,0
36245,0,1,0,221,0
36246,0,1,0,79,0
36247,0,1,0,616,0
36248,0,3,0,3088,0
36249,1,1,13,263,0
36250,0,1,0,52,0
36251,0,1,0,871,0
36252,0,1,0,3778,0
36253,0,1,0,1712,0
36254,0,1,0,34443,0
36255,0,1,0,22416,0
36256,0,1,0,672,0
36257,0,1,0,6760,0
36258,0,1,0,3284,0
36259,0,1,0,205,0
36260,0,1,0,169,0
36261,0,1,0,16451,0
36262,0,1,0,245,0
36263,1,0,212,0,0
36264,1,0,1278,0,0
36265,0,1,0,693,0
36266,0,1,0,5627,0
36267,0,2,0,1640,0
36268,0,1,0,2240,0
36269,0,1,0,465,0
36270,0,1,0,763,0
36271,0,1,0,1184,0
36272,0,1,0,2117,0
36273,0,1,0,20423,0
36274,0,1,0,1708,0
36275,0,1,0,17882,0
36276,0,1,0,3533,0
36277,0,1,0,146,0
36278,0,1,0,4846,0
36279,0,1,0,914,0
36280,0,1,0,95917,0
36281,0,1,0,176,0
36282,0,1,0,30725,0
36283,0,1,0,654,0
36284,2,0,73849,0,0
36285,0,8,0,28995,0
36286,1,0,1261,0,0
36287,1,0,301,0,0
36288,0,1,0,1474,0
36289,1,0,5658,0,0
36290,1,1,10493,268,0
36291,1,0,21568,0,0
36292,0,2,0,11093,0
36293,1,1,3092,515,0
36294,0,4,0,44248,0
36295,1,0,22931,0,0
36296,1,0,629,0,0
36297,0,1,0,5952,0
36298,0,3,0,5436,0
36299,1,1,3337,585,0
36300,0,1,0,359,0
36301,0,1,0,337,0
36302,0,1,0,318,0
36303,0,1,0,1795,0
36304,1,2,3032,16704,0
36305,1,2,15890,3250,0
36306,1,1,59,2244,0
36307,0,1,0,12588,0
36308,0,1,0,25,0
36309,0,2,0,74647,0
36310,2,0,105796,0,0
36311,2,0,4258,0,0
36312,1,0,11,0,0
36313,0,1,0,12489,0
36314,0,1,0,13393,0
36315,1,4,625,71530,0
36316,1,1,51800,3055,0
36317,1,0,17324,0,0
36318,2,0,1839,0,0
36319,0,1,0,900,0
36320,2,2,94168,12717,0
36321,3,2,17730,9349,0
36322,0,1,0,3655,0
36323,0,1,0,4349,0
36324,0,1,0,3503,0
36325,0,4,0,23783,0
36326,2,0,59718,0,0
36327,1,0,386,0,0
36328,0,1,0,3348,0
36329,0,1,0,657,0
36330,0,1,0,186419,0
36331,0,1,0,122,0
36332,0,1,0,215,0
36333,0,1,0,5,0
36334,0,2,0,1983,0
36335,0,1,0,104,0
36336,0,2,0,832,0
36337,0,1,0,9066,0
36338,0,1,0,9497038,0
36339,0,1,0,61,0
36340,0,1,0,678,0
36341,0,1,0,7665,0
36342,0,1,0,11398,0
36343,0,1,0,2701,0
36344,0,1,0,74493,0
36345,1,2,230,779966,0
36346,0,1,0,500526,0
36347,0,2,0,7560,0
36348,2,0,12070,0,0
36349,0,1,0,2417,0
36350,0,10,0,58241,0
36351,1,0,1513,0,0
36352,1,0,601,0,0
36353,1,0,24,0,0
36354,1,0,48588,0,0
36355,1,0,178,0,0
36356,1,0,533,0,0
36357,1,0,3842,0,0
36358,1,0,31,0,0
36359,1,2,694,6137,0
36360,1,4,7070,1819508,0
36361,1,1,1813027,7070,0
36362,2,0,5577,0,0
36363,0,1,0,314,0
36364,0,1,0,58544,0
36365,0,1,0,1618,0
36366,0,1,0,305,0
36367,0,2,0,55986,0
36368,0,1,0,12524,0
36369,0,1,0,7554,0
36370,1,3,884,13829,0
36371,0,2,0,869,0
36372,0,1,0,75,0
36373,0,2,0,17159,0
36374,2,0,9347,0,0
36375,0,1,0,5073,0
36376,0,1,0,267,0
36377,0,1,0,4739,0
36378,0,2,0,2208,0
36379,0,1,0,7,0
36380,0,3,0,10847,0
36381,0,2,0,76945,0
36382,0,2,0,8409,0
36383,0,2,0,1435,0
36384,0,1,0,278,0
36385,0,1,0,5579,0
36386,1,1,22274,622,0
36387,0,2,0,3426,0
36388,0,1,0,1719065,0
36389,0,1,0,25344,0
36390,2,4,8836,7894,0
36391,1,0,1967,0,0
36392,1,0,5527,0,0
36393,0,1,0,30481,0
36394,0,1,0,41610,0
36395,0,1,0,577,0
36396,0,1,0,5822,0
36397,0,2,0,2237,0
36398,0,2,0,1603,0
36399,6,1,97637,1884,0
36400,0,1,0,1061,0
36401,0,2,0,6337,0
36402,0,1,0,61,0
36403,0,1,0,104,0
36404,0,1,0,7291,0
36405,0,1,0,82,0
36406,0,1,0,2841,0
36407,0,1,0,346,0
36408,0,1,0,14898,0
36409,0,1,0,7524,0
36410,0,2,0,10225,0
36411,0,1,0,4316,0
36412,0,2,0,162684,0
36413,1,1,306,579,0
36414,1,0,3216,0,0
36415,1,0,4,0,0
36416,0,1,0,592,0
36417,0,1,0,550,0
36418,0,1,0,1112,0
36419,0,1,0,22201,0
36420,0,1,0,1815,0
36421,0,1,0,476,0
36422,0,1,0,98,0
36423,0,2,0,5128,0
36424,0,1,0,539,0
36425,3,3,56119,28596,0
36426,1,0,26796,0,0
36427,1,0,1645,0,0
36428,1,15,1927,261340,0
36429,2,0,16412,0,0
36430,1,0,10,0,0
36431,1,0,281,0,0
36432,1,0,18953,0,0
36433,3,0,50207,0,0
36434,1,0,2114,0,0
36435,1,0,1460,0,0
36436,2,4,14944,8128,0
36437,1,0,969,0,0
36438,1,0,1465,0,0
36439,0,2,0,47834,0
36440,1,0,47692,0,0
36441,0,1,0,4630,0
36442,0,1,0,25921,0
36443,0,1,0,2024,0
36444,0,1,0,11960,0
36445,0,1,0,394186,0
36446,0,1,0,37,0
36447,0,1,0,258,0
36448,0,1,0,172,0
36449,0,1,0,1489,0
36450,0,1,0,5492,0
36451,0,1,0,6614,0
36452,0,1,0,4686,0
36453,0,1,0,26,0
36454,0,1,0,24,0
36455,0,2,0,2257,0
36456,0,1,0,1796,0
36457,0,1,0,4542,0
36458,0,1,0,1754,0
36459,0,2,0,8161,0
36460,2,0,20964,0,0
36461,0,2,0,87037,0
36462,0,1,0,2239,0
36463,0,1,0,102965,0
36464,0,1,0,12029,0
36465,0,1,0,74,0
36466,0,1,0,325790,0
36467,0,2,0,103,0
36468,0,1,0,2249,0
36469,0,1,0,8650,0
36470,0,1,0,41719,0
36471,0,1,0,13013,0
36472,0,1,0,8117,0
36473,0,1,0,23,0
36474,0,1,0,2665,0
36475,0,1,0,1488,0
36476,0,1,0,129,0
36477,0,1,0,3438,0
36478,0,1,0,13646,0
36479,0,2,0,1706,0
36480,0,1,0,2107,0
36481,0,1,0,40950,0
36482,0,1,0,33687,0
36483,0,1,0,244,0
36484,0,2,0,42316,0
36485,0,1,0,1377,0
36486,0,2,0,555966,0
36487,0,1,0,8948,0
36488,0,1,0,806,0
36489,0,1,0,69,0
36490,0,1,0,2688,0
36491,0,1,0,99,0
36492,0,1,0,38605,0
36493,0,1,0,17871,0
36494,0,1,0,5285,0
36495,0,1,0,8238,0
36496,0,1,0,96137,0
36497,1,1,13546,13,0
36498,0,1,0,9469,0
36499,0,2,0,923,0
36500,0,1,0,39399,0
36501,0,1,0,2722,0
36502,0,1,0,2880,0
36503,0,1,0,115,0
36504,0,1,0,89,0
36505,0,1,0,189,0
36506,0,1,0,951,0
36507,0,2,0,19200,0
36508,1,1,452,1031328,0
36509,0,1,0,4751390,0
36510,0,1,0,544,0
36511,0,1,0,2045,0
36512,0,1,0,905,0
36513,0,1,0,282,0
36514,0,1,0,451968,0
36515,0,1,0,1713,0
36516,0,2,0,3154,0
36517,0,1,0,297,0
36518,0,2,0,812,0
36519,0,1,0,264,0
36520,0,1,0,5869,0
36521,0,2,0,173384,0
36522,7,2,148265,56026,0
36523,0,2,0,16941,0
36524,1,0,16538,0,0
36525,0,1,0,148,0
36526,0,1,0,760,0
36527,0,1,0,6659,0
36528,0,1,0,6742,0
36529,0,1,0,13174,0
36530,0,1,0,623,0
36531,0,2,0,50792,0
36532,0,1,0,1497,0
36533,0,1,0,240101,0
36534,0,1,0,24930,0
36535,4,4,5069,102216,0
36536,0,1,0,138,0
36537,0,1,0,128450,0
36538,1,1,246,1539,0
36539,0,1,0,4094,0
36540,0,1,0,85965,0
36541,0,1,0,1417,0
36542,0,2,0,871,0
36543,0,1,0,58905,0
36544,0,1,0,158,0
36545,0,1,0,1495,0
36546,0,2,0,5021,0
36547,5,4,85850,27275,0
36548,0,2,0,37873,0
36549,0,2,0,2951,0
36550,0,1,0,473,0
36551,0,2,0,2215,0
36552,1,5,678,19844,0
36553,3,1,219,506,0
36554,0,1,0,678,0
36555,1,1,506,52,0
36556,9,13,189299,479804,0
36557,2,2,378792,1561,0
36558,1,1,4046,5071,0
36559,1,0,173,0,0
36560,1,0,985,0,0
36561,1,0,2532,0,0
36562,1,0,25,0,0
36563,1,0,92,0,0
36564,1,1,1621,329,0
36565,2,4,344744,109522,0
36566,2,0,30882,0,0
36567,1,1,498,48740,0
36568,1,3,35244,296287,0
36569,0,2,0,4364,0
36570,2,0,36000,0,0
36571,0,1,0,1062,0
36572,0,1,0,978,0
36573,0,1,0,104224,0
36574,0,1,0,1621,0
36575,1,0,20386,0,0
36576,2,2,554,5228,0
36577,0,1,0,7184,0
36578,0,1,0,5166,0
36579,0,2,0,2341,0
36580,0,1,0,887,0
36581,0,1,0,130,0
36582,0,1,0,5736,0
36583,1,1,2,26,0
36584,0,2,0,49921,0
36585,0,1,0,134594,0
36586,0,1,0,165,0
36587,0,2,0,5467,0
36588,0,1,0,54074,0
36589,0,1,0,20483,0
36590,0,1,0,46929,0
36591,0,1,0,121,0
36592,0,1,0,33464,0
36593,0,1,0,6242,0
36594,1,3,4708,5705,0
36595,1,1,3246,4708,0
36596,1,1,2442,688,0
36597,2,0,16145,0,0
36598,1,0,3420,0,0
36599,1,0,2479,0,0
36600,1,0,14273,0,0
36601,1,0,1361,0,0
36602,1,0,4052,0,0
36603,1,0,29958,0,0
36604,1,0,2231,0,0
36605,0,1,0,28,0
36606,0,1,0,245783,0
36607,1,1,58103,237,0
36608,0,1,0,552,0
36609,0,2,0,187,0
36610,0,1,0,152,0
36611,0,2,0,1866833,0
36612,1,0,1866556,0,0
36613,0,2,0,7491,0
36614,1,3,3013,4189,0
36615,1,0,204,0,0
36616,0,3,0,139970,0
36617,2,0,5423,0,0
36618,1,4,13791,47749,0
36619,1,0,39815,0,0
36620,0,2,0,17007,0
36621,1,3,1689,50691,0
36622,0,2,0,293,0
36623,1,2,1072,13189,0
36624,3,5,6000,12634,0
36625,0,1,0,100018,0
36626,0,2,0,74429,0
36627,1,2,809,1968,0
36628,0,10,0,124087,0
36629,1,1,30,26073,0
36630,2,0,12101,0,0
36631,1,0,384,0,0
36632,1,1,3780,1128,0
36633,0,4,0,1206,0
36634,2,0,1903,0,0
36635,2,0,1670,0,0
36636,0,1,0,1564,0
36637,0,1,0,182,0
36638,0,5,0,74957,0
36639,1,0,2505,0,0
36640,1,0,71779,0,0
36641,1,0,350,0,0
36642,3,0,4026,0,0
36643,0,5,0,111333,0
36644,3,0,73173,0,0
36645,1,0,519,0,0
36646,1,0,40653,0,0
36647,0,1,0,134,0
36648,3,4,3950,7683,0
36649,1,0,29,0,0
36650,1,0,3891,0,0
36651,2,3,13,4547,0
36652,0,2,0,395015,0
36653,1,1,244,2180,0
36654,1,2,15,5821,0
36655,1,1,334,1685,0
36656,3,0,818,0,0
36657,1,0,149,0,0
36658,4,0,36555,0,0
36659,1,11,185872,112771,0
36660,1,0,3236,0,0
36661,1,0,1794,0,0
36662,1,5,921,266740,0
36663,2,0,57502,0,0
36664,1,0,137,0,0
36665,0,1,0,5570,0
36666,0,4,0,12672,0
36667,1,0,1243,0,0
36668,1,0,30,0,0
36669,0,1,0,332,0
36670,1,2,453,5633,0
36671,1,2,121629,3235,0
36672,1,0,8,0,0
36673,0,2,0,720,0
36674,0,2,0,13597,0
36675,0,3,0,41727,0
36676,0,1,0,89,0
36677,0,2,0,298660,0
36678,1,3,1682,237372,0
36679,1,0,231576,0,0
36680,1,2,5728,1656,0
36681,0,1,0,354,0
36682,0,1,0,94,0
36683,0,3,0,29748,0
36684,2,0,3621,0,0
36685,2,0,27319,0,0
36686,0,1,0,636,0
36687,0,37,0,164860,0
36688,1,0,3834,0,0
36689,1,0,6063,0,0
36690,2,0,10323,0,0
36691,1,0,409,0,0
36692,1,0,450,0,0
36693,1,0,702,0,0
36694,1,0,25136,0,0
36695,1,0,157,0,0
36696,1,0,2457,0,0
36697,1,0,1055,0,0
36698,1,0,629,0,0
36699,1,0,51,0,0
36700,1,0,2783,0,0
36701,1,0,7785,0,0
36702,1,0,8260,0,0
36703,1,0,259,0,0
36704,1,0,209,0,0
36705,1,0,21,0,0
36706,1,0,279,0,0
36707,1,0,5769,0,0
36708,1,0,6,0,0
36709,1,0,1610,0,0
36710,1,0,639,0,0
36711,1,0,469,0,0
36712,1,0,251,0,0
36713,1,0,1805,0,0
36714,1,0,1310,0,0
36715,1,0,3716,0,0
36716,1,0,4369,0,0
36717,1,0,4638,0,0
36718,1,0,53049,0,0
36719,1,0,406,0,0
36720,1,0,382,0,0
36721,1,0,6594,0,0
36722,0,3,0,12921,0
36723,1,0,2922,0,0
36724,0,2,0,19738,0
36725,0,2,0,8093,0
36726,1,4,41129,9491,0
36727,0,2,0,41320,0
36728,0,1,0,1437,0
36729,0,1,0,1741,0
36730,0,1,0,7778,0
36731,0,1,0,3,0
36732,0,1,0,43715,0
36733,0,1,0,131,0
36734,0,1,0,208,0
36735,0,1,0,5683,0
36736,0,1,0,2947,0
36737,0,1,0,2786,0
36738,0,1,0,76,0
36739,0,1,0,772,0
36740,0,2,0,7923,0
36741,0,2,0,7438,0
36742,0,2,0,1913980,0
36743,5,3,69860,10445,0
36744,4,3,12520,88541,0
36745,0,1,0,322846,0
36746,0,1,0,2134,0
36747,0,1,0,67,0
36748,0,1,0,865,0
36749,0,8,0,25165,0
36750,1,0,553,0,0
36751,0,2,0,126523,0
36752,3,2,53943,18889,0
36753,2,0,268,0,0
36754,1,0,549,0,0
36755,1,0,60917,0,0
36756,0,1,0,24033,0
36757,0,1,0,7073,0
36758,0,1,0,11,0
36759,0,1,0,2146,0
36760,0,1,0,387,0
36761,0,1,0,9239,0
36762,1,1,2334,94,0
36763,0,1,0,2108,0
36764,0,2,0,4689,0
36765,0,1,0,2601,0
36766,0,2,0,808,0
36767,0,1,0,22566,0
36768,0,1,0,418,0
36769,0,1,0,3491,0
36770,0,1,0,113,0
36771,0,1,0,16,0
36772,0,1,0,3165,0
36773,0,1,0,154,0
36774,0,1,0,983,0
36775,0,1,0,101,0
36776,1,1,500,2986,0
36777,0,1,0,1886,0
36778,0,1,0,23,0
36779,0,1,0,570,0
36780,0,1,0,4374,0
36781,0,1,0,4595,0
36782,0,1,0,1201,0
36783,0,1,0,308,0
36784,0,1,0,17063,0
36785,0,1,0,630,0
36786,0,1,0,4119,0
36787,1,1,57116,1480,0
36788,0,1,0,5104,0
36789,0,1,0,126,0
36790,0,1,0,48045,0
36791,0,1,0,518,0
36792,0,1,0,6,0
36793,0,2,0,3973,0
36794,0,1,0,25342,0
36795,0,1,0,1371,0
36796,0,1,0,2234,0
36797,0,1,0,1017,0
36798,1,1,215,15946,0
36799,0,1,0,15336,0
36800,0,1,0,4318195,0
36801,0,2,0,13682,0
36802,0,2,0,1102,0
36803,0,1,0,51497,0
36804,0,1,0,802,0
36805,0,1,0,269,0
36806,0,2,0,2916,0
36807,0,2,0,37567,0
36808,0,1,0,1551,0
36809,0,1,0,28,0
36810,0,1,0,30728,0
36811,0,2,0,3192,0
36812,0,1,0,9715,0
36813,0,1,0,1212772,0
36814,0,1,0,2300,0
36815,0,1,0,208017,0
36816,0,1,0,17546,0
36817,0,1,0,79,0
36818,0,1,0,167,0
36819,0,2,0,12239,0
36820,0,1,0,1632,0
36821,0,3,0,1299089,0
36822,2,0,20854,0,0
36823,0,1,0,67496,0
36824,1,3,317,26385,0
36825,1,0,7205,0,0
36826,1,0,110458,0,0
36827,0,1,0,56,0
36828,0,1,0,1484,0
36829,1,1,254,164,0
36830,0,2,0,4840,0
36831,1,0,86257,0,0
36832,1,0,11252,0,0
36833,1,0,58125,0,0
36834,1,0,5063,0,0
36835,8,12,88756,526397,0
36836,1,0,34079,0,0
36837,2,0,1027,0,0
36838,2,1,6469,16296,0
36839,1,0,26048,0,0
36840,2,0,3568,0,0
36841,1,0,1001,0,0
36842,1,0,5902,0,0
36843,2,1,85034,84585,1
36844,0,2,0,150229,0
36845,3,2,8431,6569,0
36846,1,0,35,0,0
36847,2,0,2943,0,0
36848,1,0,70601,0,0
36849,1,0,984,0,0
36850,1,0,10066,0,0
36851,1,0,1584,0,0
36852,0,1,0,3546,0
36853,0,1,0,3224,0
36854,0,2,0,7735,0
36855,0,1,0,24104,0
36856,0,1,0,3204,0
36857,0,1,0,35,0
36858,0,1,0,55345,0
36859,0,1,0,10118,0
36860,0,1,0,1020,0
36861,0,1,0,2311224,0
36862,0,1,0,1124,0
36863,1,0,682,0,0
36864,0,3,0,6130,0
36865,1,1,156,29847,0
36866,1,1,2974550,9407,0
36867,2,1,8129,603,0
36868,0,3,0,18196,0
36869,0,2,0,10290,0
36870,0,2,0,8758,0
36871,1,5,493,19625,0
36872,3,0,14420,0,0
36873,1,0,525,0,0
36874,1,0,392,0,0
36875,2,1,1046,2038,0
36876,2,16,2018,13130759,0
36877,1,2,7805,1988,0
36878,1,0,15848,0,0
36879,1,0,715,0,0
36880,1,0,452,0,0
36881,1,0,121,0,0
36882,1,0,12888172,0,0
36883,1,0,34782,0,0
36884,1,0,3563,0,0
36885,1,1,1342,237066,0
36886,0,2,0,2137,0
36887,2,0,5597,0,0
36888,0,1,0,21968,0
36889,0,1,0,14998,0
36890,0,1,0,2175,0
36891,0,1,0,1118,0
36892,0,1,0,205,0
36893,0,1,0,128,0
36894,0,1,0,9856,0
36895,0,3,0,1379,0
36896,1,0,8,0,0
36897,1,0,44705,0,0
36898,0,1,0,64569,0
36899,0,1,0,759,0
36900,0,1,0,566,0
36901,1,1,106882,374,0
36902,0,2,0,1745,0
36903,0,2,0,9072,0
36904,0,1,0,188,0
36905,1,0,885,0,0
36906,4,1,167684,376669,0
36907,1,1,1831,106882,0
36908,2,16,3973,78492,0
36909,1,0,11293,0,0
36910,2,1,3981,9274,0
36911,1,0,2243,0,0
36912,1,0,6457,0,0
36913,1,0,73,0,0
36914,2,0,1218,0,0
36915,1,0,2526,0,0
36916,4,3,168679,157074,1
36917,1,1,279,1514,0
36918,1,0,208,0,0
36919,0,1,0,2459,0
36920,0,1,0,1008,0
36921,0,1,0,1258,0
36922,0,1,0,70,0
36923,0,1,0,2720,0
36924,0,2,0,6541,0
36925,0,1,0,1351,0
36926,0,1,0,4992,0
36927,0,1,0,31027,0
36928,0,1,0,23748,0
36929,0,1,0,51,0
36930,0,1,0,94,0
36931,0,1,0,1890,0
36932,0,1,0,3066,0
36933,0,1,0,17748,0
36934,0,1,0,13266,0
36935,0,1,0,12283,0
36936,0,1,0,2794,0
36937,0,1,0,1744,0
36938,0,1,0,408,0
36939,0,2,0,4646,0
36940,0,1,0,17519,0
36941,0,1,0,194758,0
36942,0,1,0,34,0
36943,0,1,0,26845,0
36944,0,1,0,15810,0
36945,0,1,0,1182,0
36946,0,1,0,4618,0
36947,0,2,0,25030,0
36948,0,1,0,91,0
36949,0,1,0,74296,0
36950,0,1,0,10460,0
36951,0,1,0,388638,0
36952,0,1,0,1804,0
36953,0,2,0,323,0
36954,0,1,0,85,0
36955,0,1,0,6263,0
36956,0,1,0,185232,0
36957,0,1,0,282,0
36958,0,1,0,335,0
36959,0,1,0,130,0
36960,0,1,0,1088326,0
36961,0,1,0,1021,0
36962,0,1,0,139,0
36963,0,1,0,89943,0
36964,0,1,0,1023,0
36965,0,2,0,991215,0
36966,0,1,0,5626,0
36967,2,5,89371,195905,1
36968,0,1,0,49570,0
36969,0,1,0,3219,0
36970,0,1,0,5017,0
36971,1,1,11437,6401,0
36972,1,0,125,0,0
36973,1,0,21389,0,0
36974,1,0,106,0,0
36975,1,4,1182,16667,0
36976,1,0,2180,0,0
36977,0,1,0,350,0
36978,0,1,0,1214,0
36979,0,1,0,40,0
36980,0,3,0,1463,0
36981,7,1,874178,1418,0
36982,0,2,0,5887,0
36983,3,4,13115,97350,0
36984,0,1,0,7591,0
36985,0,1,0,19003,0
36986,0,1,0,287973,0
36987,0,1,0,1945,0
36988,0,1,0,199,0
36989,0,1,0,9540,0
36990,0,1,0,87241,0
36991,0,1,0,6559,0
36992,0,1,0,74357,0
36993,3,2,11455,11278,0
36994,0,1,0,71,0
36995,0,1,0,82,0
36996,0,1,0,1618,0
36997,0,1,0,114,0
36998,0,1,0,2660,0
36999,0,1,0,357,0
37000,0,1,0,926,0
37001,0,1,0,7751,0
37002,0,1,0,124296,0
37003,0,1,0,396,0
37004,0,1,0,1575,0
37005,3,4,175503,65152,0
37006,1,0,1147,0,0
37007,0,1,0,7193,0
37008,0,1,0,578,0
37009,0,1,0,257,0
37010,0,1,0,2200,0
37011,0,1,0,20930,0
37012,0,1,0,1046,0
37013,0,1,0,390,0
37014,0,1,0,462,0
37015,0,1,0,165,0
37016,0,2,0,71846,0
37017,0,1,0,99,0
37018,0,1,0,7560,0
37019,0,2,0,68204,0
37020,0,1,0,6115,0
37021,0,1,0,30832,0
37022,0,3,0,5684,0
37023,0,1,0,75,0
37024,0,2,0,21049,0
37025,1,0,9859,0,0
37026,0,1,0,55,0
37027,0,1,0,2991,0
37028,0,2,0,1452,0
37029,0,2,0,31188,0
37030,1,5,41114,3436,0
37031,0,1,0,41114,0
37032,2,3,37948,779705,0
37033,0,1,0,70423,0
37034,0,1,0,95,0
37035,0,6,0,6622,0
37036,1,0,1441,0,0
37037,1,0,990,0,0
37038,2,0,2022,0,0
37039,1,0,65,0,0
37040,0,1,0,764,0
37041,1,0,5328,0,0
37042,1,0,1329,0,0
37043,0,2,0,15386,0
37044,0,2,0,2052,0
37045,1,0,1558,0,0
37046,1,0,21211,0,0
37047,0,1,0,7484,0
37048,0,1,0,1278,0
37049,0,2,0,578,0
37050,0,1,0,12,0
37051,0,1,0,3713,0
37052,0,2,0,334,0
37053,2,1,113548,2813,0
37054,0,1,0,2033978,0
37055,0,5,0,329482,0
37056,3,1,4548,154,0
37057,0,1,0,4290,0
37058,0,1,0,1438,0
37059,0,1,0,923,0
37060,0,2,0,1538,0
37061,0,1,0,184,0
37062,0,1,0,4479,0
37063,0,1,0,1049,0
37064,0,2,0,3728,0
37065,2,0,2224,0,0
37066,4,8,25450,96350,0
37067,1,1,747,15203,0
37068,1,0,22,0,0
37069,1,0,1442,0,0
37070,1,0,66844,0,0
37071,0,1,0,2565,0
37072,0,1,0,310,0
37073,0,1,0,283,0
37074,0,1,0,18406,0
37075,1,1,34856,2007,0
37076,0,1,0,1853,0
37077,0,1,0,241,0
37078,0,1,0,31159,0
37079,1,0,33,0,0
37080,1,0,285,0,0
37081,1,6,204523,27408,0
37082,2,0,4925,0,0
37083,1,1,452,204523,0
37084,0,1,0,34066,0
37085,0,1,0,637,0
37086,0,1,0,2037,0
37087,0,2,0,422,0
37088,0,1,0,52,0
37089,0,2,0,50577,0
37090,1,1,631,288,0
37091,0,1,0,10634,0
37092,0,1,0,1800,0
37093,0,1,0,93,0
37094,0,2,0,3346,0
37095,0,1,0,784,0
37096,0,1,0,132956,0
37097,0,1,0,3561,0
37098,0,1,0,2065,0
37099,0,1,0,3771,0
37100,0,1,0,1355,0
37101,0,1,0,382,0
37102,0,1,0,2437,0
37103,0,1,0,20808,0
37104,0,1,0,487,0
37105,0,1,0,828,0
37106,0,1,0,2663,0
37107,0,1,0,2970,0
37108,0,1,0,290,0
37109,0,3,0,75302,0
37110,1,0,1376,0,0
37111,0,3,0,244187,0
37112,1,0,582,0,0
37113,0,1,0,92,0
37114,0,1,0,133,0
37115,0,1,0,2536,0
37116,1,2,175,552519,0
37117,1,4,545459,16287,0
37118,0,1,0,3443,0
37119,0,1,0,14725,0
37120,0,1,0,476,0
37121,2,1,3990,1740,0
37122,1,0,1740,0,0
37123,0,1,0,3884,0
37124,1,0,580,0,0
37125,1,0,574,0,0
37126,1,0,550396,0,0
37127,1,0,129,0,0
37128,0,5,0,11353,0
37129,1,0,123,0,0
37130,0,16,0,371587,0
37131,1,0,335,0,0
37132,1,0,139324,0,0
37133,1,0,2056,0,0
37134,1,0,169,0,0
37135,1,0,86,0,0
37136,1,0,4303,0,0
37137,3,0,48371,0,0
37138,1,0,4228,0,0
37139,1,0,70,0,0
37140,2,0,1931,0,0
37141,0,2,0,92849,0
37142,0,3,0,154882,0
37143,1,0,53717,0,0
37144,1,0,17137,0,0
37145,0,3,0,9533,0
37146,1,0,2728,0,0
37147,1,0,6759,0,0
37148,3,8,21590,29123,0
37149,1,0,17500,0,0
37150,1,0,2752,0,0
37151,1,0,5,0,0
37152,1,0,209,0,0
37153,1,1,450,92,0
37154,1,0,2156,0,0
37155,1,0,5557,0,0
37156,0,1,0,13396,0
37157,0,1,0,8102,0
37158,0,4,0,11091,0
37159,3,0,4783,0,0
37160,2,2,234177,1467,0
37161,0,4,0,62034,0
37162,2,0,71540,0,0
37163,0,1,0,232535,0
37164,0,3,0,5260,0
37165,2,2,1785,15365,0
37166,0,1,0,60,0
37167,1,2,1476,2233,0
37168,0,1,0,1025,0
37169,2,0,3583,0,0
37170,1,0,12643,0,0
37171,0,1,0,6,0
37172,0,1,0,125,0
37173,1,1,65546,315,0
37174,1,31,5581,2276516,0
37175,1,0,1693,0,0
37176,1,0,14652,0,0
37177,1,0,64761,0,0
37178,1,0,342,0,0
37179,1,1,9782,238,0
37180,1,0,2104,0,0
37181,1,0,671,0,0
37182,1,0,63,0,0
37183,5,0,31676,0,0
37184,1,0,6443,0,0
37185,1,0,138754,0,0
37186,1,0,4177,0,0
37187,1,3,1078,97078,0
37188,1,1,17442,50,0
37189,1,0,3917,0,0
37190,1,0,7475,0,0
37191,1,1,13959,5581,0
37192,2,0,91544,0,0
37193,1,0,434185,0,0
37194,1,1,1202,527,0
37195,1,0,1636,0,0
37196,1,0,213,0,0
37197,1,1,316703,60574,0
37198,1,0,16,0,0
37199,1,0,23869,0,0
37200,2,0,239102,0,0
37201,0,1,0,65546,0
37202,1,0,238,0,0
37203,1,0,91858,0,0
37204,1,1,4115,37403,0
37205,1,0,57,0,0
37206,1,0,527,0,0
37207,0,1,0,5041,0
37208,0,1,0,42847,0
37209,0,1,0,462,0
37210,0,1,0,917,0
37211,0,2,0,1401,0
37212,1,0,794,0,0
37213,1,1,33444,204,0
37214,1,3,1501,10855,0
37215,1,3,5389,10814,0
37216,0,2,0,65111,0
37217,0,2,0,475,0
37218,1,0,17958,0,0
37219,1,0,529808,0,0
37220,1,0,67,0,0
37221,0,1,0,138,0
37222,0,2,0,5516,0
37223,1,1,598,1011,0
37224,0,3,0,922,0
37225,2,0,2794,0,0
37226,0,1,0,3852,0
37227,0,1,0,11511,0
37228,0,1,0,855,0
37229,0,1,0,206,0
37230,0,1,0,1094,0
37231,0,3,0,27443,0
37232,1,0,227,0,0
37233,0,1,0,80,0
37234,0,1,0,9563,0
37235,0,1,0,4939,0
37236,1,1,5456,2748,0
37237,0,1,0,42,0
37238,0,1,0,530,0
37239,0,1,0,2634,0
37240,0,1,0,8798,0
37241,0,1,0,139,0
37242,0,1,0,13478,0
37243,0,1,0,16741,0
37244,0,1,0,14775,0
37245,0,1,0,10356,0
37246,0,1,0,313,0
37247,0,1,0,105,0
37248,0,1,0,6144,0
37249,0,1,0,11053,0
37250,0,1,0,2220,0
37251,0,1,0,2957,0
37252,1,1,263,8934,0
37253,0,1,0,234,0
37254,0,1,0,365,0
37255,0,1,0,1498,0
37256,0,1,0,185,0
37257,0,1,0,183790,0
37258,0,1,0,2005,0
37259,0,1,0,2960,0
37260,0,1,0,65,0
37261,0,1,0,2062,0
37262,0,1,0,3469,0
37263,0,1,0,490,0
37264,0,1,0,185,0
37265,0,1,0,1585,0
37266,0,1,0,6399,0
37267,0,1,0,199,0
37268,0,1,0,10778,0
37269,0,1,0,902,0
37270,0,1,0,1096,0
37271,0,1,0,23128,0
37272,0,1,0,1099,0
37273,0,1,0,427,0
37274,0,1,0,871,0
37275,0,1,0,908,0
37276,0,1,0,35,0
37277,0,1,0,4995,0
37278,0,1,0,827,0
37279,1,0,1852,0,0
37280,0,1,0,525,0
37281,0,1,0,1106,0
37282,0,1,0,1747,0
37283,0,1,0,3,0
37284,0,1,0,3274,0
37285,0,1,0,99883,0
37286,0,1,0,34,0
37287,0,1,0,29718,0
37288,0,1,0,1798,0
37289,0,1,0,87846,0
37290,0,1,0,884,0
37291,0,1,0,284,0
37292,1,2,291,363628,0
37293,1,0,349303,0,0
37294,0,1,0,48762,0
37295,0,1,0,46585,0
37296,0,1,0,6646,0
37297,0,1,0,1095,0
37298,0,1,0,8540,0
37299,0,1,0,197,0
37300,0,1,0,4504,0
37301,1,0,206689,0,0
37302,1,0,22,0,0
37303,1,0,3496,0,0
37304,1,0,2151,0,0
37305,0,1,0,234,0
37306,0,2,0,1112,0
37307,0,1,0,65,0
37308,0,1,0,0,0
37309,0,1,0,193,0
37310,0,1,0,268929,0
37311,0,1,0,443,0
37312,0,1,0,58314,0
37313,0,1,0,5106,0
37314,0,1,0,3771342,0
37315,0,3,0,21467,0
37316,1,0,9850,0,0
37317,1,1,67,3385,0
37318,0,1,0,4497,0
37319,0,1,0,128,0
37320,0,1,0,198,0
37321,0,1,0,654,0
37322,0,1,0,4466,0
37323,0,2,0,3592,0
37324,2,0,4376,0,0
37325,2,2,1283,22709,0
37326,1,0,234,0,0
37327,1,0,854,0,0
37328,1,0,2724,0,0
37329,1,0,476,0,0
37330,1,0,7100,0,0
37331,2,0,798,0,0
37332,1,0,211,0,0
37333,1,0,2189,0,0
37334,1,0,1871,0,0
37335,1,0,39560,0,0
37336,1,0,26914,0,0
37337,0,1,0,2366,0
37338,0,2,0,135999,0
37339,2,1,134854,97,0
37340,0,4,0,12230,0
37341,7,1,164170,18,0
37342,0,1,0,362,0
37343,0,1,0,14028,0
37344,0,1,0,22433,0
37345,0,2,0,152093,0
37346,0,3,0,17125,0
37347,0,1,0,396,0
37348,2,5,104085,235348,1
37349,0,1,0,22724,0
37350,0,1,0,5257,0
37351,0,2,0,7423,0
37352,0,1,0,17871,0
37353,1,5,599,14092,0
37354,2,0,84,0,0
37355,1,0,307,0,0
37356,2,0,14983,0,0
37357,1,0,112,0,0
37358,0,5,0,895633,0
37359,1,0,4878,0,0
37360,1,0,808474,0,0
37361,1,0,69,0,0
37362,0,1,0,599,0
37363,1,4,20628,13297,0
37364,1,0,11875,0,0
37365,1,0,1213,0,0
37366,0,1,0,20628,0
37367,0,2,0,3958,0
37368,1,5,3,39530,0
37369,1,0,299,0,0
37370,1,0,967,0,0
37371,1,0,21353,0,0
37372,5,2,9661,373589,0
37373,1,0,327752,0,0
37374,0,2,0,5363,0
37375,1,0,1936,0,0
37376,0,2,0,45472,0
37377,0,3,0,11222,0
37378,1,1,112,2799,0
37379,0,2,0,4249,0
37380,0,4,0,23622,0
37381,1,0,993,0,0
37382,1,5,525,67219,0
37383,1,0,11352,0,0
37384,1,0,597,0,0
37385,1,2,20014,569877,0
37386,1,0,3039,0,0
37387,1,0,5815,0,0
37388,1,0,1176,0,0
37389,1,0,8826,0,0
37390,1,0,2643,0,0
37391,1,1,5023,113,0
37392,2,0,10589,0,0
37393,1,5,724,13494,0
37394,1,0,30609,0,0
37395,1,0,4614,0,0
37396,1,0,2959,0,0
37397,0,1,0,812,0
37398,0,1,0,22982,0
37399,1,0,2363,0,0
37400,1,0,1255,0,0
37401,0,1,0,9456,0
37402,0,1,0,450,0
37403,2,0,769,0,0
37404,2,0,1612,0,0
37405,1,0,1795,0,0
37406,1,0,22610,0,0
37407,1,0,19676,0,0
37408,1,0,271,0,0
37409,1,0,357,0,0
37410,1,0,6741,0,0
37411,4,0,149662,0,0
37412,0,1,0,19138,0
37413,1,0,4774,0,0
37414,0,1,0,6234,0
37415,0,1,0,53,0
37416,0,1,0,53716,0
37417,0,1,0,860,0
37418,0,1,0,5437,0
37419,1,0,4124,0,0
37420,1,2,11127,452658,0
37421,0,3,0,765844,0
37422,1,2,4545,11371,0
37423,1,0,251,0,0
37424,3,5,10344,106237,0
37425,1,0,218,0,0
37426,1,1,95798,1688,0
37427,1,3,794,40843,0
37428,0,1,0,8489,0
37429,0,1,0,17,0
37430,0,2,0,9305,0
37431,5,3,24657,59531,0
37432,0,1,0,5945,0
37433,1,1,2278,771,0
37434,0,2,0,14441,0
37435,0,1,0,123,0
37436,1,1,387,65860,0
37437,0,2,0,65786,0
37438,1,1,1176,772,0
37439,0,1,0,4,0
37440,0,1,0,263,0
37441,0,1,0,30253,0
37442,1,7,425,34949,0
37443,1,2,5645,132350,0
37444,1,11,317,150477,0
37445,0,1,0,1,0
37446,0,1,0,36935,0
37447,3,0,5974,0,0
37448,0,1,0,4372,0
37449,0,1,0,7334,0
37450,0,1,0,840,0
37451,0,1,0,2380,0
37452,3,2,7920,2007,0
37453,0,1,0,811,0
37454,0,1,0,33,0
37455,0,1,0,7076,0
37456,1,0,2819,0,0
37457,1,0,80,0,0
37458,0,1,0,7479,0
37459,0,1,0,12835,0
37460,0,1,0,40,0
37461,0,1,0,849,0
37462,0,1,0,4281,0
37463,0,1,0,338,0
37464,0,1,0,19081,0
37465,0,1,0,51772,0
37466,0,1,0,17981,0
37467,0,2,0,2772,0
37468,0,1,0,5616,0
37469,0,2,0,2993,0
37470,2,0,2616,0,0
37471,0,1,0,2514,0
37472,0,1,0,220,0
37473,0,1,0,8953,0
37474,1,2,15,48065,0
37475,0,1,0,4724,0
37476,0,1,0,172,0
37477,0,1,0,2399,0
37478,1,0,271,0,0
37479,0,4,0,13814,0
37480,2,0,754,0,0
37481,1,0,548,0,0
37482,0,2,0,13709,0
37483,0,1,0,112,0
37484,2,2,2003,15079,0
37485,0,1,0,650,0
37486,0,1,0,14746,0
37487,0,1,0,6893,0
37488,0,1,0,1444,0
37489,0,1,0,117,0
37490,0,1,0,103438,0
37491,0,2,0,153666,0
37492,0,1,0,108227,0
37493,0,1,0,554,0
37494,0,1,0,10886,0
37495,0,1,0,524,0
37496,0,1,0,6718,0
37497,1,0,31006,0,0
37498,2,0,60856,0,0
37499,1,0,265,0,0
37500,1,0,319,0,0
37501,1,11,20998,54514,0
37502,2,1,5787,20998,0
37503,2,0,27888,0,0
37504,2,1,42997,9,0
37505,1,0,771,0,0
37506,1,0,160,0,0
37507,1,0,28275,0,0
37508,1,0,1479,0,0
37509,1,0,1246,0,0
37510,1,0,17557,0,0
37511,1,0,12518,0,0
37512,0,3,0,118495,0
37513,0,2,0,42211,0
37514,0,8,0,70629,0
37515,1,0,3713,0,0
37516,1,0,22048,0,0
37517,1,0,297,0,0
37518,1,0,104,0,0
37519,1,0,23234,0,0
37520,1,2,931,2254,0
37521,1,0,314,0,0
37522,1,1,6856,121,0
37523,1,1,5743,474,0
37524,2,0,55472,0,0
37525,0,5,0,9064,0
37526,1,1,26,1006,0
37527,1,0,114,0,0
37528,1,0,8201,0,0
37529,0,1,0,2961,0
37530,0,1,0,133215,0
37531,0,1,0,154,0
37532,0,2,0,323,0
37533,0,2,0,4152,0
37534,0,1,0,61781,0
37535,0,2,0,6366,0
37536,0,1,0,1816,0
37537,0,2,0,4404,0
37538,0,1,0,1126,0
37539,0,1,0,697,0
37540,0,1,0,34685,0
37541,0,1,0,1699,0
37542,0,1,0,448197,0
37543,0,1,0,1080,0
37544,0,3,0,313591,0
37545,0,1,0,749,0
37546,0,1,0,1437,0
37547,0,1,0,217,0
37548,1,1,1707,474,0
37549,0,1,0,1631,0
37550,1,5,4190,1305,0
37551,0,1,0,60854,0
37552,1,2,31,1049,0
37553,0,1,0,439370,0
37554,0,1,0,22988,0
37555,0,1,0,2425,0
37556,0,1,0,1652,0
37557,0,1,0,59,0
37558,0,1,0,6538,0
37559,0,2,0,7433,0
37560,1,1,335,135,0
37561,0,1,0,6939,0
37562,0,1,0,3870,0
37563,0,1,0,29947,0
37564,0,2,0,5040,0
37565,0,2,0,57157,0
37566,2,5,542,42402,0
37567,0,1,0,9051,0
37568,0,1,0,6264,0
37569,0,1,0,25862,0
37570,0,1,0,93,0
37571,0,1,0,590,0
37572,1,1,9829,75,0
37573,0,1,0,443,0
37574,0,1,0,44270,0
37575,0,1,0,19636,0
37576,0,1,0,288,0
37577,0,1,0,2616,0
37578,0,1,0,1123,0
37579,0,1,0,67460,0
37580,0,7,0,197939,0
37581,1,0,1522,0,0
37582,1,5,12189,117078,0
37583,1,0,97,0,0
37584,1,0,5737,0,0
37585,2,0,13818,0,0
37586,0,2,0,15903,0
37587,0,1,0,646,0
37588,0,1,0,24,0
37589,0,15,0,171252,0
37590,1,18,2583,128862,0
37591,1,2,140305,903,0
37592,2,1,32155,500,0
37593,1,2,120,1547,0
37594,1,10,759,92365,0
37595,1,7,760,55544,0
37596,1,1,12587,7021,0
37597,0,1,0,2858,0
37598,0,2,0,2968,0
37599,0,1,0,34539,0
37600,0,1,0,3569,0
37601,0,1,0,118,0
37602,0,1,0,3515,0
37603,0,1,0,7432,0
37604,0,2,0,9008,0
37605,0,1,0,75,0
37606,0,1,0,1747,0
37607,0,1,0,234,0
37608,0,1,0,32872,0
37609,0,2,0,17408,0
37610,0,1,0,250083,0
37611,0,1,0,1388,0
37612,0,1,0,3051,0
37613,0,1,0,126,0
37614,0,1,0,727,0
37615,0,1,0,22010,0
37616,0,1,0,338,0
37617,0,1,0,454,0
37618,0,1,0,212,0
37619,0,1,0,910,0
37620,0,1,0,1834,0
37621,0,1,0,618,0
37622,0,1,0,3337,0
37623,0,1,0,5216,0
37624,0,1,0,11420,0
37625,0,1,0,211,0
37626,0,1,0,5723,0
37627,0,1,0,2584,0
37628,0,1,0,47339,0
37629,0,1,0,759,0
37630,0,1,0,1985,0
37631,0,2,0,350,0
37632,0,1,0,886,0
37633,0,1,0,7383,0
37634,1,1,8683,27,0
37635,0,1,0,410,0
37636,0,1,0,3912,0
37637,0,1,0,24,0
37638,0,1,0,49,0
37639,0,1,0,998,0
37640,0,1,0,15753,0
37641,0,1,0,6168,0
37642,0,1,0,8277,0
37643,0,1,0,311342,0
37644,0,1,0,8908,0
37645,0,1,0,3294,0
37646,0,1,0,4112393,0
37647,0,2,0,13285,0
37648,0,1,0,51,0
37649,1,1,39525,30815,0
37650,0,1,0,1898,0
37651,0,1,0,1748,0
37652,0,1,0,23514,0
37653,0,1,0,602,0
37654,0,1,0,868,0
37655,0,1,0,3284,0
37656,0,1,0,563,0
37657,0,1,0,4726,0
37658,0,1,0,9003,0
37659,0,1,0,36,0
37660,0,1,0,18,0
37661,0,1,0,132962,0
37662,0,1,0,1152,0
37663,0,1,0,89837,0
37664,0,1,0,1819,0
37665,0,1,0,11445,0
37666,0,2,0,2563,0
37667,1,1,12,37192,0
37668,0,1,0,1662,0
37669,0,1,0,1097,0
37670,0,1,0,137,0
37671,0,1,0,53,0
37672,0,1,0,1508,0
37673,0,2,0,433831,0
37674,0,1,0,40197,0
37675,1,0,428,0,0
37676,1,0,2776,0,0
37677,1,0,204,0,0
37678,1,0,2,0,0
37679,1,0,6672,0,0
37680,1,1,2435,325,0
37681,1,0,345,0,0
37682,1,0,96,0,0
37683,0,3,0,12263,0
37684,1,1,193,8084,0
37685,4,7,14743,222550,0
37686,0,1,0,351415,0
37687,0,2,0,12730,0
37688,0,1,0,24704,0
37689,1,0,1862,0,0
37690,1,0,44,0,0
37691,1,0,45,0,0
37692,1,0,199579,0,0
37693,1,0,4851,0,0
37694,0,1,0,279,0
37695,0,1,0,19563,0
37696,0,1,0,361,0
37697,0,1,0,1211,0
37698,0,1,0,39,0
37699,2,0,74155,0,0
37700,0,4,0,5230,0
37701,1,0,1312,0,0
37702,1,0,2662,0,0
37703,2,0,83486,0,0
37704,0,1,0,24243,0
37705,0,2,0,59,0
37706,0,1,0,1497,0
37707,0,1,0,1172,0
37708,0,1,0,3826,0
37709,0,1,0,30382,0
37710,0,2,0,75372,0
37711,1,1,223,1520,0
37712,0,1,0,18,0
37713,0,1,0,4044,0
37714,0,1,0,7851,0
37715,0,1,0,1216,0
37716,0,1,0,3400,0
37717,0,1,0,22,0
37718,0,1,0,1929,0
37719,0,1,0,41,0
37720,0,1,0,179,0
37721,0,1,0,1669,0
37722,0,1,0,436,0
37723,0,1,0,7769,0
37724,0,1,0,196,0
37725,0,1,0,94548,0
37726,0,1,0,426,0
37727,0,1,0,385,0
37728,0,1,0,17715,0
37729,0,1,0,24337,0
37730,0,1,0,3437,0
37731,0,1,0,12161,0
37732,0,1,0,1714,0
37733,0,1,0,1977,0
37734,0,1,0,235,0
37735,0,1,0,70058,0
37736,1,1,38858,794,1
37737,0,1,0,17536,0
37738,0,1,0,2919,0
37739,0,1,0,19509,0
37740,0,1,0,524,0
37741,0,1,0,6769,0
37742,0,1,0,55,0
37743,1,3,90961,95813,1
37744,1,2,168,4245,0
37745,3,1,13410,168,0
37746,0,1,0,1367,0
37747,0,2,0,1498,0
37748,0,1,0,815,0
37749,0,1,0,7281,0
37750,0,1,0,3001,0
37751,0,1,0,1407,0
37752,0,1,0,9819,0
37753,0,1,0,2354,0
37754,0,1,0,21615,0
37755,0,1,0,16182,0
37756,0,1,0,2084,0
37757,0,1,0,67,0
37758,0,1,0,1372,0
37759,0,1,0,1769,0
37760,0,1,0,3855,0
37761,0,1,0,406,0
37762,0,1,0,10533,0
37763,0,1,0,2757,0
37764,0,1,0,5294,0
37765,0,1,0,2303,0
37766,0,1,0,67830,0
37767,0,1,0,78,0
37768,0,1,0,94993,0
37769,0,1,0,29213,0
37770,0,1,0,401,0
37771,0,1,0,660,0
37772,0,1,0,2844175,0
37773,0,1,0,53843,0
37774,0,1,0,50,0
37775,0,1,0,5055,0
37776,0,1,0,125,0
37777,1,2,2021,849,0
37778,1,2,302,2944,0
37779,0,1,0,162,0
37780,0,1,0,14282,0
37781,0,1,0,97603,0
37782,0,1,0,2776,0
37783,0,1,0,248,0
37784,0,1,0,905,0
37785,0,1,0,31,0
37786,0,1,0,1946,0
37787,0,1,0,1034,0
37788,0,1,0,16215,0
37789,0,1,0,255,0
37790,0,1,0,761,0
37791,0,1,0,1684,0
37792,0,1,0,12259,0
37793,0,4,0,16835,0
37794,2,0,42357,0,0
37795,1,0,357,0,0
37796,3,1,38990,32,0
37797,4,4,9369,25160,0
37798,1,0,12223,0,0
37799,1,0,8982,0,0
37800,1,7,18676,52755,0
37801,1,0,1,0,0
37802,1,0,954,0,0
37803,1,1,114,31,0
37804,1,0,50,0,0
37805,1,4,152,1184237,0
37806,1,0,1173059,0,0
37807,1,0,1527,0,0
37808,0,2,0,701,0
37809,2,0,1082,0,0
37810,0,1,0,7312,0
37811,0,4,0,20276,0
37812,1,0,1625,0,0
37813,1,0,1673,0,0
37814,1,3,652,5098,0
37815,1,0,8082,0,0
37816,1,3,39,80288,0
37817,1,2,8089,380,0
37818,0,2,0,22554,0
37819,3,0,4486,0,0
37820,0,5,0,61985,0
37821,1,0,59771,0,0
37822,1,0,1174,0,0
37823,1,0,184,0,0
37824,0,1,0,2740,0
37825,0,2,0,7657,0
37826,0,1,0,492,0
37827,0,1,0,3610,0
37828,0,1,0,83057,0
37829,0,1,0,1421,0
37830,0,1,0,11204,0
37831,0,1,0,294,0
37832,0,1,0,196,0
37833,0,1,0,446,0
37834,0,1,0,3067,0
37835,0,1,0,11956,0
37836,0,1,0,270,0
37837,0,1,0,2,0
37838,0,1,0,2581,0
37839,0,1,0,510,0
37840,0,1,0,8546,0
37841,0,1,0,5100,0
37842,0,1,0,5627,0
37843,0,1,0,6095,0
37844,0,1,0,41440,0
37845,0,1,0,21298,0
37846,0,1,0,2437,0
37847,1,1,266,4446,0
37848,6,7,35491,50568,0
37849,1,0,2575,0,0
37850,1,0,190,0,0
37851,1,0,8883,0,0
37852,1,0,24628,0,0
37853,0,1,0,266,0
37854,0,1,0,28225,0
37855,0,1,0,427,0
37856,0,1,0,6341,0
37857,0,1,0,303,0
37858,0,1,0,120,0
37859,0,1,0,75,0
37860,1,1,0,367,0
37861,0,2,0,5020,0
37862,3,0,139847,0,0
37863,1,0,4676,0,0
37864,1,0,215,0,0
37865,1,1,39,25511,0
37866,1,0,139,0,0
37867,1,0,153,0,0
37868,2,1,117,36,0
37869,1,1,5415,3049,0
37870,0,2,0,203,0
37871,0,2,0,501381,0
37872,1,1,3659,310,0
37873,0,1,0,1786,0
37874,1,0,7,0,0
37875,0,3,0,20204,0
37876,1,0,1653,0,0
37877,0,1,0,7772,0
37878,2,0,17188,0,0
37879,0,4,0,69666,0
37880,1,0,50890,0,0
37881,1,0,5770,0,0
37882,1,0,9351,0,0
37883,0,1,0,891,0
37884,3,3,3251,124329,0
37885,3,0,292471,0,0
37886,2,0,9582,0,0
37887,0,1,0,113,0
37888,0,1,0,208,0
37889,0,2,0,29945,0
37890,0,1,0,19585,0
37891,0,1,0,34584,0
37892,0,1,0,402,0
37893,0,1,0,24725,0
37894,0,1,0,267,0
37895,0,1,0,4650,0
37896,0,1,0,4654,0
37897,0,1,0,50306,0
37898,0,1,0,209943,0
37899,0,1,0,6,0
37900,0,1,0,541,0
37901,0,1,0,94,0
37902,0,1,0,2055,0
37903,0,1,0,375671,0
37904,0,1,0,35748,0
37905,0,1,0,413,0
37906,0,1,0,19,0
37907,0,2,0,23431,0
37908,0,1,0,760,0
37909,0,4,0,16809,0
37910,1,0,352,0,0
37911,1,0,12983,0,0
37912,1,5,369,12978,0
37913,1,0,1019,0,0
37914,0,1,0,304,0
37915,0,2,0,30453,0
37916,0,3,0,10415,0
37917,1,0,5956,0,0
37918,2,3,6889,4162,0
37919,1,0,1359,0,0
37920,2,6,37133,43727,0
37921,1,0,71,0,0
37922,1,0,36934,0,0
37923,2,6,53598,268484,0
37924,1,0,188388,0,0
37925,1,0,4958,0,0
37926,1,0,1529,0,0
37927,1,0,3188,0,0
37928,2,2,2349820,28610,0
37929,1,3,4789,614,0
37930,4,0,11773,0,0
37931,6,2,57236,920,0
37932,1,0,411,0,0
37933,4,3,8362,1325,0
37934,1,1,576,4198,0
37935,1,0,515,0,0
37936,1,8,945,78424,0
37937,1,0,1797,0,0
37938,0,5,0,38066,0
37939,2,0,529,0,0
37940,1,0,205,0,0
37941,1,0,2836,0,0
37942,1,3,490,149329,0
37943,1,0,7086,0,0
37944,0,1,0,6320,0
37945,0,5,0,61457,0
37946,1,0,4855,0,0
37947,1,0,47975,0,0
37948,1,0,25,0,0
37949,0,1,0,465,0
37950,0,1,0,3957,0
37951,0,1,0,42,0
37952,0,1,0,38,0
37953,0,1,0,4550,0
37954,0,7,0,44336,0
37955,3,0,19642,0,0
37956,1,0,3710,0,0
37957,1,0,599,0,0
37958,1,0,21605,0,0
37959,1,0,16990,0,0
37960,0,1,0,1270,0
37961,0,1,0,278,0
37962,0,1,0,336,0
37963,0,1,0,187,0
37964,0,1,0,99,0
37965,0,1,0,40,0
37966,0,1,0,11142,0
37967,0,1,0,6482,0
37968,5,7,10887,10519,0
37969,0,4,0,33783,0
37970,1,3,5526,5035,0
37971,3,1,52580,660,0
37972,1,0,306,0,0
37973,1,0,2503,0,0
37974,1,3,922,5937,0
37975,1,0,179,0,0
37976,1,0,754,0,0
37977,1,1,5065,493,0
37978,1,0,8,0,0
37979,1,0,679,0,0
37980,1,0,83,0,0
37981,0,1,0,2124,0
37982,0,1,0,4624,0
37983,0,1,0,390666,0
37984,0,1,0,20,0
37985,0,2,0,310,0
37986,0,2,0,1071814,0
37987,0,1,0,277,0
37988,0,1,0,55421,0
37989,0,1,0,13090,0
37990,0,1,0,110,0
37991,0,1,0,304211,0
37992,0,1,0,4027,0
37993,0,1,0,1878,0
37994,0,1,0,596,0
37995,1,1,13573,249750,0
37996,0,1,0,2765,0
37997,0,1,0,1462,0
37998,0,1,0,504,0
37999,0,1,0,5,0
38000,0,1,0,775,0
38001,0,1,0,72,0
38002,0,1,0,2711,0
38003,0,1,0,44843,0
38004,0,1,0,87017,0
38005,0,1,0,1223,0
38006,0,1,0,2874,0
38007,0,1,0,6059,0
38008,0,1,0,28661,0
38009,0,1,0,25,0
38010,0,1,0,4559,0
38011,0,1,0,14005,0
38012,0,2,0,2449,0
38013,1,0,594,0,0
38014,0,2,0,17648,0
38015,0,1,0,44,0
38016,0,1,0,2774,0
38017,0,1,0,14829,0
38018,0,1,0,1119,0
38019,0,1,0,159,0
38020,0,1,0,18699,0
38021,0,1,0,4,0
38022,0,1,0,125,0
38023,0,1,0,1829,0
38024,0,1,0,24680,0
38025,0,1,0,42161,0
38026,0,1,0,483,0
38027,0,1,0,383,0
38028,0,1,0,7413,0
38029,0,1,0,564,0
38030,1,1,2598,4420,0
38031,0,2,0,47842,0
38032,0,1,0,740,0
38033,1,0,3277,0,0
38034,3,26,25788,826630,0
38035,1,0,10322,0,0
38036,1,0,1355,0,0
38037,1,0,143037,0,0
38038,1,0,9125,0,0
38039,1,0,20,0,0
38040,1,0,80561,0,0
38041,1,0,191,0,0
38042,1,0,7364,0,0
38043,1,0,1581,0,0
38044,2,0,19647,0,0
38045,1,0,285,0,0
38046,1,0,9170,0,0
38047,1,0,93,0,0
38048,1,0,21121,0,0
38049,0,1,0,1325,0
38050,0,1,0,2895,0
38051,0,1,0,48,0
38052,0,1,0,264,0
38053,0,1,0,14678,0
38054,0,1,0,41988,0
38055,0,1,0,247,0
38056,0,1,0,17639,0
38057,0,1,0,410,0
38058,0,1,0,1086,0
38059,0,1,0,197,0
38060,1,1,51427,40,0
38061,0,1,0,72317,0
38062,0,1,0,10526,0
38063,0,1,0,4993,0
38064,0,1,0,636,0
38065,0,1,0,251,0
38066,1,2,90,64340,0
38067,0,4,0,47611,0
38068,1,0,31715,0,0
38069,1,0,1585,0,0
38070,1,3,14221,6131,0
38071,1,0,3521,0,0
38072,1,0,1527,0,0
38073,0,1,0,6663,0
38074,0,4,0,152464,0
38075,2,0,13921,0,0
38076,1,0,777,0,0
38077,2,0,127261,0,0
38078,1,0,22406,0,0
38079,0,2,0,44663,0
38080,0,1,0,57626,0
38081,0,3,0,8950,0
38082,1,4,63,1067907,0
38083,1,0,45225,0,0
38084,0,2,0,254,0
38085,0,1,0,6897,0
38086,0,4,0,16421,0
38087,0,1,0,76,0
38088,0,1,0,18296,0
38089,1,0,2420,0,0
38090,1,0,13758,0,0
38091,1,1,865,10409,0
38092,1,1,27651,63557,0
38093,1,2,3019,353,0
38094,1,0,165,0,0
38095,0,4,0,3895,0
38096,1,0,858,0,0
38097,2,0,36223,0,0
38098,1,0,5337,0,0
38099,1,1,473,6437,0
38100,0,5,0,52332,0
38101,1,0,28170,0,0
38102,0,1,0,987,0
38103,1,0,31011,0,0
38104,1,1,1125,806,0
38105,1,0,1522,0,0
38106,0,1,0,20869,0
38107,0,2,0,502,0
38108,0,1,0,140,0
38109,0,1,0,518,0
38110,0,1,0,1348003,0
38111,0,1,0,0,0
38112,0,1,0,83754,0
38113,0,1,0,6,0
38114,0,1,0,136107,0
38115,0,1,0,3323,0
38116,0,1,0,200,0
38117,0,2,0,1371,0
38118,0,1,0,17602,0
38119,0,1,0,552,0
38120,0,1,0,213787,0
38121,0,2,0,12445,0
38122,0,1,0,827,0
38123,0,1,0,49683,0
38124,0,1,0,5594,0
38125,0,1,0,3777,0
38126,0,1,0,70,0
38127,0,1,0,3509,0
38128,0,1,0,3628,0
38129,0,1,0,1045,0
38130,0,1,0,18793,0
38131,0,1,0,2130,0
38132,0,1,0,7694,0
38133,0,1,0,5115,0
38134,0,1,0,31980,0
38135,0,1,0,4823,0
38136,0,1,0,5165,0
38137,0,1,0,45589,0
38138,0,4,0,55275,0
38139,1,1,49297,4839,0
38140,1,1,111,528967,0
38141,1,0,465,0,0
38142,0,1,0,17166,0
38143,0,1,0,13,0
38144,0,1,0,74090,0
38145,0,2,0,21418,0
38146,0,1,0,8720,0
38147,0,1,0,13232,0
38148,1,2,221,523784,0
38149,0,1,0,3547,0
38150,0,1,0,132756,0
38151,0,1,0,873,0
38152,0,1,0,2520,0
38153,0,1,0,2211,0
38154,0,1,0,2620,0
38155,0,1,0,17286,0
38156,0,1,0,24913,0
38157,0,1,0,18729,0
38158,0,1,0,17834,0
38159,0,1,0,160,0
38160,0,1,0,8279,0
38161,0,1,0,193350,0
38162,0,1,0,80,0
38163,0,1,0,584,0
38164,0,1,0,940,0
38165,0,1,0,5888,0
38166,0,1,0,563545,0
38167,0,1,0,105,0
38168,0,1,0,2777,0
38169,0,1,0,4022,0
38170,0,2,0,26676,0
38171,0,1,0,42713,0
38172,0,1,0,3991,0
38173,0,1,0,15483,0
38174,0,1,0,2370,0
38175,0,1,0,18676,0
38176,1,0,31,0,0
38177,1,0,86491,0,0
38178,1,0,122,0,0
38179,0,1,0,5932,0
38180,0,2,0,2384,0
38181,0,1,0,265,0
38182,0,1,0,105,0
38183,0,1,0,508593,0
38184,1,0,1170,0,0
38185,0,2,0,24137,0
38186,1,0,1141,0,0
38187,0,4,0,486981,0
38188,0,1,0,3471,0
38189,1,1,18242,1326,0
38190,0,1,0,994,0
38191,1,0,52015,0,0
38192,0,1,0,465,0
38193,0,4,0,1664521,0
38194,0,1,0,721,0
38195,1,0,21619,0,0
38196,0,2,0,18042,0
38197,4,4,2777,96550,0
38198,0,2,0,853,0
38199,0,1,0,14730,0
38200,0,1,0,1,0
38201,2,3,26019,2488,0
38202,1,0,550,0,0
38203,0,1,0,3891,0
38204,0,42,0,1294437,0
38205,1,1,416,59,0
38206,1,0,27,0,0
38207,1,0,1152,0,0
38208,1,0,1363,0,0
38209,1,0,52541,0,0
38210,3,0,9465,0,0
38211,1,0,392,0,0
38212,1,0,36592,0,0
38213,1,0,158933,0,0
38214,1,0,12,0,0
38215,1,0,238793,0,0
38216,1,0,10126,0,0
38217,1,0,19169,0,0
38218,1,0,2984,0,0
38219,1,0,2250,0,0
38220,1,0,54468,0,0
38221,1,0,741,0,0
38222,1,0,488,0,0
38223,1,0,40518,0,0
38224,1,0,390360,0,0
38225,1,0,1496,0,0
38226,1,0,382,0,0
38227,1,0,1026,0,0
38228,1,0,251,0,0
38229,1,0,62334,0,0
38230,1,0,5203,0,0
38231,1,0,73607,0,0
38232,1,0,1859,0,0
38233,1,0,769,0,0
38234,1,0,3103,0,0
38235,1,0,336,0,0
38236,1,0,5675,0,0
38237,1,0,42003,0,0
38238,1,0,28904,0,0
38239,1,0,2287,0,0
38240,1,0,3735,0,0
38241,1,0,11487,0,0
38242,1,0,11484,0,0
38243,1,0,1039,0,0
38244,1,0,240,0,0
38245,1,0,12683,0,0
38246,0,5,0,634701,0
38247,1,0,598930,0,0
38248,0,4,0,192304,0
38249,2,0,7951,0,0
38250,1,0,182738,0,0
38251,1,0,71,0,0
38252,1,0,3449,0,0
38253,1,0,810,0,0
38254,1,0,24997,0,0
38255,1,0,1478,0,0
38256,1,0,11648,0,0
38257,1,0,8352,0,0
38258,1,0,194,0,0
38259,1,0,14397,0,0
38260,2,0,59280,0,0
38261,0,19,0,786841,0
38262,1,0,184,0,0
38263,1,0,5088,0,0
38264,1,0,1595,0,0
38265,1,0,7707,0,0
38266,1,0,28835,0,0
38267,1,0,1156,0,0
38268,1,0,126798,0,0
38269,1,0,10205,0,0
38270,1,0,37403,0,0
38271,1,0,432,0,0
38272,1,0,1927,0,0
38273,1,0,971,0,0
38274,1,0,17,0,0
38275,1,0,2620,0,0
38276,1,0,453909,0,0
38277,1,0,61530,0,0
38278,1,0,480,0,0
38279,1,1,232,2470,0
38280,1,2,54395,14697,0
38281,0,1,0,184,0
38282,0,1,0,4342,0
38283,0,1,0,11243,0
38284,1,1,36,12462,0
38285,0,1,0,587,0
38286,2,4,72388,88727,0
38287,0,1,0,1461,0
38288,0,1,0,292,0
38289,0,1,0,2488,0
38290,0,1,0,215,0
38291,0,1,0,882,0
38292,0,1,0,422135,0
38293,1,0,927,0,0
38294,1,1,5119,116,0
38295,0,1,0,38721,0
38296,0,2,0,1337,0
38297,0,2,0,4592,0
38298,0,1,0,76,0
38299,0,1,0,127,0
38300,0,1,0,2806,0
38301,0,2,0,247644,0
38302,0,1,0,9859,0
38303,0,1,0,3132,0
38304,1,2,214,12750,0
38305,0,1,0,655,0
38306,0,1,0,37,0
38307,0,1,0,636,0
38308,0,1,0,11018,0
38309,0,1,0,37,0
38310,1,1,5114,19528,0
38311,0,2,0,10109,0
38312,1,0,48,0,0
38313,1,1,2769,22052,0
38314,0,3,0,7690,0
38315,1,0,5577,0,0
38316,2,0,14432,0,0
38317,1,0,256892,0,0
38318,0,1,0,6061,0
38319,1,3,29958,460821,0
38320,0,1,0,2960,0
38321,0,1,0,2,0
38322,0,2,0,30507,0
38323,1,2,53,7972,0
38324,1,1,4254,197,0
38325,0,1,0,37994,0
38326,1,0,1,0,0
38327,0,1,0,2081,0
38328,0,3,0,27754,0
38329,4,2,22332,2999,0
38330,2,0,3489,0,0
38331,1,2,156,470,0
38332,1,0,10,0,0
38333,1,0,9377,0,0
38334,0,1,0,85,0
38335,0,2,0,5582,0
38336,0,1,0,227,0
38337,0,1,0,5745,0
38338,0,2,0,5398,0
38339,0,2,0,151842,0
38340,0,1,0,66,0
38341,0,2,0,1615,0
38342,0,1,0,19284,0
38343,0,1,0,671,0
38344,0,1,0,131,0
38345,0,4,0,5103,0
38346,1,0,2279,0,0
38347,0,1,0,12438,0
38348,0,3,0,2278,0
38349,0,2,0,13135,0
38350,3,5,25632,12821,0
38351,1,0,139,0,0
38352,2,1,4657,370098,0
38353,1,2,2271,12403,0
38354,2,0,54616,0,0
38355,1,3,5559,37573,0
38356,1,0,4581,0,0
38357,1,1,51,281,0
38358,2,3,5871,2565,0
38359,1,1,2142,274,0
38360,1,0,104,0,0
38361,1,8,1128,119692,0
38362,1,0,14053,0,0
38363,1,0,58293,0,0
38364,1,0,7119,0,0
38365,1,0,1345,0,0
38366,1,0,372,0,0
38367,1,0,19462,0,0
38368,1,0,422,0,0
38369,1,0,128,0,0
38370,1,0,334,0,0
38371,1,0,7037,0,0
38372,1,0,13,0,0
38373,1,0,4012,0,0
38374,1,0,2213,0,0
38375,1,0,757,0,0
38376,1,0,158,0,0
38377,1,0,60,0,0
38378,1,0,253,0,0
38379,1,0,2689,0,0
38380,1,0,2317,0,0
38381,2,0,62,0,0
38382,1,0,2279,0,0
38383,0,32,0,488106,0
38384,1,0,83391,0,0
38385,1,0,620,0,0
38386,1,0,324,0,0
38387,1,0,21165,0,0
38388,1,0,4894,0,0
38389,1,0,89,0,0
38390,1,0,57,0,0
38391,1,0,187,0,0
38392,1,0,4759,0,0
38393,1,0,6533,0,0
38394,1,0,211162,0,0
38395,1,0,31659,0,0
38396,1,0,2008,0,0
38397,1,0,417,0,0
38398,1,0,8,0,0
38399,1,0,418,0,0
38400,1,0,9198,0,0
38401,1,0,2915,0,0
38402,2,0,59333,0,0
38403,1,0,3162,0,0
38404,1,0,414,0,0
38405,1,0,33278,0,0
38406,1,0,655,0,0
38407,1,0,128,0,0
38408,1,0,1323,0,0
38409,1,0,667,0,0
38410,1,0,335,0,0
38411,1,0,410,0,0
38412,0,4,0,351235,0
38413,1,0,4287,0,0
38414,1,0,330853,0,0
38415,0,1,0,137,0
38416,0,1,0,3908,0
38417,0,2,0,872787,0
38418,0,1,0,1076,0
38419,0,1,0,15030,0
38420,0,1,0,91,0
38421,1,0,6454,0,0
38422,1,0,136,0,0
38423,0,1,0,155,0
38424,0,2,0,15868,0
38425,0,1,0,140,0
38426,0,1,0,4066,0
38427,0,1,0,84212,0
38428,0,7,0,26280,0
38429,1,1,638,67,0
38430,1,0,805,0,0
38431,1,0,67,0,0
38432,0,1,0,19647,0
38433,1,4,5521,1551,0
38434,1,0,698,0,0
38435,1,0,962,0,0
38436,1,0,229,0,0
38437,1,2,958,103547,0
38438,0,1,0,17190,0
38439,1,0,106,0,0
38440,2,0,1058,0,0
38441,1,0,100883,0,0
38442,2,3,7353,1629,0
38443,1,0,827,0,0
38444,0,1,0,1735,0
38445,0,1,0,31,0
38446,0,1,0,793,0
38447,0,1,0,90,0
38448,0,1,0,406,0
38449,0,1,0,1583,0
38450,0,1,0,1548,0
38451,0,1,0,2989,0
38452,0,2,0,18992,0
38453,0,1,0,22403,0
38454,0,1,0,6320,0
38455,0,1,0,1740,0
38456,1,0,11616,0,0
38457,1,0,241,0,0
38458,1,0,4365,0,0
38459,1,0,118,0,0
38460,0,1,0,5440,0
38461,0,1,0,5679,0
38462,0,1,0,225,0
38463,0,1,0,14436,0
38464,0,1,0,7856,0
38465,0,1,0,35,0
38466,0,1,0,746,0
38467,0,5,0,1115999,0
38468,3,0,2851,0,0
38469,10,0,454830,0,0
38470,2,0,61808,0,0
38471,33,1,490055,9978,0
38472,0,3,0,2305,0
38473,1,0,404,0,0
38474,0,9,0,199422,0
38475,1,0,316,0,0
38476,1,0,58,0,0
38477,1,0,55319,0,0
38478,1,1,16694,31837,0
38479,1,0,33482,0,0
38480,1,1,5493,17814,0
38481,0,1,0,107,0
38482,0,1,0,180,0
38483,0,2,0,16270,0
38484,0,1,0,16589,0
38485,0,6,0,45981,0
38486,2,0,21925,0,0
38487,2,0,2769,0,0
38488,2,0,930,0,0
38489,1,0,3134,0,0
38490,1,0,39405,0,0
38491,0,2,0,17573,0
38492,0,3,0,6217,0
38493,1,0,801,0,0
38494,0,3,0,2388133,0
38495,3,6,2418499,931426,0
38496,0,6,0,125467,0
38497,1,0,983,0,0
38498,1,0,0,0,0
38499,0,3,0,126309,0
38500,0,6,0,156198,0
38501,1,0,1012,0,0
38502,1,0,3030,0,0
38503,1,0,1166,0,0
38504,4,14,25156,1039135,0
38505,1,0,2881,0,0
38506,1,0,848989,0,0
38507,1,0,480,0,0
38508,1,0,11332,0,0
38509,1,0,26,0,0
38510,1,0,42743,0,0
38511,1,2,3389,10109,0
38512,1,0,14939,0,0
38513,1,2,102345,558,0
38514,1,0,68,0,0
38515,3,5,3956,27366,0
38516,1,0,16493,0,0
38517,1,0,1331,0,0
38518,1,2,8411,31038,0
38519,1,0,1113,0,0
38520,0,2,0,9651,0
38521,8,3,9812,1127,0
38522,2,4,527,11845,0
38523,1,0,37,0,0
38524,0,3,0,495088,0
38525,0,2,0,18300,0
38526,1,0,7494,0,0
38527,0,2,0,948,0
38528,0,3,0,38332,0
38529,1,1,3636,30593,0
38530,2,6,1649,18224,0
38531,0,1,0,4082,0
38532,1,0,12471,0,0
38533,3,0,6254,0,0
38534,2,0,880438,0,0
38535,0,1,0,1143,0
38536,0,1,0,348,0
38537,0,3,0,9135,0
38538,1,0,8191,0,0
38539,0,2,0,127,0
38540,1,1,712,320,0
38541,0,4,0,31518,0
38542,1,0,3994,0,0
38543,1,6,1728,163161,0
38544,1,0,132476,0,0
38545,1,0,1268,0,0
38546,1,0,196,0,0
38547,0,3,0,12949,0
38548,1,0,453,0,0
38549,0,1,0,315,0
38550,0,1,0,3528,0
38551,0,2,0,1914243,0
38552,0,1,0,46552,0
38553,0,2,0,3281,0
38554,1,0,158,0,0
38555,0,2,0,22846,0
38556,3,0,38303,0,0
38557,0,1,0,147162,0
38558,0,1,0,332,0
38559,1,0,1447,0,0
38560,0,1,0,65300,0
38561,0,1,0,250,0
38562,0,1,0,43867,0
38563,0,1,0,397,0
38564,0,1,0,16734,0
38565,0,1,0,3716,0
38566,0,1,0,34544,0
38567,2,1,1279,1208,0
38568,1,1,51605,31683,0
38569,0,1,0,513,0
38570,1,2,1559262,79238,0
38571,0,2,0,1220,0
38572,0,1,0,75,0
38573,0,2,0,365,0
38574,1,0,8000,0,0
38575,0,2,0,10819,0
38576,1,1,1425,61901,0
38577,0,1,0,3454,0
38578,1,0,8,0,0
38579,0,2,0,4232,0
38580,0,4,0,20773,0
38581,1,9,6405,897411,0
38582,1,4,47,694443,0
38583,1,0,17434,0,0
38584,1,0,235365,0,0
38585,1,0,1202,0,0
38586,1,0,3925,0,0
38587,1,0,22825,0,0
38588,0,2,0,34207,0
38589,2,0,35120,0,0
38590,1,2,1540,2711,0
38591,0,2,0,1474,0
38592,2,0,21648,0,0
38593,0,2,0,51175,0
38594,0,6,0,52588,0
38595,1,1,88,92362,0
38596,1,1,62,63932,0
38597,1,3,1624,1111,0
38598,2,0,220,0,0
38599,0,1,0,44,0
38600,1,2,2261,1001,0
38601,2,10,49318,98608,0
38602,1,0,336,0,0
38603,1,0,574,0,0
38604,1,0,21000,0,0
38605,1,0,5689,0,0
38606,1,0,12046,0,0
38607,0,1,0,17219,0
38608,0,2,0,5893,0
38609,1,1,3595,82,0
38610,2,0,118041,0,0
38611,1,3,4204,60496,0
38612,1,0,440,0,0
38613,1,0,13898,0,0
38614,0,2,0,24471,0
38615,1,3,1139,22181,0
38616,1,0,11955,0,0
38617,0,4,0,304196,0
38618,0,1,0,266775,0
38619,0,4,0,9845,0
38620,1,0,1878,0,0
38621,1,0,2789,0,0
38622,1,1,6753,799,0
38623,1,1,27112,232798,0
38624,0,1,0,548445,0
38625,3,2,51437,13479,0
38626,2,32,82860,314396,0
38627,1,0,111,0,0
38628,1,1,1315,18989,0
38629,2,0,9175,0,0
38630,1,1,724,4206,0
38631,1,0,2359,0,0
38632,1,0,3062,0,0
38633,1,0,1019,0,0
38634,1,0,53923,0,0
38635,1,0,1027,0,0
38636,2,0,99442,0,0
38637,1,0,4028,0,0
38638,1,1,10623,2499,0
38639,1,0,150,0,0
38640,1,0,21,0,0
38641,1,0,18,0,0
38642,1,0,29569,0,0
38643,1,0,401,0,0
38644,0,1,0,27003,0
38645,0,1,0,36170,0
38646,1,0,1729,0,0
38647,0,1,0,6937,0
38648,0,1,0,29397,0
38649,0,1,0,77648,0
38650,0,1,0,22310,0
38651,0,1,0,10703,0
38652,1,0,5,0,0
38653,1,1,105906,314,0
38654,0,2,0,31115,0
38655,0,1,0,2041,0
38656,0,1,0,107,0
38657,0,1,0,613,0
38658,0,2,0,3298,0
38659,0,3,0,14903,0
38660,1,0,10675,0,0
38661,1,9,431,630000,0
38662,1,0,1524,0,0
38663,1,1,2627,431,0
38664,1,0,98,0,0
38665,1,0,558410,0,0
38666,0,2,0,21054,0
38667,0,1,0,1417,0
38668,2,2,13449,2228,0
38669,0,3,0,103394,0
38670,2,0,57904,0,0
38671,0,2,0,39869,0
38672,1,0,442,0,0
38673,1,0,5457,0,0
38674,0,3,0,2196,0
38675,0,1,0,93352,0
38676,0,1,0,81,0
38677,0,1,0,177,0
38678,0,1,0,125567,0
38679,0,1,0,6,0
38680,0,1,0,295,0
38681,0,1,0,21198,0
38682,0,1,0,4614,0
38683,0,1,0,5642,0
38684,0,1,0,107,0
38685,0,1,0,36859,0
38686,0,1,0,396,0
38687,0,1,0,13,0
38688,0,1,0,3328,0
38689,0,1,0,12899,0
38690,0,1,0,7596,0
38691,0,3,0,272276,0
38692,0,1,0,2506,0
38693,0,1,0,326,0
38694,0,1,0,433,0
38695,0,1,0,1152,0
38696,0,1,0,33,0
38697,0,1,0,3378,0
38698,0,1,0,3811,0
38699,0,1,0,7100,0
38700,0,1,0,10700,0
38701,0,1,0,19240,0
38702,0,1,0,2369,0
38703,0,1,0,192,0
38704,0,1,0,16299,0
38705,0,1,0,2446,0
38706,0,1,0,84946,0
38707,2,5,47149,69816,0
38708,0,1,0,821,0
38709,0,1,0,111,0
38710,0,2,0,5604,0
38711,0,3,0,10577,0
38712,1,0,1632,0,0
38713,0,1,0,1444,0
38714,0,1,0,725,0
38715,0,1,0,217286,0
38716,0,1,0,4198,0
38717,0,1,0,105,0
38718,3,17,7549,212143,0
38719,1,0,6078,0,0
38720,1,1,234,51129,0
38721,1,0,900,0,0
38722,1,0,18529,0,0
38723,1,0,13,0,0
38724,1,0,233,0,0
38725,1,0,1970,0,0
38726,1,0,718,0,0
38727,1,0,4443,0,0
38728,1,0,20559,0,0
38729,1,2,779,2163,0
38730,0,2,0,6712,0
38731,0,1,0,3070,0
38732,0,1,0,2540,0
38733,0,1,0,13755,0
38734,0,1,0,19694,0
38735,0,1,0,11992,0
38736,0,2,0,1165,0
38737,0,1,0,6186,0
38738,0,1,0,3258,0
38739,0,1,0,1439,0
38740,2,0,5413,0,0
38741,0,1,0,410,0
38742,0,1,0,38666,0
38743,0,1,0,3178,0
38744,0,1,0,3600,0
38745,0,2,0,21645,0
38746,0,1,0,2551,0
38747,0,1,0,2849,0
38748,0,1,0,113011,0
38749,0,2,0,334,0
38750,0,1,0,409,0
38751,0,1,0,1328,0
38752,0,1,0,353,0
38753,0,1,0,135835,0
38754,1,0,85,0,0
38755,0,2,0,4939,0
38756,3,0,3115,0,0
38757,0,1,0,1613,0
38758,0,1,0,78057,0
38759,0,1,0,23366,0
38760,0,1,0,277,0
38761,0,1,0,780,0
38762,0,1,0,1663,0
38763,0,1,0,23443,0
38764,0,1,0,296,0
38765,0,1,0,1610,0
38766,0,6,0,226194,0
38767,1,0,220910,0,0
38768,1,0,455,0,0
38769,0,2,0,2089,0
38770,0,1,0,152,0
38771,0,1,0,1014,0
38772,1,2,390,15933,0
38773,1,0,440,0,0
38774,0,6,0,212799,0
38775,1,0,518,0,0
38776,1,0,2255,0,0
38777,1,0,188792,0,0
38778,1,0,4637,0,0
38779,0,1,0,3064,0
38780,0,2,0,35948,0
38781,0,2,0,16873,0
38782,1,1,29,136,0
38783,1,2,810,339,0
38784,0,2,0,20459,0
38785,1,0,4034,0,0
38786,0,2,0,20987,0
38787,1,0,6932,0,0
38788,1,0,2237,0,0
38789,0,2,0,184555,0
38790,3,4,11812,94812,0
38791,1,0,12364,0,0
38792,1,2,2552,31487,0
38793,0,2,0,83564,0
38794,2,0,82737,0,0
38795,0,1,0,3013,0
38796,0,1,0,41,0
38797,0,1,0,257085,0
38798,6,0,37267,0,0
38799,0,2,0,25853,0
38800,1,1,103,0,0
38801,0,1,0,697,0
38802,0,1,0,195,0
38803,0,1,0,1589,0
38804,0,1,0,213,0
38805,0,1,0,23,0
38806,0,1,0,75,0
38807,0,1,0,449,0
38808,0,2,0,3874,0
38809,0,1,0,15033,0
38810,0,1,0,3635,0
38811,0,1,0,4077,0
38812,0,1,0,85,0
38813,0,1,0,2895,0
38814,0,1,0,1978,0
38815,0,3,0,1896,0
38816,1,0,3,0,0
38817,0,1,0,193,0
38818,0,1,0,3796,0
38819,0,1,0,388,0
38820,0,1,0,2675,0
38821,0,1,0,1372,0
38822,0,1,0,531821,0
38823,0,1,0,14133,0
38824,0,1,0,5904,0
38825,0,1,0,180,0
38826,0,1,0,124190,0
38827,0,1,0,31154,0
38828,0,1,0,767691,0
38829,0,1,0,196,0
38830,0,1,0,158,0
38831,0,1,0,46108,0
38832,0,1,0,13054,0
38833,0,1,0,57,0
38834,0,1,0,268378,0
38835,0,1,0,1394,0
38836,0,1,0,17562,0
38837,0,1,0,232,0
38838,0,1,0,708,0
38839,1,0,231,0,0
38840,1,0,223,0,0
38841,0,1,0,1245,0
38842,0,1,0,37263,0
38843,0,1,0,819,0
38844,0,1,0,679,0
38845,1,0,2231,0,0
38846,0,10,0,124936,0
38847,1,0,181,0,0
38848,1,0,18001,0,0
38849,1,0,4143,0,0
38850,1,0,13321,0,0
38851,1,0,280,0,0
38852,1,0,28531,0,0
38853,1,1,92,39,0
38854,0,1,0,2662,0
38855,0,1,0,9982,0
38856,0,1,0,16278,0
38857,0,1,0,444,0
38858,0,1,0,7,0
38859,0,1,0,21749,0
38860,0,1,0,183,0
38861,0,1,0,746,0
38862,0,1,0,417,0
38863,0,1,0,43284,0
38864,0,1,0,12850,0
38865,0,1,0,9403,0
38866,0,2,0,76965,0
38867,1,0,4205,0,0
38868,2,0,130791,0,0
38869,1,0,383,0,0
38870,1,0,97819,0,0
38871,2,0,10893,0,0
38872,1,0,788,0,0
38873,1,0,8056,0,0
38874,1,0,8446,0,0
38875,2,0,52077,0,0
38876,1,0,2133,0,0
38877,1,0,144,0,0
38878,0,3,0,44579,0
38879,1,0,347,0,0
38880,0,3,0,24498,0
38881,1,0,20703,0,0
38882,1,1,2465,490,0
38883,2,6,790,44685,0
38884,2,0,4484,0,0
38885,2,0,54,0,0
38886,1,1,3045,1102,0
38887,1,0,373,0,0
38888,1,1,1701,14676,0
38889,2,0,4541,0,0
38890,0,1,0,38327,0
38891,0,1,0,3285,0
38892,0,1,0,1646,0
38893,0,1,0,20090,0
38894,0,1,0,773,0
38895,0,1,0,28,0
38896,2,0,251237,0,0
38897,1,1,4572,16857,0
38898,1,0,69,0,0
38899,0,1,0,9,0
38900,0,1,0,276,0
38901,2,4,71109,1998,0
38902,1,2,3907,2416,0
38903,1,0,5,0,0
38904,1,0,613,0,0
38905,8,3,285624,25767,0
38906,2,1,206257,226,0
38907,1,0,12770,0,0
38908,0,2,0,849,0
38909,1,1,1127,1905,0
38910,1,0,454,0,0
38911,1,0,212001,0,0
38912,0,13,0,331716,0
38913,1,0,6418,0,0
38914,1,0,10404,0,0
38915,1,0,1341,0,0
38916,1,0,6,0,0
38917,1,0,6832,0,0
38918,1,0,207641,0,0
38919,1,0,3916,0,0
38920,1,0,437,0,0
38921,0,1,0,56671,0
38922,0,2,0,47882,0
38923,0,2,0,21437,0
38924,1,0,15836,0,0
38925,0,2,0,14683,0
38926,0,1,0,4,0
38927,0,1,0,4364,0
38928,0,3,0,2819,0
38929,1,0,255,0,0
38930,0,1,0,97,0
38931,0,1,0,3234,0
38932,0,2,0,481,0
38933,0,2,0,626,0
38934,0,3,0,1907,0
38935,0,1,0,3413,0
38936,0,1,0,1450,0
38937,0,1,0,16443,0
38938,0,1,0,6663,0
38939,0,1,0,809,0
38940,0,2,0,2664,0
38941,1,0,2377,0,0
38942,1,0,40279,0,0
38943,0,1,0,495,0
38944,0,2,0,21779,0
38945,0,1,0,6578,0
38946,0,1,0,216,0
38947,0,3,0,13223,0
38948,3,0,740861,0,0
38949,1,0,320,0,0
38950,0,1,0,497,0
38951,0,3,0,1842,0
38952,0,2,0,3734666,0
38953,3,3,9251,523198,0
38954,1,1,180968,5044,0
38955,2,0,352,0,0
38956,0,11,0,180740,0
38957,1,0,132994,0,0
38958,1,0,2647,0,0
38959,1,0,4238,0,0
38960,1,0,15699,0,0
38961,1,1,19579,2682,0
38962,1,0,2211,0,0
38963,1,0,390,0,0
38964,1,0,128,0,0
38965,1,0,923,0,0
38966,1,2,563,640,0
38967,1,0,649,0,0
38968,1,0,81,0,0
38969,1,0,3725,0,0
38970,1,2,43,6917,0
38971,5,3,47513,111809,0
38972,0,1,0,232158,0
38973,0,1,0,175664,0
38974,0,1,0,4250,0
38975,0,1,0,4424,0
38976,0,1,0,1087,0
38977,0,1,0,973,0
38978,0,1,0,252,0
38979,0,1,0,6586,0
38980,0,1,0,4415,0
38981,0,1,0,7385,0
38982,0,1,0,939,0
38983,0,1,0,3358,0
38984,0,1,0,299,0
38985,0,2,0,62909,0
38986,0,2,0,6363,0
38987,0,2,0,18784,0
38988,1,0,4104,0,0
38989,0,1,0,3029,0
38990,0,1,0,2167,0
38991,0,2,0,188818,0
38992,0,4,0,23731,0
38993,1,0,1277,0,0
38994,1,0,7665,0,0
38995,0,1,0,1035,0
38996,0,1,0,196,0
38997,0,1,0,2016,0
38998,0,1,0,31481,0
38999,0,1,0,1676,0
39000,0,1,0,139,0
39001,0,1,0,802,0
39002,0,1,0,1876,0
39003,0,1,0,49,0
39004,2,0,4099,0,0
39005,0,2,0,1245,0
39006,0,2,0,2660,0
39007,2,6,3812,56808,0
39008,1,0,2103,0,0
39009,1,0,527,0,0
39010,1,0,317,0,0
39011,1,1,64379,409,0
39012,0,3,0,7118,0
39013,1,0,6277,0,0
39014,0,3,0,17392,0
39015,1,0,3255,0,0
39016,0,2,0,381250,0
39017,1,3,657,36671,0
39018,1,0,23372,0,0
39019,2,4,18090,88316,0
39020,1,1,267,8503,0
39021,1,0,67604,0,0
39022,1,0,32,0,0
39023,0,1,0,12571,0
39024,0,1,0,43219,0
39025,0,1,0,329,0
39026,0,1,0,610,0
39027,1,1,807,698441,0
39028,1,0,141,0,0
39029,0,1,0,47676,0
39030,0,1,0,280,0
39031,0,1,0,1236,0
39032,0,1,0,2935,0
39033,0,2,0,206707,0
39034,1,0,163,0,0
39035,1,0,1984,0,0
39036,2,6,10357,45608,0
39037,1,0,317,0,0
39038,1,0,10583,0,0
39039,1,0,598,0,0
39040,1,0,33352,0,0
39041,4,0,20920,0,0
39042,0,11,0,486646,0
39043,3,0,26767,0,0
39044,1,0,11281,0,0
39045,1,0,592,0,0
39046,1,0,370326,0,0
39047,1,1,389,941,0
39048,0,1,0,129,0
39049,0,1,0,387,0
39050,0,2,0,10316,0
39051,0,2,0,1680,0
39052,2,2,565,2555,0
39053,1,1,1192,21,0
39054,1,4,317,37068,0
39055,1,0,1389,0,0
39056,0,1,0,49114,0
39057,1,0,463,0,0
39058,1,0,428,0,0
39059,1,2,2721,2315,0
39060,1,0,170,0,0
39061,0,1,0,283,0
39062,0,1,0,494,0
39063,0,5,0,17995,0
39064,1,0,291,0,0
39065,1,0,268,0,0
39066,0,1,0,25,0
39067,0,1,0,1378,0
39068,0,1,0,41752,0
39069,0,1,0,214779,0
39070,2,1,9771,11479,0
39071,1,0,145,0,0
39072,1,0,3319,0,0
39073,1,1,367854,58688,0
39074,1,0,134932,0,0
39075,1,0,57368,0,0
39076,1,0,161118,0,0
39077,1,0,163,0,0
39078,1,0,8115,0,0
39079,1,0,651,0,0
39080,0,1,0,7476,0
39081,0,2,0,13313,0
39082,0,1,0,173,0
39083,0,2,0,147079,0
39084,0,1,0,2037,0
39085,0,1,0,136,0
39086,0,1,0,21823,0
39087,0,1,0,604,0
39088,0,1,0,1375,0
39089,0,1,0,1833,0
39090,0,1,0,6718,0
39091,0,1,0,186469,0
39092,0,1,0,3790,0
39093,0,1,0,7307,0
39094,1,1,1117,67255,0
39095,0,1,0,3468,0
39096,1,0,2252,0,0
39097,0,3,0,34856,0
39098,2,0,5276,0,0
39099,0,1,0,1142,0
39100,0,4,0,8716,0
39101,1,1,1110,1965,0
39102,0,1,0,677,0
39103,0,1,0,652,0
39104,0,1,0,1406,0
39105,0,1,0,25406,0
39106,0,3,0,48705,0
39107,2,0,196546,0,0
39108,2,5,47777,33178,0
39109,0,1,0,272,0
39110,0,1,0,1931,0
39111,0,1,0,9764,0
39112,0,1,0,584,0
39113,0,1,0,279,0
39114,0,1,0,173,0
39115,0,1,0,2271,0
39116,0,1,0,34948,0
39117,1,1,606,2171,0
39118,0,1,0,1624,0
39119,0,1,0,5780,0
39120,0,1,0,82,0
39121,0,1,0,7728,0
39122,0,1,0,987,0
39123,0,1,0,18191,0
39124,0,2,0,452426,0
39125,2,0,438011,0,0
39126,4,4,6834,1631,0
39127,3,1,4819462,7965,0
39128,1,0,176,0,0
39129,0,1,0,157,0
39130,0,3,0,83905,0
39131,10,6,750098,92659,0
39132,2,0,84144,0,0
39133,0,1,0,28687,0
39134,0,1,0,26,0
39135,0,1,0,464,0
39136,1,1,3046,77011,0
39137,0,1,0,3046,0
39138,0,2,0,2369,0
39139,0,1,0,15464,0
39140,2,1,3845,676,0
39141,0,1,0,101125,0
39142,0,1,0,58872,0
39143,1,0,1544,0,0
39144,0,2,0,637,0
39145,0,1,0,1594303,0
39146,1,1,4404,269,0
39147,1,0,38,0,0
39148,2,0,3152,0,0
39149,1,0,796,0,0
39150,1,0,92,0,0
39151,1,0,5068,0,0
39152,1,1,1629,1740,0
39153,1,0,9222,0,0
39154,1,0,18780,0,0
39155,1,1,2907,2334,0
39156,0,1,0,23814,0
39157,0,1,0,5677,0
39158,0,2,0,6730,0
39159,0,1,0,27039,0
39160,1,0,72239,0,0
39161,1,0,22980,0,0
39162,1,0,1682,0,0
39163,2,2,31644,251,0
39164,0,2,0,562592,0
39165,0,1,0,17351,0
39166,0,2,0,61770,0
39167,0,2,0,3681,0
39168,1,0,3218,0,0
39169,1,0,5478,0,0
39170,1,0,1272,0,0
39171,0,1,0,20093,0
39172,0,1,0,18388,0
39173,0,1,0,389,0
39174,0,1,0,3345,0
39175,0,1,0,31923,0
39176,0,1,0,3985,0
39177,0,1,0,154,0
39178,0,1,0,720,0
39179,0,1,0,500,0
39180,0,1,0,901,0
39181,0,1,0,3154,0
39182,0,1,0,122,0
39183,0,1,0,8312,0
39184,0,1,0,25824,0
39185,0,1,0,78,0
39186,0,1,0,2035,0
39187,0,1,0,88988,0
39188,0,1,0,640,0
39189,0,1,0,95,0
39190,0,1,0,119,0
39191,0,1,0,87,0
39192,1,0,25852793,0,0
39193,0,1,0,6882,0
39194,0,1,0,385,0
39195,0,1,0,263,0
39196,0,1,0,11005,0
39197,0,1,0,6936,0
39198,0,1,0,3806,0
39199,0,1,0,1,0
39200,0,1,0,529046,0
39201,0,1,0,31764,0
39202,0,1,0,121,0
39203,0,1,0,290,0
39204,0,1,0,412,0
39205,0,1,0,1595,0
39206,0,1,0,348,0
39207,0,1,0,1269,0
39208,0,1,0,2236,0
39209,0,1,0,1258,0
39210,0,1,0,6258,0
39211,0,1,0,2905,0
39212,0,1,0,2637,0
39213,0,1,0,429,0
39214,0,1,0,92702,0
39215,0,1,0,35596,0
39216,0,1,0,8,0
39217,0,1,0,20,0
39218,0,1,0,77,0
39219,0,1,0,3202879,0
39220,0,1,0,5752,0
39221,0,1,0,688,0
39222,0,2,0,16951,0
39223,1,0,16103,0,0
39224,0,1,0,206,0
39225,0,1,0,327,0
39226,0,1,0,10906,0
39227,0,1,0,1334,0
39228,0,1,0,13708,0
39229,0,1,0,2860,0
39230,0,1,0,15084,0
39231,0,1,0,7307,0
39232,0,1,0,10423,0
39233,0,1,0,2334,0
39234,0,1,0,873,0
39235,0,2,0,52166,0
39236,0,1,0,64,0
39237,0,1,0,285381,0
39238,1,6,101,65358,0
39239,1,1,8341,101,0
39240,1,0,53338,0,0
39241,1,0,360,0,0
39242,1,0,834,0,0
39243,0,8,0,41718,0
39244,2,1,61036,16822,0
39245,1,0,4185,0,0
39246,1,0,6775,0,0
39247,0,3,0,89819,0
39248,2,0,171,0,0
39249,0,1,0,23,0
39250,1,4,11410,921330,0
39251,1,1,48,76557,0
39252,1,0,1446,0,0
39253,1,6,676,147887,0
39254,1,0,48644,0,0
39255,1,0,12799,0,0
39256,1,0,8,0,0
39257,1,2,49,10084,0
39258,0,2,0,97866,0
39259,2,5,105603,113825,0
39260,2,2,23594,1037154,0
39261,1,0,66814,0,0
39262,0,2,0,2981,0
39263,1,0,3407,0,0
39264,1,0,479,0,0
39265,1,0,1568,0,0
39266,1,0,5116,0,0
39267,1,0,54183,0,0
39268,1,0,45578,0,0
39269,1,0,2538,0,0
39270,0,1,0,8261,0
39271,0,1,0,6242,0
39272,0,2,0,10618,0
39273,1,1,10305,310,0
39274,0,1,0,1407,0
39275,0,1,0,1797,0
39276,0,1,0,97,0
39277,2,0,2647,0,0
39278,0,2,0,2532,0
39279,3,2,369523,7606,0
39280,1,1,5497,24426,0
39281,0,1,0,343980,0
39282,0,3,0,11163,0
39283,1,0,10037,0,0
39284,2,0,450,0,0
39285,0,2,0,10755,0
39286,2,2,12119,681,0
39287,1,0,397,0,0
39288,0,1,0,1805,0
39289,1,1,4952,587,0
39290,0,8,0,178268,0
39291,1,0,171495,0,0
39292,1,0,1810,0,0
39293,1,0,2416,0,0
39294,1,0,739,0,0
39295,1,0,66,0,0
39296,1,0,35,0,0
39297,0,2,0,17307,0
39298,1,1,9211,2261,0
39299,1,2,16,1741,0
39300,1,0,813,0,0
39301,1,0,824,0,0
39302,0,1,0,44814,0
39303,0,2,0,34413,0
39304,0,4,0,16790,0
39305,1,0,2095,0,0
39306,1,2,48,1768,0
39307,2,0,364,0,0
39308,1,2,1161,153234,0
39309,0,2,0,11465,0
39310,1,3,2371,4542,0
39311,0,1,0,407,0
39312,0,1,0,22270,0
39313,0,1,0,53873,0
39314,0,1,0,3818,0
39315,0,1,0,45107,0
39316,0,1,0,9,0
39317,0,1,0,4188,0
39318,0,1,0,13006,0
39319,0,1,0,3619,0
39320,0,1,0,1606181,0
39321,0,1,0,809,0
39322,0,1,0,24327,0
39323,0,1,0,9468,0
39324,0,1,0,986,0
39325,0,1,0,2,0
39326,0,1,0,3973,0
39327,0,1,0,363,0
39328,0,1,0,3078,0
39329,1,4,174,49898,0
39330,1,0,364,0,0
39331,1,0,189,0,0
39332,1,0,37759,0,0
39333,0,1,0,174,0
39334,0,1,0,347,0
39335,0,1,0,135,0
39336,0,1,0,2629306,0
39337,0,1,0,390,0
39338,0,1,0,1008,0
39339,0,1,0,1416,0
39340,0,1,0,5281,0
39341,0,1,0,24117,0
39342,0,1,0,12338,0
39343,0,1,0,173,0
39344,0,1,0,11083,0
39345,0,1,0,0,0
39346,0,3,0,18160,0
39347,2,4,9949,4459,0
39348,2,0,232346,0,0
39349,0,1,0,9177,0
39350,0,1,0,49363,0
39351,0,1,0,15896,0
39352,0,2,0,849,0
39353,0,1,0,74,0
39354,0,2,0,15280,0
39355,0,1,0,2558,0
39356,0,1,0,53,0
39357,0,1,0,1372,0
39358,0,1,0,1220,0
39359,0,1,0,3052,0
39360,0,15,0,2331289,0
39361,2,0,2133477,0,0
39362,1,0,4703,0,0
39363,1,0,78078,0,0
39364,1,0,416,0,0
39365,1,0,800,0,0
39366,1,0,146,0,0
39367,1,0,6304,0,0
39368,2,2,1391,45648,0
39369,1,0,278,0,0
39370,1,0,26386,0,0
39371,1,8,405,21834,0
39372,1,0,3707,0,0
39373,1,0,1993,0,0
39374,1,0,8879,0,0
39375,1,0,260,0,0
39376,1,0,1042,0,0
39377,0,2,0,326328,0
39378,0,2,0,24552,0
39379,2,0,276,0,0
39380,0,3,0,94442,0
39381,0,2,0,93503,0
39382,4,1,124874,2834,0
39383,0,1,0,261,0
39384,0,3,0,18250,0
39385,1,1,9394,216,0
39386,1,0,245,0,0
39387,0,2,0,614,0
39388,0,1,0,63,0
39389,2,0,190036,0,0
39390,0,1,0,1952,0
39391,0,2,0,1250,0
39392,0,1,0,773,0
39393,0,1,0,25,0
39394,1,0,1244,0,0
39395,1,0,1776,0,0
39396,1,0,2248,0,0
39397,1,0,316737,0,0
39398,0,2,0,7304,0
39399,0,2,0,42082,0
39400,0,1,0,15,0
39401,0,1,0,634,0
39402,0,1,0,43245,0
39403,0,2,0,345,0
39404,0,1,0,1,0
39405,0,1,0,2236,0
39406,0,1,0,13081,0
39407,0,1,0,102,0
39408,0,1,0,8074,0
39409,0,1,0,6985,0
39410,1,1,79,53433,0
39411,2,2,1715,13248,0
39412,3,6,8876,245380,0
39413,1,0,6502,0,0
39414,1,0,3513,0,0
39415,1,0,3400,0,0
39416,7,5,377615,24564,0
39417,2,0,15388,0,0
39418,1,0,1483,0,0
39419,2,6,40074,227914,0
39420,0,2,0,12977,0
39421,0,1,0,977,0
39422,0,1,0,738,0
39423,0,1,0,312,0
39424,0,1,0,11,0
39425,0,1,0,604,0
39426,0,1,0,36954,0
39427,0,1,0,2088,0
39428,0,1,0,42626,0
39429,0,1,0,3747,0
39430,1,3,181174,5456,0
39431,1,1,4709,801,0
39432,1,0,84,0,0
39433,1,0,4900,0,0
39434,1,0,105,0,0
39435,0,1,0,7885,0
39436,1,2,179,28365,0
39437,0,4,0,82469,0
39438,1,0,68368,0,0
39439,1,0,274,0,0
39440,1,1,13208,262372,0
39441,3,1,116028,2507,0
39442,0,2,0,2980,0
39443,0,1,0,8351,0
39444,0,1,0,2291,0
39445,0,1,0,396,0
39446,0,1,0,1175,0
39447,1,1,18801,93482,0
39448,1,2,4078,9954,0
39449,0,5,0,7165,0
39450,1,0,6626,0,0
39451,1,0,30,0,0
39452,1,0,22,0,0
39453,1,1,500,734,0
39454,0,4,0,166473,0
39455,1,0,27,0,0
39456,1,0,1457,0,0
39457,0,1,0,2122,0
39458,0,4,0,1341665,0
39459,2,0,3541,0,0
39460,2,0,207348,0,0
39461,2,0,24273,0,0
39462,1,1,2657,370,0
39463,2,0,16531,0,0
39464,1,0,5969,0,0
39465,1,0,7194,0,0
39466,2,0,167220,0,0
39467,0,1,0,1435,0
39468,1,2,118,1362,0
39469,1,1,93,5519,0
39470,0,2,0,202578,0
39471,0,2,0,92339,0
39472,2,0,347,0,0
39473,1,4,516,6506,0
39474,1,0,1553,0,0
39475,1,0,2229,0,0
39476,0,2,0,42614,0
39477,1,8,35,394709,0
39478,3,0,5371,0,0
39479,1,0,3310,0,0
39480,1,0,15658,0,0
39481,1,0,362653,0,0
39482,2,0,902,0,0
39483,1,0,9852,0,0
39484,2,0,2735,0,0
39485,1,1,812,917,0
39486,0,2,0,88124,0
39487,0,2,0,15726,0
39488,0,2,0,44183,0
39489,3,0,87560,0,0
39490,1,3,8522,180052,0
39491,1,1,407,8522,0
39492,1,1,1900,198,0
39493,1,1,1634,456,0
39494,1,0,1040,0,0
39495,0,3,0,23543,0
39496,2,0,2540,0,0
39497,0,1,0,776,0
39498,3,3,5080,63586,0
39499,2,4,20439,5194,0
39500,0,4,0,53071,0
39501,1,0,3917,0,0
39502,0,1,0,1868,0
39503,1,0,30878,0,0
39504,1,1,8635,178,0
39505,0,1,0,332,0
39506,1,2,43348,1650504,0
39507,1,0,200,0,0
39508,1,1,725,9827,0
39509,0,2,0,6759,0
39510,1,2,2575,9112,0
39511,0,3,0,6280,0
39512,1,0,5103,0,0
39513,2,0,1186,0,0
39514,0,1,0,2007,0
39515,0,1,0,32865,0
39516,0,1,0,7224,0
39517,0,2,0,263802,0
39518,0,1,0,127,0
39519,0,8,0,14860,0
39520,1,0,307,0,0
39521,1,0,1464,0,0
39522,0,1,0,587,0
39523,0,1,0,14363,0
39524,0,1,0,40644,0
39525,0,1,0,9510,0
39526,0,1,0,512,0
39527,0,1,0,647,0
39528,0,1,0,71,0
39529,0,1,0,67749,0
39530,0,1,0,84,0
39531,0,1,0,3222,0
39532,0,1,0,519,0
39533,0,1,0,2675,0
39534,0,1,0,39,0
39535,0,1,0,68675,0
39536,0,1,0,15087,0
39537,0,1,0,15946,0
39538,0,1,0,21671,0
39539,0,1,0,7270,0
39540,0,1,0,607,0
39541,0,1,0,40631,0
39542,0,1,0,770,0
39543,0,1,0,8,0
39544,0,1,0,3205,0
39545,0,1,0,1531,0
39546,0,1,0,1131,0
39547,0,1,0,17322,0
39548,0,1,0,4721,0
39549,0,1,0,23,0
39550,0,1,0,38136,0
39551,0,1,0,814,0
39552,0,1,0,11643,0
39553,0,1,0,140,0
39554,0,1,0,460,0
39555,0,1,0,3723,0
39556,0,1,0,70588,0
39557,0,1,0,336,0
39558,0,2,0,5029,0
39559,0,1,0,825,0
39560,1,23,367784,915916,0
39561,1,0,7948,0,0
39562,1,0,677,0,0
39563,1,0,49,0,0
39564,1,0,1278,0,0
39565,2,2,7473,12088,0
39566,1,0,32,0,0
39567,1,0,72,0,0
39568,1,0,594,0,0
39569,1,0,5393,0,0
39570,1,0,8706,0,0
39571,1,0,489,0,0
39572,1,0,653,0,0
39573,1,0,12854,0,0
39574,1,0,1773,0,0
39575,1,0,641,0,0
39576,1,1,720826,5597,0
39577,1,0,983,0,0
39578,0,1,0,367784,0
39579,0,2,0,295890,0
39580,2,0,90427,0,0
39581,0,3,0,16687,0
39582,1,0,1749,0,0
39583,0,2,0,21231,0
39584,1,0,1561,0,0
39585,0,1,0,16,0
39586,0,2,0,8250,0
39587,0,1,0,405,0
39588,0,1,0,5789,0
39589,0,2,0,889,0
39590,0,1,0,713,0
39591,0,1,0,971495,0
39592,0,1,0,16,0
39593,0,1,0,11698,0
39594,0,1,0,15797,0
39595,0,1,0,37783,0
39596,0,1,0,84813,0
39597,0,1,0,589640,0
39598,0,1,0,3223,0
39599,0,1,0,1328,0
39600,0,1,0,14758,0
39601,0,1,0,100042,0
39602,0,1,0,838,0
39603,0,1,0,1715606,0
39604,0,1,0,3091,0
39605,0,1,0,2062,0
39606,0,1,0,36575,0
39607,0,1,0,92,0
39608,1,1,331,855,0
39609,1,1,1248,659,0
39610,0,1,0,11693,0
39611,0,1,0,1675,0
39612,0,2,0,5401,0
39613,1,3,1711,20904,0
39614,1,0,13119,0,0
39615,1,5,30910,277649,0
39616,1,0,49608,0,0
39617,1,0,1621,0,0
39618,2,0,204,0,0
39619,1,0,10395,0,0
39620,1,0,843,0,0
39621,0,5,0,89889,0
39622,1,0,82918,0,0
39623,1,0,191,0,0
39624,1,1,268457,13510,0
39625,0,1,0,88,0
39626,0,1,0,31,0
39627,0,1,0,6155,0
39628,0,20,0,433981,0
39629,1,0,12723,0,0
39630,1,2,546,12992,0
39631,2,2,9453,2150,0
39632,1,1,30225,7104,0
39633,0,1,0,988,0
39634,0,1,0,3703,0
39635,0,1,0,3901,0
39636,0,1,0,914,0
39637,0,1,0,16522,0
39638,0,1,0,1126,0
39639,0,1,0,12,0
39640,0,1,0,6546,0
39641,0,1,0,23,0
39642,0,1,0,1778,0
39643,0,1,0,11324,0
39644,0,1,0,97113,0
39645,0,1,0,35,0
39646,0,1,0,97,0
39647,0,1,0,1806,0
39648,0,1,0,279,0
39649,0,1,0,84447,0
39650,0,1,0,3898,0
39651,0,1,0,1605,0
39652,0,1,0,6,0
39653,0,1,0,57001,0
39654,0,1,0,507,0
39655,0,1,0,225,0
39656,0,2,0,15835,0
39657,0,1,0,2569,0
39658,0,1,0,8633,0
39659,0,1,0,358,0
39660,0,1,0,199329,0
39661,0,1,0,11,0
39662,0,1,0,31984,0
39663,0,1,0,63,0
39664,0,2,0,172,0
39665,0,2,0,3579,0
39666,2,5,2721,133544,0
39667,0,1,0,259,0
39668,0,1,0,973,0
39669,0,1,0,53,0
39670,0,1,0,6606,0
39671,0,1,0,473,0
39672,0,1,0,409,0
39673,0,1,0,1636,0
39674,0,1,0,259,0
39675,0,1,0,3008,0
39676,0,1,0,10,0
39677,0,1,0,322,0
39678,0,1,0,736,0
39679,0,1,0,9,0
39680,0,1,0,138,0
39681,0,1,0,168,0
39682,0,1,0,4257,0
39683,0,1,0,928,0
39684,0,1,0,64382,0
39685,0,1,0,1926,0
39686,0,1,0,11815,0
39687,0,1,0,1038,0
39688,0,1,0,4777,0
39689,0,1,0,1085,0
39690,0,1,0,1918,0
39691,0,2,0,6618,0
39692,9,9,70365,19200,0
39693,0,2,0,972,0
39694,0,1,0,57,0
39695,0,1,0,1,0
39696,0,2,0,21490,0
39697,0,1,0,4585,0
39698,0,2,0,2798,0
39699,0,2,0,40824,0
39700,2,0,40586,0,0
39701,0,2,0,12958,0
39702,0,1,0,201,0
39703,0,1,0,127632,0
39704,0,1,0,12321,0
39705,0,1,0,2970,0
39706,0,1,0,78346,0
39707,0,1,0,689595,0
39708,0,1,0,357945,0
39709,0,1,0,13574,0
39710,1,0,58688,0,0
39711,0,1,0,1830,0
39712,0,2,0,104543,0
39713,3,0,34202,0,0
39714,2,1,5869,1312,0
39715,0,1,0,45,0
39716,0,1,0,13532,0
39717,0,1,0,48,0
39718,1,0,3426,0,0
39719,0,1,0,34,0
39720,0,2,0,18641,0
39721,0,1,0,3441,0
39722,0,1,0,79,0
39723,0,1,0,56252,0
39724,0,1,0,1314,0
39725,0,1,0,91,0
39726,0,2,0,30351,0
39727,0,1,0,399,0
39728,0,1,0,9,0
39729,0,1,0,27291,0
39730,0,2,0,20592,0
39731,0,1,0,2482,0
39732,0,1,0,27271,0
39733,0,2,0,37528,0
39734,0,1,0,149,0
39735,0,1,0,18751,0
39736,0,1,0,483,0
39737,0,1,0,9293,0
39738,0,1,0,2699,0
39739,0,1,0,4846,0
39740,0,1,0,2157,0
39741,0,1,0,2616,0
39742,0,1,0,159,0
39743,0,1,0,39650,0
39744,0,1,0,67,0
39745,0,2,0,13900,0
39746,1,0,13765,0,0
39747,0,1,0,12171,0
39748,1,1,557,111187,0
39749,1,1,21,416,0
39750,0,1,0,391,0
39751,0,1,0,2589,0
39752,0,1,0,4137,0
39753,0,1,0,592,0
39754,0,1,0,533,0
39755,0,1,0,12,0
39756,0,1,0,443,0
39757,0,1,0,734,0
39758,0,1,0,89,0
39759,0,1,0,361,0
39760,0,1,0,8,0
39761,0,1,0,17252,0
39762,0,1,0,492,0
39763,0,1,0,460,0
39764,0,1,0,54,0
39765,0,1,0,4629,0
39766,1,3,10,2639,0
39767,1,0,693,0,0
39768,1,0,316,0,0
39769,0,1,0,150839,0
39770,0,2,0,3041,0
39771,1,1,623,1826,0
39772,1,1,4875,2254,0
39773,0,3,0,5501,0
39774,1,2,191,108164,0
39775,0,4,0,37388,0
39776,0,1,0,10,0
39777,0,2,0,9093,0
39778,1,0,8344,0,0
39779,2,1,35664,177,0
39780,1,0,1372474,0,0
39781,0,1,0,474,0
39782,0,2,0,29994,0
39783,0,1,0,1089,0
39784,0,1,0,14022,0
39785,0,1,0,25921,0
39786,0,1,0,21511,0
39787,0,1,0,1281,0
39788,0,1,0,67793,0
39789,0,1,0,136,0
39790,0,1,0,631,0
39791,0,1,0,184,0
39792,0,1,0,7,0
39793,0,1,0,992,0
39794,0,1,0,3813,0
39795,0,1,0,328,0
39796,0,1,0,240,0
39797,0,1,0,262,0
39798,0,1,0,619,0
39799,0,1,0,534,0
39800,0,1,0,242045,0
39801,0,1,0,19588,0
39802,0,1,0,761,0
39803,0,1,0,16545,0
39804,2,5,40254,35297,0
39805,1,0,2724,0,0
39806,2,3,1811,65364,0
39807,0,2,0,3203,0
39808,1,0,729,0,0
39809,1,0,1767,0,0
39810,1,0,55,0,0
39811,1,0,1066,0,0
39812,1,0,30,0,0
39813,1,0,1566,0,0
39814,1,0,13,0,0
39815,1,1,16789,178,0
39816,0,4,0,77460,0
39817,3,0,241149,0,0
39818,2,0,1398,0,0
39819,3,0,15001,0,0
39820,0,3,0,90597,0
39821,1,0,8006,0,0
39822,0,3,0,26072,0
39823,2,4,2754,331543,0
39824,1,3,59,917980,0
39825,1,0,1587,0,0
39826,1,0,3133,0,0
39827,1,0,9710,0,0
39828,1,1,790,2866,0
39829,1,0,4,0,0
39830,1,0,1572,0,0
39831,1,0,57363,0,0
39832,1,0,3074,0,0
39833,1,1,304,32056,0
39834,1,0,3732,0,0
39835,0,2,0,98290,0
39836,3,1,50277,3230,0
39837,1,3,2321,55302,0
39838,1,0,3855,0,0
39839,0,2,0,63586,0
39840,1,5,331,8189,0
39841,1,1,1617,331,0
39842,1,0,103,0,0
39843,0,1,0,28853,0
39844,0,1,0,51,0
39845,0,1,0,1525,0
39846,0,1,0,6,0
39847,0,1,0,792,0
39848,1,0,17,0,0
39849,0,1,0,298,0
39850,1,1,5994,12,0
39851,0,1,0,558,0
39852,2,3,22856,23265,0
39853,1,1,2944,22150,0
39854,0,3,0,131777,0
39855,0,1,0,706,0
39856,0,1,0,2106,0
39857,1,1,9080,17419,0
39858,0,3,0,12540,0
39859,1,0,1475,0,0
39860,1,0,154,0,0
39861,1,0,18761,0,0
39862,1,1,501,1547,0
39863,1,0,66,0,0
39864,1,1,13100,386,0
39865,1,0,31368,0,0
39866,0,1,0,4079,0
39867,0,1,0,2438,0
39868,5,5,59369,27750,0
39869,0,1,0,37172,0
39870,0,1,0,1112,0
39871,0,1,0,53967,0
39872,0,1,0,123,0
39873,0,1,0,697,0
39874,0,1,0,251,0
39875,0,1,0,1374,0
39876,0,1,0,1626,0
39877,2,1,632,2854,0
39878,4,2,229785,4200,0
39879,1,1,1578,588,0
39880,0,1,0,828,0
39881,0,1,0,2542,0
39882,4,3,4080,9438,0
39883,1,0,198,0,0
39884,2,2,105020,10193,0
39885,0,2,0,1794,0
39886,2,0,11581,0,0
39887,0,1,0,98667,0
39888,0,1,0,22485,0
39889,0,2,0,26602,0
39890,0,1,0,1481,0
39891,0,1,0,44237,0
39892,0,1,0,20029,0
39893,0,1,0,44,0
39894,0,1,0,57021,0
39895,1,0,8493,0,0
39896,1,0,10720,0,0
39897,1,0,11299,0,0
39898,1,0,469,0,0
39899,1,0,14158,0,0
39900,1,0,2009,0,0
39901,1,0,412,0,0
39902,2,0,901,0,0
39903,0,1,0,2766,0
39904,0,4,0,9135,0
39905,1,0,3035,0,0
39906,1,0,3360,0,0
39907,1,3,63,1422,0
39908,1,0,24,0,0
39909,0,2,0,7897,0
39910,3,1,75567,13390,0
39911,0,3,0,12424,0
39912,0,3,0,512808,0
39913,1,0,280,0,0
39914,1,0,14,0,0
39915,1,0,385,0,0
39916,2,5,1752,8489,0
39917,1,0,23,0,0
39918,1,0,4915,0,0
39919,1,0,946,0,0
39920,0,1,0,205088,0
39921,0,2,0,6831,0
39922,0,1,0,60,0
39923,0,1,0,3988,0
39924,0,1,0,428577,0
39925,0,1,0,23414,0
39926,0,1,0,10516,0
39927,0,1,0,68991,0
39928,0,1,0,360,0
39929,0,1,0,10008,0
39930,0,1,0,47431,0
39931,0,1,0,1126,0
39932,0,1,0,3482,0
39933,0,1,0,8009,0
39934,0,1,0,5244,0
39935,0,1,0,14450,0
39936,0,1,0,1064,0
39937,0,1,0,68851,0
39938,0,2,0,56102,0
39939,0,1,0,4,0
39940,0,1,0,24148,0
39941,0,1,0,7047,0
39942,0,1,0,443,0
39943,0,1,0,28183,0
39944,0,1,0,4352,0
39945,0,2,0,12492,0
39946,0,1,0,3,0
39947,0,1,0,1335,0
39948,0,1,0,207,0
39949,0,1,0,315,0
39950,0,1,0,164,0
39951,0,1,0,131,0
39952,0,1,0,1819493,0
39953,0,1,0,215,0
39954,0,1,0,20,0
39955,0,1,0,3313,0
39956,0,1,0,7409,0
39957,0,1,0,11542,0
39958,0,1,0,14182,0
39959,0,1,0,2792,0
39960,0,1,0,549,0
39961,0,1,0,85,0
39962,0,1,0,1924,0
39963,0,1,0,66,0
39964,0,1,0,990,0
39965,0,1,0,14,0
39966,0,1,0,606,0
39967,0,1,0,228102,0
39968,0,1,0,183054,0
39969,0,1,0,519,0
39970,0,1,0,348,0
39971,0,1,0,99464,0
39972,0,1,0,444,0
39973,0,1,0,34093,0
39974,0,1,0,44,0
39975,0,1,0,3188,0
39976,0,1,0,7,0
39977,0,1,0,4523,0
39978,0,1,0,7667,0
39979,0,1,0,2044,0
39980,0,1,0,77,0
39981,0,1,0,9131,0
39982,0,1,0,9258,0
39983,0,1,0,5788,0
39984,0,1,0,70479,0
39985,1,0,1635,0,0
39986,1,0,160,0,0
39987,1,0,1720,0,0
39988,1,1,101,6096,0
39989,0,3,0,19856,0
39990,1,0,17,0,0
39991,1,0,1217,0,0
39992,2,0,69251,0,0
39993,3,0,11121,0,0
39994,0,2,0,1571,0
39995,2,0,1459,0,0
39996,1,1,5523,8850,0
39997,1,0,12905,0,0
39998,0,4,0,53159,0
39999,0,2,0,70162,0
40000,1,0,516,0,0
40001,1,0,228,0,0
40002,1,2,4998,1341,0
40003,0,4,0,7360,0
40004,1,0,41,0,0
40005,1,4,2946,22295,0
40006,1,0,154,0,0
40007,1,1,55,8523,0
40008,1,3,13659,2880,0
40009,1,0,6,0,0
40010,0,3,0,8471,0
40011,1,0,127,0,0
40012,1,0,5569,0,0
40013,1,0,1147,0,0
40014,1,0,511,0,0
40015,1,1,61,284,0
40016,1,0,24497,0,0
40017,1,1,7142,306,0
40018,1,1,2727,20545,0
40019,0,1,0,5138,0
40020,0,2,0,69241,0
40021,2,0,28126,0,0
40022,0,1,0,7142,0
40023,0,2,0,8280,0
40024,0,1,0,46833,0
40025,0,1,0,81045,0
40026,0,1,0,68,0
40027,0,2,0,59122,0
40028,2,0,142435,0,0
40029,0,1,0,1147,0
40030,0,1,0,3412,0
40031,0,1,0,7710,0
40032,0,2,0,3458,0
40033,1,3,3409,67763,0
40034,0,2,0,7904,0
40035,0,1,0,1588,0
40036,0,1,0,527,0
40037,0,1,0,20395,0
40038,0,1,0,31,0
40039,0,2,0,11187,0
40040,1,0,214219,0,0
40041,1,0,2880,0,0
40042,1,2,1853,1184,0
40043,0,1,0,16359,0
40044,0,1,0,11016,0
40045,1,0,52,0,0
40046,1,0,109,0,0
40047,0,1,0,1860,0
40048,1,1,154387,2279,0
40049,1,1,175,30,0
40050,0,1,0,432,0
40051,0,2,0,167310,0
40052,1,2,12923,9551,0
40053,1,0,1010,0,0
40054,1,1,8541,2267,0
40055,0,1,0,4976,0
40056,0,4,0,4792,0
40057,1,2,2270,7957,0
40058,1,0,708,0,0
40059,1,0,41,0,0
40060,0,1,0,2628,0
40061,0,1,0,707,0
40062,1,1,1430,1474,0
40063,1,1,1474,4162,0
40064,0,1,0,3558,0
40065,0,2,0,31045,0
40066,3,0,47701,0,0
40067,1,2,186,1912,0
40068,0,1,0,26076,0
40069,0,1,0,33,0
40070,0,1,0,548,0
40071,1,0,3218,0,0
40072,0,1,0,38,0
40073,0,1,0,1083,0
40074,0,1,0,75,0
40075,0,1,0,2343,0
40076,0,1,0,17479,0
40077,0,1,0,2090,0
40078,0,1,0,2019,0
40079,0,1,0,69162,0
40080,0,5,0,20804,0
40081,2,0,15626,0,0
40082,1,1,4,1357,0
40083,0,2,0,494,0
40084,2,4,33838,127427,0
40085,1,0,2227,0,0
40086,1,1,99962,32292,0
40087,1,0,5096,0,0
40088,0,3,0,24581,0
40089,1,0,53,0,0
40090,3,2,2201,21539,0
40091,1,0,15472,0,0
40092,0,2,0,28195,0
40093,0,1,0,24,0
40094,0,2,0,1013,0
40095,0,1,0,5868,0
40096,0,2,0,1919,0
40097,2,2,19009,22316,0
40098,1,0,2,0,0
40099,3,0,31582,0,0
40100,1,0,729,0,0
40101,0,2,0,7200,0
40102,0,1,0,69,0
40103,0,1,0,741,0
40104,0,1,0,1333,0
40105,0,1,0,448,0
40106,1,1,1342,18114,0
40107,1,0,4858,0,0
40108,0,1,0,757,0
40109,0,1,0,25816,0
40110,0,1,0,6528,0
40111,0,1,0,20852,0
40112,0,1,0,30242,0
40113,0,1,0,61271,0
40114,0,1,0,4100,0
40115,0,1,0,524910,0
40116,0,1,0,3089,0
40117,2,1,275452,53,0
40118,0,1,0,379,0
40119,0,1,0,7471,0
40120,0,1,0,121,0
40121,0,1,0,114,0
40122,0,1,0,230,0
40123,0,1,0,302,0
40124,0,1,0,781,0
40125,0,1,0,126,0
40126,0,1,0,2,0
40127,0,1,0,23413,0
40128,0,1,0,24,0
40129,0,1,0,13781,0
40130,0,1,0,67889,0
40131,0,1,0,2711,0
40132,0,2,0,6762,0
40133,0,1,0,82308,0
40134,0,1,0,8858,0
40135,0,1,0,1879574,0
40136,0,1,0,786,0
40137,0,1,0,109,0
40138,0,1,0,144,0
40139,0,1,0,1614,0
40140,0,1,0,26795,0
40141,0,1,0,892,0
40142,0,1,0,1186,0
40143,0,1,0,75,0
40144,0,1,0,116,0
40145,0,1,0,417645,0
40146,0,1,0,6013,0
40147,0,1,0,10494,0
40148,0,1,0,132,0
40149,0,1,0,7763,0
40150,0,1,0,2410,0
40151,0,1,0,30,0
40152,0,1,0,387,0
40153,0,1,0,219010,0
40154,0,2,0,30640,0
40155,0,1,0,6064,0
40156,0,2,0,7904,0
40157,0,1,0,94285,0
40158,0,1,0,8,0
40159,0,2,0,39228,0
40160,1,0,35335,0,0
40161,0,1,0,1925,0
40162,0,3,0,16762,0
40163,0,3,0,788,0
40164,0,6,0,30713,0
40165,0,1,0,163,0
40166,0,1,0,9930,0
40167,0,4,0,7777,0
40168,3,1,4016,737,0
40169,0,3,0,19063,0
40170,1,1,1215,12566,0
40171,2,1,4782,830,0
40172,0,1,0,601,0
40173,4,3,16658,15901,0
40174,1,1,220,2777,0
40175,0,1,0,1467,0
40176,0,1,0,50,0
40177,0,1,0,12364,0
40178,0,1,0,27,0
40179,1,3,4441,48888,0
40180,1,0,41,0,0
40181,0,1,0,108,0
40182,0,1,0,35,0
40183,0,1,0,828,0
40184,2,2,19745,80222,0
40185,2,0,80354,0,0
40186,0,1,0,165,0
40187,0,1,0,616,0
40188,0,1,0,107,0
40189,0,1,0,1901,0
40190,0,1,0,536,0
40191,0,1,0,6584,0
40192,0,1,0,2904,0
40193,0,1,0,43,0
40194,0,1,0,5564,0
40195,0,2,0,1178678,0
40196,0,2,0,17117,0
40197,0,2,0,1660,0
40198,0,2,0,60778,0
40199,2,3,87,89264,0
40200,0,2,0,179123,0
40201,0,1,0,163,0
40202,0,1,0,35359,0
40203,0,1,0,8709,0
40204,0,1,0,829,0
40205,0,1,0,9650,0
40206,0,1,0,44,0
40207,0,1,0,1009460,0
40208,0,1,0,10638,0
40209,0,2,0,96909,0
40210,1,1,96439,3861,0
40211,0,1,0,5782,0
40212,0,1,0,3003,0
40213,0,1,0,1935,0
40214,1,0,60,0,0
40215,1,2,13265,159060,0
40216,0,1,0,13265,0
40217,0,5,0,11131,0
40218,1,0,3353,0,0
40219,1,1,6607,54624,0
40220,1,0,2341,0,0
40221,0,1,0,104,0
40222,0,1,0,734,0
40223,0,2,0,94,0
40224,0,1,0,1919,0
40225,0,2,0,1394,0
40226,0,1,0,1,0
40227,0,1,0,1912,0
40228,0,1,0,30,0
40229,0,1,0,739,0
40230,0,1,0,53504,0
40231,0,1,0,824,0
40232,0,1,0,107982,0
40233,0,1,0,7465,0
40234,0,1,0,197349,0
40235,0,2,0,1192,0
40236,0,1,0,261,0
40237,2,1,12681,4727,0
40238,0,7,0,357130,0
40239,1,0,2,0,0
40240,1,0,2769,0,0
40241,2,4,18483,19459,0
40242,1,0,811,0,0
40243,0,1,0,3291,0
40244,1,0,12127,0,0
40245,4,3,1576,87009,0
40246,2,0,1005,0,0
40247,4,0,155090,0,0
40248,0,2,0,2021,0
40249,0,1,0,34108,0
40250,1,1,310988,2881,0
40251,0,3,0,296,0
40252,1,0,25,0,0
40253,0,2,0,600,0
40254,0,2,0,22368,0
40255,0,1,0,2874,0
40256,0,1,0,6784,0
40257,0,1,0,59,0
40258,0,1,0,19095,0
40259,0,3,0,260105,0
40260,0,1,0,4684,0
40261,1,2,14175,3160,0
40262,1,1,20123,228,0
40263,0,4,0,9880,0
40264,0,2,0,15765,0
40265,0,1,0,33362,0
40266,0,1,0,891,0
40267,0,1,0,1235,0
40268,0,1,0,33,0
40269,0,1,0,442,0
40270,0,1,0,503,0
40271,0,1,0,130,0
40272,0,1,0,3834,0
40273,0,1,0,704,0
40274,0,1,0,977,0
40275,0,1,0,141,0
40276,0,1,0,1040,0
40277,0,1,0,737,0
40278,0,1,0,1,0
40279,0,1,0,1038,0
40280,1,1,178,308,0
40281,0,1,0,203,0
40282,0,1,0,3008,0
40283,0,1,0,307975,0
40284,0,1,0,7710,0
40285,0,2,0,19831,0
40286,0,1,0,23,0
40287,0,1,0,162,0
40288,0,1,0,2565,0
40289,0,1,0,3057,0
40290,0,1,0,56637,0
40291,0,1,0,8723,0
40292,0,1,0,26,0
40293,0,1,0,119,0
40294,0,1,0,478,0
40295,0,1,0,105592,0
40296,0,1,0,207,0
40297,0,1,0,931,0
40298,0,1,0,181,0
40299,0,1,0,3797,0
40300,1,1,15811,200,0
40301,0,2,0,692033,0
40302,0,1,0,36,0
40303,0,1,0,12307,0
40304,0,1,0,183,0
40305,0,1,0,626,0
40306,0,1,0,3209,0
40307,0,1,0,124,0
40308,0,1,0,1112,0
40309,0,1,0,1472,0
40310,0,1,0,36010,0
40311,0,1,0,224,0
40312,0,1,0,68276,0
40313,1,1,21867,3293,0
40314,0,7,0,182451,0
40315,1,0,756,0,0
40316,3,0,4258,0,0
40317,2,0,43016,0,0
40318,1,1,820,12151,0
40319,0,2,0,43856,0
40320,0,4,0,13753,0
40321,1,0,2747,0,0
40322,1,0,5456,0,0
40323,0,10,0,862212,0
40324,1,0,6178,0,0
40325,1,0,4123,0,0
40326,1,0,604951,0,0
40327,1,0,222729,0,0
40328,5,3,47530,15364,0
40329,1,1,5,51,0
40330,0,3,0,165487,0
40331,1,0,871,0,0
40332,0,2,0,32473,0
40333,1,1,2561,2353,0
40334,0,1,0,3175,0
40335,1,0,15874,0,0
40336,0,1,0,87006,0
40337,0,4,0,7292,0
40338,2,0,47465,0,0
40339,0,1,0,1734,0
40340,0,2,0,142557,0
40341,0,1,0,25462,0
40342,0,1,0,7455,0
40343,0,1,0,4978,0
40344,1,1,2657,58,0
40345,0,1,0,1032,0
40346,0,1,0,5405,0
40347,0,1,0,566,0
40348,0,1,0,16385,0
40349,0,1,0,9751,0
40350,0,1,0,367,0
40351,0,1,0,2324,0
40352,0,1,0,576,0
40353,0,1,0,902,0
40354,0,1,0,7387,0
40355,0,1,0,230,0
40356,0,1,0,39,0
40357,0,1,0,7873,0
40358,0,1,0,22363,0
40359,0,1,0,954,0
40360,0,1,0,2086,0
40361,0,1,0,7248,0
40362,1,2,1556,25155,0
40363,1,0,2155,0,0
40364,1,0,388,0,0
40365,0,1,0,974,0
40366,0,1,0,75,0
40367,0,1,0,780,0
40368,0,1,0,41394,0
40369,0,2,0,7286,0
40370,0,1,0,354,0
40371,0,2,0,6384,0
40372,1,1,4071,5148,0
40373,0,1,0,264,0
40374,0,1,0,14632,0
40375,0,1,0,37680,0
40376,0,1,0,9747,0
40377,1,1,2,51118,0
40378,1,1,62468,94,0
40379,1,0,93288,0,0
40380,2,5,9245,36640,0
40381,1,0,63727,0,0
40382,1,0,559,0,0
40383,3,0,6550,0,0
40384,1,0,13,0,0
40385,1,1,36022,2433,0
40386,0,1,0,3335,0
40387,1,0,94,0,0
40388,2,0,78017,0,0
40389,1,0,25,0,0
40390,1,1,493,17137,0
40391,0,2,0,1248,0
40392,1,1,10,1469,0
40393,0,2,0,37774,0
40394,0,1,0,4036,0
40395,0,1,0,2445,0
40396,0,1,0,126,0
40397,0,1,0,155,0
40398,0,1,0,15718,0
40399,0,1,0,36268,0
40400,0,1,0,9041,0
40401,0,1,0,5848,0
40402,0,1,0,3790,0
40403,0,1,0,2301,0
40404,0,1,0,188,0
40405,0,1,0,247,0
40406,0,1,0,1501,0
40407,0,1,0,455,0
40408,1,0,4580,0,0
40409,1,0,1447,0,0
40410,1,0,1937,0,0
40411,2,0,8695,0,0
40412,1,0,241,0,0
40413,1,2,3302,1241070,0
40414,1,0,2866,0,0
40415,1,0,117087,0,0
40416,1,0,809,0,0
40417,1,0,320,0,0
40418,2,1,6593,822,0
40419,1,0,793,0,0
40420,2,8,11915,37441,0
40421,2,3,5934,1736654,0
40422,0,1,0,2319,0
40423,0,1,0,643,0
40424,1,0,3274,0,0
40425,1,0,2988,0,0
40426,1,0,682,0,0
40427,0,9,0,237068,0
40428,1,0,29891,0,0
40429,1,0,3910,0,0
40430,2,0,4733,0,0
40431,1,1,15600,29472,0
40432,1,0,214,0,0
40433,2,0,29458,0,0
40434,0,1,0,192,0
40435,0,3,0,55536,0
40436,1,0,54807,0,0
40437,1,1,182,427905,0
40438,1,0,2517,0,0
40439,1,0,19,0,0
40440,1,0,16324,0,0
40441,1,0,3363,0,0
40442,2,0,1328199,0,0
40443,1,0,1719,0,0
40444,1,0,110,0,0
40445,2,0,145434,0,0
40446,1,0,119,0,0
40447,1,0,749,0,0
40448,1,0,2499,0,0
40449,1,0,900,0,0
40450,1,0,131807,0,0
40451,2,4,20189,1837,0
40452,1,0,30169,0,0
40453,1,0,754,0,0
40454,0,1,0,3830,0
40455,0,1,0,1843,0
40456,1,1,8038,17102,0
40457,0,3,0,14579,0
40458,1,0,45,0,0
40459,0,2,0,4224,0
40460,0,1,0,101,0
40461,7,1,35506,201,0
40462,0,2,0,6615,0
40463,0,1,0,1019,0
40464,1,0,4206,0,0
40465,0,3,0,83058,0
40466,0,1,0,4,0
40467,1,5,228,75436,0
40468,1,0,48433,0,0
40469,1,1,256,20,0
40470,0,1,0,158409,0
40471,0,1,0,228,0
40472,0,1,0,3211,0
40473,0,1,0,3343,0
40474,0,1,0,6362,0
40475,2,2,2227,204515,0
40476,0,1,0,2190,0
40477,0,1,0,37,0
40478,0,1,0,1280,0
40479,0,1,0,17711,0
40480,0,1,0,28834,0
40481,0,1,0,3560,0
40482,0,1,0,5639,0
40483,0,2,0,19651,0
40484,0,1,0,56452,0
40485,0,1,0,147,0
40486,0,1,0,1858,0
40487,0,1,0,39,0
40488,0,1,0,22007,0
40489,0,1,0,334,0
40490,0,1,0,6,0
40491,0,1,0,718,0
40492,0,1,0,47,0
40493,0,1,0,22,0
40494,0,1,0,3168,0
40495,0,1,0,224,0
40496,0,1,0,127551,0
40497,0,1,0,15105,0
40498,0,1,0,664,0
40499,0,1,0,79829,0
40500,0,1,0,626,0
40501,0,1,0,18637,0
40502,0,1,0,3236,0
40503,0,1,0,52,0
40504,0,1,0,355738,0
40505,0,1,0,865,0
40506,1,1,936,3325,0
40507,1,4,21,2502281,0
40508,1,0,2466139,0,0
40509,0,2,0,1101,0
40510,0,1,0,5384,0
40511,0,1,0,5468,0
40512,0,1,0,2845,0
40513,0,1,0,4051,0
40514,0,1,0,25,0
40515,0,2,0,1970,0
40516,0,1,0,20779,0
40517,0,1,0,4262,0
40518,0,1,0,1573,0
40519,0,2,0,1662,0
40520,1,0,715,0,0
40521,1,0,5,0,0
40522,1,0,11078,0,0
40523,1,0,516,0,0
40524,1,0,1,0,0
40525,1,0,3355,0,0
40526,1,0,8512,0,0
40527,0,1,0,23,0
40528,0,2,0,99693,0
40529,0,2,0,5404,0
40530,4,0,2436,0,0
40531,1,2,466,163,0
40532,1,0,79,0,0
40533,0,1,0,516,0
40534,0,2,0,908,0
40535,0,1,0,466,0
40536,1,1,1511,2222,0
40537,0,1,0,108,0
40538,0,1,0,27468,0
40539,0,1,0,2613,0
40540,0,1,0,1176,0
40541,0,1,0,152,0
40542,0,1,0,478,0
40543,0,2,0,16994,0
40544,1,17,16549,249040,0
40545,0,1,0,202,0
40546,1,1,642,2392,0
40547,0,1,0,642,0
40548,0,2,0,9064,0
40549,0,1,0,36,0
40550,0,1,0,183,0
40551,1,1,0,1899,0
40552,0,1,0,240,0
40553,0,1,0,2732,0
40554,0,2,0,620,0
40555,1,0,6,0,0
40556,0,1,0,106,0
40557,0,1,0,566,0
40558,0,1,0,1129,0
40559,0,1,0,44757,0
40560,0,1,0,3618,0
40561,0,1,0,4258,0
40562,0,1,0,44837,0
40563,0,1,0,1188,0
40564,0,1,0,1261,0
40565,0,1,0,2747,0
40566,0,1,0,3331,0
40567,0,3,0,41860,0
40568,0,1,0,33,0
40569,0,1,0,12,0
40570,0,2,0,116,0
40571,0,1,0,47,0
40572,0,1,0,680,0
40573,0,1,0,3637,0
40574,0,1,0,29,0
40575,0,1,0,2141,0
40576,0,1,0,8513,0
40577,0,1,0,79355,0
40578,0,2,0,1466,0
40579,0,1,0,3256,0
40580,0,1,0,5604,0
40581,0,1,0,280667,0
40582,0,1,0,318,0
40583,0,1,0,73,0
40584,0,1,0,360,0
40585,1,2,537,3165,0
40586,0,1,0,587,0
40587,0,1,0,44176,0
40588,0,1,0,131505,0
40589,0,1,0,43067,0
40590,0,1,0,56,0
40591,0,1,0,81,0
40592,0,1,0,3,0
40593,0,1,0,1046,0
40594,0,1,0,1196,0
40595,2,3,2072,20880,0
40596,1,0,605,0,0
40597,1,1,331,2069,0
40598,0,10,0,128855,0
40599,2,1,1673,23507,0
40600,1,1,7421,11248,0
40601,3,1,7197,21551,0
40602,1,0,682,0,0
40603,2,1,15152,468,0
40604,1,0,7326,0,0
40605,1,0,11248,0,0
40606,0,1,0,211,0
40607,0,1,0,598,0
40608,0,1,0,1272,0
40609,0,1,0,1668,0
40610,0,1,0,1718,0
40611,1,0,4684,0,0
40612,0,2,0,4620,0
40613,0,1,0,18058,0
40614,0,1,0,17,0
40615,0,1,0,180,0
40616,0,3,0,19423,0
40617,0,2,0,388052,0
40618,1,0,16,0,0
40619,0,1,0,62,0
40620,0,1,0,1119,0
40621,1,1,92362,39,0
40622,2,0,34957,0,0
40623,0,1,0,58,0
40624,1,0,7,0,0
40625,3,1,6054,3142,0
40626,0,3,0,13483,0
40627,1,0,3494,0,0
40628,1,0,9647,0,0
40629,0,2,0,4273,0
40630,0,1,0,3172,0
40631,0,1,0,467,0
40632,2,3,2079,2338,0
40633,1,0,1082,0,0
40634,3,3,42551,3719,0
40635,0,1,0,158,0
40636,1,0,465,0,0
40637,2,0,269,0,0
40638,0,1,0,41270,0
40639,0,1,0,39009,0
40640,1,0,3279,0,0
40641,0,3,0,54456,0
40642,1,0,1705,0,0
40643,1,0,215,0,0
40644,0,1,0,824,0
40645,0,1,0,1479,0
40646,0,1,0,4866,0
40647,0,1,0,171,0
40648,0,1,0,453,0
40649,0,1,0,15,0
40650,0,1,0,39,0
40651,0,2,0,45225,0
40652,4,0,38596,0,0
40653,0,1,0,11092,0
40654,0,1,0,6932,0
40655,0,1,0,31306,0
40656,0,1,0,9347,0
40657,0,1,0,1393,0
40658,0,1,0,18150,0
40659,0,1,0,24874,0
40660,0,1,0,19040,0
40661,0,1,0,69,0
40662,0,1,0,72,0
40663,0,1,0,195,0
40664,0,2,0,722,0
40665,0,6,0,27452,0
40666,1,0,10,0,0
40667,1,0,2752,0,0
40668,1,0,9514,0,0
40669,1,1,1882,485,0
40670,0,2,0,23825,0
40671,1,5,22013,6312,0
40672,0,6,0,45132,0
40673,2,0,33185,0,0
40674,1,0,4800,0,0
40675,1,0,59,0,0
40676,2,0,291663,0,0
40677,1,1,143,85667,0
40678,0,2,0,64711,0
40679,1,1,15540,418598,0
40680,0,1,0,15540,0
40681,0,1,0,960,0
40682,0,4,0,4255,0
40683,1,1,321,505,0
40684,1,0,419,0,0
40685,1,2,1727,118,0
40686,0,6,0,2310678,0
40687,2,0,2296816,0,0
40688,2,0,1197,0,0
40689,0,2,0,481,0
40690,2,0,352,0,0
40691,0,3,0,3779,0
40692,0,2,0,12451,0
40693,2,0,10480,0,0
40694,0,4,0,11493,0
40695,0,3,0,34434,0
40696,1,0,15388,0,0
40697,0,2,0,6258,0
40698,0,1,0,469,0
40699,0,3,0,10880,0
40700,1,0,8746,0,0
40701,0,7,0,277974,0
40702,2,1,266048,18944,0
40703,1,0,13104,0,0
40704,1,1,2108,11056,0
40705,0,3,0,55421,0
40706,1,2,1197,316652,0
40707,0,1,0,1708,0
40708,2,2,24424,346,0
40709,2,0,17861,0,0
40710,1,0,709,0,0
40711,1,1,4557,4,0
40712,1,0,1191,0,0
40713,0,1,0,17356,0
40714,0,1,0,4104,0
40715,0,1,0,275,0
40716,0,1,0,3218,0
40717,0,1,0,320516,0
40718,0,1,0,165,0
40719,0,1,0,17941,0
40720,1,1,69852,2295,0
40721,0,1,0,3294,0
40722,1,3,160,432,0
40723,1,0,93,0,0
40724,1,0,318,0,0
40725,0,1,0,2367,0
40726,0,2,0,805,0
40727,1,1,25114,2746299,0
40728,1,1,1411,1382,0
40729,0,1,0,2342,0
40730,0,1,0,4016,0
40731,1,1,3566,3428,0
40732,0,2,0,222,0
40733,0,1,0,235,0
40734,3,2,58021,197225,1
40735,1,0,2036,0,0
40736,0,3,0,4244,0
40737,1,0,321,0,0
40738,1,1,193,54826,0
40739,1,1,54826,1456,0
40740,3,2,2779,3780,0
40741,0,3,0,8795,0
40742,1,0,4701,0,0
40743,1,0,133,0,0
40744,0,1,0,12185,0
40745,0,1,0,438,0
40746,0,1,0,349,0
40747,1,0,2758,0,0
40748,1,0,1022,0,0
40749,3,1,3442,15,0
40750,0,1,0,464,0
40751,0,1,0,2114,0
40752,0,1,0,3051,0
40753,0,1,0,336,0
40754,0,1,0,55,0
40755,0,1,0,17818,0
40756,0,3,0,36151,0
40757,1,2,4035,1544,0
40758,0,1,0,507544,0
40759,0,1,0,110,0
40760,2,1,6648,917,0
40761,0,1,0,13611,0
40762,0,1,0,252,0
40763,0,1,0,404,0
40764,0,1,0,178,0
40765,0,1,0,163,0
40766,0,1,0,235,0
40767,0,1,0,804,0
40768,0,1,0,2501,0
40769,0,1,0,723,0
40770,1,0,590,0,0
40771,0,2,0,61781,0
40772,0,4,0,118500,0
40773,1,1,7482,633,0
40774,2,26,606,234683,0
40775,0,3,0,29609053,0
40776,1,0,730,0,0
40777,6,12,205974,101924,1
40778,1,0,1925,0,0
40779,1,1,170,155,0
40780,1,0,153,0,0
40781,1,0,68,0,0
40782,1,0,3352,0,0
40783,1,0,28067,0,0
40784,1,0,9148,0,0
40785,0,1,0,32,0
40786,5,4,76882,7880598,0
40787,2,0,7748812,0,0
40788,1,0,68,0,0
40789,0,1,0,213,0
40790,0,1,0,57,0
40791,0,1,0,1117,0
40792,0,1,0,3,0
40793,0,2,0,3872,0
40794,0,2,0,44098,0
40795,0,1,0,2357,0
40796,0,1,0,660493,0
40797,0,1,0,35883,0
40798,0,1,0,13862,0
40799,0,1,0,1209,0
40800,0,2,0,1922,0
40801,0,1,0,20911,0
40802,0,1,0,372,0
40803,0,1,0,4117,0
40804,0,2,0,142081,0
40805,0,1,0,3334,0
40806,0,1,0,142,0
40807,0,1,0,1232418,0
40808,0,1,0,110307,0
40809,0,1,0,6473,0
40810,0,1,0,281,0
40811,0,2,0,58766,0
40812,0,1,0,663,0
40813,0,1,0,1147,0
40814,0,1,0,178625,0
40815,0,1,0,7113,0
40816,0,1,0,37,0
40817,0,1,0,257942,0
40818,0,1,0,186,0
40819,0,1,0,24289,0
40820,0,1,0,6031,0
40821,0,1,0,159,0
40822,0,1,0,9435,0
40823,0,1,0,708,0
40824,0,1,0,56,0
40825,0,1,0,21011,0
40826,0,1,0,2063,0
40827,0,1,0,329355,0
40828,0,1,0,133050,0
40829,0,1,0,1093,0
40830,0,2,0,24372,0
40831,0,1,0,2821,0
40832,0,1,0,10,0
40833,0,1,0,7408,0
40834,2,0,2110,0,0
40835,0,1,0,4868,0
40836,0,1,0,0,0
40837,0,1,0,438,0
40838,0,1,0,16578,0
40839,0,1,0,18055,0
40840,0,1,0,23702,0
40841,0,1,0,246,0
40842,0,1,0,3,0
40843,1,0,1358,0,0
40844,0,2,0,48857,0
40845,0,1,0,64326,0
40846,0,1,0,3626,0
40847,0,1,0,1016,0
40848,0,1,0,88,0
40849,0,1,0,1,0
40850,0,1,0,21,0
40851,0,1,0,1371,0
40852,0,1,0,4522,0
40853,0,1,0,137,0
40854,0,2,0,18881,0
40855,0,1,0,223,0
40856,0,1,0,6682,0
40857,0,1,0,13,0
40858,0,1,0,91,0
40859,0,1,0,56,0
40860,0,1,0,185,0
40861,0,2,0,223758,0
40862,3,0,17325,0,0
40863,1,0,401,0,0
40864,1,0,70453,0,0
40865,1,0,4991,0,0
40866,1,0,6684,0,0
40867,1,3,1564,25657,0
40868,1,0,586,0,0
40869,1,0,145,0,0
40870,1,0,1272,0,0
40871,1,0,33,0,0
40872,1,0,161,0,0
40873,1,0,2040,0,0
40874,1,0,23,0,0
40875,1,0,400,0,0
40876,0,1,0,148,0
40877,0,1,0,7544,0
40878,0,1,0,99920,0
40879,0,1,0,86199,0
40880,0,1,0,596,0
40881,0,1,0,5318,0
40882,0,1,0,90,0
40883,0,1,0,578,0
40884,0,1,0,293,0
40885,0,1,0,516,0
40886,0,2,0,237,0
40887,1,0,51,0,0
40888,1,0,26268,0,0
40889,1,0,560,0,0
40890,0,3,0,101252,0
40891,1,0,372,0,0
40892,0,1,0,578,0
40893,0,1,0,61,0
40894,1,0,2816,0,0
40895,0,1,0,1254,0
40896,0,1,0,491,0
40897,0,1,0,51150,0
40898,1,0,712,0,0
40899,1,0,56320,0,0
40900,2,2,98015,27447,1
40901,1,0,468,0,0
40902,1,0,80,0,0
40903,1,0,640,0,0
40904,1,0,73,0,0
40905,1,0,197,0,0
40906,3,3,12105,5168,0
40907,1,2,159,7661,0
40908,1,0,2972,0,0
40909,1,1,23895,364,0
40910,1,1,6099,290,0
40911,1,2,1998,16427,0
40912,1,0,9744,0,0
40913,2,1,6551,18147,0
40914,1,0,1012,0,0
40915,0,1,0,2086,0
40916,0,1,0,12578,0
40917,0,1,0,25603,0
40918,0,1,0,4492,0
40919,0,1,0,165,0
40920,1,1,1526,33,0
40921,0,1,0,1465,0
40922,0,1,0,114,0
40923,1,0,1664,0,0
40924,1,2,901,14844,0
40925,1,0,4255,0,0
40926,0,2,0,49656,0
40927,0,4,0,22568,0
40928,1,0,82,0,0
40929,1,0,2724,0,0
40930,1,0,18502,0,0
40931,0,1,0,2379,0
40932,0,1,0,430,0
40933,1,2,3967,2981,0
40934,1,0,2859,0,0
40935,0,1,0,137900,0
40936,0,1,0,3967,0
40937,0,1,0,12084,0
40938,1,1,472,337,0
40939,0,2,0,13653,0
40940,2,0,1776,0,0
40941,0,2,0,4262,0
40942,1,3,74,236953,0
40943,2,0,18620,0,0
40944,1,8,216247,101297,0
40945,0,5,0,1219,0
40946,1,0,84,0,0
40947,1,0,51,0,0
40948,0,2,0,2226,0
40949,1,2,59,4958,0
40950,0,3,0,3603,0
40951,0,1,0,59,0
40952,0,1,0,1650,0
40953,0,1,0,539,0
40954,0,3,0,31247,0
40955,2,0,13515,0,0
40956,0,1,0,2120,0
40957,1,0,4170,0,0
40958,0,2,0,23196,0
40959,0,1,0,126,0
40960,3,2,7106,48249,0
40961,4,3,27051,4947124,0
40962,1,0,121451,0,0
40963,0,1,0,4239,0
40964,1,1,1566,31491,0
40965,0,1,0,997,0
40966,0,1,0,620,0
40967,1,0,436,0,0
40968,0,2,0,16415,0
40969,1,1,15789,3137,0
40970,0,1,0,1335,0
40971,3,1,8645,7449,0
40972,0,1,0,296,0
40973,0,3,0,53214,0
40974,2,4,1270,27854,0
40975,1,0,51988,0,0
40976,1,1,7187,366,0
40977,0,2,0,509414,0
40978,0,2,0,5048,0
40979,0,1,0,4446,0
40980,0,1,0,459,0
40981,0,2,0,858,0
40982,0,1,0,18692,0
40983,0,1,0,2,0
40984,0,1,0,44982,0
40985,0,1,0,34,0
40986,0,1,0,833,0
40987,0,1,0,9920,0
40988,0,1,0,590,0
40989,0,1,0,725,0
40990,0,1,0,4131,0
40991,0,1,0,29478,0
40992,0,1,0,743,0
40993,0,1,0,3402,0
40994,1,1,14,13515,0
40995,3,3,25086,9497,0
40996,1,0,9405,0,0
40997,3,0,153966,0,0
40998,0,2,0,18370,0
40999,2,0,18230,0,0
41000,3,5,100744,85004,0
41001,1,1,3167,229,0
41002,8,4,90241,3144,0
41003,0,1,0,9141,0
41004,0,1,0,1389,0
41005,0,1,0,14556,0
41006,3,1,374837,140802,0
41007,0,3,0,414565,0
41008,1,1,44106,16320,0
41009,0,1,0,97709,0
41010,1,0,87,0,0
41011,1,0,117,0,0
41012,1,3,121,26168,0
41013,1,1,2819,6296,0
41014,0,2,0,2364,0
41015,2,0,2883,0,0
41016,0,2,0,9552,0
41017,8,6,290854,726916,0
41018,1,0,852,0,0
41019,1,0,1002,0,0
41020,1,0,594,0,0
41021,0,1,0,24114,0
41022,1,0,70,0,0
41023,1,0,2166,0,0
41024,1,0,24,0,0
41025,0,3,0,25180,0
41026,0,1,0,465,0
41027,0,1,0,195,0
41028,0,1,0,4258,0
41029,0,2,0,182139,0
41030,0,1,0,7495,0
41031,0,2,0,9533,0
41032,0,5,0,397777,0
41033,1,0,1864,0,0
41034,1,0,900,0,0
41035,1,2,344,743312,0
41036,1,2,13020,15772,0
41037,0,1,0,344,0
41038,0,3,0,2609,0
41039,1,0,2228,0,0
41040,0,2,0,23560,0
41041,1,0,6,0,0
41042,1,1,88,924226,0
41043,1,1,4635,148,0
41044,1,2,57224,3160,0
41045,0,3,0,43643,0
41046,1,0,2205,0,0
41047,0,2,0,1557,0
41048,0,2,0,9643,0
41049,0,1,0,3156,0
41050,0,2,0,234448,0
41051,0,3,0,1734,0
41052,2,0,963,0,0
41053,0,1,0,299,0
41054,0,2,0,423,0
41055,0,4,0,7716,0
41056,1,1,49,1096,0
41057,1,2,116,17856,0
41058,2,4,31642,135271,0
41059,0,1,0,33,0
41060,1,0,106,0,0
41061,1,0,24365,0,0
41062,1,0,19093,0,0
41063,1,0,135624,0,0
41064,0,1,0,932,0
41065,0,1,0,8315,0
41066,0,1,0,4911,0
41067,0,1,0,591,0
41068,0,5,0,4357,0
41069,1,0,816,0,0
41070,1,0,7,0,0
41071,1,0,2842,0,0
41072,0,3,0,14686,0
41073,0,11,0,400564,0
41074,1,0,117,0,0
41075,1,0,184766,0,0
41076,1,0,3755,0,0
41077,1,0,189859,0,0
41078,2,0,19329,0,0
41079,1,1,7000,5540,0
41080,2,0,28306,0,0
41081,0,3,0,31243,0
41082,0,8,0,149743,0
41083,1,0,5305,0,0
41084,0,1,0,423,0
41085,0,1,0,5372,0
41086,1,0,20763,0,0
41087,1,1,175,1588,0
41088,0,1,0,14280,0
41089,0,2,0,344,0
41090,0,1,0,21162,0
41091,11,4,6944327,9617,0
41092,1,0,4074,0,0
41093,1,0,999,0,0
41094,0,1,0,35278,0
41095,0,1,0,51896,0
41096,0,1,0,6869,0
41097,0,1,0,48,0
41098,0,1,0,12839,0
41099,1,1,20729,503,0
41100,2,0,32074,0,0
41101,1,0,40,0,0
41102,1,0,2809,0,0
41103,1,0,42497,0,0
41104,1,0,11,0,0
41105,0,1,0,24556,0
41106,0,1,0,1497,0
41107,0,2,0,1078,0
41108,0,2,0,1685,0
41109,1,1,610,7657,0
41110,0,1,0,600,0
41111,0,2,0,24325,0
41112,1,1,494,217,0
41113,0,3,0,88496,0
41114,1,0,35034,0,0
41115,1,3,19401,6025,0
41116,2,0,2794,0,0
41117,1,0,5090,0,0
41118,0,1,0,19401,0
41119,0,4,0,39852,0
41120,1,0,451,0,0
41121,2,0,1844,0,0
41122,1,0,35640,0,0
41123,1,1,142610,16914,0
41124,0,1,0,8978,0
41125,0,1,0,187,0
41126,0,1,0,645,0
41127,0,2,0,385,0
41128,0,1,0,853,0
41129,0,1,0,1153,0
41130,0,1,0,1331,0
41131,0,1,0,931,0
41132,1,0,7,0,0
41133,0,1,0,1927,0
41134,2,2,30372,95,0
41135,2,0,75,0,0
41136,0,1,0,838,0
41137,0,1,0,2,0
41138,0,1,0,5598,0
41139,0,1,0,4660,0
41140,0,1,0,1258,0
41141,0,1,0,1995,0
41142,0,1,0,169,0
41143,0,1,0,1014,0
41144,0,1,0,410,0
41145,0,1,0,370,0
41146,0,1,0,161,0
41147,0,1,0,2013,0
41148,0,1,0,156,0
41149,0,1,0,9604,0
41150,0,1,0,41292,0
41151,0,1,0,19485,0
41152,1,1,854,135,0
41153,0,1,0,233,0
41154,0,6,0,292203,1
41155,0,1,0,39262,0
41156,0,1,0,704,0
41157,0,1,0,856,0
41158,0,1,0,82125,0
41159,0,1,0,1020,0
41160,0,1,0,2114,0
41161,0,1,0,100,0
41162,0,1,0,230752,0
41163,0,1,0,2236,0
41164,0,1,0,282,0
41165,0,1,0,2952,0
41166,0,1,0,41,0
41167,1,12,528,119729,0
41168,1,0,60,0,0
41169,1,0,48,0,0
41170,1,1,60,804,0
41171,1,0,5128,0,0
41172,1,0,64,0,0
41173,1,1,4617,528,0
41174,1,0,34481,0,0
41175,1,0,37654,0,0
41176,1,0,1396,0,0
41177,2,1,20553,11869,0
41178,1,0,804,0,0
41179,1,0,11869,0,0
41180,0,6,0,5413,0
41181,1,0,1622,0,0
41182,1,0,175,0,0
41183,0,2,0,3096,0
41184,1,17,4739,111855,0
41185,1,1,38,87,0
41186,1,0,3280,0,0
41187,1,0,5295,0,0
41188,1,0,34351,0,0
41189,1,0,165,0,0
41190,1,0,180,0,0
41191,1,0,31658,0,0
41192,1,0,456,0,0
41193,1,0,391,0,0
41194,1,0,1652,0,0
41195,1,0,1366,0,0
41196,1,0,177,0,0
41197,0,1,0,122,0
41198,0,2,0,1561,0
41199,0,2,0,8216,0
41200,0,1,0,1372,0
41201,0,2,0,7150,0
41202,0,5,0,12350,0
41203,1,0,323,0,0
41204,1,0,967,0,0
41205,1,0,7993,0,0
41206,1,0,2841,0,0
41207,1,0,17869,0,0
41208,1,0,1,0,0
41209,1,0,80884,0,0
41210,1,0,106,0,0
41211,1,2,8297,38968,0
41212,1,5,325,51046,0
41213,0,3,0,90636,0
41214,1,0,86102,0,0
41215,2,0,1024,0,0
41216,1,0,12656,0,0
41217,2,0,28182,0,0
41218,0,1,0,445586,0
41219,1,2,8,37430,0
41220,0,2,0,7765,0
41221,1,2,504,2799,0
41222,1,2,54014,7316,0
41223,0,4,0,5375,0
41224,1,0,1483,0,0
41225,1,0,283,0,0
41226,0,1,0,18442,0
41227,0,1,0,441,0
41228,0,1,0,1736,0
41229,0,1,0,6470,0
41230,0,1,0,7411,0
41231,0,1,0,57,0
41232,0,1,0,203,0
41233,0,1,0,32672,0
41234,0,1,0,10564,0
41235,0,1,0,1756,0
41236,0,1,0,263,0
41237,2,2,1414,5919,0
41238,1,0,2260,0,0
41239,0,1,0,1312,0
41240,0,2,0,453,0
41241,0,1,0,366,0
41242,0,1,0,6953,0
41243,0,1,0,264,0
41244,1,0,148,0,0
41245,0,1,0,662,0
41246,0,1,0,157,0
41247,0,1,0,5500,0
41248,0,1,0,308,0
41249,0,1,0,123,0
41250,0,1,0,3523,0
41251,0,1,0,591,0
41252,0,1,0,1686,0
41253,0,1,0,867,0
41254,0,1,0,12693,0
41255,0,1,0,11317,0
41256,0,1,0,27732,0
41257,0,2,0,12409,0
41258,0,1,0,1755,0
41259,0,1,0,3,0
41260,0,1,0,2401,0
41261,0,1,0,211,0
41262,0,1,0,344566,0
41263,0,1,0,3210,0
41264,1,1,2624,114,0
41265,0,1,0,1049,0
41266,0,1,0,293,0
41267,0,1,0,1502,0
41268,0,1,0,8,0
41269,0,1,0,792,0
41270,0,1,0,222,0
41271,0,1,0,13014,0
41272,0,1,0,91316,0
41273,0,1,0,290,0
41274,3,5,9949,39891,0
41275,1,0,547,0,0
41276,0,1,0,2098,0
41277,0,1,0,25,0
41278,0,1,0,17984,0
41279,0,1,0,39303,0
41280,1,0,845,0,0
41281,0,1,0,1123,0
41282,0,1,0,113,0
41283,0,1,0,106145,0
41284,0,1,0,3629,0
41285,0,1,0,2731,0
41286,0,1,0,664,0
41287,0,1,0,6554,0
41288,0,3,0,18136,0
41289,0,2,0,9362,0
41290,1,0,4936,0,0
41291,0,1,0,674,0
41292,0,1,0,2967,0
41293,0,1,0,13920,0
41294,0,1,0,2448,0
41295,0,1,0,102,0
41296,0,1,0,9562,0
41297,0,1,0,7013,0
41298,0,1,0,5500,0
41299,0,1,0,144,0
41300,0,1,0,954,0
41301,0,1,0,19855,0
41302,1,1,20,15655,0
41303,1,5,948,29065,0
41304,2,0,307,0,0
41305,1,0,30,0,0
41306,0,1,0,343016,0
41307,0,15,0,162438,0
41308,1,0,5973,0,0
41309,1,0,303,0,0
41310,1,0,11011,0,0
41311,1,0,1259,0,0
41312,1,0,56464,0,0
41313,1,0,232,0,0
41314,1,0,129,0,0
41315,1,0,6458,0,0
41316,1,0,10406,0,0
41317,1,0,65,0,0
41318,1,0,6176,0,0
41319,0,4,0,3714,0
41320,2,0,3886,0,0
41321,0,1,0,22733,0
41322,0,1,0,14,0
41323,0,1,0,241,0
41324,0,1,0,1928,0
41325,1,0,23,0,0
41326,0,1,0,4536,0
41327,0,1,0,583,0
41328,1,1,5325,7332,0
41329,1,0,1758,0,0
41330,1,0,39816,0,0
41331,0,1,0,6205,0
41332,0,1,0,2922,0
41333,0,1,0,24128,0
41334,0,1,0,2272,0
41335,0,1,0,14073,0
41336,1,0,1066,0,0
41337,1,0,9611,0,0
41338,0,1,0,4738,0
41339,1,1,3101,23488,0
41340,0,1,0,1722,0
41341,0,1,0,4343,0
41342,1,0,695,0,0
41343,0,2,0,5666,0
41344,0,3,0,3650,0
41345,1,0,751,0,0
41346,1,0,875,0,0
41347,0,1,0,138450,0
41348,0,1,0,11410,0
41349,2,0,9857,0,0
41350,0,1,0,178,0
41351,0,1,0,3779,0
41352,1,1,2206,57,0
41353,0,1,0,4477,0
41354,1,1,4,1797,0
41355,0,1,0,8607,0
41356,0,1,0,4193,0
41357,0,3,0,1304,0
41358,1,0,126,0,0
41359,0,1,0,5690,0
41360,0,1,0,898,0
41361,0,1,0,1241,0
41362,0,1,0,10604,0
41363,0,1,0,325,0
41364,0,1,0,7039,0
41365,0,1,0,433,0
41366,0,1,0,5770,0
41367,0,2,0,4305,0
41368,2,0,6668,0,0
41369,0,1,0,206,0
41370,0,1,0,3733,0
41371,0,1,0,500,0
41372,0,1,0,856,0
41373,0,1,0,23,0
41374,0,1,0,57585,0
41375,0,1,0,464,0
41376,0,1,0,3880,0
41377,0,1,0,33,0
41378,0,1,0,18802,0
41379,0,1,0,46801,0
41380,0,1,0,174,0
41381,0,1,0,70129,0
41382,0,1,0,1652,0
41383,0,1,0,5042,0
41384,0,1,0,35781,0
41385,0,1,0,4980,0
41386,0,1,0,28646,0
41387,0,1,0,1665,0
41388,0,3,0,8256,0
41389,0,1,0,427,0
41390,0,1,0,6,0
41391,0,1,0,173,0
41392,1,0,13210,0,0
41393,1,0,307,0,0
41394,1,0,6641,0,0
41395,0,1,0,3245,0
41396,0,1,0,4664,0
41397,0,1,0,40556,0
41398,0,3,0,20599,0
41399,0,2,0,135892,0
41400,1,0,167,0,0
41401,1,2,2666,466,0
41402,0,2,0,19768,0
41403,0,1,0,63,0
41404,0,1,0,250,0
41405,0,1,0,247,0
41406,0,1,0,18,0
41407,0,4,0,19536,0
41408,1,0,3482,0,0
41409,0,3,0,5721,0
41410,0,4,0,438547,0
41411,3,1,16045,411,0
41412,0,2,0,73674,0
41413,0,7,0,23190,0
41414,1,0,18063,0,0
41415,1,0,2229,0,0
41416,1,0,1635,0,0
41417,1,0,18,0,0
41418,0,2,0,7862,0
41419,0,2,0,71762,0
41420,0,4,0,149031,0
41421,0,2,0,264,0
41422,1,1,192,155910,1
41423,0,3,0,6336,0
41424,0,2,0,1548,0
41425,0,1,0,3581,0
41426,0,1,0,6354,0
41427,1,0,1484,0,0
41428,1,0,41,0,0
41429,0,2,0,25080,0
41430,6,7,19485,24222,0
41431,1,0,531,0,0
41432,1,0,4038,0,0
41433,1,0,11488,0,0
41434,1,3,673,9816,0
41435,0,1,0,580,0
41436,0,1,0,5933,0
41437,0,1,0,748,0
41438,0,1,0,21,0
41439,1,0,806,0,0
41440,0,4,0,166697,0
41441,0,1,0,443,0
41442,0,1,0,461,0
41443,0,1,0,37601,0
41444,0,3,0,1345,0
41445,0,1,0,2212,0
41446,0,1,0,49,0
41447,0,1,0,7277,0
41448,0,1,0,995,0
41449,0,1,0,2955,0
41450,0,1,0,31050,0
41451,0,1,0,545561,0
41452,0,1,0,384,0
41453,0,1,0,774,0
41454,0,3,0,33919,0
41455,1,4,32473,87625,0
41456,1,1,942,115,0
41457,0,1,0,35394,0
41458,1,1,222,340,0
41459,1,0,78555,0,0
41460,1,0,69,0,0
41461,0,2,0,62130,0
41462,0,2,0,15026,0
41463,0,2,0,202088,0
41464,0,1,0,758,0
41465,0,1,0,3480,0
41466,0,1,0,1240,0
41467,0,1,0,760249,0
41468,0,1,0,979,0
41469,0,2,0,5603,0
41470,2,0,5959,0,0
41471,0,1,0,1133,0
41472,0,1,0,22,0
41473,0,1,0,172,0
41474,0,7,0,92248,0
41475,1,0,942,0,0
41476,1,0,7263,0,0
41477,1,1,34709,1341,0
41478,1,0,32,0,0
41479,1,1,4891,1543,0
41480,3,3,27215,22134,0
41481,1,0,4269,0,0
41482,0,1,0,5136,0
41483,0,1,0,80868,0
41484,0,1,0,485,0
41485,0,1,0,17,0
41486,0,1,0,18935,0
41487,0,1,0,2226,0
41488,0,1,0,87847,0
41489,0,1,0,449,0
41490,0,1,0,294,0
41491,0,1,0,19748,0
41492,0,1,0,1953,0
41493,0,1,0,25,0
41494,0,1,0,4871,0
41495,0,3,0,70608,0
41496,0,1,0,28505,0
41497,0,1,0,1386,0
41498,0,1,0,337661,0
41499,0,1,0,2266,0
41500,0,1,0,30732,0
41501,0,1,0,138,0
41502,0,1,0,191565,0
41503,0,1,0,194,0
41504,0,1,0,794,0
41505,0,1,0,723,0
41506,0,1,0,4210,0
41507,0,1,0,1290,0
41508,1,0,12,0,0
41509,1,0,1103,0,0
41510,1,0,4063,0,0
41511,1,0,0,0,0
41512,1,0,127,0,0
41513,1,0,9562,0,0
41514,1,0,27495,0,0
41515,1,0,183,0,0
41516,1,0,1533,0,0
41517,1,0,91816,0,0
41518,1,0,1021,0,0
41519,1,0,68929,0,0
41520,0,1,0,5921,0
41521,0,1,0,1260,0
41522,1,1,17220,113,1
41523,0,1,0,3767,0
41524,0,1,0,3247,0
41525,0,2,0,11616,0
41526,0,2,0,86665,0
41527,0,1,0,32273,0
41528,0,1,0,1010,0
41529,0,1,0,512,0
41530,0,1,0,11349,0
41531,0,2,0,3316,0
41532,0,2,0,57,0
41533,1,0,21,0,0
41534,2,2,5302,1374492,0
41535,0,1,0,3835,0
41536,0,1,0,1467,0
41537,0,2,0,3221,0
41538,0,1,0,5,0
41539,0,1,0,1293,0
41540,0,1,0,6591,0
41541,0,1,0,1996,0
41542,0,1,0,1032,0
41543,1,1,827266,2842,0
41544,1,0,2296354,0,0
41545,0,1,0,672,0
41546,2,0,39851,0,0
41547,0,1,0,5,0
41548,0,3,0,967,0
41549,1,0,856,0,0
41550,1,3,768,1410,0
41551,6,0,21411,0,0
41552,0,1,0,367,0
41553,0,2,0,1735,0
41554,0,1,0,1626,0
41555,0,1,0,5762,0
41556,0,7,0,76373,0
41557,1,1,69705,52,0
41558,1,1,125,7567,0
41559,1,0,2677201,0,0
41560,1,0,285,0,0
41561,1,0,12557,0,0
41562,1,0,16498,0,0
41563,1,1,303,9231,0
41564,2,0,19991,0,0
41565,2,0,100740,0,0
41566,1,0,44,0,0
41567,1,0,7138,0,0
41568,1,3,34,24701,0
41569,1,2,741,1458,0
41570,5,6,28723,59639,0
41571,1,0,22,0,0
41572,2,0,55373,0,0
41573,1,0,2176,0,0
41574,1,0,1520,0,0
41575,1,0,493,0,0
41576,0,1,0,355,0
41577,1,3,214,11678,0
41578,1,0,418,0,0
41579,0,1,0,320,0
41580,0,1,0,214,0
41581,0,3,0,841667,0
41582,0,1,0,71537,0
41583,1,1,13166,7905,0
41584,2,0,34231,0,0
41585,0,1,0,1289,0
41586,1,0,1036,0,0
41587,0,1,0,13275,0
41588,0,1,0,58618,0
41589,0,1,0,14454,0
41590,0,1,0,512,0
41591,0,5,0,714506,0
41592,1,1,512,16,0
41593,1,4,1883,42142,0
41594,1,0,3938,0,0
41595,0,2,0,3890,0
41596,0,3,0,3519,0
41597,1,0,113,0,0
41598,1,3,96,7664,0
41599,1,0,465,0,0
41600,1,0,282,0,0
41601,0,1,0,9,0
41602,1,2,34102,83097,0
41603,0,2,0,8523,0
41604,0,1,0,4402,0
41605,0,1,0,17902,0
41606,0,1,0,22715,0
41607,0,1,0,739,0
41608,0,1,0,1069,0
41609,0,1,0,587,0
41610,0,1,0,192,0
41611,0,1,0,1298,0
41612,0,1,0,112,0
41613,0,3,0,183510,0
41614,6,11,318267,108867,0
41615,19,15,1654030,197005,0
41616,0,1,0,1750,0
41617,0,1,0,12836,0
41618,0,1,0,8737,0
41619,0,1,0,244073,0
41620,1,0,725,0,0
41621,2,2,13556,144,0
41622,2,2,124217,2635,0
41623,1,1,2579,4767,0
41624,0,1,0,12689,0
41625,0,1,0,1789,0
41626,0,1,0,22429,0
41627,0,1,0,3845,0
41628,0,1,0,13872,0
41629,0,1,0,18797,0
41630,0,1,0,64115,0
41631,1,9,25972,56775,0
41632,1,3,47,33268,0
41633,1,0,3230,0,0
41634,1,1,295,47,0
41635,3,3,9370,2860,0
41636,1,0,28795,0,0
41637,0,3,0,21422,0
41638,1,0,15575,0,0
41639,0,3,0,17611,0
41640,0,2,0,13227,0
41641,0,2,0,235,0
41642,1,0,209,0,0
41643,0,2,0,1085,0
41644,1,4,37732,18833,0
41645,1,0,11745,0,0
41646,1,0,2939,0,0
41647,1,0,34,0,0
41648,0,1,0,32561,0
41649,1,4,664,52295,0
41650,1,0,111,0,0
41651,1,0,2152,0,0
41652,2,0,17530,0,0
41653,0,4,0,10269,0
41654,1,0,3671,0,0
41655,1,0,4344,0,0
41656,1,0,252,0,0
41657,1,3,26179,9398,0
41658,1,0,1156,0,0
41659,2,18,427,110192,0
41660,1,0,20023,0,0
41661,1,0,6334,0,0
41662,1,0,100,0,0
41663,1,0,24512,0,0
41664,1,0,3089,0,0
41665,1,0,67,0,0
41666,1,0,15,0,0
41667,1,0,5515,0,0
41668,1,0,24544,0,0
41669,1,0,622,0,0
41670,2,4,9657,178947,0
41671,2,0,11074,0,0
41672,2,0,75169,0,0
41673,5,6,40118,8041,0
41674,1,0,1638,0,0
41675,1,0,703,0,0
41676,1,0,3927,0,0
41677,2,0,15336,0,0
41678,2,0,803,0,0
41679,0,2,0,90568,0
41680,2,0,309,0,0
41681,0,1,0,4060,0
41682,0,1,0,77,0
41683,0,1,0,1853,0
41684,0,1,0,156750,0
41685,0,1,0,53,0
41686,1,0,613,0,0
41687,2,5,1421,16444,0
41688,1,0,593,0,0
41689,1,0,2488,0,0
41690,1,1,873,1420,0
41691,1,0,3113,0,0
41692,0,2,0,74205,0
41693,1,1,74204,16,0
41694,4,0,102180,0,0
41695,0,1,0,95136,0
41696,1,1,561,2602,0
41697,2,7,4530,206069,0
41698,1,0,663,0,0
41699,1,0,88682,0,0
41700,1,0,18210,0,0
41701,1,1,1144,467,0
41702,2,1,50846,8657,0
41703,0,1,0,561,0
41704,0,1,0,4063,0
41705,2,1,8659,303,0
41706,0,1,0,2,0
41707,0,1,0,1387,0
41708,0,1,0,499,0
41709,0,1,0,1898,0
41710,0,1,0,31,0
41711,1,0,55185,0,0
41712,0,5,0,14257,0
41713,1,2,9322,55429,0
41714,3,7,11532,109381,0
41715,1,0,154,0,0
41716,0,2,0,21366,0
41717,0,1,0,20084,0
41718,0,1,0,104965,0
41719,0,1,0,84146,0
41720,0,1,0,612,0
41721,0,1,0,83,0
41722,0,2,0,13329,0
41723,0,1,0,6644,0
41724,0,1,0,105,0
41725,0,1,0,948,0
41726,0,1,0,523338,0
41727,0,1,0,134,0
41728,0,1,0,119,0
41729,0,1,0,239,0
41730,0,1,0,2774,0
41731,0,1,0,19,0
41732,0,1,0,1620,0
41733,0,1,0,678,0
41734,1,0,1461,0,0
41735,2,0,925,0,0
41736,1,1,909794,1042,0
41737,1,3,316,99849,0
41738,1,0,6700,0,0
41739,1,0,5,0,0
41740,0,2,0,2149,0
41741,4,2,10282,8444,0
41742,0,1,0,5123,0
41743,0,1,0,119,0
41744,0,1,0,3207,0
41745,0,1,0,2695,0
41746,0,1,0,2848,0
41747,0,1,0,496,0
41748,0,1,0,3685,0
41749,0,1,0,33,0
41750,0,1,0,21189,0
41751,0,1,0,3003,0
41752,0,1,0,8550,0
41753,0,1,0,2473,0
41754,0,1,0,2448,0
41755,0,1,0,693637,0
41756,0,1,0,72959,0
41757,0,1,0,1089,0
41758,0,1,0,2712,0
41759,0,1,0,3890,0
41760,0,1,0,12,0
41761,0,1,0,24,0
41762,0,1,0,3528,0
41763,0,1,0,351,0
41764,0,1,0,88,0
41765,0,1,0,2194,0
41766,0,1,0,1466,0
41767,0,1,0,3446,0
41768,0,1,0,79760,0
41769,0,1,0,900,0
41770,0,1,0,266763,0
41771,0,1,0,867,0
41772,0,1,0,2053,0
41773,4,0,26847,0,0
41774,0,1,0,12130,0
41775,0,2,0,681,0
41776,0,1,0,14020,0
41777,0,1,0,1734,0
41778,0,1,0,2164,0
41779,0,1,0,790,0
41780,0,1,0,11439,0
41781,0,1,0,5837,0
41782,0,1,0,114,0
41783,0,1,0,38170,0
41784,0,1,0,7,0
41785,0,1,0,1945,0
41786,0,1,0,1400,0
41787,0,1,0,1012,0
41788,0,1,0,1164,0
41789,0,1,0,71778,0
41790,0,3,0,34262,0
41791,37,0,269533,0,0
41792,0,1,0,9550,0
41793,0,1,0,2160,0
41794,0,1,0,134,0
41795,0,1,0,459,0
41796,1,1,69,144535,0
41797,0,1,0,2235,0
41798,0,1,0,303,0
41799,2,1,418,11043,0
41800,0,3,0,1608,0
41801,3,2,147863,857,0
41802,2,3,8451,23550,0
41803,3,1,4214,4261,0
41804,0,1,0,1210,0
41805,0,1,0,13672,0
41806,0,1,0,14175,0
41807,0,1,0,8189,0
41808,1,1,690,1080,0
41809,0,1,0,449,0
41810,0,1,0,7993,0
41811,0,1,0,10288,0
41812,0,1,0,2486,0
41813,0,1,0,282,0
41814,0,1,0,1293,0
41815,0,1,0,47492,0
41816,0,1,0,8560,0
41817,0,2,0,1231,0
41818,2,0,306,0,0
41819,0,1,0,48492,0
41820,0,4,0,75749,0
41821,0,3,0,14328,0
41822,0,1,0,21769,0
41823,0,1,0,77,0
41824,0,1,0,5104,0
41825,0,1,0,681,0
41826,0,1,0,3257,0
41827,0,1,0,364,0
41828,2,7,12246,56953,0
41829,1,0,62,0,0
41830,0,1,0,44,0
41831,0,1,0,4250,0
41832,0,1,0,26436,0
41833,0,1,0,1956,0
41834,0,1,0,11529,0
41835,0,1,0,9306,0
41836,0,1,0,476,0
41837,0,1,0,668,0
41838,0,1,0,38,0
41839,1,2,46,93680,0
41840,0,1,0,1352,0
41841,0,2,0,3112,0
41842,1,1,47,2588,0
41843,0,2,0,25633,0
41844,0,2,0,2135,0
41845,1,0,3297,0,0
41846,1,0,5557,0,0
41847,1,0,394,0,0
41848,0,5,0,11135,0
41849,1,0,57,0,0
41850,1,0,322,0,0
41851,1,0,4296,0,0
41852,1,0,1529,0,0
41853,1,0,1,0,0
41854,1,0,422,0,0
41855,1,0,80,0,0
41856,0,3,0,4063,0
41857,1,0,1101,0,0
41858,1,0,497,0,0
41859,1,2,471,20029,0
41860,1,0,18028,0,0
41861,1,2,48745,17374,0
41862,1,0,16903,0,0
41863,0,1,0,48745,0
41864,0,1,0,1361,0
41865,0,1,0,35,0
41866,0,1,0,153,0
41867,0,1,0,2825,0
41868,0,1,0,8541,0
41869,19,7,378919,11101,0
41870,1,0,1023,0,0
41871,1,1,827,4201,0
41872,1,1,3992,1284,0
41873,1,0,79,0,0
41874,0,2,0,929,0
41875,0,1,0,2895,0
41876,0,1,0,3134,0
41877,1,2,3305,1187,0
41878,0,1,0,838,0
41879,0,1,0,928,0
41880,0,1,0,123629,0
41881,0,1,0,546,0
41882,0,1,0,1717,0
41883,0,1,0,169494,0
41884,0,1,0,14766,0
41885,0,1,0,43112,0
41886,0,6,0,209613,0
41887,2,3,881,50128,0
41888,8,2,37797,41474,0
41889,1,1,2558,466,0
41890,0,1,0,4873,0
41891,0,1,0,21,0
41892,0,1,0,145,0
41893,0,1,0,109,0
41894,0,7,0,30520,0
41895,1,0,25744,0,0
41896,0,1,0,1042336,0
41897,0,1,0,1894,0
41898,0,1,0,3034,0
41899,0,1,0,60808,0
41900,0,1,0,7332,0
41901,0,1,0,15,0
41902,0,1,0,4360,0
41903,0,1,0,22,0
41904,1,1,393,5585,0
41905,0,2,0,5096,0
41906,1,1,137663,6477,0
41907,0,4,0,7133,0
41908,1,0,419,0,0
41909,1,0,382,0,0
41910,0,1,0,29592,0
41911,1,2,189,6370,0
41912,1,3,5535,5792,0
41913,1,3,1203,4393,0
41914,2,4,16786,135213,0
41915,1,0,561,0,0
41916,1,2,1142,153111,0
41917,0,1,0,1142,0
41918,0,1,0,21,0
41919,0,1,0,17761,0
41920,0,1,0,14071,0
41921,0,1,0,581,0
41922,0,1,0,959,0
41923,1,0,196,0,0
41924,0,2,0,25394,0
41925,0,1,0,2,0
41926,0,1,0,150,0
41927,0,1,0,23648,0
41928,1,1,12,667,0
41929,0,1,0,124,0
41930,0,1,0,133213,0
41931,0,1,0,21,0
41932,0,1,0,30962,0
41933,0,1,0,46965,0
41934,0,1,0,5904,0
41935,0,2,0,6518,0
41936,2,1,345278,615,0
41937,0,1,0,19842,0
41938,0,1,0,15962,0
41939,0,1,0,74,0
41940,0,1,0,25215,0
41941,0,7,0,72870,0
41942,2,0,26388,0,0
41943,1,0,2631,0,0
41944,1,0,996,0,0
41945,1,0,493,0,0
41946,1,2,15763,2071,0
41947,0,2,0,13817,0
41948,0,2,0,5118,0
41949,0,1,0,18,0
41950,0,1,0,60,0
41951,1,1,3822,34849,0
41952,0,1,0,35,0
41953,0,1,0,3194,0
41954,0,1,0,58588,0
41955,0,1,0,55765,0
41956,0,1,0,906,0
41957,0,1,0,672,0
41958,0,1,0,339,0
41959,0,6,0,259178,0
41960,1,0,4676,0,0
41961,0,2,0,29010,0
41962,0,1,0,10267,0
41963,0,1,0,1109,0
41964,0,1,0,24644,0
41965,0,1,0,1802,0
41966,0,1,0,7470,0
41967,0,1,0,14609,0
41968,6,2,122483,3958,0
41969,2,7,1527,23357,0
41970,0,1,0,66,0
41971,0,1,0,3302,0
41972,1,0,11776,0,0
41973,1,0,4052,0,0
41974,1,0,1378,0,0
41975,1,0,1646,0,0
41976,1,0,4436,0,0
41977,0,1,0,174,0
41978,0,1,0,43929,0
41979,0,2,0,12123,0
41980,1,2,285,18101,0
41981,1,8,15549,21969,0
41982,0,2,0,3081,0
41983,0,1,0,4249,0
41984,1,0,357,0,0
41985,1,0,314,0,0
41986,1,0,2435,0,0
41987,1,0,1035,0,0
41988,1,0,2364,0,0
41989,1,0,5713,0,0
41990,0,1,0,3165,0
41991,0,2,0,45756,0
41992,0,1,0,6942,0
41993,0,2,0,885,0
41994,0,1,0,599,0
41995,0,1,0,7616,0
41996,0,1,0,2733,0
41997,0,1,0,307099,0
41998,1,0,147,0,0
41999,1,0,9066,0,0
42000,0,5,0,4393,0
42001,1,0,865,0,0
42002,1,0,472,0,0
42003,0,1,0,1290,0
42004,0,1,0,1818,0
42005,0,1,0,12649,0
42006,1,5,1723,224655,0
42007,1,6,4433,42879,0
42008,1,0,219,0,0
42009,1,0,1663,0,0
42010,1,0,534,0,0
42011,2,0,45732,0,0
42012,3,0,11177,0,0
42013,0,2,0,10071,0
42014,2,0,22837,0,0
42015,1,0,15264,0,0
42016,1,0,1724,0,0
42017,0,1,0,7433,0
42018,0,1,0,2722,0
42019,0,1,0,216,0
42020,0,1,0,7469,0
42021,0,7,0,530306,0
42022,1,0,16,0,0
42023,1,0,2237,0,0
42024,1,1,827,7488,0
42025,0,1,0,146268,0
42026,0,1,0,547,0
42027,0,1,0,15726,0
42028,0,1,0,32815,0
42029,0,7,0,70666,0
42030,1,0,2527,0,0
42031,1,1,1352,5579,0
42032,5,0,14103,0,0
42033,0,1,0,102,0
42034,0,1,0,158,0
42035,0,2,0,1068,0
42036,0,1,0,6001,0
42037,0,2,0,5296,0
42038,3,1,195869,19,0
42039,0,3,0,15249,0
42040,2,1,119869,6014,0
42041,0,3,0,74790,0
42042,1,0,56752,0,0
42043,0,1,0,339,0
42044,0,2,0,234547,0
42045,0,1,0,41757,0
42046,0,1,0,83168,0
42047,0,1,0,181,0
42048,0,1,0,73390,0
42049,0,1,0,15237,0
42050,0,1,0,5283,0
42051,0,1,0,135,0
42052,0,1,0,14231,0
42053,0,1,0,254,0
42054,0,2,0,231930,0
42055,0,1,0,1967,0
42056,0,1,0,1461,0
42057,0,1,0,709,0
42058,0,1,0,14850,0
42059,0,1,0,2280,0
42060,0,1,0,115623,0
42061,0,1,0,125,0
42062,6,3,44818,57508,0
42063,1,2,39,38178,0
42064,0,1,0,39,0
42065,6,0,12831,0,0
42066,1,0,89,0,0
42067,1,0,38347,0,0
42068,1,0,8362,0,0
42069,1,0,24465,0,0
42070,0,2,0,28418,0
42071,0,1,0,25,0
42072,0,2,0,1155,0
42073,0,1,0,8179,0
42074,0,2,0,158642,0
42075,1,0,157859,0,0
42076,0,1,0,9297,0
42077,0,1,0,117,0
42078,0,1,0,18725,0
42079,0,1,0,908,0
42080,0,1,0,5174,0
42081,1,2,1440,7168,0
42082,0,3,0,4283,0
42083,1,0,4065,0,0
42084,6,2,7801,1843,0
42085,1,0,80,0,0
42086,0,3,0,21713,0
42087,1,0,10420,0,0
42088,1,0,10148,0,0
42089,0,1,0,3312,0
42090,0,1,0,1147,0
42091,0,1,0,267,0
42092,0,1,0,8517,0
42093,0,1,0,6100,0
42094,0,1,0,11557,0
42095,0,1,0,5435,0
42096,0,1,0,375,0
42097,0,1,0,3546,0
42098,0,1,0,1033,0
42099,0,1,0,32553,0
42100,0,1,0,351093,0
42101,0,1,0,534,0
42102,0,1,0,688,0
42103,0,1,0,68932,0
42104,0,1,0,354,0
42105,0,1,0,13070,0
42106,0,1,0,4907,0
42107,0,1,0,253441,0
42108,0,1,0,16647,0
42109,0,1,0,8,0
42110,0,1,0,74385,0
42111,0,1,0,6,0
42112,0,1,0,1071,0
42113,0,1,0,5401,0
42114,0,1,0,112,0
42115,0,1,0,89,0
42116,0,1,0,23124,0
42117,0,1,0,5715,0
42118,0,1,0,975,0
42119,0,1,0,92427,0
42120,1,2,230,74836,0
42121,0,1,0,3261,0
42122,0,1,0,25146,0
42123,0,3,0,278066,0
42124,1,0,38,0,0
42125,1,3,519,12993,0
42126,1,0,11885,0,0
42127,0,3,0,1812,0
42128,1,0,1235,0,0
42129,1,2,79350,55526,0
42130,3,0,67466,0,0
42131,0,1,0,4159,0
42132,0,1,0,11673,0
42133,0,1,0,739,0
42134,0,1,0,465,0
42135,0,1,0,84330,0
42136,0,1,0,916,0
42137,0,2,0,16649,0
42138,2,0,344959,0,0
42139,0,1,0,37,0
42140,0,1,0,1205,0
42141,0,1,0,394,0
42142,0,1,0,21,0
42143,0,1,0,128119,0
42144,0,1,0,19431,0
42145,0,1,0,2740,0
42146,0,1,0,9,0
42147,0,1,0,79,0
42148,0,1,0,462,0
42149,0,1,0,424,0
42150,0,1,0,721,0
42151,0,1,0,15182,0
42152,0,1,0,6051,0
42153,0,1,0,1596,0
42154,0,1,0,1440,0
42155,0,1,0,828,0
42156,0,1,0,6502,0
42157,0,1,0,14551,0
42158,0,1,0,245,0
42159,0,1,0,225569,0
42160,0,1,0,139738,0
42161,0,1,0,213,0
42162,0,1,0,179,0
42163,0,1,0,105,0
42164,0,1,0,3210,0
42165,0,1,0,5413,0
42166,0,1,0,2693,0
42167,0,1,0,151,0
42168,0,1,0,2180539,0
42169,0,1,0,4248,0
42170,0,2,0,372353,0
42171,0,1,0,15124,0
42172,0,1,0,49065,0
42173,0,1,0,717,0
42174,0,1,0,3246,0
42175,11,4,177995,14389,0
42176,1,0,9832,0,0
42177,1,0,412,0,0
42178,0,1,0,38780,0
42179,0,1,0,28164,0
42180,4,2,50566,9392,0
42181,1,0,3922,0,0
42182,0,1,0,894,0
42183,0,1,0,2394,0
42184,0,1,0,269,0
42185,0,1,0,313,0
42186,0,1,0,91713,0
42187,0,1,0,512,0
42188,0,2,0,3768,0
42189,0,2,0,11259,0
42190,0,1,0,17868,0
42191,1,5,282,24418,0
42192,0,1,0,37,0
42193,1,1,233,2145,0
42194,1,0,284,0,0
42195,1,0,298,0,0
42196,0,1,0,342,0
42197,0,1,0,51,0
42198,1,4,2006,208433,0
42199,2,0,22379,0,0
42200,1,0,297,0,0
42201,1,0,312,0,0
42202,0,1,0,1249,0
42203,0,1,0,1381,0
42204,0,1,0,2341,0
42205,0,1,0,7558,0
42206,0,1,0,121231,0
42207,0,1,0,401,0
42208,0,1,0,12046,0
42209,0,1,0,32,0
42210,0,1,0,468,0
42211,0,1,0,23,0
42212,0,1,0,51,0
42213,0,1,0,13244,0
42214,0,1,0,691,0
42215,0,1,0,4676,0
42216,0,1,0,740,0
42217,0,1,0,1150,0
42218,0,1,0,324,0
42219,0,1,0,203,0
42220,0,1,0,334,0
42221,0,1,0,7072,0
42222,0,1,0,6900,0
42223,0,1,0,1287,0
42224,0,1,0,1079,0
42225,0,1,0,685,0
42226,0,1,0,262,0
42227,0,1,0,32,0
42228,0,1,0,1220,0
42229,0,1,0,1131,0
42230,0,1,0,1262430,0
42231,0,1,0,4432,0
42232,0,1,0,777,0
42233,0,1,0,63606,0
42234,0,1,0,15630,0
42235,0,2,0,10239,0
42236,0,1,0,2006,0
42237,1,2,759,25712,0
42238,2,0,16931,0,0
42239,0,1,0,759,0
42240,3,7,3576,235488,0
42241,1,0,184246,0,0
42242,0,5,0,17411,0
42243,0,1,0,174,0
42244,0,1,0,2631,0
42245,1,1,708,31,0
42246,0,1,0,25422,0
42247,0,1,0,21,0
42248,0,1,0,264,0
42249,0,1,0,516,0
42250,0,1,0,13199,0
42251,0,1,0,12093,0
42252,0,1,0,1689,0
42253,1,0,921,0,0
42254,1,1,201,390,0
42255,1,0,1349,0,0
42256,0,2,0,152606,0
42257,1,6,151580,29728,0
42258,0,1,0,2469,0
42259,2,2,5545,22836,0
42260,3,0,29383,0,0
42261,0,1,0,4343,0
42262,0,2,0,2993,0
42263,1,0,1791,0,0
42264,0,1,0,213,0
42265,4,10,45152,718019,0
42266,1,0,3996,0,0
42267,1,0,126,0,0
42268,1,0,1349,0,0
42269,1,0,334,0,0
42270,1,1,81174,1330,0
42271,1,0,1041,0,0
42272,1,1,8668,8398,0
42273,2,0,6174,0,0
42274,0,2,0,5126,0
42275,3,2,86768,929,0
42276,0,2,0,113205,0
42277,1,2,188,5191,0
42278,0,1,0,123,0
42279,0,1,0,478,0
42280,0,1,0,2096,0
42281,0,2,0,29500,0
42282,0,1,0,312183,0
42283,0,1,0,1343,0
42284,0,1,0,2742,0
42285,0,1,0,143,0
42286,0,1,0,8963,0
42287,0,1,0,30576,0
42288,0,1,0,21665,0
42289,0,1,0,578,0
42290,1,1,2782,4699,0
42291,1,1,21,34,0
42292,1,3,4174,19795,0
42293,1,0,826,0,0
42294,0,1,0,4174,0
42295,0,10,0,51594,0
42296,1,0,105,0,0
42297,1,1,5071,76,0
42298,1,2,57,2328,0
42299,0,2,0,1856,0
42300,0,1,0,210,0
42301,0,1,0,7941,0
42302,0,1,0,159803,0
42303,0,1,0,1603,0
42304,0,1,0,3567,0
42305,0,1,0,609,0
42306,0,1,0,174,0
42307,1,1,24356,26,0
42308,0,2,0,49804,0
42309,0,1,0,160,0
42310,0,3,0,30351,0
42311,0,2,0,125303,0
42312,1,7,17828,14045,0
42313,0,2,0,379143,0
42314,1,0,4,0,0
42315,1,0,9824,0,0
42316,3,4,49436,18550,0
42317,1,0,1080,0,0
42318,1,0,16713,0,0
42319,1,2,14781,25046,0
42320,1,1,19511,624,0
42321,1,0,110,0,0
42322,1,0,4380,0,0
42323,0,2,0,177,0
42324,0,1,0,46471,0
42325,0,1,0,1753,0
42326,0,1,0,14781,0
42327,0,1,0,558,0
42328,0,1,0,220,0
42329,0,1,0,111,0
42330,0,1,0,193,0
42331,0,1,0,57,0
42332,0,1,0,6927,0
42333,0,1,0,421,0
42334,0,1,0,11,0
42335,0,1,0,59,0
42336,0,1,0,1565,0
42337,0,1,0,13964,0
42338,0,1,0,27063,0
42339,0,1,0,800,0
42340,0,1,0,5114,0
42341,0,2,0,124095,0
42342,0,1,0,546,0
42343,0,1,0,5700,0
42344,0,1,0,16372,0
42345,0,1,0,7328,0
42346,0,1,0,582,0
42347,0,1,0,40,0
42348,0,1,0,10321,0
42349,0,1,0,7405,0
42350,0,1,0,18,0
42351,0,1,0,613,0
42352,0,1,0,2353,0
42353,0,1,0,5209,0
42354,0,1,0,2629,0
42355,0,5,0,136014,0
42356,1,1,66053,7978,0
42357,1,1,6799,8248,0
42358,0,1,0,9890,0
42359,2,0,2071,0,0
42360,2,0,2930,0,0
42361,1,0,4236,0,0
42362,1,0,70172,0,0
42363,0,1,0,162466,0
42364,1,0,155,0,0
42365,0,1,0,2349,0
42366,0,1,0,566,0
42367,0,1,0,606,0
42368,0,2,0,2036380,0
42369,0,1,0,2559,0
42370,1,1,576,2,0
42371,0,1,0,86,0
42372,0,1,0,984,0
42373,0,1,0,2606,0
42374,0,3,0,3615,0
42375,1,0,2882,0,0
42376,1,0,408,0,0
42377,0,1,0,41943,0
42378,0,1,0,47440,0
42379,0,1,0,1529,0
42380,0,1,0,14,0
42381,1,0,4869,0,0
42382,1,2,66,2414,0
42383,0,2,0,215,0
42384,5,1,513315,3563,0
42385,0,1,0,15425,0
42386,0,1,0,428,0
42387,0,1,0,28013,0
42388,0,1,0,469309,0
42389,5,4,21502,2205,0
42390,1,0,231,0,0
42391,1,0,764,0,0
42392,1,0,1105,0,0
42393,0,1,0,124,0
42394,0,1,0,15365,0
42395,0,1,0,742,0
42396,0,1,0,4190,0
42397,0,1,0,2256,0
42398,0,1,0,284,0
42399,0,1,0,63,0
42400,0,1,0,558,0
42401,0,1,0,11416,0
42402,0,1,0,37182,0
42403,0,1,0,8,0
42404,0,1,0,6779,0
42405,0,1,0,1055,0
42406,0,1,0,693,0
42407,0,1,0,63,0
42408,0,1,0,576,0
42409,0,1,0,46677,0
42410,0,1,0,1334,0
42411,0,1,0,690,0
42412,0,1,0,14207,0
42413,0,1,0,16746,0
42414,0,1,0,1526,0
42415,0,1,0,21169,0
42416,0,1,0,8026,0
42417,0,2,0,372890,0
42418,3,2,66235,1723,0
42419,4,3,1887,6535,0
42420,0,1,0,1910,0
42421,0,1,0,24105,0
42422,1,1,1065,2009,0
42423,0,1,0,66,0
42424,0,2,0,14804,0
42425,0,2,0,75366,0
42426,0,1,0,20,0
42427,0,1,0,1051,0
42428,0,1,0,9449,0
42429,0,1,0,354,0
42430,0,2,0,4832,0
42431,1,7,1991,24722,0
42432,0,1,0,43,0
42433,0,1,0,5199,0
42434,0,1,0,404,0
42435,0,1,0,46027,0
42436,1,1,105620,64,0
42437,0,1,0,40,0
42438,0,2,0,5546,0
42439,1,0,2811,0,0
42440,0,2,0,68678,0
42441,4,3,86771,16049,0
42442,0,1,0,79681,0
42443,0,1,0,35546,0
42444,0,1,0,89579,0
42445,0,2,0,2212,0
42446,2,0,66749,0,1
42447,1,4,304,977188,0
42448,1,2,25337,700056,0
42449,0,1,0,304,0
42450,2,1,57812,4292,0
42451,0,1,0,43,0
42452,0,1,0,444,0
42453,0,1,0,1951,0
42454,0,1,0,19921,0
42455,0,1,0,990,0
42456,0,1,0,121,0
42457,0,1,0,24357,0
42458,0,1,0,115,0
42459,0,1,0,533,0
42460,0,1,0,1706,0
42461,0,1,0,229,0
42462,0,1,0,21316,0
42463,0,2,0,114,0
42464,0,1,0,2214,0
42465,0,1,0,62209,0
42466,0,1,0,540,0
42467,9,1,475731,833,0
42468,1,0,432,0,0
42469,0,1,0,1907,0
42470,0,1,0,908,0
42471,0,1,0,22,0
42472,1,1,99147,757,0
42473,0,1,0,39703,0
42474,0,1,0,318,0
42475,0,1,0,34,0
42476,0,1,0,1408,0
42477,0,1,0,66811,0
42478,0,1,0,3342,0
42479,0,1,0,105,0
42480,0,1,0,1119,0
42481,0,1,0,10467,0
42482,0,4,0,136763,0
42483,1,0,13,0,0
42484,2,0,134911,0,0
42485,1,0,1459,0,0
42486,2,0,13217,0,0
42487,0,4,0,59912,0
42488,1,0,6925,0,0
42489,0,4,0,27318,0
42490,1,0,25219,0,0
42491,1,0,1045,0,0
42492,1,2,55904,8157,0
42493,0,1,0,55904,0
42494,0,2,0,55194,0
42495,2,0,38826,0,0
42496,0,7,0,126607,0
42497,1,0,1079,0,0
42498,1,0,117066,0,0
42499,1,0,6180,0,0
42500,2,1,104715,3217,0
42501,1,0,87,0,0
42502,1,0,51767,0,0
42503,0,1,0,475,0
42504,0,1,0,321,0
42505,0,1,0,1406,0
42506,0,1,0,4919,0
42507,1,2,264,11658,0
42508,0,1,0,6985,0
42509,0,1,0,5660,0
42510,0,1,0,438,0
42511,0,1,0,3441,0
42512,0,1,0,2114,0
42513,0,1,0,34,0
42514,0,1,0,704,0
42515,0,1,0,662,0
42516,0,1,0,162927,0
42517,0,1,0,135,0
42518,0,1,0,2096,0
42519,0,1,0,1105,0
42520,0,1,0,115311,0
42521,0,1,0,24694,0
42522,0,1,0,8077,0
42523,0,1,0,2411,0
42524,0,1,0,1627,0
42525,0,1,0,10,0
42526,0,1,0,38,0
42527,0,1,0,22060,0
42528,0,1,0,386,0
42529,0,1,0,12181,0
42530,0,1,0,187,0
42531,0,1,0,180,0
42532,0,2,0,4519,0
42533,1,0,1751,0,0
42534,1,1,57407,13272,0
42535,7,3,2007692,251583,0
42536,6,0,127335,0,0
42537,1,0,3271,0,0
42538,1,0,60071,0,0
42539,1,0,188241,0,0
42540,0,1,0,14788,0
42541,0,1,0,17153,0
42542,0,2,0,3606,0
42543,0,1,0,42742,0
42544,0,1,0,37010,0
42545,0,1,0,4071,0
42546,0,1,0,130015,0
42547,0,1,0,1862935,0
42548,0,1,0,6319,0
42549,0,1,0,91,0
42550,0,1,0,452,0
42551,0,1,0,184,0
42552,0,1,0,28,0
42553,0,1,0,80,0
42554,0,1,0,43888,0
42555,0,1,0,3218,0
42556,0,1,0,693,0
42557,0,1,0,216,0
42558,0,1,0,1527,0
42559,0,1,0,3203,0
42560,0,1,0,7666,0
42561,0,1,0,28,0
42562,0,1,0,1186,0
42563,0,1,0,2315,0
42564,1,0,2260,0,0
42565,1,0,874,0,0
42566,1,0,889262,0,0
42567,0,1,0,6446,0
42568,0,1,0,4713,0
42569,0,1,0,12,0
42570,0,1,0,23297,0
42571,0,2,0,13781,0
42572,1,0,1447,0,0
42573,1,2,1040,2630,0
42574,3,1,5818,78,0
42575,0,2,0,617,0
42576,0,2,0,10053,0
42577,0,1,0,1539,0
42578,0,1,0,7589,0
42579,0,2,0,86257,0
42580,0,2,0,10703,0
42581,0,2,0,1623,0
42582,0,1,0,14417,0
42583,0,2,0,25012,0
42584,0,1,0,34355,0
42585,0,1,0,190,0
42586,0,3,0,186145,0
42587,1,0,16240,0,0
42588,0,2,0,5404,0
42589,1,3,82,32996,0
42590,1,3,84,21368,0
42591,0,2,0,7173,0
42592,0,3,0,110598,0
42593,2,0,357369,0,0
42594,6,1,85156,352149,0
42595,0,1,0,7825,0
42596,0,1,0,691,0
42597,0,1,0,3,0
42598,0,1,0,74810,0
42599,0,1,0,308,0
42600,0,1,0,1519,0
42601,2,4,96337,124163,0
42602,1,1,83403,19317,0
42603,1,0,21382,0,0
42604,1,0,704,0,0
42605,0,1,0,7735,0
42606,1,4,19317,40467,0
42607,0,1,0,1666,0
42608,0,1,0,94671,0
42609,1,0,34112,0,0
42610,1,0,327,0,0
42611,1,0,4568,0,0
42612,2,0,1595,0,0
42613,2,2,11567,2032,0
42614,0,3,0,11110,0
42615,1,0,10825,0,0
42616,1,2,1522,12224,0
42617,0,1,0,11537,0
42618,0,1,0,255,0
42619,0,1,0,204,0
42620,0,1,0,127,0
42621,2,0,2152,0,0
42622,0,1,0,659,0
42623,0,2,0,94872,0
42624,0,1,0,13732,0
42625,1,4,1792,12132,0
42626,1,0,143,0,0
42627,1,0,9500,0,0
42628,1,2,17448,6428,0
42629,1,0,5043,0,0
42630,0,1,0,51109,0
42631,0,1,0,11839,0
42632,0,1,0,1792,0
42633,0,2,0,477,0
42634,0,1,0,1380,0
42635,0,1,0,8977,0
42636,1,0,39,0,0
42637,1,6,213,37617,0
42638,1,0,2322,0,0
42639,1,1,1259,213,0
42640,1,0,24,0,0
42641,0,2,0,5094,0
42642,3,4,220117,213619,0
42643,0,1,0,7343,0
42644,1,0,1986,0,0
42645,0,1,0,24041,0
42646,0,1,0,157,0
42647,2,0,6904,0,0
42648,0,1,0,434,0
42649,0,1,0,15518,0
42650,1,0,3980,0,0
42651,1,0,23999,0,0
42652,14,5,39059,30787,0
42653,1,1,9,5075,0
42654,0,1,0,808,0
42655,0,1,0,67330,0
42656,0,1,0,51580,0
42657,0,1,0,2325,0
42658,0,1,0,1090,0
42659,0,1,0,60664,0
42660,0,1,0,22348,0
42661,0,4,0,151029,0
42662,1,0,1566,0,0
42663,0,1,0,19880,0
42664,0,1,0,386,0
42665,0,1,0,141,0
42666,0,1,0,110,0
42667,0,1,0,957,0
42668,2,4,10881,66359,0
42669,5,1,242744,90961,1
42670,0,2,0,20405,0
42671,0,1,0,382,0
42672,0,1,0,124243,0
42673,1,1,57341,171,0
42674,0,2,0,25572,0
42675,1,0,24179,0,0
42676,0,2,0,91,0
42677,1,0,22,0,0
42678,1,1,1022,303,0
42679,1,1,868,287,0
42680,1,1,8080,59,0
42681,0,2,0,47609,0
42682,1,0,1724,0,0
42683,0,1,0,6553,0
42684,2,1,31224,16237,0
42685,1,1,22711,146297,0
42686,1,4,1102,672,0
42687,1,0,124,0,0
42688,1,0,46,0,0
42689,1,0,401,0,0
42690,1,1,3703175,18,0
42691,0,1,0,15039,0
42692,1,4,7965,12400,0
42693,2,0,190,0,0
42694,0,1,0,70509,0
42695,0,1,0,70441,0
42696,0,1,0,12078,0
42697,0,1,0,2481,0
42698,0,1,0,533,0
42699,0,1,0,271,0
42700,0,1,0,163,0
42701,0,1,0,2521,0
42702,0,1,0,71693,0
42703,0,1,0,3140,0
42704,1,0,2317,0,0
42705,1,0,235,0,0
42706,1,0,15554,0,0
42707,2,3,10802,79192,0
42708,1,0,8688,0,0
42709,1,0,70500,0,0
42710,0,2,0,101038,0
42711,0,1,0,22,0
42712,0,2,0,85529,0
42713,0,1,0,1296,0
42714,0,1,0,2472,0
42715,0,1,0,172,0
42716,1,0,989,0,0
42717,3,5,225203,211239,0
42718,5,4,24423,23263,0
42719,1,2,1085,379,0
42720,4,3,124891,20365,0
42721,1,5,3134,20014,0
42722,7,8,122468,237244,0
42723,1,0,1326,0,0
42724,1,0,141,0,0
42725,2,2,1395,156,0
42726,1,0,422,0,0
42727,1,1,209197,7358,0
42728,2,1,20523,110909,0
42729,2,5,10961,4977,0
42730,5,5,3966,16316,0
42731,1,0,759,0,0
42732,1,0,1298,0,0
42733,1,0,611,0,0
42734,2,3,23902,91035,0
42735,2,0,20329,0,0
42736,2,3,3434,25372,0
42737,1,0,6737,0,0
42738,0,4,0,7753,0
42739,2,0,6820,0,0
42740,3,3,3991,70167,0
42741,2,0,17234,0,0
42742,1,0,2091,0,0
42743,2,7,5810,48794,0
42744,0,1,0,4529,0
42745,0,4,0,21391,0
42746,1,0,434,0,0
42747,0,2,0,3822,0
42748,0,2,0,86063,0
42749,0,3,0,560359,0
42750,1,0,93,0,0
42751,1,1,34878,5462,0
42752,0,1,0,8712,0
42753,0,1,0,24875,0
42754,0,1,0,20,0
42755,0,1,0,139,0
42756,3,2,2033,10084,0
42757,2,4,4393,3596,0
42758,1,7,69,11718,0
42759,1,0,669,0,0
42760,1,0,759,0,0
42761,1,0,1284,0,0
42762,1,0,1510,0,0
42763,1,0,1175,0,0
42764,2,1,4059,69,0
42765,0,1,0,1885,0
42766,6,4,27919,73732,0
42767,2,2,98753,58041,1
42768,1,0,1787,0,0
42769,1,0,412,0,0
42770,1,0,98000,0,0
42771,1,0,317,0,0
42772,1,0,4758,0,0
42773,1,0,19909,0,0
42774,0,2,0,105896,0
42775,9,3,105122,16458,0
42776,3,11,87296,82698,0
42777,1,2,10648,3304,0
42778,1,1,718,1790,0
42779,1,2,5036,5973,0
42780,0,1,0,5036,0
42781,4,11,287796,169689,0
42782,1,0,909,0,0
42783,1,0,18969,0,0
42784,1,1,606,7,0
42785,0,1,0,2731,0
42786,0,1,0,245722,0
42787,0,1,0,147,0
42788,2,1,412,16,0
42789,0,1,0,39196,0
42790,0,1,0,32949,0
42791,2,0,2088,0,0
42792,0,2,0,76160,0
42793,0,3,0,10913,0
42794,1,0,2648,0,0
42795,0,1,0,1033,0
42796,1,0,94,0,0
42797,1,0,97327,0,0
42798,0,2,0,29395,0
42799,0,2,0,16589,0
42800,0,1,0,5661,0
42801,0,1,0,109,0
42802,1,2,4788,59574,0
42803,0,1,0,7481,0
42804,0,2,0,37028,0
42805,1,0,2386,0,0
42806,0,2,0,4449,0
42807,0,2,0,11037,0
42808,0,1,0,41,0
42809,0,1,0,9186,0
42810,0,1,0,934,0
42811,0,1,0,1451,0
42812,0,2,0,2958,0
42813,0,1,0,87,0
42814,0,2,0,33651,0
42815,0,1,0,2655,0
42816,0,2,0,1454,0
42817,1,1,784,163,0
42818,0,2,0,4334,0
42819,0,1,0,365,0
42820,0,1,0,28196,0
42821,0,2,0,62661,0
42822,0,2,0,14986,0
42823,0,1,0,166,0
42824,1,1,16,48955,0
42825,0,1,0,35,0
42826,1,2,1848,1553,0
42827,1,0,1263,0,0
42828,0,1,0,279,0
42829,0,1,0,8752,0
42830,0,1,0,1143,0
42831,0,1,0,82,0
42832,0,1,0,146,0
42833,0,1,0,71,0
42834,0,1,0,281447,0
42835,0,1,0,7,0
42836,0,1,0,3771,0
42837,0,1,0,1725,0
42838,0,1,0,11801,0
42839,0,1,0,2371,0
42840,0,5,0,22119,0
42841,1,0,2067,0,0
42842,1,0,659,0,0
42843,0,1,0,63,0
42844,0,7,0,96193,0
42845,2,0,86143,0,0
42846,1,0,2198,0,0
42847,1,0,21319,0,0
42848,1,0,115,0,0
42849,0,5,0,20332,0
42850,1,0,608,0,0
42851,0,4,0,49977,0
42852,1,0,6196,0,0
42853,1,0,392,0,0
42854,1,0,57,0,0
42855,1,0,18,0,0
42856,5,1,26278,3987,0
42857,1,0,853,0,0
42858,1,1,376,1724,0
42859,1,1,3827,9766,0
42860,1,0,18100,0,0
42861,0,2,0,1824,0
42862,4,0,23033,0,0
42863,0,3,0,80314,0
42864,1,0,2315,0,0
42865,0,3,0,145202,0
42866,1,0,32372,0,0
42867,0,1,0,93,0
42868,0,2,0,1259,0
42869,0,2,0,1199,0
42870,0,2,0,363,0
42871,0,1,0,252,0
42872,0,3,0,1627,0
42873,1,0,185,0,0
42874,0,1,0,67,0
42875,1,3,284,45453,0
42876,1,1,39359,284,0
42877,0,1,0,2327,0
42878,0,2,0,46317,0
42879,0,1,0,6644,0
42880,0,1,0,47210,0
42881,0,3,0,118020,0
42882,2,0,1341,0,0
42883,1,0,114877,0,0
42884,0,1,0,8488,0
42885,3,4,8504,55497,0
42886,1,0,703,0,0
42887,2,0,150036,0,0
42888,2,0,1038,0,0
42889,1,0,9375,0,0
42890,1,0,6,0,0
42891,1,0,297,0,0
42892,1,0,197,0,0
42893,1,0,1272,0,0
42894,1,0,3934,0,0
42895,1,0,111,0,0
42896,1,0,49355,0,0
42897,1,0,29428,0,0
42898,1,0,37,0,0
42899,5,0,2798,0,0
42900,2,0,4623,0,0
42901,0,2,0,1567,0
42902,0,1,0,283,0
42903,0,3,0,74658,0
42904,0,1,0,255,0
42905,0,1,0,1829,0
42906,0,1,0,21,0
42907,0,1,0,529,0
42908,0,1,0,1015,0
42909,1,14,5961,195672,0
42910,1,0,6518,0,0
42911,1,0,643,0,0
42912,1,0,2787,0,0
42913,1,0,81,0,0
42914,1,0,1988,0,0
42915,1,0,1420,0,0
42916,1,0,34680,0,0
42917,1,0,79258,0,0
42918,0,1,0,59,0
42919,0,2,0,24259,0
42920,2,0,16953,0,0
42921,0,2,0,4381,0
42922,2,0,12456,0,0
42923,0,2,0,16458,0
42924,0,1,0,3386,0
42925,0,2,0,312,0
42926,0,1,0,569,0
42927,0,1,0,3069,0
42928,0,2,0,2030,0
42929,3,0,77315,0,0
42930,0,2,0,60217,0
42931,0,1,0,758,0
42932,0,1,0,0,0
42933,0,2,0,185751,0
42934,2,2,186947,347,0
42935,0,1,0,28711,0
42936,0,1,0,48278,0
42937,1,3,212,19151,0
42938,0,1,0,0,0
42939,0,1,0,13,0
42940,0,2,0,1962,0
42941,1,0,1076,0,0
42942,1,0,14,0,0
42943,1,0,1310,0,0
42944,1,0,381,0,0
42945,1,0,10287,0,0
42946,0,2,0,1208,0
42947,1,1,777,11913,0
42948,0,1,0,905,0
42949,0,2,0,7291,0
42950,0,1,0,18425,0
42951,0,1,0,221,0
42952,0,1,0,360,0
42953,0,1,0,46612,0
42954,1,0,5915,0,0
42955,2,0,948,0,0
42956,0,2,0,73220,0
42957,1,1,190,3281,0
42958,0,1,0,17619,0
42959,0,1,0,314,0
42960,0,1,0,938,0
42961,0,1,0,223,0
42962,0,1,0,3138,0
42963,1,1,17,199237,0
42964,0,1,0,13201,0
42965,0,1,0,951,0
42966,0,1,0,3397,0
42967,0,1,0,3046,0
42968,0,1,0,43348,0
42969,0,1,0,6,0
42970,0,2,0,32753,0
42971,0,5,0,194353,0
42972,1,0,9908,0,0
42973,1,0,1517,0,0
42974,0,1,0,2196,0
42975,0,1,0,20130,0
42976,0,1,0,2934,0
42977,0,1,0,330,0
42978,1,0,1773,0,0
42979,1,0,709,0,0
42980,1,0,231,0,0
42981,1,0,361,0,0
42982,0,1,0,3341,0
42983,1,0,2148,0,0
42984,1,0,74,0,0
42985,0,1,0,22,0
42986,0,1,0,3111,0
42987,1,2,3,3358,0
42988,1,0,2648,0,0
42989,0,2,0,3119,0
42990,0,2,0,6827,0
42991,2,4,16504,116318,0
42992,1,1,6178,301,0
42993,1,2,10001,97634,0
42994,3,3,1333285,1273,0
42995,1,1,855,674,0
42996,0,2,0,1333209,0
42997,0,2,0,5931,0
42998,0,1,0,132,0
42999,0,1,0,5728,0
43000,0,1,0,1553,0
43001,0,1,0,94,0
43002,0,1,0,5659,0
43003,0,2,0,1415,0
43004,0,2,0,4615,0
43005,1,5,104,35717,0
43006,0,1,0,3120,0
43007,0,1,0,617,0
43008,0,1,0,64,0
43009,0,1,0,6567,0
43010,1,0,292,0,0
43011,1,0,2690,0,0
43012,1,0,845,0,0
43013,1,0,128413,0,0
43014,1,0,6327,0,0
43015,1,1,4324,73,0
43016,1,0,11,0,0
43017,1,0,1366,0,0
43018,1,1,269,25717,0
43019,1,0,939,0,0
43020,0,6,0,101998,0
43021,1,0,61,0,0
43022,1,0,39562,0,0
43023,1,0,190,0,0
43024,1,0,58406,0,0
43025,0,1,0,4207,0
43026,0,1,0,15195,0
43027,0,7,0,82765,0
43028,1,0,541,0,0
43029,1,0,1041,0,0
43030,1,0,3539,0,0
43031,2,4,43971,62964,0
43032,1,0,5409,0,0
43033,1,0,397,0,0
43034,1,0,403,0,0
43035,0,1,0,307,0
43036,0,2,0,57996,0
43037,0,1,0,301,0
43038,0,1,0,15,0
43039,0,1,0,225516,0
43040,0,1,0,36943,0
43041,0,1,0,6420,0
43042,0,1,0,533,0
43043,0,1,0,2288,0
43044,0,1,0,32,0
43045,0,1,0,125,0
43046,4,7,74041,99282,0
43047,1,0,31190,0,0
43048,1,0,263,0,0
43049,2,0,497,0,0
43050,0,2,0,7926,0
43051,0,1,0,2566,0
43052,0,1,0,312,0
43053,0,1,0,367,0
43054,0,1,0,337,0
43055,0,1,0,1002,0
43056,0,3,0,4560,0
43057,0,1,0,179009,0
43058,1,1,76,3968,0
43059,1,1,14614,10335,0
43060,0,1,0,1472,0
43061,0,1,0,10910,0
43062,0,1,0,134,0
43063,0,3,0,2546,0
43064,1,0,1955,0,0
43065,1,0,429,0,0
43066,1,3,380075,1537,0
43067,0,1,0,511,0
43068,1,0,59,0,0
43069,2,3,556,2011,0
43070,1,1,362,480,0
43071,1,0,870,0,0
43072,0,1,0,35998,0
43073,0,1,0,326,0
43074,0,1,0,520,0
43075,0,1,0,76,0
43076,1,2,92,34230,0
43077,0,2,0,24849,0
43078,0,1,0,671,0
43079,1,1,126,4872,0
43080,0,2,0,43,0
43081,1,1,4129,16991,0
43082,2,0,9351,0,0
43083,0,1,0,27,0
43084,0,1,0,57,0
43085,0,1,0,1332,0
43086,0,1,0,6269,0
43087,0,1,0,51742,0
43088,0,1,0,6609,0
43089,0,1,0,16667,0
43090,0,1,0,981,0
43091,0,2,0,984,0
43092,0,1,0,916,0
43093,0,1,0,125,0
43094,0,2,0,4480,0
43095,2,3,14263,4374,0
43096,1,9,21622,14647,0
43097,1,0,367,0,0
43098,1,0,358,0,0
43099,1,0,397,0,0
43100,1,0,143,0,0
43101,1,0,667,0,0
43102,1,0,440,0,0
43103,1,1,16213,63,0
43104,0,1,0,81,0
43105,0,1,0,1393,0
43106,0,1,0,2207,0
43107,0,1,0,156,0
43108,0,1,0,10072,0
43109,0,1,0,220,0
43110,2,1,114470,29,0
43111,0,1,0,936,0
43112,0,1,0,113534,0
43113,0,1,0,628,0
43114,0,1,0,16,0
43115,0,2,0,4478,0
43116,0,8,0,74643,0
43117,1,0,409,0,0
43118,1,0,31,0,0
43119,1,0,30662,0,0
43120,1,0,255,0,0
43121,1,0,20104,0,0
43122,1,0,3357,0,0
43123,0,1,0,5,0
43124,0,1,0,297,0
43125,0,1,0,551241,0
43126,0,1,0,9842978,0
43127,0,1,0,30695,0
43128,0,1,0,1399,0
43129,0,1,0,3640,0
43130,0,1,0,55902,0
43131,0,1,0,6985,0
43132,0,1,0,20569,0
43133,0,1,0,846,0
43134,0,1,0,1318,0
43135,0,2,0,6858,0
43136,0,1,0,1456,0
43137,0,1,0,6813,0
43138,0,1,0,199,0
43139,0,1,0,2318,0
43140,0,1,0,15450,0
43141,0,2,0,16294,0
43142,0,2,0,88142,0
43143,0,1,0,395,0
43144,0,1,0,432,0
43145,1,2,1,32873,0
43146,1,2,721,64398,0
43147,5,9,2385,4914953,0
43148,0,1,0,2330,0
43149,0,2,0,514,0
43150,1,1,17821,6904,0
43151,1,0,21901,0,0
43152,1,4,24,83927,0
43153,1,0,12007,0,0
43154,0,2,0,55,0
43155,1,4,31,579,0
43156,0,1,0,147473,0
43157,0,1,0,8,0
43158,0,1,0,59941,0
43159,0,1,0,384,0
43160,1,0,857,0,0
43161,1,0,393,0,0
43162,1,0,22134,0,0
43163,0,1,0,546,0
43164,0,1,0,3797,0
43165,0,1,0,153,0
43166,1,1,4935,2457443,0
43167,0,1,0,587,0
43168,0,1,0,5130,0
43169,0,1,0,1007,0
43170,0,1,0,76579,0
43171,0,2,0,8660,0
43172,0,1,0,250107,0
43173,0,1,0,18813,0
43174,0,1,0,34158,0
43175,0,1,0,5303,0
43176,0,1,0,61,0
43177,0,1,0,76,0
43178,0,1,0,8013,0
43179,0,1,0,4242,0
43180,0,1,0,3345,0
43181,0,1,0,146,0
43182,0,1,0,313,0
43183,0,1,0,820,0
43184,0,1,0,412,0
43185,0,1,0,148,0
43186,0,1,0,407,0
43187,0,1,0,33,0
43188,0,1,0,59787138,0
43189,0,1,0,8480,0
43190,0,1,0,23,0
43191,0,1,0,23701,0
43192,0,1,0,2761,0
43193,0,1,0,1058,0
43194,0,1,0,2437,0
43195,1,1,769,503659,0
43196,1,0,69,0,0
43197,0,1,0,159,0
43198,0,1,0,256,0
43199,0,1,0,83,0
43200,0,2,0,70855,0
43201,3,0,2043,0,0
43202,2,0,68529,0,0
43203,1,0,1340,0,0
43204,0,1,0,4503,0
43205,0,1,0,2,0
43206,3,3,29862,732,0
43207,1,0,89,0,0
43208,0,1,0,27049,0
43209,0,1,0,4828,0
43210,0,1,0,21344,0
43211,0,1,0,3690,0
43212,1,1,1435,853,0
43213,0,12,0,40655,0
43214,2,0,2429,0,0
43215,1,0,208,0,0
43216,1,0,8188,0,0
43217,1,0,547,0,0
43218,1,0,3918,0,0
43219,0,1,0,804,0
43220,0,1,0,219,0
43221,1,1,2151,62,0
43222,5,3,70217,11138,0
43223,1,1,492,279,0
43224,2,0,466,0,0
43225,1,2,775,17673,0
43226,0,1,0,4119,0
43227,0,1,0,64154,0
43228,0,1,0,3534,0
43229,0,1,0,372,0
43230,0,1,0,1878,0
43231,0,1,0,775,0
43232,0,1,0,102,0
43233,1,0,2799,0,0
43234,0,1,0,58,0
43235,0,1,0,1821,0
43236,0,4,0,9187,0
43237,2,1,27172,7688,0
43238,1,2,850,82443,0
43239,0,1,0,310,0
43240,0,1,0,12019,0
43241,0,1,0,1038,0
43242,0,1,0,686,0
43243,0,1,0,231,0
43244,0,1,0,7455,0
43245,0,1,0,14,0
43246,1,1,695,444,0
43247,0,1,0,4328,0
43248,0,2,0,23179,0
43249,2,0,22122,0,0
43250,0,2,0,5562,0
43251,2,2,4401,80040,0
43252,1,2,162,3982,0
43253,0,1,0,1283,0
43254,0,1,0,359079,0
43255,0,1,0,43,0
43256,0,2,0,100,0
43257,1,4,88,7267,0
43258,0,1,0,18879,0
43259,0,1,0,782,0
43260,0,1,0,2109,0
43261,0,1,0,5517,0
43262,0,1,0,2003,0
43263,0,1,0,24845,0
43264,0,2,0,48903,0
43265,0,1,0,26,0
43266,0,1,0,252,0
43267,0,1,0,23,0
43268,0,1,0,491,0
43269,0,1,0,498,0
43270,0,1,0,104,0
43271,0,1,0,813,0
43272,8,0,13871,0,0
43273,1,0,322,0,0
43274,0,1,0,83,0
43275,0,1,0,35,0
43276,1,0,52,0,0
43277,2,0,1634,0,0
43278,1,0,5088,0,0
43279,1,0,95,0,0
43280,0,1,0,35507,0
43281,0,1,0,397,0
43282,0,1,0,125,0
43283,0,1,0,1250,0
43284,0,1,0,13500,0
43285,1,0,1039,0,0
43286,1,0,235,0,0
43287,1,0,337,0,0
43288,1,0,76926,0,0
43289,1,0,17440,0,0
43290,1,0,70,0,0
43291,2,0,2379,0,0
43292,0,1,0,625,0
43293,0,1,0,10531,0
43294,0,1,0,1714,0
43295,1,0,133,0,0
43296,1,0,4,0,0
43297,1,0,295,0,0
43298,1,0,18,0,0
43299,1,0,855,0,0
43300,0,2,0,5291,0
43301,0,2,0,1736,0
43302,0,2,0,1786,0
43303,1,1,888,429,0
43304,0,1,0,79876,0
43305,0,1,0,591,0
43306,0,1,0,102329,0
43307,1,0,69,0,0
43308,2,0,1494,0,0
43309,1,0,27309,0,0
43310,0,1,0,7120,0
43311,2,2,64458,663,0
43312,1,0,653,0,0
43313,0,1,0,32670,0
43314,0,1,0,31788,0
43315,0,1,0,1224,0
43316,0,1,0,2443,0
43317,0,1,0,2908,0
43318,1,1,101652,22460,0
43319,0,1,0,101652,0
43320,1,0,15994,0,0
43321,0,1,0,1004,0
43322,0,3,0,249351,0
43323,1,1,223765,111,0
43324,0,2,0,1107,0
43325,1,0,1102,0,0
43326,0,1,0,122,0
43327,0,1,0,168,0
43328,1,0,111,0,0
43329,0,3,0,1139090,0
43330,1,0,168,0,0
43331,1,0,39,0,0
43332,1,0,2358,0,0
43333,1,0,40749,0,0
43334,1,0,3333,0,0
43335,0,1,0,5510,0
43336,0,1,0,334,0
43337,0,3,0,12778,0
43338,0,2,0,4190,0
43339,0,1,0,180612,0
43340,0,1,0,1067,0
43341,0,1,0,240308,0
43342,0,1,0,20530,0
43343,0,1,0,3710,0
43344,0,1,0,19536,0
43345,0,1,0,13794,0
43346,0,1,0,5508,0
43347,0,1,0,182,0
43348,0,1,0,186545,0
43349,0,1,0,564,0
43350,0,3,0,18447,0
43351,1,0,17046,0,0
43352,0,3,0,73765,0
43353,2,0,194799,0,0
43354,0,1,0,16717,0
43355,0,1,0,21,0
43356,0,1,0,362,0
43357,0,1,0,199,0
43358,0,1,0,2894,0
43359,0,1,0,423,0
43360,0,1,0,70401,0
43361,6,7,316253,298807,0
43362,0,2,0,10422,0
43363,1,0,1780,0,0
43364,0,1,0,22796,0
43365,1,0,14518,0,0
43366,0,1,0,33312,0
43367,1,0,420,0,0
43368,2,3,65608,35085,0
43369,1,1,34458,259,0
43370,1,4,297,138567,0
43371,1,0,121683,0,0
43372,1,0,272,0,0
43373,1,0,16608,0,0
43374,0,1,0,65349,0
43375,0,1,0,11352,0
43376,0,1,0,1651,0
43377,0,1,0,246,0
43378,0,1,0,611,0
43379,0,1,0,32,0
43380,0,1,0,105571,0
43381,0,1,0,1356,0
43382,0,1,0,206,0
43383,0,1,0,379,0
43384,0,1,0,6478,0
43385,0,1,0,3594,0
43386,0,1,0,35158,0
43387,0,1,0,574,0
43388,0,1,0,0,0
43389,0,1,0,9813,0
43390,0,1,0,2681,0
43391,0,1,0,18,0
43392,0,2,0,19380,0
43393,0,1,0,4464,0
43394,2,7,1619,131420,0
43395,0,1,0,3165,0
43396,0,1,0,41804,0
43397,0,1,0,1051,0
43398,0,1,0,2093,0
43399,0,1,0,8928,0
43400,0,1,0,379,0
43401,0,1,0,214,0
43402,0,1,0,107,0
43403,0,1,0,1492,0
43404,0,1,0,3890,0
43405,1,2,16524,744,0
43406,0,1,0,401,0
43407,0,1,0,10835,0
43408,0,1,0,4529,0
43409,0,1,0,7300,0
43410,0,1,0,350,0
43411,0,1,0,3963,0
43412,0,1,0,65,0
43413,0,1,0,625006,0
43414,1,1,1865,713,0
43415,0,1,0,13516,0
43416,0,2,0,562,0
43417,0,1,0,17910,0
43418,0,1,0,314,0
43419,0,1,0,2637,0
43420,0,1,0,4252,0
43421,2,1,1301,414,0
43422,1,1,3189,43,0
43423,2,5,10253,16864,0
43424,1,0,10569,0,0
43425,1,0,2789,0,0
43426,1,1,292,7633,0
43427,0,1,0,5,0
43428,0,1,0,803,0
43429,0,1,0,498,0
43430,0,3,0,55262,0
43431,1,0,52015,0,0
43432,0,1,0,425,0
43433,0,1,0,85,0
43434,0,1,0,3710,0
43435,0,1,0,805,0
43436,0,2,0,47114,0
43437,0,1,0,72506,0
43438,0,1,0,1489,0
43439,0,1,0,1020,0
43440,0,1,0,1722,0
43441,0,1,0,18404,0
43442,0,1,0,1159,0
43443,0,1,0,9388,0
43444,0,1,0,459,0
43445,0,2,0,185056,0
43446,1,1,123293,353,0
43447,1,0,9860,0,0
43448,0,1,0,967563,0
43449,2,2,29949,133154,0
43450,3,4,401,1285420,0
43451,1,1,60211,547,0
43452,6,8,1295377,39440,0
43453,3,3,4484,1953,0
43454,1,0,4630,0,0
43455,0,4,0,151818,0
43456,1,0,23,0,0
43457,1,0,1744,0,0
43458,1,0,89840,0,0
43459,2,0,216,0,0
43460,1,0,2124,0,0
43461,1,0,1670,0,0
43462,1,0,1082,0,0
43463,1,3,120,450,0
43464,0,1,0,6107,0
43465,1,0,185,0,0
43466,0,1,0,7579,0
43467,0,1,0,3709,0
43468,1,0,26305,0,0
43469,1,0,15255,0,0
43470,2,1,10526,475,0
43471,0,1,0,214,0
43472,0,3,0,27136,0
43473,1,1,965,633,0
43474,0,3,0,3736,0
43475,1,0,570,0,0
43476,1,2,287,4094,0
43477,0,5,0,26976,0
43478,1,0,14158,0,0
43479,1,0,894,0,0
43480,1,0,11534,0,0
43481,1,0,35,0,0
43482,2,0,2062,0,0
43483,1,0,1102,0,0
43484,0,1,0,22188,0
43485,2,0,3452,0,0
43486,1,0,2037491,0,0
43487,1,0,176602,0,0
43488,1,0,2809,0,0
43489,0,2,0,8715,0
43490,0,2,0,97995,0
43491,0,2,0,41154137,0
43492,0,1,0,531,0
43493,0,1,0,205,0
43494,0,1,0,50132,0
43495,0,1,0,10,0
43496,0,1,0,318,0
43497,0,1,0,389,0
43498,0,1,0,1020886,0
43499,0,1,0,45,0
43500,0,1,0,14399,0
43501,0,1,0,1286,0
43502,0,1,0,122,0
43503,0,1,0,949,0
43504,0,2,0,5770,0
43505,0,1,0,88,0
43506,0,1,0,11800,0
43507,0,1,0,2193,0
43508,0,1,0,1033,0
43509,0,1,0,271216,0
43510,0,1,0,390,0
43511,0,1,0,6,0
43512,0,1,0,36498,0
43513,0,1,0,596,0
43514,0,1,0,2674,0
43515,0,1,0,1307,0
43516,0,1,0,625,0
43517,0,1,0,2220,0
43518,0,2,0,1746,0
43519,1,1,1610,42877,0
43520,2,3,10395,22306,0
43521,1,0,10159,0,0
43522,0,1,0,3900,0
43523,0,2,0,1486,0
43524,0,1,0,228,0
43525,1,0,84,0,0
43526,1,0,2362,0,0
43527,0,1,0,1461,0
43528,0,2,0,692241,0
43529,1,0,12250,0,0
43530,0,1,0,3890,0
43531,0,1,0,853,0
43532,1,0,11900,0,0
43533,1,0,47621,0,0
43534,1,0,2342,0,0
43535,1,0,11438,0,0
43536,1,0,12,0,0
43537,1,0,292,0,0
43538,1,0,25108,0,0
43539,1,0,7416,0,0
43540,1,0,2104,0,0
43541,1,0,1502,0,0
43542,1,0,2217,0,0
43543,1,0,95,0,0
43544,2,0,7240,0,0
43545,0,1,0,12654,0
43546,0,1,0,597,0
43547,0,1,0,1602,0
43548,0,1,0,138,0
43549,0,1,0,966,0
43550,0,1,0,6804,0
43551,0,1,0,73,0
43552,0,1,0,77,0
43553,0,2,0,1647,0
43554,0,1,0,1390,0
43555,0,1,0,223,0
43556,4,0,458557,0,0
43557,0,1,0,447168,0
43558,0,2,0,94012,0
43559,1,1,80,342,0
43560,0,1,0,4150,0
43561,0,1,0,293,0
43562,0,1,0,119,0
43563,0,1,0,2458,0
43564,0,1,0,499,0
43565,0,1,0,779,0
43566,0,1,0,63,0
43567,0,1,0,1204,0
43568,0,1,0,427,0
43569,0,1,0,2600,0
43570,0,1,0,17714,0
43571,0,1,0,12800,0
43572,0,1,0,689,0
43573,0,1,0,2456,0
43574,0,1,0,3063,0
43575,0,1,0,1154,0
43576,0,1,0,5287,0
43577,0,1,0,105588,0
43578,0,1,0,2915,0
43579,0,2,0,51798,0
43580,2,0,455791,0,0
43581,0,1,0,8134,0
43582,0,1,0,73,0
43583,0,1,0,6549,0
43584,0,1,0,10030,0
43585,0,1,0,191,0
43586,0,1,0,302,0
43587,1,1,2748,331,0
43588,0,1,0,2748,0
43589,1,1,4449,63,0
43590,0,1,0,23961,0
43591,0,1,0,542,0
43592,0,1,0,8933,0
43593,0,1,0,957,0
43594,0,1,0,5991,0
43595,0,1,0,2483,0
43596,1,0,8886,0,0
43597,0,5,0,14766,0
43598,1,0,64,0,0
43599,0,1,0,17460,0
43600,0,3,0,90639,0
43601,2,0,87293,0,0
43602,0,2,0,197292,0
43603,1,1,13125,5184,0
43604,1,0,16025,0,0
43605,1,0,2856,0,0
43606,1,0,225,0,0
43607,1,0,947,0,0
43608,0,1,0,860,0
43609,0,1,0,65,0
43610,0,1,0,15,0
43611,0,1,0,778,0
43612,2,1,1343,62152,0
43613,0,1,0,1282,0
43614,0,2,0,1127,0
43615,0,1,0,241,0
43616,0,1,0,69,0
43617,0,1,0,1835,0
43618,0,1,0,21625,0
43619,0,1,0,29939,0
43620,0,1,0,1733,0
43621,1,1,580640,30059,0
43622,0,1,0,580640,0
43623,0,1,0,362,0
43624,0,1,0,2265,0
43625,0,1,0,187025,0
43626,0,1,0,1901277,0
43627,0,1,0,1497,0
43628,0,1,0,65,0
43629,0,1,0,3115,0
43630,0,1,0,2145,0
43631,4,0,15041,0,0
43632,0,4,0,15532,0
43633,1,0,680,0,0
43634,0,1,0,8516,0
43635,0,1,0,1626,0
43636,0,2,0,451,0
43637,1,0,54,0,0
43638,1,0,25505,0,0
43639,1,0,256,0,0
43640,1,0,16686,0,0
43641,0,1,0,2055,0
43642,0,1,0,9324,0
43643,0,2,0,29056,0
43644,0,1,0,3747,0
43645,0,1,0,467,0
43646,0,1,0,847,0
43647,0,1,0,7591,0
43648,0,1,0,3273,0
43649,0,1,0,127,0
43650,0,1,0,2037,0
43651,0,1,0,11427,0
43652,0,1,0,7212,0
43653,0,1,0,1457,0
43654,0,1,0,50982,0
43655,0,1,0,1133,0
43656,0,1,0,843,0
43657,0,1,0,1297,0
43658,0,1,0,2024,0
43659,0,2,0,6944,0
43660,0,1,0,37890,0
43661,0,1,0,49,0
43662,0,2,0,491,0
43663,0,1,0,2785,0
43664,0,1,0,1905,0
43665,0,1,0,2048,0
43666,1,0,30,0,0
43667,1,0,45967,0,0
43668,1,0,103,0,0
43669,0,1,0,22560,0
43670,0,2,0,56684,0
43671,2,1,130987,11654,0
43672,1,2,11654,75563,0
43673,2,0,145711,0,0
43674,1,0,320,0,0
43675,1,0,74,0,0
43676,1,0,1066,0,0
43677,16,2,548321,25986,0
43678,1,0,113,0,0
43679,0,1,0,4851,0
43680,0,1,0,321744,0
43681,0,1,0,1818,0
43682,0,1,0,4610,0
43683,0,1,0,340,0
43684,0,1,0,86482,0
43685,0,1,0,296,0
43686,0,1,0,245,0
43687,0,1,0,29,0
43688,0,1,0,29044,0
43689,0,1,0,65,0
43690,0,1,0,301,0
43691,0,1,0,7477,0
43692,0,1,0,571,0
43693,0,1,0,89527,0
43694,0,1,0,921,0
43695,0,6,0,12224,0
43696,1,1,1226,113390,0
43697,1,0,2412,0,0
43698,1,0,14,0,0
43699,1,0,3341,0,0
43700,0,3,0,80666,0
43701,1,1,74176,73,0
43702,0,1,0,1788,0
43703,0,1,0,446,0
43704,0,2,0,25826,0
43705,0,1,0,18,0
43706,0,1,0,43133,0
43707,0,1,0,22982,0
43708,1,0,1,0,0
43709,0,1,0,785,0
43710,0,1,0,2945700,0
43711,0,1,0,99,0
43712,0,1,0,101,0
43713,0,3,0,466,0
43714,0,1,0,82761,0
43715,0,3,0,7683,0
43716,0,1,0,2260,0
43717,1,0,50101,0,0
43718,0,1,0,2449,0
43719,0,1,0,16562,0
43720,0,1,0,105,0
43721,0,1,0,187,0
43722,1,0,2505,0,0
43723,0,1,0,6928,0
43724,0,2,0,836673,0
43725,0,1,0,1130,0
43726,0,2,0,77960,0
43727,1,0,77606,0,0
43728,0,1,0,329,0
43729,0,2,0,53990,0
43730,1,0,5146,0,0
43731,1,0,246,0,0
43732,1,1,4634,1466,0
43733,1,0,5483,0,0
43734,1,0,1236,0,0
43735,1,0,47604,0,0
43736,1,1,137,1050,0
43737,0,1,0,1611,0
43738,0,1,0,11382,0
43739,0,1,0,571,0
43740,0,1,0,58,0
43741,0,1,0,9893,0
43742,0,1,0,2618,0
43743,0,1,0,969,0
43744,0,1,0,59308,0
43745,0,1,0,15907,0
43746,0,1,0,60465,0
43747,0,1,0,733,0
43748,0,1,0,27397,0
43749,0,1,0,68339,0
43750,0,1,0,12686,0
43751,0,1,0,11309,0
43752,0,1,0,22784,0
43753,0,1,0,3834,0
43754,0,1,0,12896,0
43755,0,1,0,1652,0
43756,0,1,0,3652,0
43757,0,1,0,6849,0
43758,0,1,0,1273,0
43759,0,1,0,1673526,0
43760,0,1,0,6828,0
43761,0,1,0,167671,0
43762,0,1,0,7259,0
43763,0,1,0,26446,0
43764,0,1,0,52,0
43765,0,1,0,2855,0
43766,0,1,0,117678,0
43767,0,1,0,108,0
43768,0,1,0,104525,0
43769,0,1,0,87,0
43770,0,1,0,1573,0
43771,0,1,0,31340,0
43772,0,1,0,569,0
43773,0,1,0,3951,0
43774,0,1,0,3811,0
43775,2,1,1321,1325,0
43776,0,2,0,15918,0
43777,0,1,0,10228,0
43778,1,0,2696,0,0
43779,0,1,0,992,0
43780,0,2,0,74751,0
43781,0,1,0,51327,0
43782,0,1,0,14889,0
43783,0,1,0,202133,0
43784,0,1,0,12769,0
43785,0,1,0,2636,0
43786,15,17,204232,1209962,0
43787,1,0,2498,0,0
43788,1,0,2255,0,0
43789,1,0,7228,0,0
43790,1,0,7994,0,0
43791,1,0,16562,0,0
43792,2,0,9046,0,0
43793,1,1,5262,9930,0
43794,1,1,363730,17811,0
43795,1,1,7,50449,0
43796,1,0,490,0,0
43797,1,0,22,0,0
43798,1,0,745772,0,0
43799,1,0,23738,0,0
43800,1,0,254,0,0
43801,2,0,15029,0,0
43802,2,0,13115,0,0
43803,0,1,0,145,0
43804,0,2,0,5079,0
43805,2,3,215,4853,0
43806,1,1,2622,215,0
43807,0,1,0,0,0
43808,0,1,0,7544,0
43809,0,1,0,796,0
43810,0,4,0,56496,0
43811,2,0,27277,0,0
43812,1,0,33599,0,0
43813,0,3,0,3030,0
43814,3,0,10307,0,0
43815,0,1,0,40035,0
43816,2,6,1039,229794,0
43817,1,0,6159,0,0
43818,2,1,21272,56602,1
43819,0,1,0,3250,0
43820,1,0,166,0,0
43821,1,0,2144,0,0
43822,1,0,7830,0,0
43823,1,1,17620,1198,0
43824,1,0,266,0,0
43825,1,1,1198,2065,0
43826,0,1,0,922,0
43827,0,1,0,599,0
43828,0,1,0,217,0
43829,0,3,0,8051,0
43830,2,0,383,0,0
43831,8,1,45097,10482,0
43832,0,4,0,14771,0
43833,1,0,1038,0,0
43834,1,0,2635,0,0
43835,1,0,654,0,0
43836,1,0,4024,0,0
43837,1,0,996,0,0
43838,0,1,0,94,0
43839,3,1,5580,2409,0
43840,1,1,289,4480,0
43841,1,2,266,30469,0
43842,0,2,0,25171,0
43843,0,3,0,47759,0
43844,1,0,42831,0,0
43845,0,1,0,15,0
43846,0,1,0,487,0
43847,0,1,0,16,0
43848,0,1,0,6541,0
43849,0,1,0,44,0
43850,0,1,0,405,0
43851,0,1,0,53957,0
43852,0,1,0,539,0
43853,0,1,0,8487,0
43854,0,1,0,1348,0
43855,0,2,0,3165,0
43856,1,1,258,968,0
43857,0,2,0,37902,0
43858,0,1,0,6786,0
43859,0,1,0,9470,0
43860,0,1,0,97,0
43861,0,1,0,5679,0
43862,0,1,0,14365,0
43863,0,1,0,2969,0
43864,0,1,0,195,0
43865,0,1,0,10224,0
43866,0,1,0,3482,0
43867,0,1,0,183,0
43868,0,2,0,9638551,0
43869,1,1,1070,474,0
43870,0,1,0,4429,0
43871,0,1,0,151,0
43872,0,1,0,2655,0
43873,0,1,0,16357,0
43874,0,2,0,1138,0
43875,1,0,993,0,0
43876,3,1,535046,1353,0
43877,1,3,1353,540439,0
43878,0,2,0,656,0
43879,1,1,123,56,0
43880,3,3,843,136985,0
43881,1,0,129675,0,0
43882,1,0,1411,0,0
43883,0,1,0,617,0
43884,0,1,0,170,0
43885,0,1,0,117,0
43886,0,1,0,448,0
43887,0,1,0,3688,0
43888,0,1,0,14100,0
43889,4,3,360318,4418,0
43890,1,0,17,0,0
43891,0,1,0,944,0
43892,0,1,0,1863,0
43893,0,1,0,75412,0
43894,0,1,0,1653,0
43895,0,1,0,18,0
43896,0,1,0,75,0
43897,0,1,0,2020,0
43898,0,1,0,758,0
43899,0,1,0,18312,0
43900,0,4,0,15538,0
43901,1,1,7410,156382,0
43902,1,0,1067,0,0
43903,1,0,231,0,0
43904,0,1,0,18625,0
43905,0,2,0,25646,0
43906,0,2,0,17394,0
43907,0,1,0,103,0
43908,0,1,0,4972,0
43909,0,1,0,14144,0
43910,0,1,0,56376,0
43911,0,2,0,824,0
43912,0,1,0,11060,0
43913,2,4,128375,27585,0
43914,1,0,22090,0,0
43915,1,0,1293,0,0
43916,1,0,27,0,0
43917,0,1,0,29,0
43918,0,1,0,128346,0
43919,0,1,0,82469,0
43920,0,1,0,1913,0
43921,0,1,0,265,0
43922,0,1,0,2930,0
43923,0,2,0,7990,0
43924,0,1,0,4733,0
43925,0,1,0,31744,0
43926,0,1,0,240,0
43927,0,2,0,5433,0
43928,0,18,0,678715,0
43929,1,0,65,0,0
43930,1,0,43976,0,0
43931,1,0,305,0,0
43932,1,3,10310,5205,0
43933,2,0,4597,0,0
43934,2,2,8936,12544,0
43935,1,0,273249,0,0
43936,1,1,227086,1206,0
43937,1,0,99,0,0
43938,1,0,17684,0,0
43939,1,1,353,26091,0
43940,1,0,12111,0,0
43941,0,1,0,752,0
43942,0,1,0,150,0
43943,0,1,0,3,0
43944,0,1,0,4952,0
43945,1,3,635,24015,0
43946,1,0,141,0,0
43947,0,8,0,329987,0
43948,1,0,3375,0,0
43949,1,0,143012,0,0
43950,1,0,37821,0,0
43951,0,1,0,221,0
43952,0,1,0,2940,0
43953,0,1,0,3725,0
43954,0,1,0,25998,0
43955,0,1,0,7963,0
43956,0,1,0,81,0
43957,0,1,0,21602,0
43958,0,1,0,24,0
43959,0,1,0,1359,0
43960,0,1,0,24,0
43961,0,1,0,29540,0
43962,0,1,0,26,0
43963,0,1,0,84416,0
43964,0,1,0,38836,0
43965,0,1,0,1066,0
43966,0,1,0,29918,0
43967,1,0,104,0,0
43968,0,2,0,1999,0
43969,0,1,0,40241,0
43970,0,1,0,9983,0
43971,0,1,0,3389,0
43972,0,1,0,2363,0
43973,0,1,0,617,0
43974,0,1,0,102,0
43975,0,1,0,4680,0
43976,0,1,0,642,0
43977,0,1,0,1383,0
43978,0,1,0,4414,0
43979,0,1,0,4376,0
43980,0,1,0,7549,0
43981,0,1,0,748,0
43982,0,1,0,3732,0
43983,0,1,0,13079,0
43984,2,2,385367,80295,0
43985,0,1,0,409,0
43986,0,1,0,34,0
43987,0,1,0,395,0
43988,1,4,59853,106103,0
43989,2,0,107278,0,0
43990,0,1,0,59853,0
43991,0,1,0,14488,0
43992,0,2,0,856,0
43993,1,0,810,0,0
43994,0,1,0,7835,0
43995,0,2,0,73604,0
43996,3,0,85109,0,0
43997,0,1,0,6274,0
43998,0,1,0,503814,0
43999,0,1,0,344,0
44000,0,1,0,3813,0
44001,0,2,0,182220,0
44002,1,0,179724,0,0
44003,0,1,0,358,0
44004,1,1,348,188548,0
44005,0,1,0,2213,0
44006,0,1,0,198,0
44007,0,1,0,12,0
44008,1,1,2839,3443,0
44009,0,1,0,5,0
44010,0,1,0,2243,0
44011,1,1,18,115,0
44012,0,1,0,2991,0
44013,0,1,0,217,0
44014,1,1,872,18,0
44015,0,1,0,872,0
44016,0,1,0,2474,0
44017,0,2,0,16800,0
44018,1,0,7901,0,0
44019,0,2,0,630,0
44020,0,3,0,24078,0
44021,1,0,20737,0,0
44022,0,1,0,138,0
44023,0,1,0,24510,0
44024,0,3,0,12798,0
44025,1,1,6248,166,0
44026,0,1,0,4739,0
44027,0,1,0,334,0
44028,0,1,0,397,0
44029,0,1,0,5996,0
44030,0,1,0,218,0
44031,1,0,5233,0,0
44032,0,2,0,9015,0
44033,0,2,0,10818,0
44034,6,0,237524,0,0
44035,0,2,0,115,0
44036,1,0,9978,0,0
44037,1,1,3400,1942,0
44038,0,1,0,90,0
44039,0,1,0,1336,0
44040,0,1,0,798,0
44041,0,1,0,1280,0
44042,0,1,0,235635,0
44043,0,1,0,522,0
44044,0,1,0,210735,0
44045,0,1,0,2323,0
44046,14,16,205759,181425,0
44047,1,0,1998,0,0
44048,1,0,44,0,0
44049,1,0,188,0,0
44050,1,0,4041,0,0
44051,1,0,25,0,0
44052,1,0,1205,0,0
44053,1,0,371,0,0
44054,1,0,14988,0,0
44055,1,0,50084,0,0
44056,1,0,679,0,0
44057,5,4,184544,234378,1
44058,1,0,72439,0,0
44059,1,0,15,0,0
44060,1,1,4395,1463,0
44061,0,1,0,135956,0
44062,0,1,0,1125,0
44063,0,2,0,151,0
44064,1,2,814535,1031,0
44065,1,0,494,0,0
44066,0,2,0,720,0
44067,0,2,0,137978,0
44068,0,1,0,13958,0
44069,0,1,0,96,0
44070,0,2,0,160769,0
44071,0,2,0,10245,0
44072,0,1,0,34118,0
44073,1,2,7987,454,0
44074,1,2,287844,4344,0
44075,1,0,35449,0,0
44076,1,0,299,0,0
44077,1,0,1874,0,0
44078,1,0,81,0,0
44079,0,1,0,132,0
44080,0,2,0,6435,0
44081,2,0,2267,0,0
44082,0,1,0,814535,0
44083,0,1,0,659,0
44084,0,1,0,8266,0
44085,0,1,0,2522,0
44086,0,1,0,9840,0
44087,0,1,0,231,0
44088,0,1,0,31,0
44089,2,2,1482,12082,0
44090,1,1,21,714,0
44091,0,1,0,102,0
44092,0,1,0,70,0
44093,0,2,0,143700,0
44094,0,4,0,23426,0
44095,1,0,387,0,0
44096,1,0,552,0,0
44097,0,1,0,556,0
44098,0,1,0,32556,0
44099,0,1,0,5222,0
44100,0,1,0,2906,0
44101,0,1,0,103150,0
44102,0,1,0,1058,0
44103,0,1,0,3628,0
44104,0,1,0,46,0
44105,0,1,0,7785,0
44106,0,1,0,1029,0
44107,0,1,0,126,0
44108,0,1,0,2083,0
44109,0,1,0,21,0
44110,1,1,133,25259,0
44111,0,1,0,133,0
44112,0,13,0,308653,0
44113,1,0,326,0,0
44114,1,0,23987,0,0
44115,1,0,103,0,0
44116,1,0,3627,0,0
44117,1,0,1300,0,0
44118,2,0,54591,0,0
44119,2,0,17791,0,0
44120,2,0,1100,0,0
44121,1,0,118,0,0
44122,1,0,7439,0,0
44123,1,0,192,0,0
44124,1,0,13849,0,0
44125,1,0,4713,0,0
44126,1,0,201,0,0
44127,1,3,155910,4838,0
44128,1,1,593,345694,0
44129,4,1,20690,695,0
44130,0,1,0,9574,0
44131,0,1,0,10907,0
44132,0,1,0,20,0
44133,0,1,0,189,0
44134,0,1,0,12574,0
44135,0,2,0,67030,0
44136,0,1,0,19366,0
44137,0,1,0,4488,0
44138,0,1,0,237431,0
44139,0,1,0,616,0
44140,0,1,0,1348,0
44141,0,1,0,2017,0
44142,0,1,0,3540,0
44143,0,1,0,6686,0
44144,0,1,0,64,0
44145,0,1,0,177,0
44146,0,1,0,27,0
44147,0,1,0,1145,0
44148,0,1,0,23451,0
44149,0,1,0,776,0
44150,0,1,0,12426,0
44151,0,1,0,1670,0
44152,0,1,0,459,0
44153,0,1,0,2093,0
44154,0,1,0,366,0
44155,1,1,3110,141,0
44156,0,4,0,14295,0
44157,2,0,14619,0,0
44158,1,0,257,0,0
44159,0,1,0,9697,0
44160,0,1,0,13344,0
44161,0,1,0,1512,0
44162,0,1,0,8363,0
44163,2,4,23354,477084,0
44164,1,0,1752,0,0
44165,1,0,29283,0,0
44166,1,0,3999,0,0
44167,0,1,0,5838,0
44168,5,3,16029,815066,0
44169,1,1,73,1908,0
44170,0,2,0,300624,0
44171,0,1,0,1793,0
44172,0,2,0,15946,0
44173,2,0,773,0,0
44174,1,6,184,105771,0
44175,1,0,83,0,0
44176,1,0,561,0,0
44177,1,0,25,0,0
44178,1,0,48294,0,0
44179,0,1,0,184,0
44180,1,0,737,0,0
44181,0,2,0,11582,0
44182,0,2,0,1950,0
44183,0,1,0,18927,0
44184,0,1,0,450267,0
44185,0,1,0,15,0
44186,0,1,0,2100,0
44187,0,1,0,5940,0
44188,3,6,3929,292813,0
44189,1,0,59,0,0
44190,1,0,335,0,0
44191,0,1,0,1162,0
44192,0,2,0,4229,0
44193,0,3,0,109028,0
44194,2,0,9413,0,0
44195,0,2,0,17245,0
44196,0,3,0,13315,0
44197,0,2,0,1963,0
44198,0,1,0,366,0
44199,0,1,0,5150,0
44200,0,1,0,32161,0
44201,0,2,0,2537,0
44202,1,1,627,10491,0
44203,1,1,86314,4339,0
44204,2,1,3176,8328,0
44205,0,1,0,282,0
44206,0,2,0,247,0
44207,0,1,0,12495,0
44208,0,1,0,4433,0
44209,0,1,0,2342,0
44210,0,1,0,3356,0
44211,0,1,0,2,0
44212,0,46,0,2267125,0
44213,1,0,11,0,0
44214,1,0,4060,0,0
44215,1,0,195,0,0
44216,1,0,606,0,0
44217,1,0,26556,0,0
44218,1,0,13865,0,0
44219,1,0,70,0,0
44220,1,0,7546,0,0
44221,1,0,2929,0,0
44222,1,0,167,0,0
44223,1,0,132,0,0
44224,1,0,728,0,0
44225,1,0,6727,0,0
44226,1,0,406,0,0
44227,1,0,1453,0,0
44228,1,0,73418,0,0
44229,2,2,12120,9516,0
44230,1,0,16,0,0
44231,1,0,44,0,0
44232,1,0,19291,0,0
44233,1,0,156,0,0
44234,1,0,91459,0,0
44235,1,0,20150,0,0
44236,1,0,1,0,0
44237,1,0,5004,0,0
44238,1,0,1,0,0
44239,1,0,1139,0,0
44240,1,0,1658,0,0
44241,1,0,12,0,0
44242,1,0,20070,0,0
44243,1,0,477,0,0
44244,1,0,6483,0,0
44245,1,0,189,0,0
44246,1,0,1889361,0,0
44247,1,0,32561,0,0
44248,1,0,3417,0,0
44249,1,0,720,0,0
44250,1,0,0,0,0
44251,1,0,1881,0,0
44252,1,0,881,0,0
44253,0,1,0,589,0
44254,1,0,6070,0,0
44255,0,1,0,3288,0
44256,0,2,0,1877,0
44257,1,0,1841,0,0
44258,1,0,381,0,0
44259,1,0,499,0,0
44260,1,0,4460,0,0
44261,1,1,148,273,0
44262,0,1,0,301,0
44263,0,3,0,20706,0
44264,1,0,673,0,0
44265,1,3,634,3482,0
44266,1,0,2345,0,0
44267,0,1,0,10,0
44268,0,1,0,5,0
44269,0,1,0,1211,0
44270,0,1,0,168,0
44271,0,1,0,78,0
44272,0,1,0,187,0
44273,0,1,0,750,0
44274,0,1,0,3933,0
44275,0,1,0,5458,0
44276,0,1,0,7414,0
44277,0,1,0,699,0
44278,0,1,0,2078,0
44279,0,1,0,11993,0
44280,0,2,0,1818,0
44281,1,0,1433,0,0
44282,0,1,0,13822,0
44283,0,1,0,928,0
44284,1,0,31,0,0
44285,1,0,1156,0,0
44286,0,1,0,827,0
44287,0,1,0,21,0
44288,0,1,0,7,0
44289,0,1,0,21445,0
44290,0,1,0,47989,0
44291,0,1,0,63211,0
44292,0,1,0,3097,0
44293,0,1,0,191,0
44294,0,1,0,50977,0
44295,0,2,0,2799,0
44296,2,1,6208,157,0
44297,0,1,0,1877,0
44298,0,1,0,37764,0
44299,0,1,0,79,0
44300,0,1,0,7167,0
44301,0,1,0,478,0
44302,0,1,0,65,0
44303,0,1,0,1616,0
44304,1,1,130,11822,0
44305,0,1,0,16203,0
44306,0,1,0,9439,0
44307,0,1,0,185176,0
44308,0,2,0,1532,0
44309,0,1,0,6078,0
44310,0,1,0,1190,0
44311,1,3,3190,81292,0
44312,1,1,420,3190,0
44313,0,1,0,810,0
44314,0,1,0,1969058,0
44315,0,1,0,8312,0
44316,0,1,0,5,0
44317,0,1,0,1284,0
44318,0,1,0,1516,0
44319,0,1,0,756,0
44320,0,1,0,1263,0
44321,0,1,0,1,0
44322,0,1,0,862,0
44323,0,1,0,260,0
44324,0,1,0,23911,0
44325,0,1,0,234,0
44326,0,1,0,8504,0
44327,0,1,0,182,0
44328,0,1,0,270804,0
44329,0,1,0,109,0
44330,0,1,0,291,0
44331,0,1,0,7161,0
44332,0,1,0,7585,0
44333,0,1,0,10426,0
44334,0,1,0,192,0
44335,0,1,0,1432,0
44336,0,1,0,482,0
44337,0,1,0,1722,0
44338,0,1,0,60,0
44339,0,1,0,819,0
44340,0,1,0,4383,0
44341,0,1,0,41818,0
44342,0,1,0,503,0
44343,0,1,0,87827,0
44344,0,1,0,422,0
44345,0,1,0,5469,0
44346,0,1,0,6979,0
44347,0,1,0,561,0
44348,0,1,0,11339,0
44349,0,1,0,233,0
44350,0,1,0,199728,0
44351,0,2,0,31021,0
44352,1,0,5949,0,0
44353,0,2,0,891,0
44354,0,1,0,54,0
44355,0,1,0,324,0
44356,0,1,0,119,0
44357,1,0,29,0,0
44358,1,0,43468,0,0
44359,1,0,4366,0,0
44360,1,0,125071,0,0
44361,1,0,25923,0,0
44362,1,0,1509,0,0
44363,1,0,218,0,0
44364,1,0,738,0,0
44365,1,1,1791,466,0
44366,1,1,378887,6149,0
44367,1,0,142,0,0
44368,1,0,20754,0,0
44369,2,0,38795,0,0
44370,1,0,1754,0,0
44371,0,1,0,78467,0
44372,0,1,0,419,0
44373,0,1,0,6454,0
44374,0,1,0,726,0
44375,0,1,0,175,0
44376,0,3,0,39874,0
44377,1,0,88,0,0
44378,1,0,4,0,0
44379,1,0,11,0,0
44380,1,0,23788,0,0
44381,1,0,7238,0,0
44382,0,5,0,128622,0
44383,1,0,956,0,0
44384,1,0,56070,0,0
44385,0,1,0,130,0
44386,0,1,0,10215,0
44387,0,3,0,787,0
44388,0,1,0,73,0
44389,0,4,0,2514,0
44390,1,0,0,0,0
44391,1,0,713,0,0
44392,1,2,341,470,0
44393,0,2,0,2790,0
44394,0,2,0,655,0
44395,0,2,0,2265,0
44396,0,2,0,2245242,0
44397,0,1,0,1773,0
44398,0,2,0,1679,0
44399,1,1,1116,2273,0
44400,0,1,0,121,0
44401,0,1,0,303534,0
44402,0,1,0,156,0
44403,0,2,0,44166,0
44404,0,1,0,4789,0
44405,1,1,13258,6513,0
44406,2,0,3176,0,0
44407,1,0,2264,0,0
44408,1,0,17766,0,0
44409,0,2,0,68765,0
44410,3,2,77317,1711,0
44411,0,1,0,955,0
44412,0,1,0,7079,0
44413,0,1,0,317,0
44414,0,1,0,1178,0
44415,0,1,0,781,0
44416,1,6,30394,1232022,0
44417,1,0,8805,0,0
44418,1,0,9311,0,0
44419,1,1,1206642,30394,0
44420,1,0,6612,0,0
44421,0,1,0,2192,0
44422,0,1,0,17397,0
44423,0,2,0,2383,0
44424,1,0,23,0,0
44425,1,0,1891,0,0
44426,1,0,104,0,0
44427,1,0,165020,0,0
44428,1,0,18,0,0
44429,0,1,0,1013,0
44430,0,1,0,330,0
44431,0,1,0,298,0
44432,0,1,0,358,0
44433,1,0,25411,0,0
44434,0,3,0,57164,0
44435,0,1,0,388164,0
44436,0,2,0,305081,0
44437,0,1,0,706,0
44438,0,1,0,11004,0
44439,0,1,0,723,0
44440,0,2,0,73749,0
44441,0,1,0,32,0
44442,0,1,0,810,0
44443,0,1,0,10,0
44444,0,1,0,2378,0
44445,0,1,0,447,0
44446,0,1,0,6935,0
44447,0,1,0,10912,0
44448,0,1,0,8770,0
44449,0,1,0,6047,0
44450,0,1,0,3426,0
44451,0,1,0,6059,0
44452,0,1,0,1674,0
44453,0,1,0,441,0
44454,0,1,0,72305,0
44455,0,1,0,139,0
44456,0,1,0,8506,0
44457,0,2,0,5102,0
44458,0,2,0,2634083,0
44459,0,1,0,12989,0
44460,0,6,0,255196,0
44461,1,0,236389,0,0
44462,1,0,9291,0,0
44463,2,0,8705,0,0
44464,1,2,2481,269504,0
44465,0,7,0,203473,0
44466,1,0,5821,0,0
44467,1,0,67606,0,0
44468,2,0,40990,0,0
44469,0,1,0,46,0
44470,1,0,438,0,0
44471,0,3,0,20110,0
44472,1,0,291,0,0
44473,1,1,18079,121672,0
44474,0,5,0,6615,0
44475,1,0,5177,0,0
44476,0,3,0,54436,0
44477,0,2,0,4790,0
44478,0,1,0,339,0
44479,0,4,0,47720,0
44480,1,0,25211,0,0
44481,1,0,22052,0,0
44482,1,3,293,5452,0
44483,1,0,2956,0,0
44484,1,0,1313,0,0
44485,0,1,0,348042,0
44486,0,1,0,204,0
44487,0,1,0,11098,0
44488,1,0,27636,0,0
44489,1,0,68,0,0
44490,2,0,198,0,0
44491,1,0,40,0,0
44492,1,0,328,0,0
44493,1,0,11220,0,0
44494,1,0,14095,0,0
44495,1,0,469,0,0
44496,8,1,81484,6452,0
44497,0,1,0,46,0
44498,0,1,0,51183,0
44499,0,1,0,141,0
44500,0,1,0,3003,0
44501,0,1,0,9,0
44502,0,5,0,3009,0
44503,1,1,1196,80066,0
44504,0,2,0,4396,0
44505,0,1,0,456,0
44506,0,1,0,560,0
44507,0,1,0,71,0
44508,0,1,0,427,0
44509,0,2,0,1316,0
44510,0,1,0,203,0
44511,0,4,0,453672,0
44512,1,0,446440,0,0
44513,1,0,116,0,0
44514,0,1,0,7,0
44515,0,3,0,1225,0
44516,4,0,9191,0,0
44517,0,1,0,2742,0
44518,0,1,0,5740,0
44519,0,2,0,199166,0
44520,0,1,0,2229,0
44521,0,1,0,121,0
44522,0,1,0,20463,0
44523,0,1,0,33,0
44524,0,1,0,886,0
44525,0,1,0,648,0
44526,0,1,0,223,0
44527,1,1,570458,66,0
44528,1,3,2273,12875,0
44529,1,0,3674,0,0
44530,0,1,0,2273,0
44531,0,1,0,14754,0
44532,1,5,9191,8962,0
44533,1,0,305,0,0
44534,1,0,448,0,0
44535,1,0,3324,0,0
44536,1,1,3122,125773,0
44537,1,0,7135,0,0
44538,1,0,1881,0,0
44539,1,0,42,0,0
44540,1,0,7,0,0
44541,1,0,3036,0,0
44542,1,4,11347,13788,0
44543,1,0,2438,0,0
44544,1,0,8502,0,0
44545,1,0,1025,0,0
44546,0,3,0,21134,0
44547,1,0,428,0,0
44548,0,1,0,8711,0
44549,0,1,0,9191,0
44550,0,1,0,35,0
44551,0,1,0,97,0
44552,0,1,0,186282,0
44553,1,3,816,6105,0
44554,0,4,0,11575,0
44555,1,0,153,0,0
44556,1,0,4391,0,0
44557,1,1,11982,3944,0
44558,1,2,28205,217,0
44559,0,2,0,15725,0
44560,0,2,0,1354,0
44561,1,1,1284,58,0
44562,0,1,0,169,0
44563,0,1,0,25047,0
44564,0,1,0,10822,0
44565,1,1,145,942,0
44566,0,1,0,3231,0
44567,0,1,0,4607,0
44568,1,0,473438,0,0
44569,1,0,1338,0,0
44570,0,1,0,28435,0
44571,0,1,0,14057,0
44572,0,5,0,7935,0
44573,1,0,6936,0,0
44574,3,0,69053,0,0
44575,1,0,52,0,0
44576,1,0,64,0,0
44577,0,4,0,82439,0
44578,1,0,918,0,0
44579,2,6,20460,215002,0
44580,1,0,6716,0,0
44581,1,0,5281,0,0
44582,1,5,1105,2992,0
44583,1,2,12,889,0
44584,0,1,0,478,0
44585,0,1,0,30055,0
44586,0,1,0,15299,0
44587,0,1,0,3864,0
44588,0,1,0,52447,0
44589,0,1,0,58,0
44590,0,1,0,1770,0
44591,0,1,0,8402,0
44592,0,1,0,4410,0
44593,0,1,0,417,0
44594,0,1,0,437,0
44595,0,1,0,5631,0
44596,0,1,0,2448,0
44597,0,1,0,1273,0
44598,0,1,0,4315,0
44599,0,1,0,25905,0
44600,0,1,0,90274,0
44601,0,1,0,336,0
44602,0,1,0,5946,0
44603,0,1,0,192,0
44604,0,1,0,29335,0
44605,0,1,0,19999,0
44606,0,1,0,1755,0
44607,0,1,0,283,0
44608,0,2,0,1768,0
44609,1,0,1045,0,0
44610,4,9,21721,102001,0
44611,1,0,157,0,0
44612,1,0,2619,0,0
44613,1,1,1048,8280,0
44614,1,1,60247,2812,0
44615,1,0,12205,0,0
44616,1,0,24084,0,0
44617,0,1,0,264,0
44618,0,1,0,263,0
44619,0,1,0,18382,0
44620,0,1,0,14228,0
44621,0,2,0,584304,0
44622,0,1,0,124,0
44623,0,1,0,569,0
44624,0,1,0,482848,0
44625,0,1,0,4122,0
44626,0,1,0,123,0
44627,0,1,0,37,0
44628,0,4,0,10395,0
44629,1,0,6743,0,0
44630,0,1,0,34042,0
44631,1,0,190,0,0
44632,0,1,0,1109,0
44633,0,1,0,4566,0
44634,1,1,54555,15,0
44635,0,3,0,27609,0
44636,0,1,0,693,0
44637,0,1,0,1385,0
44638,0,1,0,9168,0
44639,0,1,0,289103,0
44640,0,1,0,106,0
44641,0,1,0,315100,0
44642,0,2,0,55238,0
44643,1,1,737,19,0
44644,0,1,0,29842,0
44645,2,2,4817009,3691,0
44646,1,0,2368,0,0
44647,1,0,174,0,0
44648,1,0,75014,0,0
44649,1,0,18193,0,0
44650,1,0,3196,0,0
44651,0,3,0,10876,0
44652,1,0,3290,0,0
44653,0,1,0,1040,0
44654,0,1,0,5545,0
44655,0,1,0,251,0
44656,1,1,236945,319155,0
44657,0,1,0,408,0
44658,0,1,0,1615,0
44659,0,1,0,745,0
44660,0,1,0,19,0
44661,0,1,0,44,0
44662,1,0,6848,0,0
44663,0,1,0,183,0
44664,0,3,0,3756,0
44665,1,1,3352,1661,0
44666,1,2,170,6415,0
44667,0,1,0,6718,0
44668,0,1,0,5719,0
44669,0,1,0,264,0
44670,0,1,0,445884,0
44671,1,0,37403,0,0
44672,0,1,0,42,0
44673,0,1,0,32642,0
44674,0,1,0,11687,0
44675,0,1,0,2780,0
44676,0,1,0,5815,0
44677,0,3,0,48631,0
44678,1,0,23349,0,0
44679,0,1,0,1411,0
44680,1,2,99,3696,0
44681,0,1,0,99,0
44682,0,1,0,26667,0
44683,0,1,0,320,0
44684,0,1,0,5161,0
44685,0,1,0,96,0
44686,0,1,0,11213,0
44687,0,1,0,138,0
44688,0,1,0,195682,0
44689,0,1,0,1585019,0
44690,0,1,0,4087,0
44691,0,1,0,2,0
44692,0,1,0,38950,0
44693,0,2,0,40324,0
44694,1,3,7,2279,0
44695,1,0,111,0,0
44696,1,1,1233,7,0
44697,0,2,0,72081,0
44698,0,1,0,43129,0
44699,0,1,0,37150,0
44700,0,1,0,1058,0
44701,0,1,0,345,0
44702,0,1,0,370,0
44703,1,0,2964,0,0
44704,1,0,5,0,0
44705,1,0,3161,0,0
44706,1,0,36984,0,0
44707,1,0,9278,0,0
44708,1,0,62,0,0
44709,1,0,3609,0,0
44710,1,0,88063,0,0
44711,1,0,2238,0,0
44712,1,0,659,0,0
44713,1,0,21,0,0
44714,1,0,705,0,0
44715,1,0,2613,0,0
44716,1,0,945,0,0
44717,1,0,50509,0,0
44718,1,0,23488,0,0
44719,1,0,106,0,0
44720,1,0,509,0,0
44721,1,0,469,0,0
44722,1,0,12,0,0
44723,1,0,481,0,0
44724,1,0,463,0,0
44725,1,0,260,0,0
44726,1,0,1790,0,0
44727,0,1,0,562,0
44728,0,1,0,2590,0
44729,0,6,0,68750,0
44730,1,0,28631,0,0
44731,1,0,409,0,0
44732,0,1,0,61749,0
44733,1,1,3353,1317,0
44734,0,1,0,429,0
44735,0,1,0,3013,0
44736,0,2,0,13743,0
44737,1,0,22837,0,0
44738,1,3,492,2251,0
44739,1,0,198,0,0
44740,0,3,0,11732,0
44741,5,3,92183,44607,0
44742,1,0,36301,0,0
44743,1,0,8254,0,0
44744,1,0,52,0,0
44745,0,1,0,10458,0
44746,0,1,0,58911,0
44747,0,1,0,1357,0
44748,0,1,0,10449,0
44749,0,1,0,17385,0
44750,0,1,0,7,0
44751,0,1,0,2337,0
44752,0,2,0,45165,0
44753,0,1,0,68563,0
44754,0,2,0,3339,0
44755,0,1,0,41,0
44756,1,0,53934,0,0
44757,1,0,1467,0,0
44758,0,1,0,342,0
44759,0,2,0,3821,0
44760,1,4,2208,19247,0
44761,1,0,10323,0,0
44762,1,0,270,0,0
44763,2,0,7490,0,0
44764,0,13,0,159134,0
44765,2,2,17200,37045,0
44766,1,0,103837,0,0
44767,2,1,6804,13,0
44768,1,0,556,0,0
44769,1,0,2758,0,0
44770,1,0,175,0,0
44771,1,0,5678,0,0
44772,1,1,36558,21937,0
44773,1,0,13,0,0
44774,1,0,414,0,0
44775,0,2,0,2831,0
44776,0,1,0,9869,0
44777,0,1,0,5886,0
44778,0,1,0,7272,0
44779,0,1,0,967,0
44780,0,1,0,100006,0
44781,0,1,0,17787,0
44782,0,1,0,119291,0
44783,0,1,0,73,0
44784,0,1,0,17772,0
44785,0,1,0,482,0
44786,0,1,0,4296,0
44787,0,1,0,332,0
44788,0,1,0,224,0
44789,0,1,0,1707,0
44790,0,1,0,535,0
44791,0,1,0,355,0
44792,0,1,0,163,0
44793,0,1,0,4955,0
44794,0,1,0,6609,0
44795,0,1,0,1931,0
44796,0,1,0,88,0
44797,0,1,0,147081,0
44798,0,1,0,388,0
44799,1,2,1453,24462,0
44800,1,0,24127,0,0
44801,0,1,0,1939,0
44802,0,1,0,177551,0
44803,0,1,0,5075,0
44804,0,1,0,111,0
44805,0,1,0,1373,0
44806,0,1,0,860,0
44807,0,1,0,4241,0
44808,0,1,0,99,0
44809,0,1,0,755,0
44810,1,0,3656,0,0
44811,0,2,0,53,0
44812,0,1,0,18719,0
44813,0,1,0,2475,0
44814,1,0,122786,0,0
44815,1,0,339,0,0
44816,1,1,692,7770,0
44817,1,0,86,0,0
44818,1,0,563,0,0
44819,1,1,133,7226,0
44820,1,0,278247,0,0
44821,1,0,13758,0,0
44822,0,1,0,2221,0
44823,1,0,9,0,0
44824,0,1,0,491,0
44825,2,1,1954,350,0
44826,0,1,0,362,0
44827,0,2,0,6235,0
44828,0,3,0,22084,0
44829,1,0,1081,0,0
44830,0,1,0,511,0
44831,1,2,180,1060359,0
44832,1,1,281,2086,0
44833,0,2,0,13439,0
44834,1,1,13430,1191,0
44835,0,1,0,2910,0
44836,1,1,261,335,0
44837,1,0,207,0,0
44838,1,1,277,142,0
44839,0,1,0,1291,0
44840,1,2,335,5803,0
44841,0,1,0,3260,0
44842,0,1,0,33,0
44843,1,0,33,0,0
44844,0,1,0,350,0
44845,1,3,208,10105,0
44846,1,0,7710,0,0
44847,0,1,0,208,0
44848,0,1,0,4127,0
44849,0,1,0,3331,0
44850,1,2,195,8886,0
44851,1,1,183,789,0
44852,2,0,170,0,0
44853,0,1,0,763,0
44854,1,0,8310,0,0
44855,1,0,576,0,0
44856,0,1,0,1035,0
44857,1,1,41998,1306,0
44858,1,0,3650,0,0
44859,0,2,0,14248,0
44860,1,0,12795,0,0
44861,0,1,0,86,0
44862,0,1,0,1681,0
44863,0,2,0,17515,0
44864,1,0,1067,0,0
44865,0,2,0,11788,0
44866,0,1,0,390,0
44867,0,1,0,188,0
44868,0,1,0,5582,0
44869,0,1,0,1202,0
44870,0,1,0,4011,0
44871,1,2,396,36458,0
44872,4,0,34941,0,0
44873,0,1,0,755,0
44874,1,0,50963,0,0
44875,1,0,879,0,0
44876,1,1,27,14,0
44877,1,0,11,0,0
44878,1,1,2522,259,0
44879,1,1,488,11421,0
44880,1,0,7279,0,0
44881,1,1,157,14,0
44882,1,1,1383,2037,0
44883,1,1,39463,2558,0
44884,1,0,36917,0,0
44885,1,0,31,0,0
44886,1,0,7741,0,0
44887,1,0,1419,0,0
44888,1,1,4,75,0
44889,0,1,0,5468,0
44890,0,1,0,91,0
44891,0,1,0,153,0
44892,0,1,0,322,0
44893,0,1,0,308156,0
44894,0,1,0,1179,0
44895,0,1,0,3653,0
44896,0,4,0,19410,0
44897,1,0,14300,0,0
44898,1,0,1589,0,0
44899,0,1,0,267,0
44900,0,1,0,27487,0
44901,0,1,0,14,0
44902,0,1,0,287,0
44903,0,1,0,6139,0
44904,0,1,0,14972,0
44905,0,1,0,220,0
44906,0,1,0,237,0
44907,0,1,0,23934,0
44908,0,1,0,1579,0
44909,0,1,0,5606,0
44910,0,1,0,48802,0
44911,1,0,43467,0,0
44912,1,0,24204,0,0
44913,1,0,5147,0,0
44914,0,1,0,264,0
44915,0,3,0,147968,0
44916,1,0,144205,0,0
44917,2,0,776,0,0
44918,0,1,0,163,0
44919,0,2,0,9439,0
44920,4,5,20362,12213,0
44921,1,1,1925,7348,0
44922,0,1,0,1925,0
44923,1,1,449,19646,0
44924,0,1,0,17021,0
44925,0,1,0,2018,0
44926,0,1,0,58131,0
44927,0,1,0,358,0
44928,1,1,57860,8,1
44929,0,1,0,8418,0
44930,0,1,0,269,0
44931,0,1,0,525,0
44932,0,1,0,41,0
44933,0,1,0,15169,0
44934,0,1,0,2419,0
44935,0,1,0,1165,0
44936,0,1,0,550,0
44937,0,1,0,1339,0
44938,0,1,0,7446,0
44939,0,1,0,483,0
44940,1,0,68,0,0
44941,1,0,6214,0,0
44942,0,1,0,17795,0
44943,0,1,0,12308,0
44944,1,0,640,0,0
44945,0,1,0,4022,0
44946,0,2,0,726,0
44947,0,2,0,5716,0
44948,0,2,0,1195030,0
44949,1,1,893191,215561,0
44950,0,1,0,2013,0
44951,1,0,6293,0,0
44952,0,4,0,32242,0
44953,1,0,2126,0,0
44954,0,2,0,897698,0
44955,1,0,4507,0,0
44956,0,1,0,44,0
44957,0,1,0,2830,0
44958,0,1,0,6346,0
44959,0,1,0,445,0
44960,0,1,0,1249,0
44961,0,1,0,365,0
44962,0,1,0,1595,0
44963,0,1,0,4952,0
44964,0,1,0,4929,0
44965,0,1,0,2109,0
44966,0,1,0,25411,0
44967,0,1,0,3331,0
44968,0,1,0,523,0
44969,0,1,0,18015,0
44970,0,1,0,333,0
44971,0,1,0,11615,0
44972,0,1,0,1682,0
44973,0,1,0,1038,0
44974,0,1,0,957,0
44975,0,1,0,4595,0
44976,0,1,0,2369,0
44977,0,1,0,14132,0
44978,0,1,0,1399,0
44979,0,1,0,552,0
44980,0,1,0,28624,0
44981,0,1,0,6022,0
44982,0,1,0,3739,0
44983,0,1,0,129,0
44984,0,1,0,6598,0
44985,0,2,0,51697,0
44986,3,2,5005,1177,0
44987,4,2,27139,217,0
44988,0,1,0,2247,0
44989,0,1,0,694,0
44990,0,1,0,854,0
44991,0,1,0,5851,0
44992,0,1,0,285,0
44993,1,1,360,1534,0
44994,0,2,0,5241,0
44995,3,2,6745,19535,0
44996,2,0,262566,0,0
44997,0,3,0,520,0
44998,1,0,26,0,0
44999,1,1,300,88,0
45000,0,1,0,1080,0
45001,1,2,1122,23482,0
45002,0,2,0,142187,0
45003,0,2,0,15249,0
45004,1,1,12996,33,0
45005,0,2,0,2426,0
45006,0,1,0,74375,0
45007,0,1,0,26,0
45008,0,1,0,1167,0
45009,0,1,0,8,0
45010,0,1,0,605,0
45011,0,1,0,315,0
45012,0,2,0,123713,0
45013,0,1,0,339,0
45014,0,1,0,5657,0
45015,0,1,0,6250,0
45016,1,1,9863,36,0
45017,1,1,3968,19,0
45018,1,0,12262,0,0
45019,0,1,0,202,0
45020,0,1,0,12,0
45021,0,1,0,180,0
45022,0,1,0,539,0
45023,0,3,0,2715,0
45024,0,1,0,94356,0
45025,0,1,0,49,0
45026,0,2,0,2623,0
45027,0,1,0,2,0
45028,0,1,0,538,0
45029,0,2,0,203,0
45030,1,0,13,0,0
45031,0,1,0,4,0
45032,0,1,0,117976,0
45033,0,1,0,6246,0
45034,0,1,0,2861,0
45035,1,0,233,0,0
45036,1,0,34144,0,0
45037,1,0,9246,0,0
45038,1,1,1957,31533,0
45039,1,0,3173,0,0
45040,2,2,13398,172316,0
45041,0,2,0,2656,0
45042,0,1,0,7529,0
45043,0,1,0,310,0
45044,0,1,0,1037,0
45045,2,0,311843,0,0
45046,0,1,0,120,0
45047,0,1,0,15922,0
45048,0,1,0,101448,0
45049,0,1,0,3092,0
45050,1,2,94577,916,1
45051,4,4,135912,454572,0
45052,0,1,0,7815,0
45053,0,1,0,7117,0
45054,0,1,0,520,0
45055,0,1,0,24,0
45056,0,1,0,272,0
45057,0,1,0,278,0
45058,0,1,0,1,0
45059,0,4,0,21718,0
45060,1,0,302,0,0
45061,0,1,0,130,0
45062,0,1,0,22,0
45063,0,1,0,721,0
45064,1,0,73,0,0
45065,1,0,7237,0,0
45066,0,1,0,5398,0
45067,0,1,0,3932,0
45068,0,1,0,4076,0
45069,0,1,0,725,0
45070,0,1,0,328,0
45071,0,2,0,5643,0
45072,0,4,0,396883,0
45073,1,0,9020,0,0
45074,0,1,0,169549,0
45075,0,1,0,191,0
45076,1,1,7278,44,0
45077,0,1,0,3691,0
45078,0,2,0,50591,0
45079,0,1,0,45799,0
45080,0,1,0,2044,0
45081,0,1,0,5614,0
45082,0,1,0,2449,0
45083,0,1,0,13910,0
45084,0,1,0,5306,0
45085,0,1,0,18036,0
45086,0,1,0,118,0
45087,0,1,0,969,0
45088,0,1,0,88,0
45089,0,3,0,243039,0
45090,1,0,1738,0,0
45091,1,0,2897,0,0
45092,1,0,1800,0,0
45093,1,0,291,0,0
45094,1,0,2931,0,0
45095,1,0,431,0,0
45096,0,2,0,25174,0
45097,0,1,0,321,0
45098,0,1,0,3414,0
45099,0,1,0,40667,0
45100,0,1,0,5663,0
45101,0,1,0,4492,0
45102,0,1,0,30,0
45103,0,1,0,28,0
45104,1,0,354,0,0
45105,1,0,34520,0,0
45106,0,1,0,15884,0
45107,0,1,0,13833,0
45108,0,2,0,41561,0
45109,1,0,41483,0,0
45110,0,1,0,455,0
45111,0,1,0,58607,0
45112,0,1,0,4554,0
45113,0,1,0,2730,0
45114,0,1,0,6529,0
45115,0,1,0,2641,0
45116,0,1,0,237,0
45117,0,1,0,181,0
45118,0,1,0,3077,0
45119,0,7,0,221188,0
45120,1,0,196656,0,0
45121,1,0,9164,0,0
45122,1,0,312,0,0
45123,0,1,0,224,0
45124,0,1,0,3758,0
45125,0,1,0,15,0
45126,0,1,0,9759,0
45127,0,1,0,253935,0
45128,1,0,56090,0,0
45129,0,1,0,2294,0
45130,0,1,0,84,0
45131,0,1,0,4970,0
45132,0,1,0,1085,0
45133,0,1,0,1668,0
45134,0,1,0,79,0
45135,0,1,0,196,0
45136,0,1,0,181,0
45137,0,2,0,16806,0
45138,0,1,0,6852,0
45139,0,1,0,289,0
45140,0,1,0,349,0
45141,1,12,1455,128118,0
45142,1,0,2177,0,0
45143,1,1,955,1455,0
45144,1,0,43036,0,0
45145,1,0,1614,0,0
45146,1,0,55203,0,0
45147,1,0,3190,0,0
45148,1,0,790,0,0
45149,1,0,9082,0,0
45150,1,0,831,0,0
45151,1,1,1284,180,0
45152,0,1,0,1240,0
45153,0,1,0,2353,0
45154,0,1,0,80872,0
45155,0,1,0,817,0
45156,0,1,0,3344,0
45157,0,1,0,548,0
45158,0,2,0,395872,0
45159,1,1,3,17,0
45160,0,1,0,656,0
45161,1,2,6826,3357,0
45162,0,1,0,6826,0
45163,4,2,1707,5848234,0
45164,1,1,5848224,535,0
45165,1,0,1122,0,0
45166,0,1,0,13281,0
45167,0,1,0,974,0
45168,0,1,0,813,0
45169,1,2,256733,326292,0
45170,0,1,0,2,0
45171,0,1,0,990,0
45172,7,1,37752,180,0
45173,0,1,0,60,0
45174,0,1,0,6312,0
45175,0,1,0,29101,0
45176,0,1,0,1829,0
45177,0,1,0,49,0
45178,0,1,0,81,0
45179,0,1,0,1318,0
45180,0,1,0,112154,0
45181,0,1,0,56559,0
45182,0,1,0,620,0
45183,0,1,0,176354,0
45184,0,1,0,30,0
45185,0,1,0,86,0
45186,0,1,0,9580,0
45187,0,1,0,7083,0
45188,0,1,0,6776,0
45189,0,1,0,8838,0
45190,0,1,0,12807,0
45191,0,1,0,71,0
45192,0,1,0,16735,0
45193,0,1,0,236,0
45194,0,1,0,1395,0
45195,0,1,0,1557,0
45196,0,1,0,1597,0
45197,0,2,0,4885,0
45198,2,0,3042,0,0
45199,0,1,0,627,0
45200,0,2,0,13598,0
45201,2,0,24696,0,0
45202,0,1,0,6,0
45203,0,1,0,913,0
45204,0,2,0,194,0
45205,1,4,25,8183,0
45206,1,2,2184,59968,0
45207,1,0,19,0,0
45208,1,0,14911,0,0
45209,0,3,0,1781,0
45210,1,0,854,0,0
45211,2,0,3729,0,0
45212,1,0,201,0,0
45213,1,0,50,0,0
45214,2,1,81295,55,0
45215,2,1,37727,11,0
45216,1,0,8593,0,0
45217,1,0,746,0,0
45218,1,0,198,0,0
45219,1,1,132,6077,0
45220,0,2,0,948,0
45221,0,4,0,41204,0
45222,1,0,58,0,0
45223,1,0,7578,0,0
45224,0,1,0,12350,0
45225,0,1,0,15631,0
45226,0,1,0,12,0
45227,0,1,0,90,0
45228,0,1,0,33,0
45229,0,1,0,176379,0
45230,0,2,0,1627,0
45231,1,0,5830,0,0
45232,0,1,0,679,0
45233,0,1,0,16573,0
45234,0,1,0,360,0
45235,0,1,0,67134,0
45236,0,1,0,9567,0
45237,0,1,0,58969,0
45238,0,1,0,743,0
45239,0,1,0,318,0
45240,0,1,0,307,0
45241,0,1,0,1605,0
45242,0,1,0,2192,0
45243,0,1,0,1528,0
45244,0,1,0,931,0
45245,0,1,0,10143,0
45246,0,1,0,2558,0
45247,0,1,0,18392,0
45248,0,2,0,8516204,0
45249,0,1,0,129997,0
45250,1,0,37,0,0
45251,2,0,1240,0,0
45252,1,0,1318,0,0
45253,1,6,74464,38414,0
45254,3,1,338537,74464,0
45255,1,0,689,0,0
45256,1,0,398,0,0
45257,1,0,652,0,0
45258,2,1,36214,473,0
45259,0,1,0,748,0
45260,0,1,0,2194,0
45261,0,1,0,4723,0
45262,0,1,0,8422,0
45263,0,1,0,29,0
45264,0,5,0,14037,0
45265,1,0,8467,0,0
45266,1,0,73,0,0
45267,0,1,0,14,0
45268,0,1,0,9,0
45269,0,1,0,99,0
45270,0,1,0,8964,0
45271,0,1,0,496425,0
45272,1,0,128,0,0
45273,3,0,7016,0,0
45274,0,1,0,633,0
45275,0,1,0,464,0
45276,1,4,4,859955,0
45277,1,0,129,0,0
45278,1,0,853435,0,0
45279,0,1,0,4,0
45280,0,1,0,2400,0
45281,0,1,0,447,0
45282,0,1,0,93897,0
45283,3,5,947,21952,0
45284,2,0,3424,0,0
45285,1,0,14633,0,0
45286,1,0,1390,0,0
45287,1,4,37,38581,0
45288,1,0,13999,0,0
45289,1,0,20,0,0
45290,1,0,1805,0,0
45291,0,1,0,12,0
45292,0,1,0,14696,0
45293,0,1,0,1714,0
45294,0,1,0,185459,0
45295,0,1,0,654,0
45296,0,2,0,36079,0
45297,0,1,0,1022,0
45298,0,1,0,868,0
45299,0,1,0,8080,0
45300,0,1,0,185945,0
45301,0,1,0,207,0
45302,0,1,0,180,0
45303,0,1,0,10029,0
45304,0,5,0,90139,0
45305,1,0,60573,0,0
45306,0,2,0,54581,0
45307,0,1,0,3,0
45308,0,1,0,51945,0
45309,0,1,0,215,0
45310,0,1,0,27183,0
45311,0,1,0,1296,0
45312,0,1,0,47523,0
45313,0,1,0,15,0
45314,0,1,0,982600,0
45315,0,1,0,3811,0
45316,0,1,0,18991,0
45317,0,1,0,14970,0
45318,0,1,0,27472,0
45319,0,1,0,79,0
45320,0,1,0,244,0
45321,0,1,0,110,0
45322,0,1,0,28244,0
45323,0,1,0,1212,0
45324,0,1,0,6706,0
45325,0,1,0,6899,0
45326,0,1,0,31076,0
45327,0,1,0,143,0
45328,0,3,0,9796,0
45329,1,0,7728,0,0
45330,0,2,0,29968,0
45331,1,0,29721,0,0
45332,0,1,0,2863,0
45333,0,1,0,1087,0
45334,0,1,0,135,0
45335,0,1,0,2158,0
45336,3,5,31412,190403,0
45337,1,0,11447,0,0
45338,1,0,531,0,0
45339,1,0,62656,0,0
45340,0,3,0,224997,0
45341,1,0,5078,0,0
45342,0,5,0,31657,0
45343,1,0,750,0,0
45344,0,2,0,11521,0
45345,0,8,0,23584,0
45346,1,0,5658,0,0
45347,1,0,1652,0,0
45348,1,0,333,0,0
45349,0,3,0,17907,0
45350,1,0,237,0,0
45351,2,1,2067,1361,0
45352,0,1,0,971,0
45353,0,1,0,250,0
45354,0,3,0,39307,0
45355,1,0,900,0,0
45356,0,1,0,3958,0
45357,2,2,24208,3728,0
45358,0,2,0,1334,0
45359,0,3,0,91576,0
45360,1,0,3506,0,0
45361,1,1,122,4523,0
45362,0,1,0,2932,0
45363,0,1,0,186,0
45364,0,1,0,1056,0
45365,0,1,0,101654,0
45366,0,1,0,206,0
45367,0,1,0,21214,0
45368,0,2,0,2891,0
45369,1,1,535,57245,0
45370,0,1,0,7715,0
45371,0,1,0,7330,0
45372,1,1,7905,168,0
45373,0,1,0,38639,0
45374,0,1,0,158,0
45375,0,1,0,27791,0
45376,0,1,0,17079,0
45377,1,0,16773,0,0
45378,1,0,2996,0,0
45379,1,0,10993,0,0
45380,0,1,0,191,0
45381,0,1,0,231,0
45382,4,1,72535,16,0
45383,0,1,0,488,0
45384,0,2,0,1775,0
45385,0,1,0,27491,0
45386,1,2,465,2939,0
45387,1,3,2209,1787,0
45388,0,1,0,9252,0
45389,0,1,0,798,0
45390,0,1,0,178,0
45391,0,1,0,67238,0
45392,0,2,0,110324,0
45393,0,1,0,1794,0
45394,1,0,155,0,0
45395,2,0,1396,0,0
45396,1,0,649,0,0
45397,1,0,25,0,0
45398,1,1,61515,1682,0
45399,1,0,249,0,0
45400,0,5,0,24399,0
45401,1,0,3964,0,0
45402,1,0,11889,0,0
45403,1,0,1681,0,0
45404,0,1,0,5578,0
45405,0,1,0,25137,0
45406,0,1,0,2474,0
45407,1,4,4380,8244,0
45408,2,0,4087,0,0
45409,1,0,187,0,0
45410,0,1,0,983,0
45411,0,1,0,4998,0
45412,0,2,0,3364,0
45413,1,1,74,72,0
45414,0,2,0,2773,0
45415,0,4,0,143881,0
45416,0,1,0,1492,0
45417,0,2,0,472,0
45418,5,1,11024,1381876,0
45419,1,0,1381876,0,0
45420,0,1,0,4309,0
45421,0,1,0,1255,0
45422,0,1,0,35763,0
45423,1,1,42570,407,0
45424,0,1,0,345,0
45425,0,3,0,73193,0
45426,1,0,19560,0,0
45427,0,1,0,42570,0
45428,0,1,0,2010,0
45429,2,3,12790,58970,0
45430,1,0,56864,0,0
45431,0,1,0,11142,0
45432,0,1,0,1648,0
45433,2,1,10741,18,0
45434,1,0,651,0,0
45435,1,0,7416,0,0
45436,1,0,120,0,0
45437,1,0,33588,0,0
45438,1,1,12758,10,0
45439,1,0,18619,0,0
45440,1,0,1080,0,0
45441,0,1,0,803,0
45442,1,0,19866,0,0
45443,1,0,59462,0,0
45444,1,1,51596,28423,0
45445,1,0,2108,0,0
45446,1,0,708,0,0
45447,1,0,60,0,0
45448,1,0,684,0,0
45449,1,0,5169,0,0
45450,1,0,83,0,0
45451,1,0,8776,0,0
45452,0,1,0,87607,0
45453,0,1,0,1884,0
45454,0,1,0,533,0
45455,0,1,0,262,0
45456,0,1,0,40918,0
45457,0,1,0,3361,0
45458,0,1,0,1298,0
45459,0,2,0,18222,0
45460,7,0,18877,0,0
45461,1,0,257,0,0
45462,0,1,0,190118,0
45463,0,1,0,7518,0
45464,0,1,0,3759,0
45465,0,1,0,729,0
45466,0,1,0,275014,0
45467,0,2,0,62,0
45468,0,1,0,536,0
45469,0,1,0,251,0
45470,0,1,0,212992,0
45471,0,2,0,914,0
45472,0,1,0,22559,0
45473,0,1,0,234,0
45474,0,1,0,208,0
45475,0,1,0,36,0
45476,0,1,0,491,0
45477,0,1,0,34,0
45478,0,2,0,4939,0
45479,0,1,0,106,0
45480,0,1,0,1664,0
45481,0,4,0,626576,0
45482,4,1,296027,783,0
45483,0,1,0,756,0
45484,0,1,0,5460,0
45485,0,1,0,263,0
45486,0,1,0,224,0
45487,0,1,0,4251,0
45488,0,1,0,20,0
45489,0,1,0,46,0
45490,0,1,0,123,0
45491,0,1,0,126,0
45492,0,1,0,1866,0
45493,0,1,0,64,0
45494,0,1,0,102860,0
45495,0,1,0,3423,0
45496,0,1,0,1918,0
45497,0,1,0,6750,0
45498,0,1,0,3,0
45499,0,1,0,13488,0
45500,0,1,0,10700,0
45501,0,2,0,67344,0
45502,1,0,1771,0,0
45503,1,1,112128,566,0
45504,1,1,833,274141,0
45505,1,0,101868,0,0
45506,1,0,12353,0,0
45507,1,2,566,420,0
45508,0,1,0,13678,0
45509,0,1,0,272,0
45510,0,1,0,5501,0
45511,0,1,0,2857,0
45512,0,1,0,978,0
45513,0,1,0,158000,0
45514,0,2,0,61367,0
45515,0,2,0,938,0
45516,0,1,0,37701,0
45517,0,2,0,1473,0
45518,0,1,0,12338,0
45519,0,1,0,14933,0
45520,0,1,0,3220,0
45521,0,1,0,9663,0
45522,1,0,342,0,0
45523,6,1,38664,16406,0
45524,1,3,494,7722,0
45525,1,2,1903,33304,0
45526,2,2,35238,9029,0
45527,0,1,0,27372,0
45528,0,1,0,1179,0
45529,0,1,0,126,0
45530,0,1,0,2581716,0
45531,0,1,0,1907,0
45532,0,2,0,831,0
45533,0,1,0,2113,0
45534,0,1,0,34,0
45535,0,1,0,6644,0
45536,0,1,0,660,0
45537,0,1,0,1517,0
45538,0,1,0,1456,0
45539,0,1,0,77623,0
45540,0,1,0,23,0
45541,0,2,0,7602,0
45542,0,1,0,70,0
45543,1,1,253,11522,0
45544,0,1,0,8099,0
45545,0,1,0,70139,0
45546,0,1,0,62315,0
45547,0,1,0,124,0
45548,0,1,0,404,0
45549,0,2,0,83959,0
45550,0,2,0,25250,0
45551,1,0,3497,0,0
45552,0,4,0,221457,0
45553,1,0,7809,0,0
45554,1,0,1354,0,0
45555,1,0,205010,0,0
45556,0,1,0,2094,0
45557,3,0,212773,0,0
45558,0,1,0,103,0
45559,0,1,0,1327,0
45560,0,1,0,71,0
45561,0,1,0,198,0
45562,0,1,0,1323,0
45563,0,1,0,29,0
45564,0,1,0,846,0
45565,0,1,0,311,0
45566,0,1,0,3054,0
45567,0,1,0,162,0
45568,0,1,0,19802,0
45569,0,1,0,1499,0
45570,0,1,0,3085,0
45571,0,1,0,338,0
45572,1,0,2127,0,0
45573,0,1,0,48910,0
45574,0,6,0,18432,0
45575,1,1,64962,20114,0
45576,0,1,0,247,0
45577,0,1,0,138,0
45578,0,5,0,11387,0
45579,1,0,2501,0,0
45580,1,0,77,0,0
45581,0,1,0,626,0
45582,2,1,10853,12115,0
45583,0,1,0,158,0
45584,0,1,0,69778,0
45585,0,1,0,1038,0
45586,1,0,4819,0,0
45587,3,2,69151,104234,0
45588,1,0,101959,0,0
45589,1,1,150,11474,0
45590,1,0,1053,0,0
45591,0,2,0,43,0
45592,1,1,35,320,0
45593,0,1,0,362,0
45594,0,1,0,160,0
45595,0,1,0,68629,0
45596,0,1,0,2581,0
45597,1,1,29525,464,0
45598,0,1,0,38381,0
45599,0,2,0,61357,0
45600,0,1,0,1906,0
45601,0,1,0,1256,0
45602,1,4,38,269309,0
45603,1,0,14085,0,0
45604,1,0,239839,0,0
45605,0,1,0,7795,0
45606,0,1,0,1869,0
45607,0,1,0,243,0
45608,0,1,0,23,0
45609,0,2,0,2808,0
45610,0,3,0,69488,0
45611,0,2,0,29837,0
45612,1,1,25436,1211,0
45613,0,1,0,5347,0
45614,0,2,0,4771,0
45615,0,2,0,2375,0
45616,0,1,0,1648,0
45617,0,2,0,1175,0
45618,0,1,0,29333,0
45619,0,2,0,15715,0
45620,1,0,350,0,0
45621,0,1,0,675,0
45622,0,2,0,49125,0
45623,1,0,1058,0,0
45624,1,0,10851,0,0
45625,0,2,0,3198,0
45626,2,0,61160,0,0
45627,3,6,1999,133456,0
45628,1,0,536,0,0
45629,1,2,26394,766,0
45630,1,0,529,0,0
45631,3,4,6831,215357,0
45632,1,0,971,0,0
45633,1,1,39800,320,0
45634,1,1,280,936,0
45635,1,0,2084,0,0
45636,0,1,0,26394,0
45637,0,2,0,61854,0
45638,1,1,842,26691,0
45639,0,1,0,20513,0
45640,1,1,695,289,0
45641,2,2,323,8258,0
45642,1,0,720,0,0
45643,1,0,2794,0,0
45644,0,2,0,9174,0
45645,0,2,0,4896,0
45646,1,0,4862,0,0
45647,1,0,103832,0,0
45648,1,1,552,3775,0
45649,0,2,0,474,0
45650,0,1,0,4736,0
45651,0,1,0,1779,0
45652,0,1,0,7839,0
45653,0,1,0,824,0
45654,0,1,0,3171,0
45655,0,1,0,5637,0
45656,0,1,0,556,0
45657,1,0,6422,0,0
45658,0,2,0,796,0
45659,1,0,3,0,0
45660,0,1,0,135,0
45661,0,2,0,35752,0
45662,0,1,0,433,0
45663,0,1,0,1447,0
45664,0,1,0,395,0
45665,0,1,0,40024,0
45666,7,2,180915,47181,0
45667,0,1,0,1373,0
45668,0,1,0,407,0
45669,1,0,358,0,0
45670,1,0,34,0,0
45671,0,1,0,159472,0
45672,0,1,0,4440,0
45673,0,1,0,215,0
45674,0,1,0,11735,0
45675,0,1,0,91,0
45676,0,1,0,2735,0
45677,0,1,0,318,0
45678,0,1,0,210344,0
45679,0,2,0,27406,0
45680,0,1,0,360,0
45681,0,1,0,2635,0
45682,0,1,0,2620,0
45683,0,1,0,1562,0
45684,0,1,0,444,0
45685,0,3,0,16817,0
45686,0,1,0,453,0
45687,0,1,0,627,0
45688,0,1,0,50578,0
45689,1,2,79040,27267,0
45690,0,2,0,7975,0
45691,1,0,6479,0,0
45692,0,2,0,1158,0
45693,0,1,0,2744,0
45694,2,1,446,765,0
45695,2,2,1095,1899,0
45696,0,1,0,10007,0
45697,0,1,0,87,0
45698,0,1,0,271,0
45699,0,4,0,37906,0
45700,1,1,34801,4,0
45701,1,0,55,0,0
45702,1,0,782,0,0
45703,1,2,191,26420,0
45704,0,3,0,8717,0
45705,1,1,146,926,0
45706,1,0,9954,0,0
45707,1,0,203203,0,0
45708,1,0,926,0,0
45709,0,1,0,20398,0
45710,0,1,0,415,0
45711,0,7,0,106460,0
45712,3,1,45862,3697,0
45713,1,0,67,0,0
45714,1,0,5999,0,0
45715,1,3,181,309744,0
45716,1,0,10869,0,0
45717,1,2,76094,6818,0
45718,0,1,0,827064,0
45719,1,3,5042,150882,0
45720,1,0,4768,0,0
45721,1,0,145498,0,0
45722,0,1,0,65,0
45723,0,1,0,173,0
45724,0,1,0,17997,0
45725,0,1,0,278,0
45726,0,1,0,38,0
45727,0,2,0,8890,0
45728,0,1,0,48757,0
45729,0,2,0,88421,0
45730,0,1,0,983,0
45731,0,1,0,9453,0
45732,0,1,0,104,0
45733,0,1,0,2736412,0
45734,5,2,4557,7670,0
45735,1,0,7648,0,0
45736,2,2,5045,1483,0
45737,0,1,0,955,0
45738,0,1,0,3046,0
45739,0,1,0,75,0
45740,0,1,0,358,0
45741,0,1,0,123,0
45742,1,0,1372,0,0
45743,1,0,318,0,0
45744,1,0,3481,0,0
45745,1,0,207,0,0
45746,1,0,196,0,0
45747,0,1,0,3860,0
45748,0,1,0,10750,0
45749,0,1,0,97103,0
45750,0,1,0,2839,0
45751,0,2,0,11552,0
45752,0,2,0,19882,0
45753,3,0,19407,0,0
45754,0,1,0,1866,0
45755,1,1,7916,178,0
45756,0,1,0,51683,0
45757,0,1,0,6110,0
45758,1,0,52344,0,0
45759,0,1,0,628,0
45760,0,1,0,6724,0
45761,0,1,0,821,0
45762,0,1,0,694,0
45763,0,1,0,19,0
45764,0,1,0,18180,0
45765,0,3,0,89238,0
45766,1,0,2744,0,0
45767,0,1,0,1067,0
45768,0,5,0,98966,0
45769,1,0,59107,0,0
45770,1,0,3554,0,0
45771,0,2,0,194,0
45772,1,0,117,0,0
45773,1,2,197,1179,0
45774,1,1,690,197,0
45775,0,1,0,8717,0
45776,0,1,0,29856,0
45777,0,1,0,538,0
45778,1,0,3503,0,0
45779,1,0,3482,0,0
45780,0,1,0,13059,0
45781,0,1,0,3978,0
45782,0,1,0,359,0
45783,0,2,0,1774,0
45784,0,1,0,535,0
45785,0,1,0,255,0
45786,0,1,0,9917,0
45787,0,1,0,179,0
45788,0,1,0,66,0
45789,0,3,0,12337,0
45790,0,3,0,25401,0
45791,1,0,1363,0,0
45792,1,0,53139,0,0
45793,1,2,1388,5468,0
45794,0,1,0,251,0
45795,0,1,0,27008,0
45796,0,2,0,10544,0
45797,0,3,0,3196,0
45798,3,0,2730,0,0
45799,0,1,0,47,0
45800,0,1,0,1724,0
45801,0,1,0,678,0
45802,0,4,0,4515,0
45803,1,0,75,0,0
45804,1,0,592,0,0
45805,0,2,0,16734,0
45806,0,1,0,23511,0
45807,1,0,360,0,0
45808,0,2,0,6620,0
45809,0,1,0,126,0
45810,0,1,0,3915,0
45811,0,1,0,80,0
45812,0,2,0,34854,0
45813,0,1,0,295,0
45814,0,1,0,62,0
45815,0,1,0,170,0
45816,0,1,0,875,0
45817,0,1,0,30078,0
45818,0,1,0,6910,0
45819,0,1,0,1996,0
45820,0,1,0,688,0
45821,1,1,111,2679,0
45822,0,13,0,193124,0
45823,1,0,3339,0,0
45824,1,0,14645,0,0
45825,1,0,3547,0,0
45826,2,0,1458,0,0
45827,1,0,3712,0,0
45828,1,0,901,0,0
45829,1,0,113256,0,0
45830,1,0,32391,0,0
45831,1,0,8828,0,0
45832,0,1,0,617,0
45833,0,1,0,169,0
45834,0,1,0,1339,0
45835,1,1,1992,588,0
45836,0,1,0,636,0
45837,0,1,0,5011,0
45838,0,1,0,28565,0
45839,4,2,124119,751,0
45840,1,1,562,25,0
45841,0,1,0,1166,0
45842,0,1,0,0,0
45843,0,1,0,74619,0
45844,0,1,0,48334,0
45845,0,2,0,4886,0
45846,1,4,13,13940,0
45847,2,0,3354,0,0
45848,1,0,289,0,0
45849,0,1,0,16281,0
45850,0,6,0,8173,0
45851,3,0,1803,0,0
45852,1,0,1412,0,0
45853,0,1,0,214,0
45854,0,1,0,48896,0
45855,2,1,10700,422,0
45856,0,1,0,59,0
45857,1,0,26121,0,0
45858,1,0,606,0,0
45859,1,0,580,0,0
45860,0,2,0,12958,0
45861,1,1,3087,65137,0
45862,0,1,0,3150,0
45863,0,1,0,768,0
45864,0,1,0,250,0
45865,0,1,0,114,0
45866,0,1,0,71894,0
45867,0,1,0,1566,0
45868,0,1,0,2265,0
45869,0,1,0,712,0
45870,0,1,0,16,0
45871,1,1,104,1268,0
45872,3,4,2474,139141,0
45873,1,0,2788,0,0
45874,1,0,2750,0,0
45875,1,1,2156,818,0
45876,0,1,0,329,0
45877,0,1,0,28205,0
45878,0,1,0,604,0
45879,0,1,0,2555,0
45880,0,1,0,282,0
45881,0,1,0,4217,0
45882,0,1,0,111,0
45883,0,1,0,39538,0
45884,0,1,0,537,0
45885,0,1,0,108,0
45886,0,1,0,9,0
45887,0,1,0,165,0
45888,0,1,0,13983,0
45889,0,4,0,2006,0
45890,1,0,1522,0,0
45891,2,2,1139,454040,0
45892,1,1,451110,266,0
45893,0,3,0,4514,0
45894,1,5,17797,33402,0
45895,1,0,16902,0,0
45896,1,0,1918,0,0
45897,2,1,189803,17797,0
45898,0,2,0,4463,0
45899,0,1,0,10,0
45900,0,1,0,14144,0
45901,0,1,0,283,0
45902,0,1,0,1621,0
45903,0,1,0,176,0
45904,0,2,0,14496,0
45905,0,1,0,2493,0
45906,0,1,0,302,0
45907,0,1,0,9474,0
45908,0,2,0,21576,0
45909,2,1,5996,13573,0
45910,0,1,0,119,0
45911,0,1,0,2794,0
45912,0,1,0,2742,0
45913,0,2,0,1893,0
45914,0,3,0,26489,0
45915,1,1,8308,1139,0
45916,0,2,0,46864,0
45917,2,0,46539,0,0
45918,0,2,0,4298,0
45919,0,1,0,13850,0
45920,0,1,0,35555,0
45921,1,0,2135,0,0
45922,0,1,0,805,0
45923,0,1,0,44756,0
45924,1,2,23316,9490,0
45925,1,0,1830,0,0
45926,0,1,0,140,0
45927,0,1,0,921,0
45928,0,1,0,933,0
45929,0,1,0,27354,0
45930,0,1,0,2364,0
45931,0,1,0,1146,0
45932,0,2,0,21795,0
45933,1,1,21111,7315,0
45934,0,1,0,309983,0
45935,0,1,0,650,0
45936,0,1,0,308,0
45937,0,2,0,65118,0
45938,0,1,0,598,0
45939,1,1,749,668,0
45940,0,1,0,30489,0
45941,0,1,0,1,0
45942,0,1,0,675,0
45943,0,1,0,88,0
45944,0,1,0,1542,0
45945,0,2,0,756,0
45946,1,0,7,0,0
45947,0,1,0,578,0
45948,0,1,0,545,0
45949,0,1,0,877,0
45950,0,1,0,1141,0
45951,0,1,0,4487,0
45952,0,1,0,10436,0
45953,0,1,0,6735,0
45954,0,1,0,36797,0
45955,0,2,0,516,0
45956,1,1,359,3351,0
45957,0,1,0,3,0
45958,0,1,0,67181,0
45959,1,4,2626,2018,0
45960,1,0,47,0,0
45961,2,6,2876,10075,0
45962,1,0,3781,0,0
45963,1,1,1458,225,0
45964,1,0,101,0,0
45965,1,0,946,0,0
45966,0,1,0,3152,0
45967,0,1,0,2884,0
45968,0,1,0,807,0
45969,1,1,1736,8267,0
45970,0,1,0,3279,0
45971,0,1,0,35,0
45972,0,1,0,101,0
45973,0,1,0,3137,0
45974,0,1,0,2091,0
45975,0,1,0,2045,0
45976,0,1,0,13659,0
45977,0,2,0,2134,0
45978,0,2,0,260,0
45979,0,1,0,3655,0
45980,0,1,0,177,0
45981,0,1,0,1604,0
45982,0,1,0,2166,0
45983,0,1,0,8581,0
45984,0,1,0,318,0
45985,0,1,0,17034,0
45986,0,1,0,2734,0
45987,0,1,0,64,0
45988,0,1,0,380,0
45989,0,1,0,4080,0
45990,0,1,0,8604,0
45991,0,1,0,2,0
45992,0,1,0,1689,0
45993,0,3,0,8632,0
45994,1,0,266,0,0
45995,0,1,0,21465,0
45996,0,1,0,3330,0
45997,9,2,379550,6228,0
45998,1,0,5176,0,0
45999,0,1,0,2386,0
46000,0,1,0,97747,0
46001,0,1,0,161,0
46002,0,1,0,31350,0
46003,0,1,0,432,0
46004,0,1,0,246106,0
46005,0,1,0,154,0
46006,0,1,0,191,0
46007,0,1,0,1023,0
46008,0,1,0,245179,0
46009,0,1,0,2869,0
46010,0,1,0,470,0
46011,0,1,0,784,0
46012,0,1,0,2326,0
46013,0,1,0,14394,0
46014,0,1,0,432,0
46015,0,1,0,2128,0
46016,0,1,0,657,0
46017,0,1,0,10308,0
46018,3,7,92946,15335,0
46019,1,0,2679,0,0
46020,1,0,4568,0,0
46021,1,0,218,0,0
46022,1,0,553,0,0
46023,1,0,566,0,0
46024,0,1,0,2771,0
46025,0,1,0,811,0
46026,0,1,0,89364,0
46027,0,1,0,3135,0
46028,0,1,0,10112,0
46029,1,1,1227,53016,0
46030,0,1,0,1227,0
46031,0,1,0,8676,0
46032,0,1,0,4705,0
46033,0,1,0,11907,0
46034,0,2,0,35682,0
46035,0,1,0,460,0
46036,0,1,0,567,0
46037,0,1,0,406,0
46038,0,1,0,7437,0
46039,0,1,0,61527,0
46040,0,1,0,1435,0
46041,0,1,0,5797,0
46042,0,1,0,389,0
46043,0,1,0,4784,0
46044,1,0,5673,0,0
46045,2,1,4939,86314,0
46046,0,1,0,333,0
46047,0,1,0,41156,0
46048,0,2,0,80725,0
46049,0,2,0,7549,0
46050,0,4,0,18208,0
46051,2,0,5509,0,0
46052,1,0,13029,0,0
46053,3,2,11888,31513,0
46054,1,0,30480,0,0
46055,1,1,6,10,0
46056,0,2,0,5774,0
46057,1,1,1258,21202,0
46058,1,1,21202,7362,0
46059,1,2,13826,1243,0
46060,1,0,1237,0,0
46061,0,1,0,13826,0
46062,0,1,0,12289,0
46063,0,1,0,37,0
46064,0,1,0,16329,0
46065,0,1,0,29506,0
46066,0,3,0,20797,0
46067,1,0,19223,0,0
46068,1,0,3614,0,0
46069,1,0,37976,0,0
46070,1,0,2661,0,0
46071,1,0,3882,0,0
46072,1,1,3674,742,0
46073,0,1,0,201,0
46074,0,1,0,2507,0
46075,0,1,0,186,0
46076,0,2,0,7072,0
46077,4,1,96189,145,0
46078,3,1,4224,198143,0
46079,0,1,0,294,0
46080,0,3,0,15240,0
46081,1,0,16406,0,0
46082,1,0,696,0,0
46083,0,1,0,18558,0
46084,0,1,0,13779,0
46085,0,1,0,1575,0
46086,0,1,0,328,0
46087,0,1,0,699,0
46088,0,1,0,6749,0
46089,1,3,1373,6888,0
46090,1,1,0,1373,0
46091,0,1,0,29,0
46092,0,1,0,76,0
46093,0,1,0,11887,0
46094,0,1,0,2608,0
46095,0,1,0,363,0
46096,0,1,0,108,0
46097,0,2,0,5488,0
46098,2,0,9633,0,0
46099,0,2,0,7818,0
46100,1,2,3821,2156,0
46101,1,2,2026,4401,0
46102,0,1,0,2619,0
46103,0,1,0,763,0
46104,0,1,0,3079,0
46105,0,1,0,756,0
46106,0,3,0,13835,0
46107,0,1,0,476,0
46108,0,1,0,699,0
46109,0,1,0,209,0
46110,0,1,0,296,0
46111,0,1,0,315,0
46112,0,1,0,4711,0
46113,0,1,0,532,0
46114,0,1,0,5379,0
46115,0,2,0,167476,0
46116,4,4,162815,61547,0
46117,1,0,51726,0,0
46118,0,1,0,44971,0
46119,0,1,0,835,0
46120,0,1,0,1073,0
46121,0,1,0,1219,0
46122,0,1,0,126431,0
46123,0,1,0,18,0
46124,1,0,870,0,0
46125,0,1,0,6164,0
46126,0,2,0,34599,0
46127,0,1,0,67277,0
46128,1,0,958,0,0
46129,1,0,3262,0,0
46130,2,0,106835,0,0
46131,1,0,4105,0,0
46132,1,0,409,0,0
46133,1,3,840,42439,0
46134,1,0,494,0,0
46135,0,5,0,434901,0
46136,1,0,21369,0,0
46137,1,2,1197,83832,1
46138,0,1,0,16741,0
46139,0,1,0,595985,0
46140,0,1,0,1456,0
46141,0,2,0,22505,0
46142,0,1,0,6826,0
46143,0,1,0,861,0
46144,0,1,0,1499,0
46145,1,1,757,34209,0
46146,1,0,97381,0,0
46147,1,0,35772,0,0
46148,1,2,2831,12734,0
46149,1,0,3441,0,0
46150,1,0,3036,0,0
46151,4,4,201733,291216,0
46152,1,0,1099,0,0
46153,1,1,1351,176079,0
46154,1,0,276874,0,0
46155,0,1,0,488,0
46156,0,1,0,9858,0
46157,0,3,0,16334,0
46158,1,0,177,0,0
46159,1,1,849,9532,0
46160,1,4,153,3973,0
46161,0,2,0,3440,0
46162,0,1,0,102638,0
46163,0,2,0,876,0
46164,1,2,12675,1774,0
46165,1,0,1533,0,0
46166,0,1,0,12675,0
46167,0,1,0,1556,0
46168,0,1,0,2594,0
46169,0,1,0,1715,0
46170,0,1,0,2099,0
46171,0,1,0,13662,0
46172,0,1,0,7198,0
46173,0,1,0,82,0
46174,0,2,0,5490,0
46175,0,1,0,1916,0
46176,0,1,0,22481,0
46177,0,1,0,9889,0
46178,0,1,0,297,0
46179,0,1,0,2808,0
46180,3,3,7347,1542054,0
46181,1,0,56967,0,0
46182,1,1,1067,4601,0
46183,0,1,0,565,0
46184,0,1,0,2181,0
46185,0,1,0,501,0
46186,0,1,0,843,0
46187,0,1,0,95,0
46188,0,1,0,1074,0
46189,0,1,0,212,0
46190,0,1,0,48348,0
46191,0,4,0,1126,0
46192,1,0,23,0,0
46193,1,6,77,19999,0
46194,1,0,30476,0,0
46195,1,0,657391,0,0
46196,1,0,2458,0,0
46197,1,0,150,0,0
46198,1,0,2646,0,0
46199,0,1,0,1540,0
46200,0,1,0,1288,0
46201,0,2,0,2429,0
46202,1,0,44,0,0
46203,0,1,0,65316,0
46204,0,1,0,7866,0
46205,0,1,0,25,0
46206,1,0,173,0,0
46207,1,0,3912,0,0
46208,1,1,39,20634,0
46209,0,2,0,31586,0
46210,0,2,0,231,0
46211,0,1,0,180130,0
46212,0,1,0,59,0
46213,0,1,0,25000,0
46214,0,1,0,22,0
46215,0,1,0,19777,0
46216,0,1,0,14019,0
46217,0,1,0,198,0
46218,0,1,0,143,0
46219,0,1,0,7087,0
46220,0,1,0,229,0
46221,2,3,34180,10473,0
46222,0,1,0,24954,0
46223,0,2,0,52589,0
46224,1,1,10851,371,0
46225,0,1,0,413,0
46226,2,6,2445,411283,0
46227,1,0,373494,0,0
46228,1,0,52,0,0
46229,1,0,15437,0,0
46230,1,0,14745,0,0
46231,0,1,0,2321,0
46232,0,1,0,1027,0
46233,0,1,0,19576,0
46234,0,1,0,665,0
46235,0,1,0,31,0
46236,0,1,0,15791,0
46237,2,1,12494,34055,0
46238,0,1,0,1020,0
46239,1,4,260,27044,0
46240,0,1,0,260,0
46241,0,1,0,67805,0
46242,2,5,1227,14753,0
46243,1,0,2377,0,0
46244,1,0,6610,0,0
46245,1,0,1751,0,0
46246,0,1,0,598,0
46247,0,1,0,629,0
46248,1,0,303,0,0
46249,0,1,0,11749,0
46250,0,1,0,3837,0
46251,0,1,0,39042,0
46252,0,1,0,2635,0
46253,0,1,0,10851,0
46254,0,1,0,74,0
46255,0,1,0,250092,0
46256,0,2,0,2462,0
46257,1,0,12479,0,0
46258,1,2,73,74,0
46259,2,1,92,73,0
46260,0,1,0,1116,0
46261,0,1,0,3487,0
46262,0,1,0,113584,0
46263,0,1,0,84,0
46264,0,1,0,727,0
46265,0,1,0,25145,0
46266,0,1,0,225,0
46267,0,1,0,12762,0
46268,0,1,0,212,0
46269,0,1,0,1860,0
46270,0,1,0,146,0
46271,0,1,0,841,0
46272,0,1,0,9792,0
46273,0,1,0,1241,0
46274,0,1,0,5524,0
46275,0,1,0,857,0
46276,1,0,177,0,0
46277,0,1,0,408,0
46278,0,1,0,1007,0
46279,0,1,0,102345,0
46280,0,1,0,8468,0
46281,0,1,0,390,0
46282,0,1,0,535,0
46283,0,1,0,1888,0
46284,0,1,0,20143,0
46285,0,1,0,57,0
46286,0,1,0,253,0
46287,0,1,0,3347,0
46288,0,2,0,249951,0
46289,2,1,256359,14,0
46290,0,1,0,3529,0
46291,1,1,7320,6853,0
46292,0,1,0,11433,0
46293,0,1,0,373,0
46294,0,1,0,547,0
46295,1,0,36156,0,0
46296,0,2,0,4622,0
46297,0,1,0,5,0
46298,0,1,0,71,0
46299,0,1,0,8,0
46300,0,3,0,57122,0
46301,1,1,36349,43063,0
46302,1,0,13244,0,0
46303,1,0,1364,0,0
46304,0,1,0,85454,0
46305,0,1,0,366,0
46306,0,1,0,200,0
46307,1,7,1697,100787,0
46308,1,0,57609,0,0
46309,1,0,62,0,0
46310,3,1,20238,20010,0
46311,1,0,2299,0,0
46312,1,0,346,0,0
46313,1,0,16474,0,0
46314,0,1,0,1697,0
46315,1,2,20010,5339,0
46316,1,0,144,0,0
46317,0,3,0,71498,0
46318,1,0,70899,0,0
46319,3,1,4437,2080,0
46320,1,1,595,21047,0
46321,0,1,0,504,0
46322,0,1,0,1216,0
46323,0,1,0,2717,0
46324,0,2,0,1382,0
46325,0,1,0,7966,0
46326,0,2,0,5856,0
46327,0,1,0,61,0
46328,0,4,0,23022,0
46329,0,1,0,53,0
46330,0,2,0,1282,0
46331,0,1,0,232,0
46332,0,1,0,22570,0
46333,0,1,0,2523,0
46334,0,1,0,2122,0
46335,0,2,0,51124,0
46336,0,1,0,2069,0
46337,0,1,0,13974,0
46338,0,1,0,426,0
46339,1,5,802,35915,0
46340,1,0,294,0,0
46341,1,1,511,802,0
46342,1,0,34868,0,0
46343,0,1,0,63810,0
46344,1,1,39445,766,0
46345,0,1,0,33061,0
46346,0,1,0,6,0
46347,0,1,0,2036,0
46348,0,1,0,20736,0
46349,1,0,6333,0,0
46350,1,0,5850,0,0
46351,0,1,0,95,0
46352,0,1,0,4084,0
46353,0,1,0,1482,0
46354,0,1,0,5683,0
46355,0,1,0,6184,0
46356,0,1,0,36568,0
46357,0,1,0,548,0
46358,3,1,201,11174,0
46359,1,0,4790,0,0
46360,1,0,42679,0,0
46361,1,0,4557,0,0
46362,1,0,681,0,0
46363,1,0,694,0,0
46364,0,1,0,36634,0
46365,0,1,0,1570,0
46366,0,1,0,3753,0
46367,0,1,0,899,0
46368,0,1,0,2145,0
46369,0,1,0,190,0
46370,0,1,0,434,0
46371,0,1,0,132,0
46372,0,1,0,2852,0
46373,0,1,0,3078,0
46374,0,1,0,4052,0
46375,0,1,0,0,0
46376,0,1,0,324,0
46377,0,1,0,85,0
46378,0,1,0,33,0
46379,0,1,0,18,0
46380,0,1,0,24015,0
46381,0,1,0,59,0
46382,0,1,0,164,0
46383,0,2,0,144339,0
46384,1,0,138126,0,0
46385,0,1,0,49,0
46386,0,1,0,560,0
46387,0,1,0,577,0
46388,0,1,0,1758,0
46389,0,1,0,589,0
46390,0,1,0,4609,0
46391,0,1,0,5702,0
46392,0,1,0,282,0
46393,0,1,0,2032,0
46394,0,1,0,37286,0
46395,0,1,0,768,0
46396,1,3,118233,100292,0
46397,4,0,55794,0,0
46398,1,0,37903,0,0
46399,1,0,3011,0,0
46400,1,0,22465,0,0
46401,1,0,2109,0,0
46402,1,0,273,0,0
46403,1,0,18993,0,0
46404,1,0,832,0,0
46405,1,0,5821,0,0
46406,0,1,0,3741,0
46407,0,2,0,458,0
46408,0,1,0,22,0
46409,0,1,0,1918,0
46410,0,1,0,4204,0
46411,0,1,0,2993,0
46412,1,0,3832,0,0
46413,1,1,4206,198064,0
46414,2,2,1908,44877,0
46415,3,1,35515,1017,0
46416,1,0,1066,0,0
46417,1,0,82372,0,0
46418,1,0,876,0,0
46419,1,0,8038,0,0
46420,2,0,2023,0,0
46421,2,0,3621,0,0
46422,2,1,704,5185,0
46423,1,0,138,0,0
46424,1,0,6542,0,0
46425,1,0,81234,0,0
46426,1,0,683,0,0
46427,1,1,35,141305,0
46428,1,0,1002,0,0
46429,1,1,159,1772,0
46430,1,1,93,28,0
46431,1,0,17423,0,0
46432,1,1,4,19601,0
46433,0,1,0,1085740,0
46434,0,1,0,9368,0
46435,0,1,0,3696,0
46436,0,1,0,367,0
46437,0,1,0,610,0
46438,0,1,0,321751,0
46439,0,1,0,8675,0
46440,0,1,0,29344,0
46441,0,1,0,14866,0
46442,0,1,0,1090,0
46443,0,1,0,1740,0
46444,0,1,0,13432,0
46445,0,1,0,1646,0
46446,0,1,0,8,0
46447,0,1,0,418,0
46448,0,1,0,66,0
46449,0,1,0,463,0
46450,0,1,0,2824,0
46451,0,1,0,13640,0
46452,0,1,0,1927,0
46453,0,1,0,7333,0
46454,0,1,0,149,0
46455,0,1,0,2426,0
46456,0,2,0,4778,0
46457,1,0,2334,0,0
46458,0,3,0,8405,0
46459,1,1,3153,380,0
46460,0,1,0,200,0
46461,1,0,1592,0,0
46462,0,1,0,258,0
46463,0,2,0,426,0
46464,0,1,0,292,0
46465,1,0,1106,0,0
46466,1,0,33,0,0
46467,1,0,7671,0,0
46468,0,1,0,1280,0
46469,1,1,22823,2826,0
46470,0,2,0,23343,0
46471,1,6,10184,59351,0
46472,1,0,4159,0,0
46473,0,1,0,972,0
46474,0,1,0,459,0
46475,0,1,0,58,0
46476,6,2,322621,2286,0
46477,1,0,2267,0,0
46478,0,1,0,2238,0
46479,0,1,0,430,0
46480,0,1,0,321529,0
46481,0,1,0,616,0
46482,0,1,0,6,0
46483,0,1,0,39,0
46484,0,1,0,1,0
46485,0,1,0,561,0
46486,3,5,99070,24867,0
46487,3,5,59620,17654,0
46488,2,1,10980,17,0
46489,1,0,1312,0,0
46490,0,1,0,145,0
46491,0,1,0,2626,0
46492,1,6,778,59463,0
46493,1,0,1724,0,0
46494,0,1,0,778,0
46495,1,2,95,30295,0
46496,1,0,22911,0,0
46497,0,2,0,311,0
46498,0,1,0,65,0
46499,0,2,0,174483,0
46500,1,1,11660,9074,0
46501,0,1,0,136,0
46502,0,5,0,9237,0
46503,1,0,1680,0,0
46504,1,0,3467,0,0
46505,0,1,0,6129,0
46506,1,0,23240,0,0
46507,0,1,0,1732,0
46508,0,1,0,2478,0
46509,1,1,16793,5896,0
46510,0,1,0,2344,0
46511,0,2,0,397110,0
46512,1,1,17035,2138,0
46513,0,2,0,33464,0
46514,1,0,33387,0,0
46515,0,2,0,28122,0
46516,4,2,37158,15202,0
46517,0,2,0,468,0
46518,0,2,0,1601,0
46519,0,2,0,650,0
46520,1,1,597,2137,0
46521,0,2,0,9162,0
46522,1,0,8223,0,0
46523,1,0,6979,0,0
46524,1,0,2137,0,0
46525,0,2,0,2121,0
46526,1,0,1399,0,0
46527,0,2,0,43154,0
46528,0,4,0,23037,0
46529,1,0,6880,0,0
46530,0,1,0,217133,0
46531,0,1,0,11,0
46532,0,1,0,1419,0
46533,0,1,0,1072,0
46534,0,1,0,1488,0
46535,0,1,0,7654,0
46536,0,1,0,358,0
46537,2,1,39080,94577,1
46538,0,1,0,311,0
46539,0,1,0,637,0
46540,0,1,0,11,0
46541,0,1,0,664,0
46542,1,0,13620,0,0
46543,1,0,19981,0,0
46544,0,1,0,53494,0
46545,0,1,0,1041,0
46546,1,0,16366,0,0
46547,2,1,13418,6110,0
46548,0,1,0,7619,0
46549,0,2,0,381515,0
46550,1,0,353462,0,0
46551,2,0,21040,0,0
46552,0,3,0,22012,0
46553,0,1,0,6404,0
46554,0,1,0,7014,0
46555,0,1,0,13,0
46556,1,0,14,0,0
46557,1,1,207,159,0
46558,0,1,0,128860,0
46559,0,1,0,6733,0
46560,0,2,0,5023,0
46561,0,1,0,1271,0
46562,0,1,0,91,0
46563,0,1,0,96,0
46564,0,1,0,166,0
46565,0,1,0,91071,0
46566,0,1,0,1090,0
46567,0,1,0,21,0
46568,0,1,0,91935,0
46569,0,1,0,1482,0
46570,1,0,1803,0,0
46571,0,1,0,873,0
46572,0,1,0,21085,0
46573,0,1,0,3214,0
46574,1,0,1898,0,0
46575,0,1,0,3156,0
46576,0,1,0,19,0
46577,1,0,78,0,0
46578,1,0,9235,0,0
46579,1,0,528,0,0
46580,1,0,2565,0,0
46581,1,0,4877,0,0
46582,0,1,0,1298,0
46583,0,1,0,7596,0
46584,0,1,0,38,0
46585,1,0,5950,0,0
46586,1,1,92,38,0
46587,0,1,0,458,0
46588,0,1,0,14983,0
46589,0,1,0,168,0
46590,0,1,0,622,0
46591,0,1,0,8348,0
46592,0,1,0,841324,0
46593,0,1,0,1677,0
46594,0,1,0,405,0
46595,0,1,0,2524,0
46596,0,2,0,27861,0
46597,6,3,189782,2238,0
46598,0,1,0,26239,0
46599,1,5,5786,167867,0
46600,1,0,118883,0,0
46601,1,0,14,0,0
46602,1,0,68,0,0
46603,1,0,289,0,0
46604,0,1,0,43748,0
46605,0,1,0,3061,0
46606,0,1,0,219,0
46607,0,1,0,4401,0
46608,0,1,0,6699,0
46609,1,7,30,22905,0
46610,1,0,2136,0,0
46611,1,0,7531,0,0
46612,1,1,1002,4276,0
46613,1,0,509,0,0
46614,1,0,107,0,0
46615,0,1,0,30,0
46616,2,1,21675,52493,0
46617,1,0,52493,0,0
46618,0,2,0,17813,0
46619,1,0,414,0,0
46620,1,0,5633,0,0
46621,0,1,0,1007,0
46622,0,1,0,80390,0
46623,1,8,79468,370936,0
46624,0,1,0,30,0
46625,0,1,0,1534,0
46626,0,1,0,59,0
46627,0,1,0,7672,0
46628,0,1,0,62934,0
46629,0,1,0,159,0
46630,0,1,0,12425,0
46631,0,1,0,326,0
46632,0,1,0,5679,0
46633,0,1,0,7550,0
46634,0,1,0,16,0
46635,0,1,0,73,0
46636,0,1,0,81102,0
46637,0,1,0,291,0
46638,0,1,0,140159,0
46639,0,1,0,7413,0
46640,0,2,0,78100,0
46641,0,1,0,354,0
46642,1,2,48575,115,0
46643,3,1,3345,516,0
46644,0,1,0,48575,0
46645,0,1,0,2908,0
46646,1,1,261611,395,0
46647,0,1,0,261611,0
46648,1,2,363,33010,0
46649,0,1,0,363,0
46650,0,2,0,26960,0
46651,0,1,0,2888,0
46652,0,1,0,5280,0
46653,0,2,0,638499,0
46654,0,1,0,5485,0
46655,0,1,0,866,0
46656,0,1,0,73,0
46657,0,1,0,30,0
46658,0,1,0,11343,0
46659,0,4,0,53371,0
46660,1,0,3863,0,0
46661,0,1,0,102,0
46662,0,1,0,779,0
46663,0,1,0,9274,0
46664,0,1,0,1670,0
46665,0,1,0,311,0
46666,0,1,0,652922,0
46667,0,1,0,65,0
46668,0,2,0,15684,0
46669,2,0,12923,0,0
46670,0,2,0,484,0
46671,0,1,0,61,0
46672,0,1,0,31082,0
46673,0,1,0,1178,0
46674,0,1,0,182,0
46675,0,1,0,14566,0
46676,0,1,0,3307,0
46677,0,1,0,1155,0
46678,0,1,0,3853,0
46679,0,1,0,2561,0
46680,1,1,688,244,0
46681,0,1,0,14051,0
46682,0,1,0,8214,0
46683,0,1,0,608,0
46684,0,1,0,926,0
46685,0,1,0,199,0
46686,0,1,0,28,0
46687,0,1,0,28739,0
46688,0,1,0,9125,0
46689,0,1,0,217,0
46690,0,1,0,133,0
46691,0,1,0,2177,0
46692,0,1,0,2347,0
46693,0,1,0,13926,0
46694,0,1,0,8009,0
46695,0,1,0,250,0
46696,1,1,358,2008,0
46697,0,1,0,162637,0
46698,0,1,0,13,0
46699,0,1,0,599,0
46700,0,1,0,12609,0
46701,0,1,0,346661,0
46702,0,1,0,3860,0
46703,0,1,0,921,0
46704,0,1,0,1542,0
46705,0,1,0,6,0
46706,0,1,0,61,0
46707,0,1,0,12191,0
46708,0,1,0,2361,0
46709,0,1,0,4377,0
46710,0,2,0,15613,0
46711,0,6,0,206460,0
46712,1,1,169,237,0
46713,1,0,5446,0,0
46714,1,0,179073,0,0
46715,1,0,294,0,0
46716,1,0,20918,0,0
46717,0,1,0,45,0
46718,0,1,0,6070,0
46719,0,1,0,7973,0
46720,1,2,2306,28732,0
46721,1,1,28715,419521,0
46722,0,1,0,2306,0
46723,0,1,0,9,0
46724,0,1,0,5,0
46725,0,1,0,87617,0
46726,0,1,0,20,0
46727,0,1,0,1915,0
46728,0,1,0,31499,0
46729,0,1,0,437,0
46730,0,2,0,1249,0
46731,0,1,0,549,0
46732,0,1,0,7755,0
46733,0,1,0,186,0
46734,1,2,38830,71444,0
46735,0,1,0,38830,0
46736,0,1,0,537,0
46737,0,1,0,328,0
46738,0,1,0,1263,0
46739,0,1,0,42,0
46740,0,1,0,20,0
46741,0,1,0,2,0
46742,0,1,0,1532,0
46743,0,1,0,87,0
46744,0,1,0,1049,0
46745,0,1,0,799,0
46746,0,1,0,504722,0
46747,0,1,0,477,0
46748,0,1,0,139,0
46749,0,1,0,1352,0
46750,1,1,131,71,0
46751,1,0,162,0,0
46752,1,1,1120,1400,0
46753,1,0,492,0,0
46754,1,0,1330,0,0
46755,1,0,30071,0,0
46756,1,0,193,0,0
46757,1,0,9662,0,0
46758,1,0,11640,0,0
46759,0,1,0,86708,0
46760,0,2,0,7081,0
46761,0,1,0,267,0
46762,0,1,0,17,0
46763,0,1,0,265,0
46764,0,1,0,7429,0
46765,0,1,0,61668,0
46766,0,1,0,281,0
46767,0,1,0,18017,0
46768,0,1,0,920,0
46769,1,1,16693,31556,0
46770,1,0,783,0,0
46771,0,2,0,2510,0
46772,0,2,0,293566,0
46773,0,4,0,3707,0
46774,1,0,347,0,0
46775,1,0,1573,0,0
46776,0,1,0,7217,0
46777,0,1,0,84265,0
46778,0,1,0,1339,0
46779,0,2,0,186,0
46780,0,2,0,1303,0
46781,0,1,0,1782,0
46782,0,1,0,2643,0
46783,0,1,0,111,0
46784,0,1,0,378,0
46785,0,1,0,10,0
46786,0,1,0,95835,0
46787,0,1,0,981,0
46788,0,1,0,9,0
46789,0,1,0,16198,0
46790,0,1,0,113,0
46791,1,9,3284,461398,0
46792,1,0,2746,0,0
46793,1,1,16,3284,0
46794,1,0,32,0,0
46795,1,0,56,0,0
46796,1,0,228563,0,0
46797,1,0,69560,0,0
46798,1,0,795,0,0
46799,0,1,0,26179,0
46800,0,1,0,1848,0
46801,0,1,0,30591,0
46802,1,0,2360,0,0
46803,1,0,22392,0,0
46804,0,1,0,150,0
46805,0,1,0,5171,0
46806,1,2,10,640313,0
46807,1,1,36,200,0
46808,0,1,0,10,0
46809,1,0,200,0,0
46810,0,1,0,35162,0
46811,0,1,0,9811,0
46812,0,1,0,524,0
46813,0,1,0,11538,0
46814,0,1,0,182201,0
46815,0,1,0,2754,0
46816,0,1,0,666,0
46817,2,1,41357,6433,0
46818,1,0,6433,0,0
46819,0,2,0,14656,0
46820,0,1,0,519,0
46821,0,1,0,3654,0
46822,0,1,0,994,0
46823,0,2,0,1125,0
46824,0,1,0,66727,0
46825,0,3,0,3732,0
46826,1,0,2472,0,0
46827,1,0,1206,0,0
46828,1,0,5545,0,0
46829,1,0,801,0,0
46830,0,1,0,40354,0
46831,0,2,0,7096,0
46832,0,1,0,3760,0
46833,1,0,2233,0,0
46834,1,0,12,0,0
46835,1,0,132,0,0
46836,0,1,0,386,0
46837,1,2,20772,13436,0
46838,1,0,7082,0,0
46839,5,1,53726,1745,0
46840,4,5,115673,21719,0
46841,0,1,0,3144,0
46842,0,1,0,33199,0
46843,0,1,0,1024,0
46844,2,1,23279,7293,0
46845,1,0,3,0,0
46846,1,0,7841,0,0
46847,0,1,0,1211,0
46848,0,1,0,105424,0
46849,0,1,0,19486,0
46850,0,1,0,2201,0
46851,0,1,0,779,0
46852,0,1,0,1879,0
46853,0,1,0,588907,0
46854,0,1,0,1548,0
46855,0,1,0,820,0
46856,0,1,0,869,0
46857,0,2,0,3264,0
46858,0,1,0,252215,0
46859,0,1,0,108,0
46860,0,2,0,1502,0
46861,1,0,457,0,0
46862,0,1,0,20352,0
46863,0,1,0,153081,0
46864,0,1,0,64,0
46865,0,1,0,2770,0
46866,1,0,154,0,0
46867,0,2,0,34975,0
46868,1,0,33871,0,0
46869,0,2,0,38856,0
46870,0,1,0,56,0
46871,0,1,0,266,0
46872,0,1,0,8252,0
46873,0,1,0,1153,0
46874,0,1,0,108,0
46875,0,1,0,111923,0
46876,0,1,0,50,0
46877,0,1,0,4746,0
46878,0,5,0,23263,0
46879,1,0,24,0,0
46880,0,1,0,227,0
46881,0,1,0,15943,0
46882,1,1,1705,480,0
46883,0,1,0,1705,0
46884,0,3,0,5265,0
46885,1,2,3245,6877,0
46886,2,1,1404,695,0
46887,1,0,2802,0,0
46888,1,1,3280,93,0
46889,0,2,0,11409425,0
46890,1,0,11406145,0,0
46891,0,1,0,664,0
46892,2,1,3958,10913,0
46893,1,0,194,0,0
46894,1,0,1211,0,0
46895,1,0,10913,0,0
46896,0,4,0,10660,0
46897,1,0,1197,0,0
46898,1,0,17,0,0
46899,0,1,0,3778,0
46900,0,2,0,2446,0
46901,1,1,30,140,0
46902,0,1,0,3707,0
46903,0,3,0,3972,0
46904,1,0,3702,0,0
46905,0,1,0,2479,0
46906,0,1,0,33,0
46907,0,2,0,4874,0
46908,4,0,1001,0,0
46909,0,2,0,399,0
46910,1,0,41,0,0
46911,0,1,0,378,0
46912,0,1,0,180,0
46913,0,1,0,10,0
46914,1,1,187,112550,0
46915,0,1,0,1073,0
46916,0,1,0,187,0
46917,0,1,0,104,0
46918,0,3,0,4575,0
46919,0,1,0,36,0
46920,0,1,0,823,0
46921,0,1,0,2225,0
46922,5,7,231446,13711,0
46923,1,0,907,0,0
46924,1,0,3317,0,0
46925,1,0,6865,0,0
46926,1,1,1441,1400,0
46927,0,2,0,8576,0
46928,1,0,3493,0,0
46929,0,2,0,225702,0
46930,1,1,50,2053,0
46931,2,0,16911,0,0
46932,0,1,0,3219,0
46933,0,1,0,1101,0
46934,0,1,0,74,0
46935,0,1,0,3,0
46936,0,1,0,36,0
46937,0,1,0,114076,0
46938,0,2,0,1028,0
46939,0,1,0,177,0
46940,0,1,0,17259,0
46941,0,1,0,29,0
46942,0,1,0,4265,0
46943,0,1,0,1508,0
46944,0,1,0,940,0
46945,0,1,0,4035,0
46946,0,1,0,225,0
46947,0,1,0,2606,0
46948,4,1,9035,160,0
46949,0,1,0,1389,0
46950,0,1,0,3626,0
46951,0,1,0,815,0
46952,3,0,22793,0,0
46953,1,2,7765,18890,0
46954,1,0,9169,0,0
46955,0,2,0,942,0
46956,1,0,848,0,0
46957,0,6,0,80257,0
46958,3,2,34564,51190,0
46959,1,1,2776,1461,0
46960,2,1,52536,9076,0
46961,1,0,2076,0,0
46962,1,0,10080,0,0
46963,1,0,9076,0,0
46964,1,1,201,3028,0
46965,0,1,0,113,0
46966,0,2,0,171077,0
46967,0,1,0,148,0
46968,0,1,0,2292,0
46969,0,1,0,6319,0
46970,0,1,0,1171,0
46971,0,2,0,3771,0
46972,0,1,0,7923,0
46973,0,1,0,55396,0
46974,1,0,3075,0,0
46975,0,1,0,126,0
46976,0,1,0,1024,0
46977,1,1,77,742847,0
46978,0,1,0,524,0
46979,0,1,0,77,0
46980,0,1,0,216155,0
46981,0,1,0,928,0
46982,0,1,0,860,0
46983,0,1,0,5481,0
46984,0,1,0,62,0
46985,0,1,0,19066,0
46986,0,1,0,535,0
46987,0,1,0,1139,0
46988,0,1,0,13165,0
46989,0,1,0,12390,0
46990,3,7,9451,4604,0
46991,1,0,1893,0,0
46992,1,1,380,2591,0
46993,1,0,205,0,0
46994,1,0,242,0,0
46995,1,0,1013,0,0
46996,1,0,277,0,0
46997,0,1,0,8831,0
46998,0,1,0,1840,0
46999,0,1,0,273,0
47000,0,1,0,105,0
47001,0,3,0,43210,0
47002,1,0,5590,0,0
47003,2,0,88,0,0
47004,0,1,0,343557,0
47005,0,1,0,133,0
47006,2,17,2498,8981657,0
47007,1,0,53087,0,0
47008,1,0,875,0,0
47009,1,0,828,0,0
47010,1,0,84,0,0
47011,1,0,2219,0,0
47012,1,0,1,0,0
47013,1,0,21,0,0
47014,1,0,213,0,0
47015,1,0,125847,0,0
47016,1,0,32,0,0
47017,1,0,21,0,0
47018,1,0,8786640,0,0
47019,1,1,5309,2074,0
47020,1,0,438,0,0
47021,1,0,5540,0,0
47022,0,1,0,424,0
47023,0,3,0,9019,0
47024,1,0,7467,0,0
47025,0,1,0,5786,0
47026,0,2,0,904,0
47027,0,1,0,2196,0
47028,1,1,49,6798,0
47029,1,0,339,0,0
47030,1,0,3638,0,0
47031,1,0,20,0,0
47032,1,3,252,7428,0
47033,1,0,1667,0,0
47034,0,1,0,6842,0
47035,0,1,0,738,0
47036,0,1,0,1321,0
47037,0,1,0,390,0
47038,0,1,0,4595,0
47039,0,1,0,129833,0
47040,0,1,0,832,0
47041,0,1,0,1452,0
47042,1,0,633,0,0
47043,0,1,0,2394,0
47044,0,1,0,6,0
47045,0,1,0,13,0
47046,0,1,0,291388,0
47047,0,1,0,6,0
47048,0,6,0,12129,0
47049,1,0,3636,0,0
47050,5,0,27132,0,0
47051,0,1,0,497,0
47052,0,1,0,2095,0
47053,0,1,0,1379,0
47054,0,1,0,3498,0
47055,1,0,5231,0,0
47056,0,1,0,73912,0
47057,0,2,0,7057,0
47058,0,1,0,8,0
47059,0,1,0,916,0
47060,0,1,0,97,0
47061,0,1,0,229,0
47062,0,1,0,877,0
47063,0,1,0,2771,0
47064,0,1,0,8536,0
47065,0,2,0,6695,0
47066,1,1,6614,735,0
47067,0,1,0,2061,0
47068,0,1,0,400,0
47069,0,2,0,43788,0
47070,2,0,726,0,0
47071,0,2,0,12773,0
47072,0,1,0,141,0
47073,0,1,0,4000,0
47074,0,1,0,66,0
47075,0,1,0,102,0
47076,0,1,0,7603,0
47077,0,4,0,11783,0
47078,1,0,4872,0,0
47079,1,0,3738,0,0
47080,0,1,0,16,0
47081,0,1,0,1555,0
47082,0,1,0,387,0
47083,0,1,0,1060,0
47084,5,4,284765,232776,1
47085,0,1,0,19109,0
47086,0,1,0,7,0
47087,0,2,0,2584,0
47088,10,1,2301708,144,0
47089,0,1,0,82835,0
47090,0,1,0,22585,0
47091,0,1,0,1327,0
47092,0,1,0,1476,0
47093,0,1,0,69,0
47094,0,1,0,2359,0
47095,0,1,0,6257,0
47096,0,1,0,40,0
47097,0,1,0,1430,0
47098,0,1,0,62132,0
47099,1,1,323,11,0
47100,0,1,0,55,0
47101,0,6,0,169070,0
47102,1,0,131752,0,0
47103,1,0,1912,0,0
47104,1,0,424,0,0
47105,1,1,17724,566,0
47106,2,0,1309,0,0
47107,1,0,1394,0,0
47108,1,0,519,0,0
47109,1,0,27200,0,0
47110,0,1,0,409,0
47111,0,1,0,378,0
47112,0,1,0,11253,0
47113,0,1,0,8492,0
47114,0,1,0,3401,0
47115,0,1,0,7011,0
47116,0,1,0,4597,0
47117,1,0,1364,0,0
47118,0,1,0,456,0
47119,0,1,0,45443,0
47120,0,1,0,722,0
47121,0,1,0,483,0
47122,0,1,0,142665,0
47123,1,0,21143,0,0
47124,0,1,0,138,0
47125,0,1,0,2532,0
47126,0,1,0,11882,0
47127,0,1,0,3333,0
47128,1,0,663,0,0
47129,0,1,0,21747,0
47130,0,1,0,7426,0
47131,0,1,0,2636,0
47132,0,2,0,873845,0
47133,0,2,0,486361,0
47134,0,2,0,43763,0
47135,4,7,595863,864936,0
47136,1,0,4376,0,0
47137,1,0,5129,0,0
47138,1,0,5029,0,0
47139,1,0,546,0,0
47140,1,1,107,343,0
47141,1,0,100,0,0
47142,0,1,0,545165,0
47143,0,2,0,24900,0
47144,0,1,0,4164,0
47145,0,1,0,526,0
47146,0,1,0,9290,0
47147,0,1,0,15293,0
47148,0,2,0,17483,0
47149,1,0,706,0,0
47150,0,1,0,21502,0
47151,0,1,0,14570,0
47152,0,1,0,2344,0
47153,0,1,0,10258,0
47154,0,1,0,55012,0
47155,0,1,0,37134,0
47156,0,1,0,819,0
47157,0,1,0,255,0
47158,0,1,0,65,0
47159,0,1,0,3240,0
47160,0,1,0,135,0
47161,0,1,0,626,0
47162,0,1,0,13,0
47163,0,1,0,331126,0
47164,0,1,0,880,0
47165,0,1,0,884,0
47166,0,1,0,353,0
47167,1,3,5,5584,0
47168,1,0,615,0,0
47169,0,1,0,5,0
47170,0,1,0,24543,0
47171,1,1,1976,157107,0
47172,1,1,319,442,0
47173,0,1,0,8020,0
47174,0,1,0,1771,0
47175,0,2,0,9108,0
47176,0,1,0,82,0
47177,0,1,0,34525,0
47178,0,1,0,4454,0
47179,0,1,0,5,0
47180,0,2,0,3245,0
47181,1,0,1328,0,0
47182,0,1,0,366,0
47183,0,1,0,952,0
47184,0,1,0,48,0
47185,1,1,2001,82,0
47186,2,1,13632,2001,0
47187,0,1,0,13630,0
47188,0,2,0,2,0
47189,0,1,0,18,0
47190,0,1,0,41,0
47191,0,1,0,2503,0
47192,0,1,0,1064,0
47193,0,1,0,339,0
47194,0,1,0,72,0
47195,0,1,0,260,0
47196,0,1,0,160,0
47197,0,1,0,3016,0
47198,0,1,0,176,0
47199,0,1,0,921,0
47200,0,1,0,544,0
47201,0,1,0,10820,0
47202,0,1,0,2330,0
47203,0,1,0,469201,0
47204,0,1,0,123,0
47205,0,1,0,750,0
47206,0,1,0,312,0
47207,0,2,0,1274,0
47208,0,1,0,9619,0
47209,0,1,0,2361,0
47210,0,1,0,1792,0
47211,0,1,0,8856,0
47212,0,1,0,312,0
47213,0,1,0,16490,0
47214,0,1,0,15763,0
47215,0,1,0,162402,0
47216,1,0,2698,0,0
47217,1,0,6818,0,0
47218,0,1,0,119450,0
47219,0,1,0,35,0
47220,0,2,0,13759,0
47221,0,1,0,5447,0
47222,0,1,0,31,0
47223,0,1,0,4965,0
47224,0,1,0,1534,0
47225,0,1,0,24,0
47226,0,1,0,9707,0
47227,3,2,42442,3845,0
47228,0,1,0,1449,0
47229,0,1,0,741,0
47230,0,1,0,20977,0
47231,0,2,0,102710,0
47232,0,1,0,73,0
47233,0,1,0,112700,0
47234,0,1,0,448,0
47235,1,2,10089,6528,0
47236,2,0,29526,0,0
47237,1,2,791,13174,0
47238,2,1,3528,82,0
47239,0,1,0,791,0
47240,0,1,0,29403,0
47241,1,0,4040,0,0
47242,2,0,39777,0,0
47243,2,0,94151,0,0
47244,1,1,225,138,0
47245,0,1,0,0,0
47246,0,1,0,332,0
47247,0,1,0,47,0
47248,0,1,0,4,0
47249,0,1,0,22845,0
47250,0,1,0,11335,0
47251,0,1,0,59,0
47252,0,1,0,15527,0
47253,0,1,0,49,0
47254,0,1,0,144,0
47255,0,1,0,852,0
47256,0,1,0,156,0
47257,1,2,3449,18258,0
47258,1,0,18234,0,0
47259,0,1,0,1962,0
47260,0,1,0,71,0
47261,0,1,0,7556,0
47262,0,1,0,224,0
47263,0,1,0,2683,0
47264,0,1,0,2835068,0
47265,0,1,0,1410,0
47266,0,1,0,1187,0
47267,0,1,0,3403,0
47268,0,1,0,2723,0
47269,0,1,0,10752,0
47270,0,1,0,3428,0
47271,0,1,0,3778,0
47272,0,1,0,24342,0
47273,0,1,0,1428,0
47274,0,1,0,194,0
47275,0,1,0,15356,0
47276,0,1,0,29,0
47277,0,1,0,1128,0
47278,0,1,0,685,0
47279,0,1,0,353,0
47280,0,3,0,100485,0
47281,1,1,78813,1262,0
47282,1,0,21408,0,0
47283,0,1,0,3792,0
47284,0,1,0,7111,0
47285,0,1,0,344,0
47286,0,1,0,1948,0
47287,0,1,0,643,0
47288,0,1,0,6709,0
47289,0,1,0,22203,0
47290,0,1,0,11564,0
47291,0,1,0,183240,0
47292,0,1,0,5820,0
47293,0,1,0,296,0
47294,0,1,0,5356,0
47295,0,1,0,340,0
47296,0,1,0,10260,0
47297,3,1,1390,109,0
47298,0,1,0,1094,0
47299,0,1,0,44,0
47300,0,1,0,6253,0
47301,0,1,0,963,0
47302,0,1,0,164,0
47303,0,1,0,17188,0
47304,0,1,0,18,0
47305,0,1,0,9714,0
47306,0,1,0,43475,0
47307,0,1,0,24213,0
47308,0,1,0,4184,0
47309,1,1,7488,39445,0
47310,0,1,0,188161,0
47311,0,1,0,738,0
47312,0,1,0,362,0
47313,0,2,0,1940,0
47314,1,0,6376,0,0
47315,0,1,0,8790,0
47316,0,1,0,30818,0
47317,0,1,0,771,0
47318,0,1,0,2007,0
47319,0,4,0,7199,0
47320,1,1,3393,4049,0
47321,0,1,0,3615,0
47322,0,1,0,2869,0
47323,0,1,0,4284,0
47324,0,2,0,165755,0
47325,1,0,114,0,0
47326,1,1,590,72818,0
47327,1,0,4169,0,0
47328,0,2,0,3000,0
47329,0,3,0,33835,0
47330,1,0,26063,0,0
47331,1,0,83,0,0
47332,0,1,0,204,0
47333,0,1,0,5858,0
47334,0,1,0,98632,0
47335,0,2,0,331200,0
47336,0,1,0,2206,0
47337,1,0,7994,0,0
47338,1,0,103,0,0
47339,1,1,5896,21983,0
47340,1,0,3336,0,0
47341,1,0,622,0,0
47342,1,0,3512,0,0
47343,1,0,50649,0,0
47344,0,1,0,5526,0
47345,0,1,0,36355,0
47346,0,1,0,2179,0
47347,1,0,2,0,0
47348,1,0,2470,0,0
47349,1,0,41381,0,0
47350,0,1,0,609,0
47351,1,1,4598,435,0
47352,0,1,0,81944,0
47353,0,1,0,16693,0
47354,0,7,0,2812951,0
47355,1,0,148,0,0
47356,1,0,173518,0,0
47357,1,0,7461,0,0
47358,1,0,2516058,0,0
47359,1,0,455,0,0
47360,0,1,0,2820,0
47361,0,1,0,138721,0
47362,0,1,0,3395,0
47363,1,2,934,1357,0
47364,2,1,1345,934,0
47365,1,2,17,8498,0
47366,1,2,8470,3648,0
47367,4,2,199353,100545,0
47368,0,2,0,1616,0
47369,6,0,1074513,0,0
47370,1,0,147,0,0
47371,1,0,100398,0,0
47372,0,1,0,10,0
47373,0,1,0,25,0
47374,0,1,0,1069673,0
47375,0,1,0,2230,0
47376,0,1,0,1095,0
47377,2,0,11600,0,0
47378,0,1,0,68848,0
47379,0,2,0,11960,0
47380,0,1,0,725,0
47381,0,1,0,3462,0
47382,0,2,0,624,0
47383,0,2,0,140940,0
47384,2,1,158998,6671,0
47385,0,1,0,1954,0
47386,0,1,0,332,0
47387,0,1,0,264375,0
47388,0,7,0,883275,0
47389,1,0,832797,0,0
47390,1,0,31606,0,0
47391,1,0,4733,0,0
47392,1,0,52,0,0
47393,0,1,0,15668,0
47394,0,1,0,9302,0
47395,0,1,0,19438,0
47396,0,1,0,17000,0
47397,0,1,0,1018,0
47398,0,1,0,341,0
47399,0,1,0,466,0
47400,0,1,0,33368,0
47401,0,1,0,2184,0
47402,0,1,0,558,0
47403,0,1,0,2659,0
47404,0,1,0,1178,0
47405,0,1,0,86,0
47406,0,1,0,13,0
47407,0,1,0,1365,0
47408,0,1,0,1955,0
47409,1,0,1874,0,0
47410,1,0,6367,0,0
47411,1,1,3062,828,0
47412,0,1,0,7773,0
47413,0,1,0,212,0
47414,1,4,1352,215241,0
47415,1,0,69403,0,0
47416,1,0,3909,0,0
47417,0,1,0,1352,0
47418,0,3,0,30694,0
47419,1,0,80,0,0
47420,0,1,0,372,0
47421,2,3,942,10506,0
47422,1,0,10337,0,0
47423,1,2,6,225260,0
47424,0,1,0,924,0
47425,0,1,0,18,0
47426,1,0,65501,0,0
47427,1,0,159759,0,0
47428,0,1,0,1107,0
47429,0,1,0,16323,0
47430,0,1,0,459,0
47431,0,1,0,374,0
47432,0,1,0,262,0
47433,0,1,0,1322,0
47434,0,2,0,3855,0
47435,0,1,0,6963,0
47436,0,1,0,1549,0
47437,0,1,0,2961,0
47438,0,1,0,7846,0
47439,0,1,0,8,0
47440,0,1,0,12711,0
47441,0,1,0,10001,0
47442,0,1,0,55,0
47443,0,2,0,12520,0
47444,0,1,0,324926,0
47445,1,0,473,0,0
47446,1,0,7282,0,0
47447,1,0,47,0,0
47448,1,0,9,0,0
47449,1,0,2620,0,0
47450,1,0,231,0,0
47451,0,1,0,325,0
47452,0,1,0,7,0
47453,2,0,419,0,0
47454,0,1,0,852401,0
47455,0,2,0,218161,0
47456,2,0,116120,0,0
47457,0,1,0,772,0
47458,0,5,0,8403,0
47459,1,0,1273,0,0
47460,1,0,2222,0,0
47461,1,0,2144,0,0
47462,1,0,2750,0,0
47463,0,1,0,358841,0
47464,0,1,0,3003,0
47465,0,1,0,29366,0
47466,0,1,0,8,0
47467,0,2,0,40385,0
47468,3,0,134,0,0
47469,0,1,0,7920,0
47470,0,1,0,342,0
47471,0,1,0,962,0
47472,0,1,0,1186,0
47473,0,2,0,12125,0
47474,0,6,0,78099,0
47475,1,0,215,0,0
47476,0,1,0,382,0
47477,0,1,0,156171,0
47478,0,1,0,294,0
47479,0,1,0,17925,0
47480,0,2,0,6427,0
47481,0,1,0,2291,0
47482,0,1,0,599,0
47483,0,1,0,1587,0
47484,0,1,0,1615,0
47485,0,2,0,6770,0
47486,0,1,0,2290,0
47487,0,2,0,10669,0
47488,0,1,0,317,0
47489,0,1,0,1170,0
47490,0,1,0,31429,0
47491,0,1,0,22156,0
47492,0,1,0,1134,0
47493,0,1,0,575,0
47494,0,2,0,1318,0
47495,2,0,5567,0,0
47496,0,4,0,7958,0
47497,2,0,3347,0,0
47498,1,0,31,0,0
47499,1,0,1418,0,0
47500,0,2,0,1977,0
47501,0,1,0,73,0
47502,1,0,4316,0,0
47503,7,2,35276,16654,0
47504,0,1,0,47355,0
47505,1,0,1557,0,0
47506,1,0,15097,0,0
47507,0,1,0,13558,0
47508,0,1,0,3966,0
47509,0,1,0,5488,0
47510,0,1,0,423,0
47511,0,1,0,5698,0
47512,0,1,0,5843,0
47513,0,3,0,19833,0
47514,1,3,1414,2237,0
47515,1,0,18117,0,0
47516,2,2,8181,3063,0
47517,1,0,2959,0,0
47518,1,0,399760,0,0
47519,1,0,3996,0,0
47520,0,3,0,18370,0
47521,2,0,1380,0,0
47522,2,1,348118,6,0
47523,0,1,0,4133,0
47524,0,1,0,2100,0
47525,0,1,0,38502,0
47526,0,1,0,38014,0
47527,0,1,0,3270,0
47528,0,1,0,3385,0
47529,0,1,0,8241,0
47530,0,1,0,55,0
47531,0,1,0,2106,0
47532,0,1,0,314025,0
47533,0,1,0,248,0
47534,0,2,0,11636,0
47535,2,0,4850,0,0
47536,1,1,21239,19225,0
47537,1,0,2275,0,0
47538,1,0,6586,0,0
47539,1,5,109,119897,0
47540,1,0,15851,0,0
47541,1,0,57491,0,0
47542,1,0,1702,0,0
47543,1,0,44767,0,0
47544,0,1,0,109,0
47545,0,1,0,1850,0
47546,0,1,0,1384,0
47547,0,2,0,4473,0
47548,1,1,4441,2058,0
47549,0,1,0,2566,0
47550,0,1,0,361,0
47551,2,2,587,4110,0
47552,1,0,5491,0,0
47553,1,0,205697,0,0
47554,1,0,4082,0,0
47555,0,2,0,8343,0
47556,1,0,6526,0,0
47557,0,1,0,225,0
47558,0,1,0,461,0
47559,0,1,0,369,0
47560,0,1,0,2006,0
47561,0,1,0,3245,0
47562,0,1,0,359,0
47563,0,2,0,43,0
47564,7,1,92834,2807,0
47565,0,2,0,1148,0
47566,0,1,0,75,0
47567,0,2,0,300761,0
47568,0,2,0,5989,0
47569,0,2,0,2319,0
47570,1,4,1307,5364,0
47571,1,0,1944,0,0
47572,1,0,5,0,0
47573,0,1,0,1307,0
47574,0,1,0,635,0
47575,1,0,1614,0,0
47576,1,0,10930,0,0
47577,1,0,26091,0,0
47578,0,1,0,1124,0
47579,0,2,0,38905,0
47580,1,0,38769,0,0
47581,1,0,26844,0,0
47582,0,1,0,108,0
47583,0,1,0,470,0
47584,0,4,0,8955,0
47585,1,0,2415,0,0
47586,1,0,5899,0,0
47587,0,1,0,799,0
47588,0,2,0,9940,0
47589,1,0,6671,0,0
47590,0,2,0,18467,0
47591,0,1,0,101447,0
47592,0,1,0,1729,0
47593,1,0,7680,0,0
47594,1,0,3145,0,0
47595,0,2,0,138602,0
47596,1,1,138471,659,0
47597,1,1,659,34,0
47598,1,0,5597,0,0
47599,0,1,0,1504,0
47600,0,2,0,2623,0
47601,1,0,78822,0,0
47602,1,0,70,0,0
47603,0,1,0,53378,0
47604,0,1,0,1488,0
47605,0,1,0,1869,0
47606,0,1,0,1631,0
47607,0,1,0,72,0
47608,0,1,0,4,0
47609,0,1,0,539,0
47610,0,1,0,453,0
47611,0,1,0,38,0
47612,0,1,0,87,0
47613,0,1,0,5551,0
47614,0,1,0,423455,0
47615,0,1,0,82,0
47616,0,1,0,4119,0
47617,0,1,0,1284,0
47618,0,1,0,241,0
47619,1,1,688,201307,0
47620,1,2,296806,33310,0
47621,0,2,0,5929,0
47622,1,0,1474,0,0
47623,0,2,0,1521,0
47624,1,0,1458,0,0
47625,0,2,0,302,0
47626,1,0,148,0,0
47627,1,1,20,309,0
47628,0,1,0,659,0
47629,0,1,0,696,0
47630,0,1,0,4207,0
47631,0,1,0,272,0
47632,0,1,0,822,0
47633,0,1,0,26081,0
47634,0,1,0,30077,0
47635,0,1,0,79719,0
47636,0,1,0,20,0
47637,0,1,0,60,0
47638,0,1,0,4634,0
47639,0,1,0,5540,0
47640,0,2,0,5983,0
47641,1,3,27382,38283,1
47642,0,3,0,1894,0
47643,1,0,67,0,0
47644,0,3,0,24239,0
47645,1,6,8023,81517,0
47646,2,1,25575,149,0
47647,1,1,25,47,0
47648,1,1,4138,1558,0
47649,1,0,17773,0,0
47650,1,0,11193,0,0
47651,1,0,47,0,0
47652,0,1,0,9019,0
47653,0,1,0,1821,0
47654,0,1,0,55,0
47655,0,1,0,8339,0
47656,0,1,0,85,0
47657,0,1,0,19358,0
47658,0,1,0,886,0
47659,0,1,0,805,0
47660,1,0,229,0,0
47661,0,2,0,4761,0
47662,1,0,4341,0,0
47663,0,1,0,739936,0
47664,0,1,0,52,0
47665,0,1,0,50,0
47666,0,1,0,7781,0
47667,0,1,0,1091,0
47668,0,1,0,212,0
47669,0,1,0,9,0
47670,0,1,0,177,0
47671,0,1,0,45,0
47672,0,1,0,58270,0
47673,0,1,0,102,0
47674,0,1,0,883,0
47675,0,1,0,14285,0
47676,0,1,0,48,0
47677,0,1,0,8414,0
47678,0,1,0,3591,0
47679,0,1,0,48,0
47680,0,1,0,174,0
47681,2,1,1252,1703,0
47682,0,1,0,637,0
47683,0,2,0,2476,0
47684,1,0,214,0,0
47685,1,0,1756740,0,0
47686,0,1,0,4964,0
47687,0,1,0,761,0
47688,0,1,0,11428,0
47689,0,1,0,41780,0
47690,0,1,0,186,0
47691,0,1,0,315142,0
47692,1,3,1587,192979,0
47693,1,2,186297,5860,0
47694,0,1,0,20,0
47695,1,1,4273,50163,0
47696,0,1,0,14,0
47697,0,1,0,6784,0
47698,0,1,0,263990,0
47699,0,1,0,5961,0
47700,0,1,0,1366,0
47701,1,0,7339,0,0
47702,0,1,0,35,0
47703,0,1,0,646,0
47704,0,8,0,10490,0
47705,1,0,2782,0,0
47706,1,0,567,0,0
47707,1,0,2095,0,0
47708,1,0,2230,0,0
47709,1,0,175,0,0
47710,1,2,237,2743,0
47711,1,0,1509,0,0
47712,1,0,1234,0,0
47713,0,3,0,9389,0
47714,1,0,1913,0,0
47715,0,1,0,388,0
47716,0,2,0,417,0
47717,0,2,0,29466,0
47718,1,0,18822,0,0
47719,0,2,0,36628,0
47720,5,0,5718,0,0
47721,5,3,2276,6514,0
47722,0,1,0,1118,0
47723,0,1,0,106,0
47724,0,1,0,1458,0
47725,0,1,0,57,0
47726,1,0,60,0,0
47727,2,0,4019,0,0
47728,1,1,5556,1647,0
47729,0,1,0,31,0
47730,0,1,0,31,0
47731,0,1,0,0,0
47732,0,1,0,34,0
47733,0,1,0,23951,0
47734,0,3,0,2673,0
47735,2,0,2760,0,0
47736,1,3,615,2310,0
47737,1,1,1471,615,0
47738,0,1,0,863,0
47739,0,1,0,20406,0
47740,0,1,0,4952,0
47741,0,1,0,28,0
47742,0,1,0,1922,0
47743,0,1,0,24920,0
47744,0,1,0,2656,0
47745,0,1,0,3185,0
47746,1,1,48,68420,0
47747,0,1,0,54,0
47748,0,1,0,13,0
47749,0,1,0,2633,0
47750,0,1,0,2870,0
47751,0,1,0,661,0
47752,0,1,0,1544,0
47753,0,1,0,24314,0
47754,0,1,0,7031,0
47755,0,1,0,12661,0
47756,0,1,0,48,0
47757,0,2,0,299,0
47758,0,1,0,133718,0
47759,0,1,0,1978,0
47760,0,1,0,21577,0
47761,0,1,0,568,0
47762,0,1,0,2533,0
47763,0,1,0,3906,0
47764,0,1,0,113,0
47765,0,1,0,37831,0
47766,0,1,0,5629,0
47767,1,2,277763,11683,0
47768,1,0,23,0,0
47769,0,2,0,2232,0
47770,1,0,109,0,0
47771,2,2,7656,25188,0
47772,0,1,0,3564,0
47773,1,1,13007,2774,0
47774,0,1,0,464,0
47775,0,1,0,28,0
47776,0,1,0,114,0
47777,0,1,0,196,0
47778,0,1,0,130,0
47779,0,1,0,157,0
47780,0,1,0,5866,0
47781,0,1,0,132,0
47782,0,1,0,8,0
47783,0,1,0,1308,0
47784,0,1,0,1850,0
47785,0,1,0,19,0
47786,0,1,0,4814,0
47787,0,1,0,5852,0
47788,0,2,0,30054,0
47789,1,1,69,8755,0
47790,0,1,0,438,0
47791,0,1,0,1,0
47792,0,1,0,40013,0
47793,0,3,0,15073,0
47794,0,1,0,5416,0
47795,0,1,0,73,0
47796,0,1,0,672,0
47797,0,1,0,888,0
47798,0,1,0,99,0
47799,0,1,0,131,0
47800,0,1,0,170,0
47801,0,1,0,48,0
47802,0,1,0,295,0
47803,0,1,0,4437,0
47804,1,0,4066,0,0
47805,1,0,1313,0,0
47806,2,0,3160,0,0
47807,0,2,0,51294,0
47808,0,1,0,137544,0
47809,0,1,0,19,0
47810,0,1,0,5560,0
47811,0,1,0,227,0
47812,0,1,0,104,0
47813,0,1,0,36179,0
47814,0,1,0,7856,0
47815,0,1,0,10760,0
47816,0,1,0,42,0
47817,0,1,0,4834,0
47818,0,1,0,10118,0
47819,0,1,0,6855353,0
47820,0,1,0,804,0
47821,0,1,0,166,0
47822,0,1,0,1710,0
47823,0,1,0,13094,0
47824,0,1,0,55,0
47825,0,1,0,286,0
47826,0,1,0,276,0
47827,0,1,0,1613,0
47828,0,1,0,1875,0
47829,0,1,0,6463,0
47830,0,1,0,225,0
47831,0,1,0,2745,0
47832,0,1,0,1489,0
47833,0,2,0,9671,0
47834,1,7,27186,67967,0
47835,1,0,95,0,0
47836,1,0,2718,0,0
47837,2,0,32308,0,0
47838,0,1,0,27186,0
47839,0,1,0,7294,0
47840,0,1,0,471,0
47841,0,1,0,62227,0
47842,0,1,0,3457,0
47843,0,1,0,360,0
47844,0,1,0,109,0
47845,0,1,0,454,0
47846,1,3,378,14421,0
47847,0,1,0,378,0
47848,0,2,0,18624,0
47849,0,1,0,776,0
47850,0,1,0,211,0
47851,0,1,0,2969,0
47852,1,0,3177,0,0
47853,0,1,0,3879,0
47854,0,2,0,4587,0
47855,0,1,0,320,0
47856,0,1,0,60160,0
47857,0,1,0,1535,0
47858,0,1,0,1158,0
47859,0,1,0,2124,0
47860,0,3,0,17024,0
47861,0,2,0,510,0
47862,2,1,72758,463,0
47863,0,1,0,3847,0
47864,0,1,0,1235,0
47865,0,2,0,167145,0
47866,3,0,39294,0,0
47867,0,1,0,966,0
47868,0,1,0,1143,0
47869,0,1,0,1216,0
47870,0,1,0,77,0
47871,0,1,0,255,0
47872,0,2,0,3307,0
47873,0,2,0,30078,0
47874,2,0,472982,0,0
47875,1,0,486,0,0
47876,0,1,0,331,0
47877,0,1,0,4454,0
47878,0,1,0,18189,0
47879,0,1,0,4247,0
47880,0,1,0,19040,0
47881,0,1,0,4053,0
47882,0,1,0,1230,0
47883,0,1,0,757,0
47884,0,1,0,571,0
47885,0,2,0,12466,0
47886,0,1,0,2090,0
47887,0,1,0,1219,0
47888,0,1,0,16154,0
47889,0,1,0,3192,0
47890,0,1,0,3449,0
47891,0,3,0,516,0
47892,0,1,0,440,0
47893,0,1,0,79040,0
47894,0,1,0,8684,0
47895,0,1,0,1608,0
47896,1,3,395,2593,0
47897,4,8,14486,10628,0
47898,3,0,74113,0,0
47899,0,1,0,154026,0
47900,0,1,0,147,0
47901,1,4,1009,9303,0
47902,1,0,2345,0,0
47903,0,2,0,1109,0
47904,0,1,0,3622,0
47905,0,1,0,1238,0
47906,0,1,0,75,0
47907,0,1,0,2098,0
47908,1,0,6014,0,0
47909,0,2,0,132026,0
47910,0,1,0,25648,0
47911,0,1,0,116,0
47912,0,1,0,281,0
47913,0,1,0,202529,0
47914,0,1,0,17580,0
47915,0,2,0,286,0
47916,0,1,0,565,0
47917,0,1,0,336,0
47918,0,1,0,1081,0
47919,0,2,0,50093,0
47920,0,1,0,4061,0
47921,0,1,0,89,0
47922,0,2,0,409,0
47923,2,0,27366,0,0
47924,0,3,0,50630,0
47925,1,0,12701,0,0
47926,1,0,10661,0,0
47927,1,1,26260,24,0
47928,0,1,0,1328,0
47929,0,1,0,2755,0
47930,0,1,0,5878,0
47931,1,1,98988,33376,1
47932,0,1,0,134,0
47933,0,1,0,17216,0
47934,0,1,0,5452,0
47935,0,1,0,133,0
47936,0,1,0,30415,0
47937,0,2,0,2305,0
47938,1,0,25041,0,0
47939,0,1,0,404,0
47940,0,1,0,69,0
47941,0,1,0,1296,0
47942,0,1,0,65447,0
47943,0,1,0,66,0
47944,0,1,0,2894,0
47945,0,1,0,1149,0
47946,0,1,0,184752,0
47947,0,1,0,11863,0
47948,0,1,0,38184,0
47949,0,1,0,271,0
47950,0,1,0,3965,0
47951,0,1,0,2683,0
47952,0,1,0,32725,0
47953,0,1,0,30013,0
47954,0,1,0,124,0
47955,0,1,0,82,0
47956,0,1,0,15,0
47957,0,1,0,1395,0
47958,0,1,0,5717,0
47959,0,1,0,2869,0
47960,0,1,0,3,0
47961,0,1,0,22,0
47962,0,1,0,22505,0
47963,0,1,0,22,0
47964,2,4,3987,431984,0
47965,1,1,426929,2430,0
47966,1,0,61,0,0
47967,0,2,0,3664,0
47968,1,0,2107,0,0
47969,0,1,0,1548,0
47970,1,1,2366,35,0
47971,1,1,2488,2366,0
47972,0,3,0,2545,0
47973,1,0,21,0,0
47974,3,5,14624,32003,0
47975,1,1,2993,242,0
47976,2,0,27211,0,0
47977,2,0,2093048,0,0
47978,0,2,0,33558,0
47979,1,0,8784,0,0
47980,0,2,0,195136,0
47981,0,1,0,1623,0
47982,0,1,0,13,0
47983,0,1,0,2,0
47984,0,1,0,19,0
47985,0,1,0,9395,0
47986,0,2,0,5701,0
47987,0,1,0,427,0
47988,0,1,0,213,0
47989,0,1,0,479,0
47990,0,2,0,395,0
47991,0,1,0,4767,0
47992,0,1,0,820,0
47993,0,1,0,2666,0
47994,0,2,0,5819,0
47995,0,6,0,126236,0
47996,1,0,18410,0,0
47997,1,0,48,0,0
47998,1,0,7465,0,0
47999,1,0,51,0,0
48000,0,1,0,183,0
48001,0,2,0,15920,0
48002,0,1,0,504,0
48003,1,0,26572,0,0
48004,0,1,0,34,0
48005,0,3,0,77820,0
48006,1,0,16409,0,0
48007,0,1,0,2197,0
48008,0,2,0,5240,0
48009,0,1,0,257,0
48010,0,1,0,855,0
48011,0,1,0,4964,0
48012,0,1,0,642,0
48013,0,1,0,2814,0
48014,0,1,0,1441,0
48015,0,1,0,7606,0
48016,0,1,0,1934,0
48017,0,1,0,2328,0
48018,0,1,0,143,0
48019,0,1,0,1955,0
48020,0,1,0,17093,0
48021,0,1,0,41,0
48022,0,2,0,54221,0
48023,0,2,0,54370,0
48024,0,1,0,21995,0
48025,0,1,0,2669,0
48026,0,1,0,30479,0
48027,0,1,0,65976,0
48028,0,1,0,25207,0
48029,0,1,0,504,0
48030,0,1,0,67,0
48031,0,1,0,1319,0
48032,0,2,0,10906,0
48033,0,2,0,413,0
48034,0,1,0,488,0
48035,0,1,0,121,0
48036,0,2,0,14099,0
48037,0,2,0,328,0
48038,0,1,0,104,0
48039,0,1,0,10723,0
48040,0,1,0,372,0
48041,0,1,0,550,0
48042,0,1,0,248,0
48043,0,1,0,18639,0
48044,0,1,0,82,0
48045,0,1,0,4429,0
48046,0,1,0,3943,0
48047,0,1,0,309,0
48048,0,1,0,1762,0
48049,0,1,0,380,0
48050,0,1,0,33125,0
48051,0,1,0,267,0
48052,0,1,0,11,0
48053,0,1,0,12993,0
48054,0,1,0,87,0
48055,0,1,0,140,0
48056,0,1,0,971,0
48057,0,1,0,1195,0
48058,0,1,0,5,0
48059,0,1,0,73192,0
48060,0,1,0,2649,0
48061,0,1,0,1111,0
48062,0,1,0,153,0
48063,0,1,0,108,0
48064,0,1,0,1294,0
48065,0,1,0,1738,0
48066,0,1,0,1861,0
48067,0,1,0,834,0
48068,1,0,192,0,0
48069,0,1,0,57,0
48070,0,1,0,2859,0
48071,1,0,3609,0,0
48072,0,1,0,8479,0
48073,0,1,0,30685,0
48074,0,1,0,926,0
48075,1,4,2190,35304,0
48076,1,0,38,0,0
48077,1,0,3928,0,0
48078,1,0,27455,0,0
48079,2,1,32537,4710,0
48080,0,1,0,2190,0
48081,0,1,0,5602,0
48082,0,1,0,7469,0
48083,0,2,0,30050,0
48084,0,1,0,32197,0
48085,0,1,0,227,0
48086,0,1,0,462,0
48087,1,0,8755,0,0
48088,5,9,55274,209432,0
48089,1,0,51,0,0
48090,1,0,951,0,0
48091,1,1,15964,7286,0
48092,1,0,309,0,0
48093,1,0,1082,0,0
48094,1,0,183958,0,0
48095,1,0,3779,0,0
48096,0,2,0,1483,0
48097,4,1,51958,4128,0
48098,0,1,0,5559,0
48099,0,1,0,2008,0
48100,0,2,0,20510,0
48101,0,1,0,410,0
48102,0,1,0,5786,0
48103,0,1,0,385,0
48104,0,1,0,51,0
48105,1,0,596,0,0
48106,1,0,11,0,0
48107,1,1,875,3911,0
48108,1,0,792,0,0
48109,1,2,6736,23348,0
48110,3,6,1721,26695,0
48111,1,0,9182,0,0
48112,2,0,1546,0,0
48113,1,1,4603,232,0
48114,1,0,485,0,0
48115,0,1,0,70859,0
48116,0,1,0,33760,0
48117,0,1,0,2739,0
48118,0,1,0,39,0
48119,0,1,0,2940,0
48120,0,1,0,291,0
48121,0,1,0,860,0
48122,0,1,0,6704,0
48123,0,1,0,19685,0
48124,0,1,0,3997,0
48125,0,1,0,172,0
48126,0,1,0,164,0
48127,0,1,0,10888,0
48128,0,1,0,1589,0
48129,0,1,0,293,0
48130,0,1,0,3073,0
48131,2,0,15333,0,0
48132,1,0,680,0,0
48133,1,1,76,15977,0
48134,1,6,83645,891013,0
48135,1,0,5411,0,0
48136,2,1,111474,83645,1
48137,1,0,9306,0,0
48138,1,0,4369,0,0
48139,0,1,0,13151,0
48140,0,1,0,1203,0
48141,0,1,0,68779,0
48142,0,1,0,8449,0
48143,0,1,0,57411,0
48144,0,1,0,121087,0
48145,0,1,0,1163,0
48146,0,1,0,227,0
48147,0,1,0,8163,0
48148,0,1,0,323,0
48149,0,1,0,4380,0
48150,1,1,91,2940,0
48151,0,2,0,3818,0
48152,0,1,0,244,0
48153,0,1,0,287,0
48154,0,1,0,53,0
48155,0,3,0,12992,0
48156,1,0,781,0,0
48157,1,1,444,3,0
48158,0,1,0,255,0
48159,1,2,524,12135,0
48160,1,0,10460,0,0
48161,0,1,0,524,0
48162,0,1,0,29394,0
48163,1,1,21797,887,0
48164,0,1,0,21797,0
48165,1,0,13187,0,0
48166,0,1,0,547,0
48167,0,1,0,1355,0
48168,0,1,0,4567,0
48169,0,1,0,365,0
48170,1,1,2058,4084,0
48171,0,1,0,2058,0
48172,0,1,0,34479,0
48173,0,1,0,6268,0
48174,0,1,0,407,0
48175,0,1,0,180,0
48176,0,1,0,4005,0
48177,0,1,0,206,0
48178,0,1,0,8283,0
48179,0,1,0,147,0
48180,0,2,0,6383,0
48181,3,0,1953,0,0
48182,0,1,0,19,0
48183,0,1,0,14,0
48184,0,2,0,7182,0
48185,0,1,0,242,0
48186,1,0,20863,0,0
48187,0,2,0,3892,0
48188,1,0,3887,0,0
48189,1,0,3032,0,0
48190,1,0,188604,0,0
48191,1,0,1801,0,0
48192,0,1,0,153,0
48193,0,1,0,2310,0
48194,0,1,0,4677,0
48195,0,1,0,96981,0
48196,0,1,0,105,0
48197,0,6,0,327625,0
48198,1,0,10796,0,0
48199,1,0,155,0,0
48200,2,5,884,20664,0
48201,0,2,0,209465,0
48202,1,0,198104,0,0
48203,0,2,0,93256,0
48204,1,1,66632,3148,0
48205,0,1,0,208605,0
48206,0,1,0,7735,0
48207,0,3,0,207931,0
48208,0,1,0,249559,0
48209,0,1,0,9038,0
48210,0,1,0,155,0
48211,0,1,0,12216,0
48212,1,2,4748,8807,0
48213,1,0,147,0,0
48214,0,1,0,4748,0
48215,1,2,46847,2127,0
48216,1,0,151,0,0
48217,0,1,0,46847,0
48218,2,1,956,85,0
48219,1,0,110,0,0
48220,1,0,639697,0,0
48221,1,0,17135,0,0
48222,1,0,24,0,0
48223,0,1,0,731,0
48224,0,3,0,5032,0
48225,0,1,0,281,0
48226,0,1,0,608,0
48227,0,1,0,6029,0
48228,0,1,0,383,0
48229,0,1,0,1724,0
48230,2,2,2534,1227,0
48231,1,0,1227,0,0
48232,0,2,0,38804,0
48233,1,0,1116,0,0
48234,0,1,0,7231,0
48235,0,1,0,676,0
48236,0,1,0,72,0
48237,0,1,0,21,0
48238,0,1,0,12,0
48239,0,1,0,1919,0
48240,0,1,0,191,0
48241,0,1,0,5595,0
48242,0,1,0,3264,0
48243,0,1,0,667,0
48244,0,1,0,547,0
48245,0,1,0,2212,0
48246,0,1,0,271876,0
48247,0,1,0,614,0
48248,0,1,0,1651,0
48249,0,1,0,398,0
48250,0,1,0,43894,0
48251,0,1,0,3770,0
48252,0,1,0,1852402,0
48253,0,1,0,33043,0
48254,0,1,0,181,0
48255,0,2,0,2028,0
48256,1,0,1143,0,0
48257,0,1,0,9366,0
48258,0,1,0,32,0
48259,0,1,0,7887,0
48260,0,1,0,1495,0
48261,0,1,0,207248,0
48262,0,1,0,184457,0
48263,0,1,0,47757,0
48264,0,1,0,59472,0
48265,0,1,0,71,0
48266,0,1,0,78634,0
48267,0,1,0,626,0
48268,0,1,0,36755,0
48269,0,1,0,718,0
48270,0,1,0,2333,0
48271,1,1,32,1638,0
48272,0,1,0,42220,0
48273,0,2,0,23319,0
48274,2,0,2718,0,0
48275,0,4,0,444026,0
48276,1,0,443095,0,0
48277,0,1,0,3727,0
48278,0,1,0,252,0
48279,0,3,0,14048,0
48280,1,0,767,0,0
48281,1,0,1128,0,0
48282,0,2,0,24884,0
48283,1,0,5371,0,0
48284,0,3,0,35208,0
48285,1,0,7809,0,0
48286,1,0,27072,0,0
48287,1,2,6362,1518,0
48288,1,1,199,6362,0
48289,0,1,0,147,0
48290,1,1,221,14,0
48291,0,7,0,13238,0
48292,1,0,89,0,0
48293,1,0,103,0,0
48294,2,1,2649,1432,0
48295,1,0,3094,0,0
48296,2,2,684,33211,0
48297,1,0,1432,0,0
48298,1,0,1203,0,0
48299,2,0,68460,0,0
48300,0,1,0,779,0
48301,0,4,0,2656,0
48302,1,0,1714,0,0
48303,1,0,46,0,0
48304,1,2,25504,37451,0
48305,0,1,0,25504,0
48306,0,1,0,67,0
48307,0,1,0,509,0
48308,0,1,0,5715,0
48309,0,1,0,2703,0
48310,0,1,0,860,0
48311,0,1,0,40211,0
48312,0,1,0,42544,0
48313,0,1,0,8107,0
48314,0,1,0,1898,0
48315,1,0,2813,0,0
48316,0,2,0,52500,0
48317,0,1,0,117,0
48318,0,1,0,885,0
48319,0,1,0,1020,0
48320,0,1,0,3714,0
48321,1,1,1419,7067,0
48322,0,2,0,1429,0
48323,0,1,0,740,0
48324,0,1,0,237,0
48325,0,1,0,2847,0
48326,0,1,0,36121,0
48327,0,2,0,394,0
48328,0,1,0,17789,0
48329,0,1,0,39430,0
48330,0,1,0,10,0
48331,0,1,0,264,0
48332,0,1,0,290664,0
48333,0,1,0,5434,0
48334,0,1,0,7660,0
48335,0,1,0,258,0
48336,0,1,0,865,0
48337,0,1,0,20,0
48338,0,1,0,2424,0
48339,0,1,0,1329,0
48340,0,1,0,2360,0
48341,1,1,204,88,0
48342,0,1,0,2740,0
48343,0,1,0,204,0
48344,0,1,0,99,0
48345,0,1,0,691,0
48346,0,2,0,272,0
48347,0,1,0,8339,0
48348,0,1,0,416,0
48349,0,1,0,153,0
48350,0,1,0,6651,0
48351,0,1,0,36,0
48352,0,1,0,3772,0
48353,0,1,0,399,0
48354,0,1,0,94880,0
48355,0,1,0,199,0
48356,0,1,0,554,0
48357,0,1,0,19914,0
48358,0,1,0,1027,0
48359,0,1,0,15046,0
48360,0,1,0,904,0
48361,0,1,0,9781,0
48362,0,1,0,19917,0
48363,0,1,0,146,0
48364,0,1,0,574,0
48365,0,1,0,7749,0
48366,0,1,0,784,0
48367,0,1,0,654,0
48368,0,1,0,231,0
48369,0,1,0,214,0
48370,0,1,0,10933,0
48371,0,1,0,1162,0
48372,0,1,0,415,0
48373,0,1,0,15466,0
48374,1,1,260510,307,0
48375,0,2,0,260851,0
48376,1,1,341,1634,0
48377,0,1,0,1759,0
48378,1,3,12128,4080,0
48379,1,1,3062,12128,0
48380,1,0,70,0,0
48381,1,0,216,0,0
48382,1,0,1262,0,0
48383,0,1,0,66,0
48384,0,1,0,1274,0
48385,0,1,0,50,0
48386,0,1,0,180,0
48387,0,1,0,2,0
48388,0,1,0,12867,0
48389,0,1,0,1379,0
48390,0,1,0,4174,0
48391,1,3,15827,13883,0
48392,3,2,24575,15925,0
48393,0,6,0,739267,0
48394,1,0,454,0,0
48395,1,0,9288,0,0
48396,1,0,19189,0,0
48397,0,1,0,1399,0
48398,0,1,0,408,0
48399,0,2,0,191814,0
48400,0,3,0,19697,0
48401,1,1,4512,580,0
48402,0,1,0,2773,0
48403,0,1,0,20098,0
48404,0,1,0,4751,0
48405,0,1,0,2233,0
48406,0,1,0,12189,0
48407,0,1,0,9568,0
48408,0,1,0,1285,0
48409,0,1,0,985,0
48410,0,1,0,226,0
48411,1,1,678,2827,0
48412,1,2,58,32412,0
48413,1,0,12876,0,0
48414,0,1,0,74105,0
48415,0,1,0,9793,0
48416,0,1,0,214680,0
48417,1,0,23092,0,0
48418,1,0,24368,0,0
48419,1,0,41188,0,0
48420,0,1,0,3997,0
48421,1,0,3446,0,0
48422,1,0,91,0,0
48423,1,0,17878,0,0
48424,1,1,1331,5461,0
48425,1,0,2514,0,0
48426,1,0,79,0,0
48427,1,0,29417,0,0
48428,1,0,11807,0,0
48429,1,0,45891,0,0
48430,1,0,221,0,0
48431,1,0,56,0,0
48432,1,0,4351,0,0
48433,0,1,0,4246,0
48434,0,1,0,76027,0
48435,0,1,0,529,0
48436,0,1,0,618,0
48437,0,1,0,724,0
48438,0,1,0,114,0
48439,0,1,0,9263,0
48440,0,1,0,145295,0
48441,0,1,0,4507,0
48442,0,1,0,718,0
48443,0,1,0,426,0
48444,0,1,0,4897,0
48445,0,1,0,9147,0
48446,0,1,0,121,0
48447,0,1,0,346285,0
48448,0,1,0,85590,0
48449,0,1,0,262202,0
48450,0,1,0,404,0
48451,0,1,0,10338,0
48452,0,1,0,9120,0
48453,0,1,0,109,0
48454,0,1,0,37717,0
48455,0,1,0,79659,0
48456,0,1,0,1810,0
48457,0,1,0,35904,0
48458,0,1,0,1865662,0
48459,0,1,0,1310,0
48460,0,1,0,139,0
48461,0,1,0,177,0
48462,0,1,0,128,0
48463,0,1,0,6415,0
48464,0,1,0,1706,0
48465,0,1,0,286,0
48466,0,1,0,46097,0
48467,0,1,0,4235,0
48468,0,1,0,6248,0
48469,0,1,0,22279,0
48470,0,1,0,203860,0
48471,0,1,0,5448,0
48472,0,1,0,27,0
48473,0,1,0,7297,0
48474,0,1,0,1808,0
48475,0,1,0,616,0
48476,0,1,0,3619,0
48477,0,1,0,8356,0
48478,0,1,0,1428,0
48479,0,1,0,2283,0
48480,0,1,0,1290,0
48481,1,4,80769,462112,1
48482,0,1,0,36635,0
48483,0,1,0,67,0
48484,0,1,0,2525,0
48485,0,1,0,1096,0
48486,0,1,0,1880,0
48487,0,1,0,46522,0
48488,0,1,0,7211,0
48489,0,1,0,114486,0
48490,0,1,0,19523,0
48491,0,2,0,59279,0
48492,0,1,0,46199,0
48493,0,1,0,593,0
48494,0,1,0,3317,0
48495,0,1,0,456,0
48496,3,2,10336,1661,0
48497,2,0,918,0,0
48498,1,0,5576,0,0
48499,0,1,0,810,0
48500,0,1,0,152262,0
48501,1,0,275,0,0
48502,0,1,0,529,0
48503,0,1,0,210,0
48504,0,1,0,2,0
48505,0,1,0,935,0
48506,0,1,0,273,0
48507,0,1,0,563,0
48508,0,1,0,1961,0
48509,1,0,2432,0,0
48510,1,0,1526,0,0
48511,0,1,0,4281,0
48512,0,1,0,51293,0
48513,0,1,0,281,0
48514,0,1,0,44152,0
48515,0,1,0,7279,0
48516,0,2,0,1286,0
48517,1,5,3055,37080,0
48518,1,0,10631,0,0
48519,1,1,50,5,0
48520,1,0,25617,0,0
48521,1,1,5,9023,0
48522,0,1,0,3055,0
48523,1,0,9023,0,0
48524,0,1,0,59503,0
48525,0,1,0,17786,0
48526,0,1,0,58,0
48527,0,1,0,743,0
48528,0,1,0,181,0
48529,0,1,0,9524,0
48530,0,1,0,10121,0
48531,0,1,0,5994,0
48532,0,1,0,179,0
48533,0,1,0,8053,0
48534,0,1,0,5414,0
48535,0,1,0,57264,0
48536,0,1,0,144,0
48537,0,1,0,6508,0
48538,0,1,0,7253,0
48539,0,1,0,166,0
48540,0,2,0,46798,0
48541,1,4,1800,8294,0
48542,1,1,2060,1800,0
48543,2,0,413689,0,0
48544,0,1,0,38,0
48545,1,0,48955,0,0
48546,0,2,0,100343,0
48547,0,1,0,143,0
48548,0,1,0,6519,0
48549,0,1,0,1123,0
48550,0,1,0,206,0
48551,0,19,0,672281,0
48552,1,0,1449,0,0
48553,1,0,8,0,0
48554,1,0,109,0,0
48555,1,0,282,0,0
48556,1,0,430,0,0
48557,1,0,1956,0,0
48558,1,0,645,0,0
48559,1,0,506537,0,0
48560,1,0,17847,0,0
48561,1,0,31982,0,0
48562,1,0,1020,0,0
48563,1,0,10,0,0
48564,1,0,45492,0,0
48565,1,0,39,0,0
48566,1,0,50009,0,0
48567,1,0,1115,0,0
48568,1,0,10496,0,0
48569,0,1,0,15035,0
48570,0,1,0,15252,0
48571,0,1,0,325,0
48572,5,2,15045,6730,0
48573,1,2,4659,18116,0
48574,1,0,24,0,0
48575,0,2,0,9468,0
48576,1,1,230,95,0
48577,1,0,1961,0,0
48578,1,0,84180,0,0
48579,0,1,0,150,0
48580,1,0,268,0,0
48581,0,1,0,8421,0
48582,0,1,0,668,0
48583,1,0,7126,0,0
48584,0,1,0,1904,0
48585,0,1,0,278603,0
48586,0,1,0,17056,0
48587,1,3,307,11542,0
48588,1,0,3244,0,0
48589,0,1,0,307,0
48590,0,2,0,3536,0
48591,0,1,0,4469,0
48592,0,1,0,78,0
48593,0,1,0,458,0
48594,0,1,0,404,0
48595,0,1,0,24605,0
48596,0,1,0,964,0
48597,0,1,0,1166,0
48598,1,1,258,718,0
48599,0,1,0,258,0
48600,0,1,0,65,0
48601,0,1,0,6754,0
48602,0,1,0,4670,0
48603,0,1,0,369,0
48604,1,1,36,6304,0
48605,0,2,0,1756,0
48606,0,1,0,9864,0
48607,0,2,0,2228,0
48608,0,1,0,1366,0
48609,0,1,0,1128,0
48610,0,1,0,146,0
48611,0,1,0,242,0
48612,0,1,0,811,0
48613,0,1,0,775,0
48614,0,1,0,25691,0
48615,0,1,0,20,0
48616,0,1,0,48963,0
48617,0,2,0,364,0
48618,1,1,193,118,0
48619,0,1,0,133,0
48620,0,1,0,100,0
48621,1,1,131,396,0
48622,0,2,0,50191,1
48623,0,1,0,2270,0
48624,0,1,0,6416,0
48625,0,1,0,4754,0
48626,0,1,0,67,0
48627,0,1,0,358,0
48628,0,1,0,17438,0
48629,0,1,0,459,0
48630,0,1,0,396,0
48631,0,2,0,30613,0
48632,0,1,0,17635,0
48633,0,1,0,390,0
48634,0,3,0,16706,0
48635,1,0,13075,0,0
48636,1,0,38,0,0
48637,0,1,0,4823,0
48638,0,2,0,33620,0
48639,0,2,0,140134,0
48640,1,0,37456,0,0
48641,0,1,0,6920,0
48642,0,1,0,2827,0
48643,1,2,5038,1269,0
48644,0,1,0,5038,0
48645,1,0,528967,0,0
48646,0,1,0,54,0
48647,0,1,0,2579,0
48648,0,1,0,11,0
48649,0,1,0,8448,0
48650,0,1,0,433,0
48651,0,1,0,12245,0
48652,0,1,0,338865,0
48653,0,1,0,1137,0
48654,0,1,0,7372,0
48655,0,1,0,1297,0
48656,0,1,0,337,0
48657,0,1,0,334,0
48658,0,1,0,6299,0
48659,1,0,11055,0,0
48660,0,1,0,369,0
48661,1,1,145,29713,0
48662,0,1,0,361,0
48663,0,1,0,836,0
48664,0,1,0,1112,0
48665,0,1,0,3768,0
48666,0,1,0,3496,0
48667,0,1,0,145,0
48668,1,2,1616,2457,0
48669,1,0,2314,0,0
48670,1,2,281,77415,0
48671,0,1,0,715,0
48672,0,1,0,349,0
48673,1,1,2507,75941,0
48674,0,2,0,3373,0
48675,0,2,0,204,0
48676,0,1,0,8588,0
48677,0,3,0,4985,0
48678,1,0,1610,0,0
48679,0,1,0,822,0
48680,0,1,0,190,0
48681,0,1,0,5307,0
48682,0,1,0,263902,0
48683,0,1,0,35529,0
48684,0,1,0,49068,0
48685,4,1,21863,841,0
48686,0,1,0,522,0
48687,0,1,0,840,0
48688,1,3,7711,7594,0
48689,1,0,2954,0,0
48690,1,0,671,0,0
48691,0,1,0,7711,0
48692,1,2,786,48315,0
48693,1,0,45637,0,0
48694,0,2,0,293306,0
48695,0,1,0,2922,0
48696,0,3,0,4722,0
48697,1,0,410,0,0
48698,0,2,0,7219,0
48699,1,0,7043,0,0
48700,0,1,0,39255,0
48701,0,1,0,152,0
48702,0,1,0,351,0
48703,0,1,0,393,0
48704,0,1,0,16876,0
48705,0,1,0,62961,0
48706,0,2,0,839851,0
48707,3,0,54073,0,0
48708,0,1,0,48808,0
48709,0,1,0,4998,0
48710,1,1,1171,34522,0
48711,1,0,127,0,0
48712,1,0,84623,0,0
48713,1,0,80,0,0
48714,1,0,127357,0,0
48715,1,0,2024,0,0
48716,1,0,1280,0,0
48717,1,0,99931,0,0
48718,1,0,29,0,0
48719,0,1,0,356,0
48720,0,1,0,812,0
48721,0,8,0,24826,0
48722,1,0,3918,0,0
48723,1,0,3774,0,0
48724,1,0,189,0,0
48725,1,0,4594,0,0
48726,1,0,27,0,0
48727,1,0,13,0,0
48728,1,0,7360,0,0
48729,0,1,0,6138,0
48730,2,1,40051,7237,0
48731,0,1,0,39685,0
48732,0,1,0,366,0
48733,0,1,0,1215,0
48734,0,1,0,332,0
48735,0,2,0,76172,0
48736,0,1,0,86,0
48737,0,1,0,28,0
48738,0,1,0,44257,0
48739,0,1,0,133,0
48740,0,1,0,2,0
48741,0,3,0,72981,0
48742,4,1,50382,1089,0
48743,0,1,0,3592,0
48744,0,1,0,57,0
48745,0,1,0,30,0
48746,0,1,0,498,0
48747,0,1,0,31,0
48748,0,1,0,44,0
48749,0,1,0,133,0
48750,0,1,0,889,0
48751,0,1,0,25,0
48752,0,1,0,4017,0
48753,0,1,0,3258,0
48754,0,1,0,1420,0
48755,0,1,0,1503,0
48756,0,1,0,88697,0
48757,0,1,0,13,0
48758,0,1,0,463201,0
48759,0,1,0,8,0
48760,0,1,0,3018,0
48761,0,1,0,60036,0
48762,0,1,0,694,0
48763,0,1,0,3365,0
48764,0,1,0,2446,0
48765,0,1,0,13,0
48766,0,1,0,197,0
48767,0,1,0,297,0
48768,0,1,0,631,0
48769,0,1,0,6919,0
48770,0,1,0,7678,0
48771,0,1,0,5118,0
48772,0,1,0,2,0
48773,0,1,0,2,0
48774,1,0,144,0,0
48775,0,1,0,97199,0
48776,0,1,0,1942713,0
48777,0,1,0,190882,0
48778,0,1,0,11609,0
48779,0,1,0,99,0
48780,0,1,0,54021,0
48781,0,1,0,11,0
48782,0,1,0,4989,0
48783,0,1,0,161,0
48784,0,1,0,821,0
48785,0,1,0,33,0
48786,0,1,0,7392,0
48787,0,1,0,1441,0
48788,0,1,0,2134,0
48789,0,1,0,1584,0
48790,0,2,0,4280,0
48791,0,1,0,225,0
48792,0,1,0,777,0
48793,1,0,128,0,0
48794,1,0,1736503,0,0
48795,1,0,23,0,0
48796,0,1,0,5112,0
48797,1,2,7968,83956,0
48798,0,1,0,7968,0
48799,0,1,0,22253,0
48800,1,0,4101,0,0
48801,0,1,0,2212,0
48802,0,1,0,657,0
48803,0,1,0,280,0
48804,0,1,0,3201,0
48805,0,1,0,93,0
48806,0,1,0,422,0
48807,0,1,0,131214,0
48808,0,1,0,12941,0
48809,0,1,0,16586,0
48810,0,2,0,45852,0
48811,0,1,0,3566,0
48812,0,1,0,600,0
48813,0,1,0,966,0
48814,0,2,0,976,0
48815,0,1,0,27542,0
48816,0,1,0,2618,0
48817,0,1,0,377,0
48818,0,1,0,2693,0
48819,0,1,0,4036,0
48820,0,1,0,1013,0
48821,0,2,0,740,0
48822,0,2,0,28693,0
48823,2,0,7255,0,0
48824,0,2,0,1059,0
48825,9,0,54032,0,0
48826,0,1,0,2145,0
48827,0,1,0,123,0
48828,0,1,0,35793,0
48829,0,1,0,1571,0
48830,0,2,0,4997,0
48831,2,0,1107,0,0
48832,0,2,0,6835,0
48833,4,1,157329,4077,0
48834,0,1,0,178,0
48835,0,1,0,2876,0
48836,2,2,4085,15179,0
48837,1,0,9602,0,0
48838,0,2,0,135526,0
48839,0,1,0,15880,0
48840,0,3,0,1794,0
48841,0,1,0,809,0
48842,1,0,2353,0,0
48843,2,7,242,331291,0
48844,1,0,204924,0,0
48845,1,0,8650,0,0
48846,1,0,29,0,0
48847,1,0,15,0,0
48848,1,0,114747,0,0
48849,1,0,2087,0,0
48850,0,1,0,162,0
48851,0,1,0,80,0
48852,1,6,1281,248705,0
48853,1,0,1114,0,0
48854,1,0,705,0,0
48855,1,0,8727,0,0
48856,1,0,104294,0,0
48857,0,1,0,1281,0
48858,1,1,4110,7757,0
48859,0,1,0,4110,0
48860,0,1,0,8052,0
48861,4,1,97390,5316,0
48862,1,0,162,0,0
48863,0,1,0,235446,0
48864,0,1,0,3612,0
48865,0,1,0,1104,0
48866,0,3,0,2095,0
48867,1,0,18,0,0
48868,0,1,0,349,0
48869,0,1,0,250,0
48870,0,1,0,5516,0
48871,0,2,0,63362,0
48872,0,1,0,22,0
48873,0,1,0,88,0
48874,0,1,0,269,0
48875,0,1,0,804,0
48876,0,1,0,1186,0
48877,0,1,0,376,0
48878,0,1,0,7126,0
48879,0,1,0,10,0
48880,0,1,0,552,0
48881,0,1,0,79350,0
48882,1,1,2784,5147,0
48883,1,2,1620,1348877,0
48884,1,0,1346093,0,0
48885,8,1,289772,1620,0
48886,0,1,0,7220,0
48887,0,1,0,4583,0
48888,0,1,0,523,0
48889,0,1,0,32361,0
48890,0,1,0,62153,0
48891,0,1,0,171350,0
48892,0,1,0,54,0
48893,0,2,0,23907,0
48894,1,0,2726,0,0
48895,0,1,0,7846,0
48896,0,1,0,57,0
48897,0,1,0,260,0
48898,0,1,0,3448,0
48899,0,2,0,24857,0
48900,0,1,0,42582,0
48901,0,1,0,121060,0
48902,1,1,4041,453,0
48903,0,3,0,6296,0
48904,1,0,23,0,0
48905,0,2,0,8732,0
48906,1,2,2933,1325,0
48907,0,1,0,2933,0
48908,0,2,0,173,0
48909,0,1,0,252,0
48910,0,1,0,890,0
48911,0,1,0,129,0
48912,0,1,0,1053,0
48913,0,1,0,194,0
48914,0,1,0,39,0
48915,0,1,0,2978,0
48916,0,1,0,1020,0
48917,0,1,0,152,0
48918,1,2,4644,9703,0
48919,1,0,4768,0,0
48920,0,2,0,27244,0
48921,1,0,7688,0,0
48922,1,0,82124,0,0
48923,0,1,0,138,0
48924,0,5,0,3065097,0
48925,1,0,3033599,0,0
48926,1,0,25955,0,0
48927,1,1,84,1779,0
48928,0,2,0,2207,0
48929,1,1,1,1178,0
48930,1,0,163,0,0
48931,0,1,0,6509,0
48932,0,1,0,46251,0
48933,0,1,0,95828,0
48934,0,1,0,67,0
48935,0,1,0,196,0
48936,0,1,0,123,0
48937,0,2,0,44939,0
48938,0,1,0,90,0
48939,0,1,0,566,0
48940,0,1,0,1622,0
48941,0,1,0,275,0
48942,0,2,0,9529,0
48943,0,1,0,44415,0
48944,0,1,0,234,0
48945,0,1,0,308,0
48946,0,1,0,748,0
48947,0,1,0,11503,0
48948,2,2,7542,94433,0
48949,2,0,2370,0,0
48950,1,0,92914,0,0
48951,0,1,0,7250,0
48952,0,1,0,84548,0
48953,0,2,0,130,0
48954,2,3,492,29869,0
48955,1,0,17572,0,0
48956,1,0,11844,0,0
48957,0,1,0,161,0
48958,0,1,0,331,0
48959,0,1,0,1682,0
48960,3,0,16138,0,0
48961,0,1,0,15873,0
48962,0,1,0,250,0
48963,0,1,0,18653,0
48964,0,1,0,121629,0
48965,0,1,0,88540,0
48966,0,1,0,124,0
48967,0,3,0,24961,0
48968,1,0,312,0,0
48969,0,1,0,6019,0
48970,0,1,0,503,0
48971,0,1,0,21252,0
48972,0,1,0,91,0
48973,0,1,0,447,0
48974,0,1,0,2297,0
48975,0,1,0,68,0
48976,0,2,0,8685,0
48977,1,1,52,1394,0
48978,0,1,0,5723,0
48979,0,1,0,242,0
48980,0,1,0,371,0
48981,0,1,0,118103,0
48982,0,1,0,1049,0
48983,0,3,0,25153,0
48984,1,0,2931,0,0
48985,1,0,3987,0,0
48986,0,1,0,690,0
48987,0,1,0,3750,0
48988,1,1,12773,1613,0
48989,0,1,0,19438,0
48990,0,1,0,12773,0
48991,1,0,1682,0,0
48992,0,1,0,35,0
48993,0,2,0,160,0
48994,0,1,0,37814,0
48995,0,1,0,7672,0
48996,0,1,0,34798,0
48997,4,6,192058,186711,1
48998,0,1,0,70,0
48999,0,1,0,390,0
49000,0,1,0,5687,0
49001,0,1,0,882,0
49002,0,4,0,98293,0
49003,1,0,37067,0,0
49004,0,2,0,3080,0
49005,1,0,80,0,0
49006,1,0,20846,0,0
49007,1,0,5242,0,0
49008,1,1,6296,110,0
49009,0,1,0,92547,0
49010,0,2,0,288,0
49011,0,1,0,23194,0
49012,0,1,0,1021,0
49013,0,1,0,906,0
49014,0,1,0,1488,0
49015,0,1,0,67,0
49016,1,1,722,5225,0
49017,0,1,0,722,0
49018,0,2,0,19921,0
49019,0,1,0,313,0
49020,0,1,0,46,0
49021,0,1,0,137663,0
49022,1,0,1139,0,0
49023,0,1,0,28826,0
49024,0,1,0,2315,0
49025,0,1,0,622,0
49026,0,1,0,679,0
49027,0,1,0,1726,0
49028,0,1,0,1349,0
49029,0,1,0,367,0
49030,0,2,0,256572,0
49031,0,1,0,38,0
49032,0,1,0,543,0
49033,0,3,0,25762,0
49034,1,0,546,0,0
49035,0,1,0,614,0
49036,0,2,0,18923,0
49037,1,1,3329,669,0
49038,0,1,0,2775,0
49039,0,1,0,4398,0
49040,0,1,0,1045,0
49041,0,2,0,123856,0
49042,0,1,0,972,0
49043,0,1,0,73,0
49044,0,1,0,3581,0
49045,0,1,0,996,0
49046,3,3,1376,26698,0
49047,1,0,81,0,0
49048,0,1,0,1269,0
49049,0,1,0,23,0
49050,0,1,0,84,0
49051,0,1,0,1229,0
49052,0,1,0,1842,0
49053,0,1,0,789,0
49054,0,1,0,1270,0
49055,0,1,0,31,0
49056,0,1,0,25484,0
49057,0,1,0,266,0
49058,3,1,79883,142,0
49059,0,1,0,384,0
49060,0,1,0,73474,0
49061,0,6,0,22417,0
49062,1,1,7868,697,0
49063,1,0,115,0,0
49064,2,0,4344,0,0
49065,1,1,9467,15,0
49066,0,2,0,10304,0
49067,3,1,10231,11949,0
49068,1,0,11949,0,0
49069,0,1,0,484,0
49070,1,0,202,0,0
49071,0,1,0,266,0
49072,0,1,0,1639,0
49073,0,1,0,5602,0
49074,0,1,0,118,0
49075,1,0,659,0,0
49076,0,1,0,2409,0
49077,0,2,0,3005,0
49078,2,2,24088,7188,0
49079,1,0,7179,0,0
49080,1,0,9,0,0
49081,1,0,7555,0,0
49082,1,0,725,0,0
49083,1,0,17181,0,0
49084,1,0,9,0,0
49085,1,1,4124,615,0
49086,0,1,0,25492,0
49087,1,0,121,0,0
49088,1,0,35,0,0
49089,0,3,0,58650,0
49090,1,0,3649,0,0
49091,0,2,0,666,0
49092,0,1,0,10044,0
49093,0,1,0,903,0
49094,0,1,0,2256,0
49095,0,1,0,2104,0
49096,0,1,0,2692,0
49097,0,1,0,2800,0
49098,0,1,0,132,0
49099,0,1,0,36711,0
49100,0,1,0,265634,0
49101,0,1,0,55628,0
49102,0,1,0,8799,0
49103,0,1,0,70166,0
49104,0,1,0,674,0
49105,0,1,0,1327,0
49106,0,1,0,1072,0
49107,0,1,0,3643,0
49108,1,0,2765,0,0
49109,2,0,7015,0,0
49110,1,1,1626,298,0
49111,0,1,0,1626,0
49112,0,1,0,824,0
49113,0,1,0,4318,0
49114,0,1,0,1242,0
49115,0,2,0,749,0
49116,2,0,43609,0,0
49117,0,2,0,10838,0
49118,2,0,767,0,0
49119,0,1,0,139,0
49120,0,1,0,185,0
49121,0,1,0,1532,0
49122,0,1,0,1045,0
49123,0,1,0,21,0
49124,0,1,0,6979,0
49125,0,1,0,14241,0
49126,0,2,0,10970,0
49127,2,1,5011,24,0
49128,1,0,24,0,0
49129,0,1,0,6,0
49130,0,1,0,4058,0
49131,0,1,0,53895,0
49132,0,1,0,4065,0
49133,0,1,0,6,0
49134,0,1,0,1309,0
49135,0,1,0,80,0
49136,1,0,66827,0,0
49137,1,0,2554,0,0
49138,1,1,553,582,0
49139,0,1,0,553,0
49140,0,1,0,2368,0
49141,0,1,0,1596,0
49142,0,2,0,6364,0
49143,3,1,125948,4605,0
49144,0,2,0,84533,0
49145,1,0,77790,0,0
49146,0,1,0,8,0
49147,1,1,153,1762,0
49148,0,1,0,80,0
49149,0,1,0,153,0
49150,1,0,1,0,0
49151,1,0,13402,0,0
49152,1,0,210,0,0
49153,1,0,4477,0,0
49154,0,1,0,369,0
49155,0,1,0,5,0
49156,0,1,0,877,0
49157,0,1,0,13,0
49158,1,0,79,0,0
49159,0,1,0,620,0
49160,0,2,0,2371,0
49161,0,1,0,24840,0
49162,0,1,0,7467,0
49163,0,4,0,3399,0
49164,1,0,1866,0,0
49165,2,1,1838,83,0
49166,2,5,6242,27748,0
49167,1,1,83,822,0
49168,1,0,4180,0,0
49169,1,0,7937,0,0
49170,1,0,183,0,0
49171,1,0,1085,0,0
49172,1,0,14363,0,0
49173,0,2,0,6561,0
49174,0,1,0,41790,0
49175,2,4,116764,177963,1
49176,0,1,0,327898,0
49177,0,1,0,104,0
49178,0,2,0,185276,0
49179,1,3,180970,65003,0
49180,1,3,589,69417,0
49181,1,0,25392,0,0
49182,1,0,43036,0,0
49183,0,1,0,589,0
49184,1,0,43333,0,0
49185,1,0,32,0,0
49186,1,1,21638,71,0
49187,0,1,0,1583,0
49188,0,1,0,27517,0
49189,0,1,0,65728,0
49190,0,1,0,1601,0
49191,0,1,0,743,0
49192,0,1,0,879,0
49193,0,1,0,15,0
49194,0,1,0,282,0
49195,0,2,0,578,0
49196,0,9,0,3299734,0
49197,1,0,3274963,0,0
49198,1,0,1786,0,0
49199,1,0,5659,0,0
49200,1,0,173,0,0
49201,1,0,1218,0,0
49202,1,0,56,0,0
49203,3,0,14260,0,0
49204,0,1,0,3229,0
49205,0,2,0,4261,0
49206,1,0,774,0,0
49207,1,1,289,4532,0
49208,0,3,0,12967,0
49209,1,0,3214,0,0
49210,0,1,0,289,0
49211,0,1,0,37,0
49212,0,1,0,1497,0
49213,0,1,0,57,0
49214,0,3,0,30596,0
49215,0,1,0,2722,0
49216,0,1,0,2399,0
49217,0,1,0,1209,0
49218,0,1,0,284124,0
49219,0,1,0,51962,0
49220,0,1,0,2893,0
49221,0,1,0,66,0
49222,0,1,0,246,0
49223,0,1,0,11618,0
49224,0,1,0,2669,0
49225,0,1,0,2056,0
49226,0,2,0,1448,0
49227,0,1,0,299,0
49228,0,1,0,1605,0
49229,0,1,0,1750,0
49230,1,0,2535,0,0
49231,0,1,0,490,0
49232,4,2,37998,8064,0
49233,0,1,0,10268,0
49234,1,1,1344,3779,0
49235,1,1,6720,2015,0
49236,0,1,0,4678,0
49237,0,1,0,1039,0
49238,1,1,242,368,0
49239,0,1,0,898,0
49240,1,1,368,6643,0
49241,0,1,0,23985,0
49242,0,1,0,2409,0
49243,0,1,0,53022,0
49244,0,1,0,243,0
49245,0,1,0,1331,0
49246,0,1,0,180,0
49247,0,1,0,65447,0
49248,0,1,0,384,0
49249,0,1,0,4608,0
49250,1,0,8528,0,0
49251,1,0,372,0,0
49252,1,0,78023,0,0
49253,0,1,0,3651,0
49254,0,1,0,586,0
49255,0,1,0,27876,0
49256,0,1,0,1976,0
49257,0,1,0,371,0
49258,0,1,0,7451,0
49259,0,1,0,98686,0
49260,1,0,42,0,0
49261,0,1,0,1030,0
49262,0,1,0,11955,0
49263,2,0,4026,0,0
49264,0,1,0,115,0
49265,0,2,0,64224,0
49266,1,0,13943,0,0
49267,0,1,0,3323,0
49268,0,1,0,2268,0
49269,0,1,0,227,0
49270,0,1,0,70,0
49271,0,2,0,72659,0
49272,0,1,0,160,0
49273,0,1,0,199,0
49274,1,1,652,130,0
49275,0,1,0,72,0
49276,0,1,0,17936,0
49277,0,1,0,111,0
49278,0,1,0,7899,0
49279,0,1,0,10,0
49280,1,2,7409,411950,0
49281,0,1,0,7409,0
49282,0,1,0,159,0
49283,0,1,0,265,0
49284,0,2,0,118497,0
49285,1,0,4605,0,0
49286,0,1,0,8555,0
49287,0,1,0,1122,0
49288,1,0,5316,0,0
49289,0,1,0,746,0
49290,0,1,0,47825,0
49291,0,1,0,1158,0
49292,0,1,0,3887,0
49293,1,1,152,160,0
49294,0,1,0,152,0
49295,1,1,353,175,0
49296,0,3,0,112655,0
49297,1,1,47996,1773,0
49298,1,0,64306,0,0
49299,0,1,0,1502,0
49300,0,1,0,2566,0
49301,0,1,0,16169,0
49302,1,0,4,0,0
49303,1,0,86,0,0
49304,1,0,3163,0,0
49305,0,1,0,593,0
49306,2,1,19787,50903,0
49307,0,2,0,26412,0
49308,0,1,0,10362,0
49309,0,1,0,34,0
49310,0,1,0,192,0
49311,0,1,0,2826,0
49312,0,1,0,6798,0
49313,0,1,0,27882,0
49314,0,3,0,7784,0
49315,1,0,6495,0,0
49316,0,1,0,6391,0
49317,0,1,0,1270,0
49318,0,1,0,1551,0
49319,0,1,0,1146,0
49320,0,1,0,9527,0
49321,1,1,3775,19,0
49322,0,1,0,829,0
49323,0,2,0,249017,0
49324,1,2,104,396,0
49325,1,0,237,0,0
49326,0,1,0,12700,0
49327,0,1,0,4641,0
49328,1,0,1154,0,0
49329,1,0,321,0,0
49330,1,0,1895,0,0
49331,1,0,393,0,0
49332,1,0,2402,0,0
49333,1,0,7172,0,0
49334,3,0,3317,0,0
49335,0,2,0,23714,0
49336,1,0,22640,0,0
49337,1,1,3,2233,0
49338,1,0,5091,0,0
49339,1,0,457,0,0
49340,1,0,133,0,0
49341,1,0,628,0,0
49342,0,1,0,32,0
49343,0,1,0,436,0
49344,0,2,0,11269,0
49345,0,2,0,8124,0
49346,1,0,353,0,0
49347,0,1,0,16793,0
49348,1,2,122,8689,0
49349,0,1,0,122,0
49350,0,1,0,1940,0
49351,0,1,0,2130,0
49352,0,1,0,28,0
49353,0,1,0,17378,0
49354,0,1,0,26,0
49355,0,1,0,11292,0
49356,0,2,0,29966,0
49357,0,1,0,29486,0
49358,0,1,0,17922,0
49359,0,1,0,516,0
49360,0,1,0,64,0
49361,0,1,0,576,0
49362,0,1,0,20322,0
49363,0,1,0,651,0
49364,0,1,0,7160,0
49365,0,1,0,7005,0
49366,0,1,0,2247,0
49367,0,1,0,2455,0
49368,0,1,0,4766,0
49369,0,1,0,11962,0
49370,0,1,0,6648,0
49371,0,1,0,2216,0
49372,0,1,0,813,0
49373,0,1,0,52,0
49374,0,1,0,68,0
49375,0,1,0,5366,0
49376,0,1,0,5885,0
49377,0,2,0,1577,0
49378,4,1,594722,17717,0
49379,0,1,0,593031,0
49380,0,1,0,188,0
49381,0,1,0,683,0
49382,0,1,0,410135,0
49383,0,1,0,14220,0
49384,0,1,0,9321,0
49385,0,1,0,303881,0
49386,0,1,0,675,0
49387,0,1,0,3442,0
49388,0,1,0,1685,0
49389,0,1,0,354,0
49390,2,1,141848,554,0
49391,0,1,0,141729,0
49392,0,1,0,119,0
49393,0,1,0,18,0
49394,1,0,5852,0,0
49395,0,2,0,203026,0
49396,0,2,0,681084,0
49397,0,2,0,1016,0
49398,1,0,1418,0,0
49399,0,1,0,8149,0
49400,0,1,0,13377,0
49401,0,1,0,566,0
49402,0,1,0,79667,0
49403,0,1,0,22,0
49404,0,1,0,65,0
49405,0,1,0,265,0
49406,2,4,29619,2586,0
49407,2,2,11138,29717,0
49408,2,2,228,11216,0
49409,1,0,2127,0,0
49410,0,1,0,132,0
49411,0,1,0,8545,0
49412,0,1,0,8455,0
49413,1,0,637,0,0
49414,1,1,5941,12717,0
49415,0,1,0,5941,0
49416,0,1,0,470,0
49417,0,2,0,25740,0
49418,0,1,0,4998,0
49419,0,4,0,982740,0
49420,1,0,24926,0,0
49421,1,0,24084,0,0
49422,1,0,6369,0,0
49423,1,1,5138,1786,0
49424,4,0,70400,0,0
49425,1,0,1092,0,0
49426,1,0,735,0,0
49427,1,1,15759,9653,0
49428,2,1,1383444,29044,0
49429,1,0,1706,0,0
49430,1,0,9653,0,0
49431,0,1,0,69710,0
49432,0,1,0,421,0
49433,0,1,0,139,0
49434,0,1,0,1383037,0
49435,1,0,13,0,0
49436,1,0,192,0,0
49437,1,2,3374,5179,0
49438,1,0,4080,0,0
49439,0,1,0,24631,0
49440,1,1,584575,29635,0
49441,0,1,0,584575,0
49442,0,1,0,47262,0
49443,0,1,0,816,0
49444,1,2,2153,2239,0
49445,0,1,0,249,0
49446,0,1,0,217,0
49447,0,1,0,100,0
49448,0,1,0,88,0
49449,0,1,0,540,0
49450,2,2,3739,393,0
49451,1,0,66,0,0
49452,0,1,0,649,0
49453,1,4,649,14632,0
49454,1,0,4595,0,0
49455,1,0,5807,0,0
49456,2,2,9401,1796,0
49457,0,1,0,8261,0
49458,0,5,0,226413,0
49459,1,0,422,0,0
49460,1,0,160,0,0
49461,1,0,2360,0,0
49462,3,3,32988,2329,0
49463,1,0,219,0,0
49464,2,0,2135,0,0
49465,0,1,0,1724,0
49466,0,1,0,26574,0
49467,0,1,0,4690,0
49468,1,0,51,0,0
49469,1,0,2155,0,0
49470,0,1,0,342,0
49471,0,1,0,7839,0
49472,0,1,0,10770,0
49473,0,1,0,287,0
49474,0,1,0,3456,0
49475,0,1,0,1083,0
49476,1,3,28,17173,0
49477,1,0,5597,0,0
49478,1,0,11567,0,0
49479,0,1,0,28,0
49480,0,1,0,2594,0
49481,0,1,0,546,0
49482,0,1,0,107,0
49483,0,1,0,947,0
49484,0,1,0,141782,0
49485,0,1,0,1170,0
49486,0,1,0,1160,0
49487,0,1,0,1599,0
49488,0,1,0,3241,0
49489,0,1,0,38,0
49490,0,1,0,197290,0
49491,0,1,0,937,0
49492,0,1,0,1313,0
49493,0,1,0,4814,0
49494,0,3,0,12319,0
49495,1,0,5351,0,0
49496,0,1,0,1476,0
49497,1,4,176,83796,0
49498,1,0,69431,0,0
49499,1,1,7156,8885,0
49500,1,0,3107,0,0
49501,0,1,0,2309,0
49502,0,1,0,176,0
49503,1,0,8885,0,0
49504,0,1,0,4441,0
49505,1,0,58,0,0
49506,0,1,0,11954,0
49507,0,1,0,1244,0
49508,0,1,0,24758,0
49509,0,1,0,21725,0
49510,0,1,0,4066,0
49511,0,1,0,1669,0
49512,0,1,0,1822,0
49513,0,1,0,14701,0
49514,0,1,0,62,0
49515,0,2,0,1378,0
49516,0,1,0,184,0
49517,0,1,0,1243,0
49518,0,1,0,3279,0
49519,0,1,0,1098,0
49520,0,1,0,2283,0
49521,0,1,0,343,0
49522,0,1,0,25004,0
49523,0,2,0,13248,0
49524,6,3,50912,7594,0
49525,0,2,0,15097,0
49526,1,0,5749,0,0
49527,2,0,3150,0,0
49528,0,1,0,28925,0
49529,0,1,0,2279,0
49530,0,1,0,12442,0
49531,0,1,0,5818,0
49532,0,1,0,42,0
49533,0,1,0,2697,0
49534,0,2,0,11540,0
49535,0,3,0,4890,0
49536,1,0,26,0,0
49537,7,5,23504,496014,0
49538,0,1,0,200,0
49539,1,0,12909,0,0
49540,1,0,4818,0,0
49541,1,0,60864,0,0
49542,1,0,84,0,0
49543,0,1,0,11775,0
49544,0,1,0,136,0
49545,0,1,0,869,0
49546,0,1,0,1113,0
49547,0,1,0,7641,0
49548,0,1,0,1624,0
49549,0,2,0,1559,0
49550,0,1,0,7215,0
49551,1,1,43007,7157,0
49552,0,2,0,43089,0
49553,0,1,0,86,0
49554,0,1,0,715,0
49555,0,1,0,982,0
49556,0,1,0,10047,0
49557,0,3,0,58986,0
49558,0,1,0,11258,0
49559,0,1,0,14615,0
49560,0,1,0,2083,0
49561,0,1,0,24419873,0
49562,0,2,0,1150,0
49563,2,0,2571,0,0
49564,0,2,0,1473,0
49565,0,1,0,3248,0
49566,0,1,0,109,0
49567,0,1,0,176,0
49568,1,1,26518,4249,0
49569,5,3,10834,1739,0
49570,1,1,23512,292,0
49571,1,1,883,2209,0
49572,4,1,3334,907,0
49573,0,1,0,8725,0
49574,0,1,0,1974,0
49575,0,1,0,3574,0
49576,0,1,0,439,0
49577,0,1,0,3268,0
49578,1,0,907,0,0
49579,0,1,0,83,0
49580,0,1,0,2981,0
49581,0,2,0,35173,0
49582,0,1,0,8841,0
49583,0,1,0,3256,0
49584,0,1,0,55827,0
49585,0,1,0,479,0
49586,0,1,0,16927,0
49587,0,1,0,2563,0
49588,0,1,0,21638,0
49589,0,1,0,29697,0
49590,0,2,0,60867,0
49591,0,1,0,436,0
49592,0,1,0,232,0
49593,0,1,0,26289,0
49594,0,1,0,3374,0
49595,1,1,2759,9914,0
49596,0,1,0,2759,0
49597,0,2,0,343,0
49598,1,0,302,0,0
49599,0,1,0,310988,0
49600,0,1,0,315,0
49601,0,1,0,93853,0
49602,0,1,0,12076,0
49603,0,1,0,4785,0
49604,0,1,0,869,0
49605,0,1,0,7833,0
49606,1,0,975,0,0
49607,1,0,1604,0,0
49608,0,1,0,4769,0
49609,0,1,0,6209,0
49610,0,1,0,817,0
49611,0,1,0,1317,0
49612,0,1,0,882,0
49613,0,1,0,824,0
49614,0,1,0,53414,0
49615,0,1,0,25153,0
49616,0,1,0,178,0
49617,0,1,0,111,0
49618,0,1,0,62,0
49619,1,0,4727,0,0
49620,0,1,0,11264,0
49621,0,1,0,1351,0
49622,1,1,1419,22711,0
49623,0,1,0,1419,0
49624,0,2,0,36539,0
49625,0,1,0,9103,0
49626,0,1,0,96,0
49627,0,1,0,26631,0
49628,0,1,0,1292,0
49629,0,1,0,3846,0
49630,0,1,0,194,0
49631,0,7,0,85261,0
49632,1,0,2787,0,0
49633,1,0,12862,0,0
49634,1,0,39008,0,0
49635,1,0,13582,0,0
49636,1,0,47,0,0
49637,1,0,2330,0,0
49638,0,1,0,56529,0
49639,0,1,0,328,0
49640,0,1,0,72640,0
49641,0,1,0,2817,0
49642,0,1,0,17448,0
49643,1,0,20,0,0
49644,1,0,1512,0,0
49645,1,0,5724,0,0
49646,2,0,4445,0,0
49647,0,1,0,769,0
49648,0,1,0,63,0
49649,0,1,0,13913,0
49650,0,1,0,42882,0
49651,1,1,528,346,0
49652,1,0,390,0,0
49653,1,0,346,0,0
49654,0,1,0,5921,0
49655,0,1,0,71,0
49656,0,1,0,1700,0
49657,0,2,0,38560,0
49658,0,1,0,1060,0
49659,0,1,0,6198,0
49660,0,1,0,5382,0
49661,0,1,0,1084,0
49662,0,1,0,17667,0
49663,0,1,0,1699,0
49664,1,4,303,3421,0
49665,1,0,62,0,0
49666,1,0,474,0,0
49667,1,0,86,0,0
49668,0,1,0,3665,0
49669,0,1,0,119,0
49670,0,1,0,49,0
49671,0,1,0,1424,0
49672,0,1,0,6825,0
49673,0,1,0,2575,0
49674,0,1,0,308,0
49675,0,1,0,72450,0
49676,0,1,0,5198,0
49677,0,1,0,206472,0
49678,0,1,0,37,0
49679,0,1,0,2108,0
49680,0,1,0,25,0
49681,0,1,0,4154,0
49682,0,1,0,9455,0
49683,0,1,0,762,0
49684,0,1,0,934,0
49685,0,1,0,117015,0
49686,0,1,0,12444,0
49687,0,1,0,3036,0
49688,0,1,0,1790,0
49689,0,1,0,2552,0
49690,0,2,0,54861,0
49691,1,0,54848,0,0
49692,0,1,0,497,0
49693,0,1,0,4938,0
49694,0,2,0,3362,0
49695,0,1,0,9696,0
49696,0,1,0,167,0
49697,0,1,0,1102,0
49698,0,1,0,13884,0
49699,0,1,0,493,0
49700,0,1,0,3497,0
49701,0,1,0,13007,0
49702,0,1,0,3095,0
49703,0,1,0,190,0
49704,0,1,0,2529,0
49705,1,0,154,0,0
49706,1,0,13402,0,0
49707,1,0,3089,0,0
49708,1,0,3694,0,0
49709,1,0,325,0,0
49710,0,1,0,312,0
49711,0,2,0,103565,0
49712,1,1,245,492,0
49713,0,1,0,95103,0
49714,0,1,0,3783,0
49715,0,1,0,6311,0
49716,0,1,0,13404,0
49717,0,1,0,56,0
49718,1,1,237,104,0
49719,0,1,0,267272,0
49720,0,1,0,82955,0
49721,0,1,0,4368,0
49722,0,2,0,6704,0
49723,1,0,5578,0,0
49724,1,4,15,10716,0
49725,1,0,276,0,0
49726,1,0,50,0,0
49727,1,3,239,219088,0
49728,0,1,0,15,0
49729,0,1,0,239,0
49730,0,1,0,886,0
49731,0,1,0,3674,0
49732,1,0,1039,0,0
49733,1,0,400,0,0
49734,1,0,490,0,0
49735,1,0,324,0,0
49736,1,0,9324,0,0
49737,1,0,326,0,0
49738,0,1,0,564,0
49739,0,1,0,27968,0
49740,0,1,0,12,0
49741,0,1,0,2762,0
49742,0,1,0,3179,0
49743,0,1,0,23,0
49744,0,1,0,6544,0
49745,0,1,0,628,0
49746,0,1,0,331986,0
49747,0,2,0,92,0
49748,0,1,0,1627,0
49749,0,2,0,775,0
49750,1,0,744,0,0
49751,0,1,0,871,0
49752,0,1,0,427,0
49753,0,1,0,8543,0
49754,0,2,0,2088305,0
49755,1,0,136,0,0
49756,0,2,0,95346,0
49757,2,0,128836,0,0
49758,0,1,0,1401,0
49759,0,1,0,33841,0
49760,0,1,0,1775,0
49761,1,6,886,26384,0
49762,1,0,2878,0,0
49763,1,0,16728,0,0
49764,1,0,230,0,0
49765,1,0,599,0,0
49766,1,1,100,886,0
49767,0,2,0,230009,0
49768,2,0,236671,0,0
49769,0,1,0,60,0
49770,0,1,0,4304,0
49771,1,1,741,1314,0
49772,0,1,0,23,0
49773,0,1,0,2946,0
49774,1,0,569352,0,0
49775,0,1,0,621,0
49776,1,0,330,0,0
49777,1,0,143801,0,0
49778,0,2,0,7158,0
49779,0,2,0,1238084,0
49780,2,0,2947,0,0
49781,0,1,0,405,0
49782,0,1,0,550,0
49783,0,1,0,32057,0
49784,0,1,0,58,0
49785,0,1,0,2768,0
49786,0,1,0,116,0
49787,0,1,0,1366,0
49788,0,1,0,9587,0
49789,0,2,0,680,0
49790,0,1,0,3659,0
49791,1,3,1597,677,0
49792,1,0,572,0,0
49793,1,1,102,1597,0
49794,0,1,0,330865,0
49795,0,1,0,978,0
49796,0,1,0,2198,0
49797,0,1,0,16,0
49798,0,1,0,651,0
49799,0,1,0,9677,0
49800,1,0,1325,0,0
49801,2,0,133,0,0
49802,1,0,5137,0,0
49803,0,1,0,8666,0
49804,0,1,0,341,0
49805,0,1,0,7372,0
49806,0,1,0,341,0
49807,0,1,0,32627,0
49808,0,1,0,38444,0
49809,0,1,0,3972,0
49810,1,1,555,111,0
49811,0,1,0,555,0
49812,0,2,0,30961,0
49813,1,1,178,497,0
49814,2,3,512,2332,0
49815,2,0,695,0,0
49816,2,2,12435,18881,0
49817,0,1,0,15,0
49818,3,0,25389,0,0
49819,0,1,0,11629,0
49820,0,3,0,39569,0
49821,1,0,31834,0,0
49822,0,1,0,10048,0
49823,0,1,0,4,0
49824,0,1,0,284,0
49825,0,1,0,19897905,0
49826,1,0,2,0,0
49827,1,0,18082,0,0
49828,1,1,5611,1136,0
49829,1,0,1136,0,0
49830,0,1,0,235,0
49831,0,1,0,136,0
49832,0,1,0,253,0
49833,0,1,0,1526,0
49834,0,2,0,190,0
49835,0,1,0,4683,0
49836,0,1,0,309,0
49837,0,1,0,17910,0
49838,0,1,0,6514,0
49839,0,1,0,766,0
49840,0,1,0,538,0
49841,0,1,0,19719,0
49842,0,1,0,5151,0
49843,0,1,0,14613,0
49844,0,1,0,1773,0
49845,0,1,0,191,0
49846,0,1,0,46,0
49847,0,1,0,276,0
49848,0,2,0,6398,0
49849,0,1,0,1562,0
49850,0,1,0,71,0
49851,0,1,0,3563,0
49852,0,1,0,24253,0
49853,0,1,0,66,0
49854,0,1,0,856,0
49855,0,1,0,271,0
49856,0,1,0,140,0
49857,0,1,0,2231,0
49858,0,1,0,179,0
49859,0,1,0,2082,0
49860,0,1,0,17248,0
49861,0,1,0,266,0
49862,0,1,0,75678,0
49863,0,1,0,207,0
49864,0,1,0,670,0
49865,0,1,0,130,0
49866,0,1,0,169,0
49867,0,1,0,8092,0
49868,0,1,0,138,0
49869,0,1,0,649,0
49870,0,1,0,14671,0
49871,0,1,0,1544,0
49872,0,1,0,17184,0
49873,0,1,0,1421,0
49874,0,1,0,1980,0
49875,0,1,0,70,0
49876,0,1,0,10436,0
49877,0,2,0,657,0
49878,0,1,0,1249,0
49879,0,1,0,20902,0
49880,0,1,0,10603,0
49881,0,1,0,627,0
49882,0,1,0,45625,0
49883,0,1,0,12790,0
49884,0,1,0,7622,0
49885,0,1,0,219,0
49886,0,1,0,634,0
49887,0,1,0,2530,0
49888,0,1,0,19421,0
49889,0,1,0,32690,0
49890,0,1,0,345,0
49891,1,0,13650,0,0
49892,1,0,232285,0,0
49893,1,0,63809,0,0
49894,0,1,0,260,0
49895,0,1,0,256733,0
49896,0,1,0,355999,0
49897,0,1,0,1379,0
49898,0,1,0,45670,0
49899,0,1,0,936,0
49900,0,1,0,575,0
49901,0,1,0,485,0
49902,0,1,0,1704,0
49903,0,1,0,306,0
49904,0,1,0,555531,0
49905,0,1,0,33624,0
49906,0,1,0,5914,0
49907,0,1,0,302,0
49908,0,1,0,2588,0
49909,0,1,0,396,0
49910,0,1,0,12990,0
49911,0,1,0,54395,0
49912,0,1,0,718,0
49913,0,2,0,2498,0
49914,1,0,2492,0,0
49915,1,0,4128,0,0
49916,0,1,0,7488,0
49917,0,1,0,11037,0
49918,0,2,0,32488,0
49919,0,1,0,51,0
49920,0,1,0,7575,0
49921,0,1,0,13478,0
49922,0,6,0,16710,0
49923,1,0,242,0,0
49924,1,0,244,0,0
49925,1,0,552,0,0
49926,1,0,2247,0,0
49927,1,1,8879,4935,0
49928,0,1,0,3567,0
49929,0,1,0,1576,0
49930,0,1,0,3831,0
49931,0,1,0,1996,0
49932,0,1,0,4451,0
49933,0,1,0,768,0
49934,0,1,0,1431,0
49935,1,0,29,0,0
49936,0,1,0,32388,0
49937,0,1,0,2119,0
49938,0,2,0,176657,0
49939,0,1,0,574,0
49940,0,1,0,43,0
49941,0,1,0,15668,0
49942,0,1,0,246,0
49943,0,1,0,1400,0
49944,1,0,788,0,0
49945,0,1,0,3110,0
49946,0,1,0,382257,0
49947,0,1,0,3227,0
49948,1,2,142,2951,0
49949,1,0,152,0,0
49950,0,1,0,142,0
49951,0,1,0,1740,0
49952,0,1,0,708,0
49953,0,1,0,78811,0
49954,8,4,9786,11606,0
49955,1,0,3,0,0
49956,1,0,951,0,0
49957,1,0,10249,0,0
49958,0,1,0,1445,0
49959,0,1,0,806,0
49960,0,1,0,808,0
49961,0,1,0,302,0
49962,0,1,0,3240,0
49963,0,1,0,2709,0
49964,0,1,0,240,0
49965,0,2,0,35668,0
49966,0,1,0,546,0
49967,0,1,0,48255,0
49968,0,1,0,1972,0
49969,0,1,0,1427,0
49970,0,1,0,3251,0
49971,0,1,0,62,0
49972,0,1,0,182,0
49973,0,1,0,321,0
49974,0,1,0,1698,0
49975,5,2,730762,70684,0
49976,1,0,70522,0,0
49977,0,1,0,25584,0
49978,0,1,0,27,0
49979,0,1,0,69632,0
49980,0,1,0,635510,0
49981,0,1,0,9,0
49982,0,1,0,886,0
49983,0,1,0,1163,0
49984,0,1,0,1427,0
49985,0,1,0,18270,0
49986,0,2,0,13531,0
49987,0,1,0,6310,0
49988,0,1,0,2673,0
49989,0,1,0,30553,0
49990,0,1,0,115139,0
49991,0,2,0,11223,0
49992,0,1,0,3648,0
49993,0,1,0,1505,0
49994,0,1,0,147,0
49995,0,1,0,2351,0
49996,0,1,0,615,0
49997,0,1,0,396,0
49998,7,7,563542,591317,0
49999,0,1,0,192,0
